Dışa Aktarım Tarihi:,11.08.2026 16:15:32
Toplam Kayıt Sayısı:,2031

Fon Kodu,Fon Adı,Tarih,Fiyat,Tedavüldeki Pay Sayısı,Kişi Sayısı,Fon Toplam Değer
AAL,ATA PORTFÖY PARA PİYASASI (TL) FONU,11.08.2026,"3,45037",627139489.00,4494,"2163863429,07"
AAS,ATA PORTFÖY FON SEPETİ SERBEST FONU,11.08.2026,"12,683358",1367732.00,143,"17347434,75"
AAV,ATA PORTFÖY İKİNCİ HİSSE SENEDİ (TL) FONU (HİSSE SENEDİ YOĞUN FON),11.08.2026,"60,924158",2045395.00,2026,"124613967,51"
ABG,ATLAS PORTFÖY DÖRDÜNCÜ SERBEST (TL) FON,11.08.2026,"107,448512",131250424.00,196,"14102662793,67"
ABJ,ALLBATROSS PORTFÖY BENZ HİSSE SENEDİ SERBEST (TL) ÖZEL FON (HİSSE SENEDİ YOĞUN FON),11.08.2026,"0,744198",1337341991.00,3,"995247803,50"
ABU,AK PORTFÖY BİREBİR BANKACILIK DEĞİŞKEN ÖZEL FON,11.08.2026,"0,103827",580303972.00,37,"60251355,56"
AC1,PARDUS PORTFÖY KISA VADELİ KATILIM SERBEST FONU,11.08.2026,"3,194363",103804103.00,189,"331587951,75"
AC2,PARDUS PORTFÖY İKİNCİ SERBEST FON,11.08.2026,"2,548975",2478712996.00,44,"6318178589,81"
AC3,PARDUS PORTFÖY ÜÇÜNCÜ SERBEST (DÖVİZ) FON,11.08.2026,"63,039878",2090562.00,14,"131788773,73"
AC4,PARDUS PORTFÖY PARA PİYASASI (TL) FON,11.08.2026,"3,960454",592678784.00,4008,"2347277310,64"
AC5,PARDUS PORTFÖY İSTATİSTİKSEL ARBİTRAJ HİSSE SENEDİ SERBEST (TL) FON (HİSSE SENEDİ YOĞUN FON),11.08.2026,"3,695525",5989024.00,149,"22132587,04"
AC6,PARDUS PORTFÖY DÖRDÜNCÜ SERBEST (DÖVİZ) FON,11.08.2026,"57,026973",1302456.00,87,"74275122,86"
AC7,PARDUS PORTFÖY BİRİNCİ HİSSE SENEDİ SERBEST (TL) FON (HİSSE SENEDİ YOĞUN FON),11.08.2026,"4,951376",645110244.00,44,"3194183341,30"
AC8,PARDUS PORTFÖY İKİNCİ HİSSE SENEDİ SERBEST (TL) FON (HİSSE SENEDİ YOĞUN FON),11.08.2026,"193,384586",15198742.00,96,"2939202431,51"
ACC,İSTANBUL PORTFÖY DÖRDÜNCÜ HİSSE SENEDİ FONU (HİSSE SENEDİ YOĞUN),11.08.2026,"44,442879",4064292.00,1347,"180628838,14"
ACD,İSTANBUL PORTFÖY İKİNCİ DEĞİŞKEN FON,11.08.2026,"5,873088",57772628.97,1496,"339303749,90"
ACN,İSTANBUL PORTFÖY LİDYA SERBEST (DÖVİZ) FON,11.08.2026,"12,492117",51336945.00,16,"641307123,82"
ACU,İSTANBUL PORTFÖY URARTU SERBEST (DÖVİZ) FON,11.08.2026,"56,576811",25285755.00,159,"1430587369,93"
ADE,AK PORTFÖY MUTLAK GETİRİ HEDEFLİ DEĞİŞKEN FON,11.08.2026,"0,885009",812178660.00,25695,"718785537,14"
ADP,AK PORTFÖY BIST BANKA ENDEKSİ HİSSE SENEDİ (TL) FONU (HİSSE SENEDİ YOĞUN FON),11.08.2026,"1,188242",3051876397.00,21409,"3626367844,12"
AED,ATA PORTFÖY BİRİNCİ DEĞİŞKEN FON,11.08.2026,"112,122399",555694.28,1374,"62305775,91"
AES,AK PORTFÖY PETROL YABANCI BYF FON SEPETİ FONU,11.08.2026,"0,17071",7543177869.00,34966,"1287693100,28"
AEV,ALLBATROSS PORTFÖY SANAYİ ŞİRKETLERİ HİSSE SENEDİ (TL) FONU (HİSSE SENEDİ YOĞUN FON),11.08.2026,"2,114849",4495682.00,438,"9507688,37"
AFA,AK PORTFÖY AMERİKA YABANCI HİSSE SENEDİ FONU,11.08.2026,"1,287603",4303994064.00,45656,"5541837285,71"
AFO,AK PORTFÖY ALTIN FONU,11.08.2026,"1,309134",14778966096.00,81326,"19347649118,71"
AFS,AK PORTFÖY SAĞLIK SEKTÖRÜ YABANCI HİSSE SENEDİ FONU,11.08.2026,"0,346547",2493814798.00,27722,"864222804,07"
AFT,AK PORTFÖY YENİ TEKNOLOJİLER YABANCI HİSSE SENEDİ FONU,11.08.2026,"0,973505",19929562657.00,137825,"19401530417,28"
AFV,AK PORTFÖY AVRUPA YABANCI HİSSE SENEDİ FONU,11.08.2026,"0,613329",2214639583.00,14836,"1358301867,57"
AGC,AK PORTFÖY İKİNCİ DEĞİŞKEN FON,11.08.2026,"9,317459",13068869.00,2477,"121768657,49"
AHH,AZİMUT PORTFÖY DİNAMİK DAĞIMLI SERBEST FON,11.08.2026,"10,763347",21370610.00,15,"230019294,05"
AHI,ATLAS PORTFÖY BİRİNCİ HİSSE SENEDİ FONU(HİSSE SENEDİ YOĞUN),11.08.2026,"36,372438",3267787.00,2620,"118857378,55"
AHN,ATLAS PORTFÖY SERBEST(DÖVİZ)FON,11.08.2026,"68,698561",440814.00,96,"30283287,45"
AHU,ATLAS PORTFÖY BİRİNCİ ÖZEL SEKTÖR BORÇLANMA ARAÇLARI FONU,11.08.2026,"11,26128",13410327.00,586,"151017443,99"
AHV,AZİMUT PORTFÖY DENGELİ FON SEPETİ FONU,11.08.2026,"21,417793",6018652.00,180,"128906244,73"
AHZ,AZİMUT PORTFÖY ATAK FON SEPETİ SERBEST FON,11.08.2026,"30,975416",1749021.00,13,"54176653,57"
AI1,ATA PORTFÖY BİRİNCİ İSTATİSTİKSEL ARBİTRAJ SERBEST FON,11.08.2026,"1,2356",48917698.00,17,"60442683,57"
AIH,AK PORTFÖY RTH HİSSE SENEDİ SERBEST ÖZEL FON (HİSSE SENEDİ YOĞUN FON),11.08.2026,"17,440228",9643754.00,4,"168189272,26"
AII,AZİMUT PORTFÖY ÇINAR SERBEST (DÖVİZ) ÖZEL FON,11.08.2026,"95,652212",3942000.00,3,"377061019,01"
AIM,AK PORTFÖY MİMKA HİSSE SENEDİ SERBEST ÖZEL FON (HİSSE SENEDİ YOĞUN FON),11.08.2026,"26,392954",2162287.00,1,"57069141,22"
AIR,AZİMUT PORTFÖY ESİN SERBEST (DÖVİZ) ÖZEL FON,11.08.2026,"164,48037",8958187.00,3,"1473445914,12"
AIS,AK PORTFÖY PARA PİYASASI KATILIM FONU,11.08.2026,"0,10629",130794767122.00,20961,"13902117525,32"
AJ1,A1 CAPİTAL PORTFÖY İSTATİSTİKSEL ARBİTRAJ HİSSE SENEDİ SERBEST FON (HİSSE SENEDİ YOĞUN FON),11.08.2026,"1,316072",8254671.00,88,"10863737,52"
AJE,AK PORTFÖY ÜÇÜNCÜ SERBEST ( DÖVİZ ) FON,11.08.2026,"62,927632",47294038.00,981,"2976101839,06"
AJK,AK PORTFÖY 0-5 YIL VADELİ SERBEST (DÖVİZ) FON,11.08.2026,"64,177046",1939519.00,131,"124472600,27"
AJL,AK PORTFÖY BEŞİNCİ SERBEST (DÖVİZ) FON,11.08.2026,"63,941384",74065462.00,1323,"4735848160,87"
AJN,AK PORTFÖY DÖRDÜNCÜ SERBEST (DÖVIZ) FON,11.08.2026,"61,42462",6860268.00,273,"421389353,94"
AK2,AK PORTFÖY UZUN VADELİ BORÇLANMA ARAÇLARI FONU,11.08.2026,"0,534313",310336820.00,9107,"165816967,51"
AK3,AK PORTFÖY HİSSE SENEDİ (TL) FONU (HİSSE SENEDİ YOĞUN FON),11.08.2026,"51,136508",152983801.00,20379,"7823057358,73"
AKE,AK PORTFÖY EUROBOND (AMERİKAN DOLARI) BORÇLANMA ARAÇLARI FONU,11.08.2026,"0,524755",1975184098.00,13419,"1036488368,91"
AKU,AK PORTFÖY BIST 30 ENDEKSİ HİSSE SENEDİ (TL) FONU (HİSSE SENEDİ YOĞUN FON),11.08.2026,"0,923536",2497064949.00,16958,"2306129329,54"
AL4,ALBARAKA PORTFÖY ALBARAKA TÜRK KISA VADELİ KATILIM SERBEST (TL) FON,11.08.2026,"3,947132",318546011.00,12,"1257342996,68"
AL5,ALBARAKA PORTFÖY KATILIM SERBEST (DÖVİZ) FON,11.08.2026,"53,667605",257756977.00,2360,"13833199735,42"
AL6,ALBARAKA PORTFÖY VAKIF KATILIM KISA VADELİ KATILIM SERBEST (TL) FON,11.08.2026,"3,865061",1426593054.00,12,"5513869766,31"
AL7,ALBARAKA PORTFÖY İKİNCİ KISA VADELİ KATILIM SERBEST (TL) FON,11.08.2026,"3,725842",2305137711.00,107,"8588578043,95"
ALC,AK PORTFÖY KAR PAYI ÖDEYEN ŞİRKETLER HİSSE SENEDİ (TL) FONU (HİSSE SENEDİ YOĞUN FON),11.08.2026,"0,362168",4357094852.00,25031,"1578001746,66"
ALE,AK PORTFÖY PARA PİYASASI (TL) FONU,11.08.2026,"13,369241",6527011866.00,145563,"87261194794,70"
AN1,STRATEJİ PORTFÖY BİRİNCİ DEĞİŞKEN FON,11.08.2026,"109,714686",12146340.25,2712,"1332631901,66"
ANL,AK PORTFÖY ALTERNATİF BANK PARA PİYASASI (TL)FONU,11.08.2026,"37,084277",15014371.00,3687,"556797086,78"
ANZ,ATA PORTFÖY DÖRDÜNCÜ SERBEST (DÖVİZ) FON,11.08.2026,"21,698118",11824623.00,161,"256572059,55"
AOJ,ALLBATROSS PORTFÖY İNŞAAT SEKTÖRÜ HİSSE SENEDİ SERBEST (TL) FON (HİSSE SENEDİ YOĞUN FON),11.08.2026,"1,540944",12548776.00,208,"19336960,41"
AOY,AK PORTFÖY ALTERNATİF ENERJİ YABANCI HİSSE SENEDİ FONU,11.08.2026,"0,363249",3031131410.00,36386,"1101054999,41"
AP2,ATLAS PORTFÖY BEŞİNCİ SERBEST (TL) FON,11.08.2026,"2,783974",286997151.00,35,"798992738,79"
AP4,ATLAS PORTFÖY DÖRDÜNCÜ HİSSE SENEDİ SERBEST FON (HİSSE SENEDİ YOĞUN FON),11.08.2026,"0,963138",249218342.00,11,"240031581,77"
AP5,ATLAS PORTFÖY BEŞİNCİ HİSSE SENEDİ SERBEST FON (HİSSE SENEDİ YOĞUN FON),11.08.2026,"0,853449",1010581.00,12,"862479,19"
AP6,PARDUS PORTFÖY ALTINCI HİSSE SENEDİ SERBEST (TL) FON (HİSSE SENEDİ YOĞUN FON),11.08.2026,"8,201636",95325057.00,45,"781821378,50"
AP7,PARDUS PORTFÖY ALGO ETNA İSTATİSTİKSEL ARBİTRAJ SERBEST FON,11.08.2026,"2,638158",99344451.00,484,"262086404,08"
APJ,AK PORTFÖY BIST ŞİRKETLERİ FON SEPETİ FONU,11.08.2026,"6,63576",12546255.00,2915,"83253943,11"
APP,AK PORTFÖY P1 SERBEST ÖZEL FON,11.08.2026,"33,021592",6415502.00,2,"211850089,15"
APT,AK PORTFÖY ORTA VADELI BORÇLANMA ARAÇLARI FONU,11.08.2026,"0,158985",1667740674.00,13061,"265146201,97"
ARE,İSTANBUL PORTFÖY YABANCI HİSSE SENEDİ FONU,11.08.2026,"0,251832",185738165.00,1962,"46774799,97"
ARF,AK PORTFÖY ÖPY İKİNCİ SERBEST (TL) ÖZEL FON,11.08.2026,"8,751517",90349894.00,1,"790698597,95"
ARL,AK PORTFÖY BİRİNCİ FON SEPETİ FONU,11.08.2026,"15,984604",252147798.00,7431,"4030482767,99"
ARM,AK PORTFÖY İKİNCİ FON SEPETİ FONU,11.08.2026,"18,414979",173271836.00,5139,"3190797200,02"
ARP,AK PORTFÖY ÖPY BİRİNCİ SERBEST ÖZEL FON,11.08.2026,"40,435984",75563996.00,1,"3055504570,55"
AS1,ALLBATROSS PORTFÖY BİRİNCİ SERBEST (DÖVİZ) FON,11.08.2026,"45,27029",150456.00,40,"6811186,73"
AS3,ALLBATROSS PORTFÖY ATLAS SERBEST FON,11.08.2026,"0,731707",225848060.00,16,"165254666,17"
ASJ,AKTİF PORTFÖY HİSSE SENEDİ (TL) FONU (HİSSE SENEDİ YOĞUN FON),11.08.2026,"3,832548",15901984.00,766,"60945120,13"
ATJ,AZİMUT PORTFÖY İKİNCİ DEĞİŞKEN FON,11.08.2026,"22,423052",45294433.00,9,"1015639411,07"
AU1,A1 CAPİTAL PORTFÖY ALTIN FONU,11.08.2026,"1,182257",36527839.00,699,"43185286,81"
AUV,AK PORTFÖY UZUN VADELİ SERBEST (DÖVİZ) FON,11.08.2026,"49,964798",12864495.00,567,"642771893,15"
AVC,ATA PORTFÖY İKİNCİ SERBEST (TL) FON,11.08.2026,"137,887101",2028702.00,12,"279731837,13"
AVT,AK PORTFÖY KISA VADELİ BORÇLANMA ARAÇLARI (TL) FONU,11.08.2026,"224,071444",17204097.00,19606,"3854946856,00"
AVZ,AK PORTFÖY EMS SERBEST ( DÖVİZ ) ÖZEL FON,11.08.2026,"93,875799",2302470.00,1,"216146210,16"
AY6,AZİMUT PORTFÖY 26.0 SERBEST FON,11.08.2026,"1,367562",78262194.00,11,"107028416,00"
AY7,AZİMUT PORTFÖY 27.0 SERBEST FON,11.08.2026,"1,636427",189103512.00,12,"309454017,32"
AYA,ATA PORTFÖY KAR PAYI ÖDEYEN HİSSE SENEDİ (TL) FONU (HİSSE SENEDİ YOĞUN FON),11.08.2026,"18,904173",59191947.00,9839,"1118974807,77"
AYR,AK PORTFÖY ÖZEL SEKTÖR BORÇLANMA ARAÇLARI (TL) FONU,11.08.2026,"0,138602",11842692000.00,13118,"1641421808,89"
AZF,AK PORTFÖY PY ÖZEL SEKTÖR BORÇLANMA ARAÇLARI (TL) ÖZEL FONU,11.08.2026,"0,183823",3325162435.00,4,"611240127,06"
AZJ,AZİMUT PYŞ STRATEJİ-1 SERBEST FON,11.08.2026,"20,772979",74499045.00,62,"1547567079,93"
AZV,AZİMUT PORTFÖY BKS SERBEST (DÖVİZ) ÖZEL FON,11.08.2026,"27,067911",167557260.00,5,"4535424989,56"
AZZ,AK PORTFÖY ÖPY MUTLAK GETİRİ HEDEFLİ SERBEST (DÖVİZ) ÖZEL FON,11.08.2026,"63,372388",396560996.00,6,"25131017267,04"
BA1,GLOBAL MD PORTFÖY BİRİNCİ SERBEST FON,11.08.2026,"1,818954",202221164.00,29,"367831026,32"
BAC,ATLAS PORTFÖY BİRİNCİ HİSSE SENEDİ SERBEST FON (HİSSE SENEDİ YOĞUN FON),11.08.2026,"2,777357",854692790.00,12,"2373786844,45"
BAG,BULLS PORTFÖY ATAK DEĞIŞKEN FON,11.08.2026,"1,013733",90810913.00,183,"92057981,60"
BAI,BV PORTFÖY ALTIN KATILIM FONU,11.08.2026,"1,071628",37569873.00,52,"40260942,13"
BAL,QNB PORTFÖY BALY SERBEST (DÖVİZ) ÖZEL FON,11.08.2026,"49,630849",21974290.00,1,"1090602679,00"
BAO,AZİMUT PORTFÖY BARKIN SERBEST (TL) ÖZEL FON,11.08.2026,"3,127634",23497385.00,4,"73491231,18"
BAS,İŞ PORTFÖY BAŞAK SERBEST (DÖVİZ) ÖZEL FON,11.08.2026,"53,578876",28610784.00,1,"1532933653,84"
BBF,PARDUS PORTFÖY BİRİNCİ BORÇLANMA ARAÇLARI (TL) FONU,11.08.2026,"3,554365",38213182.00,888,"135823604,47"
BBI,ALLBATROSS PORTFÖY BİANCO SERBEST (TL) FON,11.08.2026,"1,210314",679926.00,11,"822924,10"
BBN,BULLS PORTFÖY BİRİNCİ HİSSE SENEDİ SERBEST (TL) FON (HİSSE SENEDİ YOĞUN FON),11.08.2026,"0,631775",2300561650.00,13,"1453438452,70"
BBO,BULLS PORTFÖY BANKACILIK SEKTÖRÜ DIŞI ŞİRKETLER HİSSE SENEDİ SERBEST FON (HİSSE SENEDİ YOĞUN FON),11.08.2026,"1,030224",346308033.00,11,"356774806,36"
BBP,ALLBATROSS PORTFÖY BİRİNCİ BORÇLANMA ARAÇLARI FONU,11.08.2026,"2,229764",10282565.00,622,"22927689,06"
BBS,BULLS PORTFÖY BİRİNCİ SERBEST (TL) FON,11.08.2026,"1,59578",893344190.00,813,"1425580974,08"
BCC,ASTRA PORTFÖY BCC SERBEST (DÖVİZ) ÖZEL FON,11.08.2026,"75,685687",41712119.00,3,"3157010394,46"
BCK,DENİZ PORTFÖY BLOCKCHAİN VE FINTECH TEKNOLOJİLERİ DEĞİŞKEN FON,11.08.2026,"1,992891",61074652.00,2298,"121715103,70"
BCO,BULLS PORTFÖY ÇOKLU VARLIK KATILIM FONU,11.08.2026,"1,849705",19530324.00,514,"36125332,81"
BDA,YAPI KREDİ PORTFÖY BİRİNCİ KATILIM SERBEST (DÖVİZ-AVRO) FON,11.08.2026,"56,214457",108036417.00,759,"6073208495,88"
BDC,AURA PORTFÖY BODRUM SERBEST FON,11.08.2026,"8,822033",40257484.00,33,"355152871,46"
BDI,PARDUS PORTFÖY BIST 50 DIŞI ŞİRKETLER HİSSE SENEDİ SERBEST (TL) FON (HİSSE SENEDİ YOĞUN FON),11.08.2026,"0,000228",1078899892204.00,72,"245532170,00"
BDO,BULLS PORTFÖY DÖRDÜNCÜ HİSSE SENEDİ SERBEST FON (HİSSE SENEDİ YOĞUN FON),11.08.2026,"3,103972",1339804906.00,11,"4158716882,55"
BDS,PARDUS PORTFÖY BIST 30 DIŞI ŞİRKETLER HİSSE SENEDİ (TL) FONU (HİSSE SENEDİ YOĞUN FON),11.08.2026,"2,135999",118787510.00,8178,"253729957,09"
BDY,AK PORTFÖY BIST 100 DIŞI ŞİRKETLER HİSSE SENEDİ (TL) FONU (HİSSE SENEDİ YOĞUN FON),11.08.2026,"1,661898",58223186.00,2293,"96761010,29"
BFE,ALLBATROSS PORTFÖY BİRİNCİ FON SEPETİ FONU,11.08.2026,"1,789425",5208488.00,59,"9320197,08"
BFO,İŞ PORTFÖY BFO1 SERBEST (DÖVİZ) ÖZEL FON,11.08.2026,"53,705891",203562943.00,1,"10932529261,57"
BFS,BULLS PORTFÖY EMTİA FON SEPETİ FONU,11.08.2026,"0,994955",16744274.00,175,"16659792,14"
BFT,AZİMUT PORTFÖY BANKA VE FİNANS SEKTÖRÜ HİSSE SENEDİ FONU (HİSSE SENEDİ YOĞUN FON),11.08.2026,"1,103864",195701879.00,553,"216028232,71"
BGH,AZİMUT PORTFÖY BGN HİSSE SENEDİ SERBEST ÖZEL FON (HİSSE SENEDİ YOĞUN FON),11.08.2026,"2,429911",470029440.00,1,"1142129877,47"
BGP,AK PORTFÖY ÜÇÜNCÜ PARA PİYASASI (TL) FONU,11.08.2026,"6,466028",9598582393.00,29234,"62064704838,32"
BGR,AK PORTFÖY BIST GYO ENDEKSİ HİSSE SENEDİ (TL) FONU (HİSSE SENEDİ YOĞUN FON),11.08.2026,"1,001172",33576320.00,66,"33615666,33"
BHA,BULLS PORTFÖY HİSSE SENEDİ (TL) FONU (HİSSE SENEDİ YOĞUN FON),11.08.2026,"1,691192",51181504.00,735,"86557747,29"
BHE,AK PORTFÖY BİRİNCİ HİSSE SENEDİ SERBEST FON (HİSSE SENEDİ YOĞUN FON),11.08.2026,"1,814476",20187548.00,67,"36629812,54"
BHF,PARDUS PORTFÖY BİRİNCİ DEĞİŞKEN FON,11.08.2026,"3,041507",64881697.00,1634,"197338105,44"
BHH,PARDUS PORTFÖY BEŞİNCİ HİSSE SENEDİ SERBEST (TL) FON (HİSSE SENEDİ YOĞUN FON),11.08.2026,"0,16938",1937513182.00,71,"328175542,54"
BHI,BV PORTFÖY MUTLAK GETİRİ HEDEFLİ HİSSE SENEDİ SERBEST (TL) FON (HİSSE SENEDİ YOĞUN FON),11.08.2026,"2,329776",874836283.00,434,"2038172490,24"
BHL,İŞ PORTFÖY BİRİNCİ HİSSE SENEDİ SERBEST FON (HİSSE SENEDİ YOĞUN FON),11.08.2026,"1,272091",75241103.00,822,"95713529,65"
BHN,A1 CAPİTAL PORTFÖY BANKACILIK SEKTÖRÜ DIŞI ŞİRKETLER HİSSE SENEDİ SERBEST (TL) FON (HİSSE SENEDİ YOĞUN FON),11.08.2026,"1,260284",472181135.00,41,"595082269,71"
BHO,AZİMUT PORTFÖY BİRİNCİ PY HİSSE SENEDİ SERBEST ÖZEL FON (HİSSE SENEDİ YOĞUN FON),11.08.2026,"1,193972",1224797601.00,1,"1462373748,20"
BI5,BULLS PORTFÖY BIST 50 DIŞI ŞİRKETLER HİSSE SENEDİ SERBEST FON (HİSSE SENEDİ YOĞUN FON),11.08.2026,"1,378754",90618026.00,14,"124939938,82"
BIA,TRİVE PORTFÖY İSTATİSTİKSEL ARBİTRAJ HİSSE SENEDİ SERBEST FON (HİSSE SENEDİ YOĞUN FON),11.08.2026,"0,228609",3702290.00,18,"846377,85"
BID,QNB PORTFÖY BIST 100 DIŞI ŞİRKETLER HİSSE SENEDİ (TL) FONU (HİSSE SENEDİ YOĞUN FON),11.08.2026,"3,180176",70382773.00,2029,"223829572,80"
BIG,YAPI KREDİ PORTFÖY ÜÇÜNCÜ HİSSE SENEDİ FONU (HİSSE SENEDİ YOĞUN FON),11.08.2026,"1,409412",370330744.00,3302,"521948494,90"
BIH,PARDUS PORTFÖY BİRİNCİ HİSSE SENEDİ (TL) FONU (HİSSE SENEDİ YOĞUN FON),11.08.2026,"8,696521",99736449.00,533,"867360139,18"
BIK,BULLS PORTFÖY İKİNCİ HİSSE SENEDİ SERBEST (TL) FON (HİSSE SENEDİ YOĞUN FON),11.08.2026,"1,250052",2325734332.00,14,"2907288595,86"
BIO,İŞ PORTFÖY SÜRDÜRÜLEBİLİRLİK HİSSE SENEDİ (TL) FONU (HİSSE SENEDİ YOĞUN FON),11.08.2026,"2,396232",383222896.00,10395,"918291051,06"
BIP,İSTANBUL PORTFÖY BİRİNCİ PARA PİYASASI SERBEST (TL) FON,11.08.2026,"1,621337",2496196431.00,220,"4047174550,40"
BIS,BV PORTFÖY BİRİNCİ SERBEST FON,11.08.2026,"1,767157",443494037.00,60,"783723411,97"
BIY,AZİMUT PORTFÖY BIST 100 DIŞI ŞİRKETLER HİSSE SENEDİ FONU (HİSSE SENEDİ YOĞUN FON),11.08.2026,"1,389412",60616407.00,333,"84221174,75"
BJD,AZİMUT PORTFÖY 13.0 SERBEST (DÖVİZ) FON,11.08.2026,"52,948141",13826922.00,107,"732109810,67"
BKO,AZİMUT PORTFÖY BİRİNCİ KATILIM SERBEST ÖZEL FON,11.08.2026,"1,268522",1000918213.00,1,"1269687057,48"
BKY,YAPI KREDİ PORTFÖY BİRİNCİ KATILIM SERBEST (DÖVİZ) FON,11.08.2026,"49,476012",128195947.00,955,"6342624196,77"
BLA,BULLS PORTFÖY ALGORİTMİK HİSSE SENEDİ SERBEST (TL) FON (HİSSE SENEDİ YOĞUN FON),11.08.2026,"5,171651",935298004.00,15,"4837034932,99"
BLD,DENİZ PORTFÖY BALEV EĞİTİME DESTEK SERBEST FON,11.08.2026,"1,65088",315308820.00,747,"520537119,07"
BLT,BULLS PORTFÖY ALTIN FONU,11.08.2026,"1,843579",187779425.00,3009,"346186165,67"
BMU,BULLS PORTFÖY MUTLAK GETİRİ HEDEFLİ HİSSE SENEDİ SERBEST FON (HİSSE SENEDİ YOĞUN FON),11.08.2026,"3,157727",207971106.00,5129,"656716076,53"
BNC,AK PORTFÖY BEŞİNCİ SERBEST FON,11.08.2026,"2,153218",314756337.00,243,"677738987,32"
BNH,İSTANBUL PORTFÖY BANKACILIK SEKTÖRÜ HİSSE SENEDİ SERBEST (TL) FON (HİSSE SENEDİ YOĞUN FON),11.08.2026,"1,140724",47936400.00,182,"54682203,54"
BOH,BULLS PORTFÖY BIST 30 DIŞI ŞİRKETLER HİSSE SENEDİ SERBEST FON (HİSSE SENEDİ YOĞUN FON),11.08.2026,"0,798659",250569682.00,11,"200119626,68"
BOL,AKTİF PORTFÖY BORÇLANMA ARAÇLARI FONU,11.08.2026,"1,673132",59627533.00,231,"99764761,68"
BON,A1 CAPİTAL PORTFÖY BORÇLANMA ARAÇLARI FONU,11.08.2026,"1,394339",42595488.00,264,"59392564,83"
BOP,İŞ PORTFÖY ÖPY BİRİNCİ SERBEST (DÖVİZ) ÖZEL FON,11.08.2026,"49,302598",25804440.00,10,"1272225926,15"
BOS,BULLS PORTFÖY ALTINCI HİSSE SENEDİ SERBEST FON (HİSSE SENEDİ YOĞUN FON),11.08.2026,"1,64898",1611963921.00,986,"2658095943,60"
BP5,BULLS PORTFÖY BEŞİNCİ HİSSE SENEDİ SERBEST FON (HİSSE SENEDİ YOĞUN FON),11.08.2026,"1,684078",35573380.00,10,"59908361,70"
BPD,BULLS PORTFÖY BİRİNCİ SERBEST (DÖVİZ) FON,11.08.2026,"54,980405",2748429.00,11,"151109740,20"
BPZ,BULLS PORTFÖY PARA PİYASASI (TL) FONU,11.08.2026,"1,57121",338094129.00,1104,"531216793,88"
BRB,BULLS PORTFÖY ARENA SERBEST FON,11.08.2026,"1,001139",571381465.00,11,"572032474,73"
BRC,RE-PIE PORTFÖY BİRİNCİ İSTATİSTİKSEL ARBİTRAJ HİSSE SENEDİ SERBEST FON (HİSSE SENEDİ YOĞUN FON),11.08.2026,"1,337523",101658952.00,38,"135971164,32"
BRF,DENİZ PORTFÖY BİRİNCİ FON SEPETİ FONU,11.08.2026,"1,564535",53562801.00,1067,"83800866,11"
BRG,TEB PORTFÖY BURGAN BANK PARA PİYASASI (TL) FONU,11.08.2026,"5,063795",354125553.00,1601,"1793219086,17"
BRH,İSTANBUL PORTFÖY BİRİNCİ HİSSE SENEDİ SERBEST FON (HİSSE SENEDİ YOĞUN FON),11.08.2026,"6,329957",805206408.00,15,"5096922165,62"
BRR,AK PORTFÖY İKİNCİ KISA VADELİ BORÇLANMA ARAÇLARI (TL) FONU,11.08.2026,"1,64099",53464364.00,305,"87734504,28"
BRT,PARDUS PORTFÖY BEREKET HİSSE SENEDİ SERBEST FON (HİSSE SENEDİ YOĞUN FON),11.08.2026,"0,912743",18349600.00,361,"16748468,61"
BRZ,TEB PORTFÖY BURGAZ SERBEST (DÖVİZ) ÖZEL FON,11.08.2026,"54,705778",28212700.00,5,"1543397697,52"
BS1,AHLATCI PORTFÖY BİRİNCİ SERBEST (TL) FON,11.08.2026,"1,209363",6962115.00,135,"8419727,13"
BSA,İŞ PORTFÖY BAŞAK SERBEST ÖZEL FON,11.08.2026,"0,427037",2039522977.00,1,"870952306,69"
BSC,A1 CAPİTAL PORTFÖY BİRİNCİ SERBEST FON,11.08.2026,"0,13396",957331903.00,41,"128244014,00"
BSD,BV PORTFÖY SERBEST (DÖVİZ) FON,11.08.2026,"1,184",298403327.00,91,"353309520,00"
BSE,PARDUS PORTFÖY BIST 30 DIŞI ŞİRKETLER HİSSE SENEDİ SERBEST (TL) FON (HİSSE SENEDİ YOĞUN FON),11.08.2026,"0,490646",699706398.00,65,"343308099,31"
BSF,İŞ PORTFÖY BİRİNCİ SERBEST ÖZEL FON,11.08.2026,"1,265102",5653503590.00,1,"7152259440,77"
BSH,ATLAS PORTFÖY BANKACILIK SEKTÖRÜ HİSSE SENEDİ SERBEST FON (HİSSE SENEDİ YOĞUN FON),11.08.2026,"0,94961",7138350.00,137,"6778648,69"
BSM,GLOBAL MD PORTFÖY BERRAK SERBEST FON,11.08.2026,"1,730898",1292937270.00,2817,"2237942542,29"
BSN,BULLS PORTFÖY SANAYİ ŞİRKETLERİ HİSSE SENEDİ SERBEST FON (HİSSE SENEDİ YOĞUN FON),11.08.2026,"0,998263",757705538.00,18,"756389664,04"
BST,PARDUS PORTFÖY BANKACILIK SEKTÖRÜ DIŞI ŞİRKETLER HİSSE SENEDİ SERBEST (TL) FON (HİSSE SENEDİ YOĞUN FON),11.08.2026,"10,322652",4153580.00,578,"42875961,30"
BTE,BV PORTFÖY OYUN VE TEKNOLOJİ DEĞİŞKEN FON,11.08.2026,"5,191121",43485974.00,975,"225740951,37"
BTJ,ATLAS PORTFÖY İSTATİSTİKSEL ARBİTRAJ HİSSE SENEDİ SERBEST FON (HİSSE SENEDİ YOĞUN FON),11.08.2026,"1,360157",9127837.00,57,"12415287,67"
BTK,BV PORTFÖY TEKNOLOJİ KATILIM FONU,11.08.2026,"1,65457",176668419.00,1884,"292310302,19"
BTP,TRİVE PORTFÖY PARA PİYASASI SERBEST FON,11.08.2026,"0,58602",1835243208.00,23,"1075489899,19"
BTY,İŞ PORTFÖY BTY SERBEST (DÖVİZ) ÖZEL FON,11.08.2026,"58,836302",10669894.00,2,"627777105,43"
BTZ,ATLAS PORTFÖY BIST 30 DIŞI ŞİRKETLER HİSSE SENEDİ FONU (HİSSE SENEDİ YOĞUN FON),11.08.2026,"1,223451",7343655.00,192,"8984599,42"
BUB,BULLS PORTFÖY BİRİNCİ FON SEPETİ FONU,11.08.2026,"1,23075",133668129.00,3090,"164512017,95"
BUC,BULLS PORTFÖY ÜÇÜNCÜ HİSSE SENEDİ SERBEST (TL) FON (HİSSE SENEDİ YOĞUN FON),11.08.2026,"0,780237",245120424.00,23,"191251930,44"
BUP,AZİMUT PORTFÖY BUPA SERBEST (TL) ÖZEL FON,11.08.2026,"4,134726",3354777076.00,1,"13871085556,44"
BUT,AZİMUT PORTFÖY BULUT HİSSE SENEDİ SERBEST ÖZEL FON (HİSSE SENEDİ YOĞUN FON),11.08.2026,"1,840858",113374641.00,4,"208706653,67"
BUV,BULLS PORTFÖY VOLTRAN SERBEST (TL) FON,11.08.2026,"1,213266",14434353.00,277,"17512708,42"
BUY,AK PORTFÖY BÜYÜYEN ŞİRKETLER HİSSE SENEDİ (TL) FONU (HİSSE SENEDİ YOĞUN FON),11.08.2026,"1,748115",197967732.00,16878,"346070376,33"
BV1,BV PORTFÖY BİRİNCİ HİSSE SENEDİ (TL) FON (HİSSE SENEDİ YOĞUN FON),11.08.2026,"1,688989",51067674.00,482,"86252748,57"
BVB,AK PORTFÖY ÖPY YEDİNCİ SERBEST (TL) ÖZEL FON,11.08.2026,"4,549027",1075003028.00,1,"4890217636,59"
BVC,AK PORTFÖY BİRİNCİ SERBEST (TL) ÖZEL FON,11.08.2026,"4,311048",1621342207.00,1,"6989683692,08"
BVD,BV PORTFÖY BİRİNCİ DEĞİŞKEN FON,11.08.2026,"1,410426",190458674.00,300,"268627802,13"
BVF,BV PORTFÖY PARA PİYASASI (TL) FON,11.08.2026,"1,397917",1299592161.00,555,"1816722584,93"
BVH,BV PORTFÖY BİRİNCİ HİSSE SENEDİ SERBEST (TL) FON (HİSSE SENEDİ YOĞUN FON),11.08.2026,"1,997516",67831653.00,13,"135494787,00"
BVI,BV PORTFÖY İKİNCİ HİSSE SENEDİ SERBEST FON (HİSSE SENEDİ YOĞUN FON),11.08.2026,"2,862359",101063959.00,28,"289281360,17"
BVK,BULLS PORTFÖY VOLTRAN KATILIM SERBEST (TL) FON,11.08.2026,"1,29461",133539.00,23,"172880,94"
BVM,ALLBATROSS PORTFÖY BİRİNCİ HİSSE SENEDİ SERBEST (TL) FON (HİSSE SENEDİ YOĞUN FON),11.08.2026,"1,305898",10513492.00,131,"13729543,72"
BVT,AZİMUT PORTFÖY GÜNEY SERBEST ÖZEL FON,11.08.2026,"5,460516",3745267.00,10,"20451089,38"
BVV,BV PORTFÖY TEKNOLOJİ DEĞİŞKEN FON,11.08.2026,"3,53562",54703002.00,1029,"193409047,72"
BVZ,BV PORTFÖY İSTATİSTİKSEL ARBİTRAJ SERBEST (TL) FON,11.08.2026,"4,451431",625850515.00,658,"2785930371,73"
BYZ,A1 CAPİTAL PORTFÖY BIST 100 DIŞI ŞİRKETLER HİSSE SENEDİ SERBEST (TL) FON (HİSSE SENEDİ YOĞUN FON),11.08.2026,"0,778163",82142873.00,40,"63920579,70"
CAH,A1 CAPİTAL PORTFÖY HİSSE SENEDİ SERBEST FON (HİSSE SENEDİ YOĞUN FON),11.08.2026,"1,360433",27152601.00,257,"36939306,78"
CBD,A1 CAPİTAL PORTFÖY BIST 30 DIŞI ŞİRKETLER HİSSE SENEDİ SERBEST FON (HİSSE SENEDİ YOĞUN FON),11.08.2026,"0,270425",185748393.00,15,"50231039,35"
CBN,QNB PORTFÖY CBN SERBEST (DÖVİZ) ÖZEL FON,11.08.2026,"46,793719",12786581.00,6,"598331678,60"
CBO,AZİMUT PORTFÖY HCBO HİSSE SENEDİ SERBEST ÖZEL FON (HİSSE SENEDİ YOĞUN FON),11.08.2026,"242,542162",7235254.00,3,"1754854147,77"
CEY,ROTA PORTFÖY CEY SERBEST (DÖVİZ) ÖZEL FON,11.08.2026,"66,227766",3314435.00,3,"219507624,46"
CFO,ROTA PORTFÖY İKİNCİ PARA PİYASASI FONU,11.08.2026,"2,491517",825019736.00,479,"2055550735,65"
CGD,DENİZ PORTFÖY ÇAĞDAŞ SERBEST (DÖVİZ) ÖZEL FON,11.08.2026,"57,896432",11069534.00,2,"640886526,06"
CHY,A1 CAPİTAL PORTFÖY İKİNCİ HİSSE SENEDİ SERBEST (TL) FON (HİSSE SENEDİ YOĞUN FON),11.08.2026,"0,131169",962732214.00,42,"126280979,10"
CIN,AKTİF PORTFÖY BİRİNCİ SERBEST FON,11.08.2026,"1,707523",12509469.00,526,"21360202,07"
CJD,AK PORTFÖY SEKİZİNCİ SERBEST (DÖVİZ) FON,11.08.2026,"50,496817",379989.00,13,"19188235,06"
CJF,AK PORTFÖY ADOC SERBEST (DÖVİZ) ÖZEL FON,11.08.2026,"64,765211",29532817.00,3,"1912699113,57"
CJG,AK PORTFÖY SDSD SERBEST (DÖVİZ) ÖZEL FON,11.08.2026,"65,653406",30293734.00,1,"1988886803,00"
CJH,AK PORTFÖY DOKUZUNCU SERBEST (DÖVİZ-AVRO) FON,11.08.2026,"61,375498",50735086.00,1729,"3113891155,39"
CKF,ALBARAKA PORTFÖY ÇOKLU VARLIK KATILIM FONU,11.08.2026,"2,082503",311036550.00,2464,"647734592,95"
CKL,YAPI KREDİ PORTFÖY ÇOKLU VARLIK DEĞİŞKEN FON,11.08.2026,"1,523826",466523010.00,912,"710899724,25"
CKS,İŞ PORTFÖY BİRİNCİ KATILIM SERBEST (DÖVİZ) FON,11.08.2026,"60,621394",88230349.00,2338,"5348646759,63"
COT,AK PORTFÖY 2030 SERBEST (DÖVİZ-AVRO) FON,11.08.2026,"58,924945",9253329.00,194,"545251898,65"
CPT,ROTA PORTFÖY ÇİP TEKNOLOJİLERİ DEĞİŞKEN FON,11.08.2026,"3,795946",288926226.00,14473,"1096748474,81"
CPU,AKTİF PORTFÖY TEKNOLOJİ KATILIM FONU,11.08.2026,"3,860589",413820831.00,16840,"1597591971,54"
CRL,YAPI KREDİ PORTFÖY ACARLAR SERBEST (DÖVİZ) ÖZEL FON,11.08.2026,"48,851258",21500000.00,3,"1050302043,47"
CSD,İŞ PORTFÖY CANO SERBEST (DÖVİZ) ÖZEL FON,11.08.2026,"64,127098",10420749.00,1,"668252397,49"
CSH,PARDUS PORTFÖY ÜÇÜNCÜ HİSSE SENEDİ SERBEST FON (HİSSE SENEDİ YOĞUN FON),11.08.2026,"6,438787",1582322649.00,54,"10188238331,58"
CTF,İŞ PORTFÖY ASSG SERBEST (DÖVİZ) ÖZEL FON,11.08.2026,"9,255997",37371557.00,1,"345911006,76"
CTG,İŞ PORTFÖY FEFON SERBEST ÖZEL FON,11.08.2026,"7,56353",2166304.00,1,"16384905,66"
CTM,İŞ PORTFÖY KEFON SERBEST ÖZEL FON,11.08.2026,"6,345962",2582372.00,1,"16387634,83"
CTP,İŞ PORTFÖY AAF SERBEST (DÖVİZ) ÖZEL FON,11.08.2026,"62,478102",9051870.00,1,"565543655,24"
CTV,İŞ PORTFÖY MHA SERBEST (DÖVİZ) ÖZEL FON,11.08.2026,"10,793605",18940772.00,4,"204439212,77"
CVA,AK PORTFÖY ÜÇÜNCÜ KAMU BORÇLANMA ARAÇLARI (TL) ÖZEL FONU,11.08.2026,"4,10192",2310971747.00,1,"9479421279,98"
CVB,AK PORTFÖY İKİNCİ SERBEST (TL) ÖZEL FON,11.08.2026,"4,169942",473115896.00,5,"1972866004,58"
CVC,AK PORTFÖY ÖPY KAR PAYI ÖDEYEN SERBEST ÖZEL FON,11.08.2026,"2,834975",251125767.00,2,"711935254,55"
CVD,AK PORTFÖY GİFON SERBEST (DÖVİZ) ÖZEL FON,11.08.2026,"63,666088",17084592.00,2,"1087709134,57"
CVE,AK PORTFÖY BİRİNCİ KAMU BORÇLANMA ARAÇLARI (TL) ÖZEL FONU,11.08.2026,"2,727435",110022256.00,1,"300078512,75"
CVF,AK PORTFÖY SÜRDÜRÜLEBİLİRLİK SERBEST (TL) ÖZEL FON,11.08.2026,"4,709309",206783109.00,1,"973805528,09"
CVK,INVEO PORTFÖY ÇOKLU VARLIK KATILIM FONU,11.08.2026,"5,024408",123125194.00,1919,"618631174,17"
CVL,A1 CAPİTAL PORTFÖY ÇOKLU VARLIK KATILIM FONU,11.08.2026,"1,339782",12105797.00,131,"16219133,86"
CYD,AK PORTFÖY 2027 SERBEST (DÖVİZ-AVRO) FON,11.08.2026,"57,378964",24066310.00,403,"1380899945,72"
DA1,A1 CAPİTAL PORTFÖY SERBEST (DÖVİZ) FON,11.08.2026,"48,733777",248360.00,44,"12103520,92"
DAC,DENİZ PORTFÖY BORİS SERBEST (DÖVİZ) ÖZEL FON,11.08.2026,"72,644796",7102353.00,1,"515948986,83"
DAE,DENİZ PORTFÖY ARBAU HİSSE SENEDİ SERBEST ÖZEL FON (HİSSE SENEDİ YOĞUN FON),11.08.2026,"2,580227",375205792.00,1,"968116273,05"
DAH,DENİZ PORTFÖY HİSSE SENEDİ FONU (HİSSE SENEDİ YOĞUN FON),11.08.2026,"3,585264",164998300.00,2574,"591562408,58"
DAI,DENİZ PORTFÖY ARTI SERBEST (DÖVİZ) ÖZEL FON,11.08.2026,"95,730632",3849385.00,4,"368504060,76"
DAL,DENİZ PORTFÖY SU SERBEST (DÖVİZ) ÖZEL FON,11.08.2026,"72,036088",9523079.00,1,"686005358,11"
DAP,DESTEK PORTFÖY PARA PİYASASI FONU,11.08.2026,"1,005643",40090000.00,1,"40316232,21"
DAS,DENİZ PORTFÖY ONİKİNCİ SERBEST (DÖVİZ) FON,11.08.2026,"54,827938",2069332299.31,25595,"113457223959,11"
DAT,DENİZ PORTFÖY ARMUT SERBEST (DÖVİZ) ÖZEL FON,11.08.2026,"97,655672",3400001.00,6,"332029380,98"
DAV,DENİZ PORTFÖY 2026 SERBEST (DÖVİZ-AVRO) FON,11.08.2026,"57,587984",19995729.00,205,"1151513725,73"
DAZ,DENİZ PORTFÖY TÜRKİZ SERBEST(DÖVİZ) ÖZEL FON,11.08.2026,"13,303924",24646884.00,4,"327900280,86"
DB2,NUROL PORTFÖY İKİNCİ KISA VADELİ SERBEST FON,11.08.2026,"2,073355",3227174.00,4,"6691078,78"
DBA,DENİZ PORTFÖY ALTIN FONU,11.08.2026,"0,735351",13442814189.00,25389,"9885184897,75"
DBB,DENİZ PORTFÖY BORÇLANMA ARAÇLARI FONU,11.08.2026,"0,11149",2266940482.72,1954,"252741372,83"
DBG,DENİZ PORTFÖY BEYAZ SERBEST ÖZEL FONU,11.08.2026,"0,660327",4113931849.00,3,"2716541503,58"
DBH,DENİZ PORTFÖY EUROBOND (DÖVİZ) BORÇLANMA ARAÇLARI FONU,11.08.2026,"0,380584",2619235300.00,8748,"996838904,04"
DBK,DENİZ PORTFÖY KISA VADELİ BORÇLANMA ARAÇLARI (TL) FONU,11.08.2026,"0,119754",6063295906.00,85344,"726102920,18"
DBP,DENİZ PORTFÖY BİRİNCİ DEĞİŞKEN FON,11.08.2026,"0,496136",326105400.00,1059,"161792620,55"
DBZ,DENİZ PORTFÖY ÖZEL SEKTÖR BORÇLANMA ARAÇLARI FONU,11.08.2026,"0,139151",5256006600.00,2934,"731380756,97"
DCB,DENİZ PORTFÖY PARA PİYASASI SERBEST (TL) FON,11.08.2026,"4,718504",29455514186.00,22518,"138985948097,13"
DCD,DENİZ PORTFÖY SKA SERBEST (DÖVİZ) ÖZEL FON,11.08.2026,"65,577108",3783175.00,1,"248089676,46"
DCE,DENİZ PORTFÖY BAKHAM SERBEST (DÖVİZ) ÖZEL FON,11.08.2026,"73,412702",17399399.00,3,"1277336892,94"
DCN,DENİZ PORTFÖY ÜÇÜNCÜ PARA PİYASASI (TL) FONU,11.08.2026,"1,423359",455802059.00,1951,"648769905,01"
DCP,YAPI KREDİ PORTFÖY CÖMERT SERBEST (DÖVİZ) ÖZEL FON,11.08.2026,"71,2766",3518482.00,3,"250785435,07"
DCV,DENİZ PORTFÖY KAR PAYI ÖDEYEN SERBEST (DÖVİZ) FON,11.08.2026,"47,418461",789367.00,23,"37430567,88"
DDA,DENİZ PORTFÖY BANKACILIK SEKTÖRÜ HİSSE SENEDİ SERBEST FON (HİSSE SENEDİ YOĞUN FON),11.08.2026,"11,90624",17617627.00,1048,"209759697,11"
DDC,DENİZ PORTFÖY GÜN DOĞUSU HİSSE SENEDİ SERBEST (TL) FON (HİSSE SENEDİ YOĞUN FON),11.08.2026,"16,598217",335460632.00,11,"5568048527,23"
DDE,DENİZ PORTFÖY BADE SERBEST (DÖVİZ) ÖZEL FON,11.08.2026,"75,373418",5515073.00,1,"415689904,26"
DDF,DENİZ PORTFÖY DİNAMO HİSSE SENEDİ SERBEST (TL) FON (HİSSE SENEDİ YOĞUN FON),11.08.2026,"12,543815",8391259.00,545,"105258400,62"
DDP,DENİZ PORTFÖY SK SERBEST (DÖVİZ) ÖZEL FON,11.08.2026,"73,346284",1046042.00,1,"76723294,10"
DEF,ALLBATROSS PORTFÖY DEFNE SERBEST FON,11.08.2026,"2,693693",26216742.00,92,"70619861,96"
DEI,ALLBATROSS PORTFÖY DEMİR KISA VADELİ KATILIM SERBEST (TL) FON,11.08.2026,"0,037222",173196936.00,13,"6446680,17"
DFC,DENİZ PORTFÖY TARIM VE GIDA DEĞİŞKEN FON,11.08.2026,"3,158862",65766347.00,1549,"207746834,00"
DFD,DENİZ PORTFÖY EMTİA SERBEST FON,11.08.2026,"2,636024",52680022.00,444,"138865777,26"
DFI,ATLAS PORTFÖY SERBEST FON,11.08.2026,"5,375879",6394861525.00,52174,"34378003075,43"
DFO,AZİMUT PORTFÖY DLS SERBEST ÖZEL FON,11.08.2026,"3,878014",294965626.00,2,"1143880774,27"
DGF,A1 CAPİTAL PORTFÖY DEĞİŞKEN FON,11.08.2026,"1,402886",11488467.00,224,"16117006,90"
DGH,ATA PORTFÖY PARA PİYASASI SERBEST (TL) FON,11.08.2026,"10,672504",370231594.00,261,"3951298060,85"
DHI,PARDUS PORTFÖY DOKUZUNCU HİSSE SENEDİ SERBEST (TL) FON (HİSSE SENEDİ YOĞUN FON),11.08.2026,"0,561637",5008123066.00,46,"2812745584,46"
DHJ,DENİZ PORTFÖY TEKNOLOJİ ŞİRKETLERİ HİSSE SENEDİ FONU (HİSSE SENEDİ YOĞUN FON),11.08.2026,"6,852509",29951015.00,2958,"205239601,39"
DHM,DENİZ PORTFÖY ESG-SÜRDÜRÜLEBİLİRLİK FON SEPETİ FONU,11.08.2026,"5,278775",5245946.00,1174,"27692166,91"
DHP,DENİZ PORTFÖY PERİFER HİSSE SENEDİ SERBEST ÖZEL FON (HİSSE SENEDİ YOĞUN FON),11.08.2026,"4,14687",1887493.00,1,"7827188,07"
DHS,DENİZ PORTFÖY CC HİSSE SENEDİ SERBEST ÖZEL FON (HİSSE SENEDİ YOĞUN FON),11.08.2026,"261,119879",13205338.00,1,"3448176257,61"
DHT,DENİZ PORTFÖY HAVACILIK VE SAVUNMA TEKNOLOJİLERİ DEĞİŞKEN FON,11.08.2026,"1,203613",57977114.00,661,"69782034,23"
DHV,DENİZ PORTFÖY BİRİNCİ HİSSE SENEDİ SERBEST (TL) FON (HİSSE SENEDİ YOĞUN FON),11.08.2026,"2,695988",217991655.00,320,"587702958,56"
DID,DENİZ PORTFÖY İKİNCİ DEĞİŞKEN FON,11.08.2026,"1,471497",18457610.00,151,"27160312,98"
DIH,DENİZ PORTFÖY İKİNCİ HİSSE SENEDİ SERBEST (TL) FON (HİSSE SENEDİ YOĞUN FON),11.08.2026,"1,785027",76257782.00,11,"136122191,91"
DIM,DENİZ PORTFÖY İMRAL SERBEST (DÖVİZ) ÖZEL FON,11.08.2026,"49,493795",2287508.00,1,"113217451,90"
DIP,DENİZ PORTFÖY İKİNCİ PARA PİYASASI SERBEST (TL) FON,11.08.2026,"1,562411",45951710760.00,1940,"71795481117,49"
DK1,KUVEYT TÜRK PORTFÖY DÜNYA KATILIM BANKASI KISA VADELİ KATILIM SERBEST FON,11.08.2026,"1,464014",2086955416.00,60,"3055331031,11"
DKA,DENİZ PORTFÖY KAR PAYI ÖDEYEN DOKUZUNCU SERBEST (DÖVİZ) FON,11.08.2026,"47,733427",50978831.00,239,"2433394307,30"
DKC,DENİZ PORTFÖY İKİNCİ SERBEST FON,11.08.2026,"0,596641",17589869.00,22,"10494837,12"
DKH,DENİZ PORTFÖY KATILIM HİSSE SENEDİ (TL) FONU (HİSSE SENEDİ YOĞUN FON),11.08.2026,"3,663384",57521113.00,1439,"210721944,96"
DKL,DENİZ PORTFÖY BİRİNCİ KATILIM SERBEST (DÖVİZ) FON,11.08.2026,"50,332725",7456726.00,102,"375317339,59"
DKP,QNB PORTFÖY KAR PAYI ÖDEYEN DOKUZUNCU SERBEST (DÖVİZ) FON,11.08.2026,"47,864996",86320000.00,629,"4131706431,94"
DKR,DENİZ PORTFÖY ONDÖRDÜNCÜ SERBEST FON,11.08.2026,"0,96946",607776845.00,3248,"589215063,16"
DKS,DENİZ PORTFÖY KUZEYYILDIZI SERBEST (DÖVİZ) ÖZEL FON,11.08.2026,"72,144752",3207930.00,2,"231435315,69"
DKY,DENİZ PORTFÖY KAR PAYI ÖDEYEN ONÜÇÜNCÜ SERBEST (DÖVİZ) FON,11.08.2026,"47,849767",56318233.00,228,"2694814345,18"
DL2,DENİZ PORTFÖY İKİNCİ PARA PİYASASI (TL) FONU,11.08.2026,"2,452215",3684879703.00,648,"9036115463,10"
DLD,DENİZ PORTFÖY SÜRDÜRÜLEBİLİRLİK HİSSE SENEDİ FONU (HİSSE SENEDİ YOĞUN FON),11.08.2026,"7,580467",8050455.00,572,"61026206,33"
DLG,DENİZ PORTFÖY ESG SÜRDÜRÜLEBİLİRLİK SERBEST FON,11.08.2026,"1,259521",3702494.00,40,"4663368,20"
DLN,AURA PORTFÖY DOLUNAY SERBEST FON,11.08.2026,"2,423206",1899737871.00,39,"4603455314,54"
DLY,DENİZ PORTFÖY PARA PİYASASI (TL) FONU,11.08.2026,"6,011321",12940979466.00,310653,"77792375218,79"
DLZ,DENİZ PORTFÖY ALİZE HİSSE SENEDİ SERBEST (TL) FON (HİSSE SENEDİ YOĞUN FON),11.08.2026,"0,499538",21132768.00,39,"10556611,85"
DMG,DENİZ PORTFÖY GÜMÜŞ FON SEPETİ FONU,11.08.2026,"6,696979",448517063.00,14966,"3003709557,54"
DMR,ZİRAAT PORTFÖY DEMİRAY SERBEST (DÖVİZ) ÖZEL FON,11.08.2026,"58,595621",296469134.00,1,"17371793124,59"
DMV,DENİZ PORTFÖY SMART SERBEST (DÖVİZ) ÖZEL FON,11.08.2026,"70,102618",4806366.00,2,"336938838,01"
DMZ,DENİZ PORTFÖY ZEYTİN SERBEST (DÖVİZ) ÖZEL FON,11.08.2026,"64,11367",10000000.00,5,"641136703,60"
DNA,DENİZ PORTFÖY ANATOLİA HİSSE SENEDİ SERBEST ÖZEL FON (HİSSE SENEDİ YOĞUN FON),11.08.2026,"17,314728",199023445.00,5,"3446036827,35"
DNF,A1 CAPİTAL PORTFÖY DİNAMİK FON SEPETİ FONU,11.08.2026,"1,282732",25720592.00,112,"32992616,80"
DNH,DENİZ PORTFÖY İNŞAAT SEKTÖRÜ HİSSE SENEDİ SERBEST (TL) FON (HİSSE SENEDİ YOĞUN FON),11.08.2026,"1,11063",16250561.00,64,"18048355,27"
DNK,TACİRLER PORTFÖY DENGE KATILIM SERBEST FON,11.08.2026,"1,668443",380074013.00,136,"634132013,51"
DNL,DENİZ PORTFÖY NEKO SERBEST (DÖVİZ) ÖZEL FON,11.08.2026,"55,259693",3984706.00,1,"220193630,33"
DNM,QNB PORTFÖY DİNAMİK DAĞILIMLI SERBEST (DÖVİZ) FON,11.08.2026,"52,110491",26278554.00,1010,"1369388340,49"
DNP,DENİZ PORTFÖY PARA PİYASASI KATILIM SERBEST (TL) FON,11.08.2026,"1,41954",947461523.00,288,"1344959850,09"
DNU,DENİZ PORTFÖY KAR PAYI ÖDEYEN ONBEŞİNCİ SERBEST (DÖVİZ) FON,11.08.2026,"47,334792",822105.00,15,"38914169,21"
DOC,DENİZ PORTFÖY KAR PAYI ÖDEYEN ONİKİNCİ SERBEST (DÖVIZ) FON,11.08.2026,"47,814254",102203341.00,175,"4886776477,13"
DOD,AZİMUT PORTFÖY 14.0 SERBEST (DÖVİZ) FON,11.08.2026,"69,219693",253337881.00,159,"17535970242,71"
DOH,TERA PORTFÖY DÖRDÜNCÜ HİSSE SENEDİ SERBEST (TL) FON (HİSSE SENEDİ YOĞUN FON),11.08.2026,"1,765512",502931560.00,2511,"887931849,85"
DOL,AKTİF PORTFÖY ÜÇÜNCÜ AKTİF SERBEST (DÖVİZ) FON,11.08.2026,"52,449665",99530011.00,385,"5220315771,62"
DOR,AZİMUT PORTFÖY OKSİJEN SERBEST (DÖVİZ) ÖZEL FON,11.08.2026,"72,682695",7202062.00,1,"523465276,01"
DOS,DENİZ PORTFÖY OLMİ SERBEST (DÖVİZ) ÖZEL FON,11.08.2026,"67,798658",30462164.00,3,"2065293850,44"
DOV,DENİZ PORTFÖY ONÜÇÜNCÜ SERBEST (DÖVİZ-AVRO) FON,11.08.2026,"60,057877",1196656029.00,17241,"71868620521,60"
DP1,DENİZ PORTFÖY DELTA SERBEST ÖZEL FON,11.08.2026,"17,950127",284576837.00,7,"5108190483,05"
DP2,DENİZ PORTFÖY ÖZER SERBEST (DÖVİZ) ÖZEL FON,11.08.2026,"65,942294",5499229.00,11,"362631776,99"
DP3,DENİZ PORTFÖY DUMAN SERBEST (DÖVİZ) ÖZEL FON,11.08.2026,"70,210434",4680779.00,4,"328639526,83"
DP4,DENİZ PORTFÖY GİZEM SERBEST (DÖVİZ) ÖZEL FON,11.08.2026,"73,753997",7358618.00,3,"542727489,05"
DP5,DENİZ PORTFÖY MER SERBEST (DÖVİZ) ÖZEL FON,11.08.2026,"83,595485",21656874.00,1,"1810416887,14"
DP6,DENİZ PORTFÖY KAR PAYI ÖDEYEN BEŞİNCİ SERBEST (DÖVİZ) FON,11.08.2026,"47,850008",40187566.00,212,"1922975342,10"
DP7,DENİZ PORTFÖY DEMİR SERBEST (DÖVİZ) ÖZEL FON,11.08.2026,"60,832542",9001782.00,3,"547601280,52"
DP8,DENİZ PORTFÖY KAR PAYI ÖDEYEN ALTINCI SERBEST (DÖVİZ) FON,11.08.2026,"47,874289",8256483.00,49,"395273257,05"
DP9,DENİZ PORTFÖY KAR PAYI ÖDEYEN YEDİNCİ SERBEST (DÖVİZ) FON,11.08.2026,"47,818329",126389046.00,155,"6043713030,49"
DPB,DENİZ PORTFÖY SERBEST (DÖVİZ) FON,11.08.2026,"24,110004",545831268.00,3231,"13159994092,05"
DPC,DENİZ PORTFÖY FRS SERBEST (DÖVİZ) ÖZEL FON,11.08.2026,"98,667684",3371352.00,1,"332643492,59"
DPE,DENİZ PORTFÖY EGE SERBEST (DÖVİZ) ÖZEL FON,11.08.2026,"22,609191",65456679.00,1,"1479922574,01"
DPG,DENİZ PORTFÖY REYHAN SERBEST (DÖVİZ) ÖZEL FON,11.08.2026,"100,547237",5734193.00,2,"576557263,55"
DPI,DENİZ PORTFÖY İSTATİSTİKSEL ARBİTRAJ HİSSE SENEDİ SERBEST FON (HİSSE SENEDİ YOĞUN FON),11.08.2026,"8,764998",42596449.00,123,"373357802,24"
DPK,DENİZ PORTFÖY KİRA SERTİFİKALARI KATILIM (TL) FONU,11.08.2026,"8,534599",103229605.00,1331,"881023326,13"
DPL,DENİZ PORTFÖY NİL SERBEST (DÖVİZ) ÖZEL FON,11.08.2026,"101,209561",22490084.00,1,"2276211535,91"
DPN,DENİZ PORTFÖY NEVA SERBEST (DÖVİZ) ÖZEL FON,11.08.2026,"58,073239",39240.00,1,"2278793,88"
DPP,DENİZ PORTFÖY HLC SERBEST (DÖVİZ) ÖZEL FON,11.08.2026,"150,276131",1349932.00,2,"202862558,72"
DPT,DENİZ PORTFÖY BİST TEMETTÜ 25 ENDEKSİ HİSSE SENEDİ FONU ( HİSSE SENEDİ YOĞUN FON ),11.08.2026,"17,393469",16776268.00,5061,"291797496,58"
DPZ,DENİZ PORTFÖY YAZ SERBEST (DÖVİZ) ÖZEL FON,11.08.2026,"82,333306",1481286.00,1,"121959173,02"
DRA,NEO PORTFÖY DORA SERBEST FON,11.08.2026,"1,251679",34480677.00,45,"43158724,87"
DRD,DENİZ PORTFÖY KAR PAYI ÖDEYEN ONBİRİNCİ SERBEST (DÖVİZ-AVRO) FON,11.08.2026,"55,371596",30928293.00,149,"1712548956,82"
DRH,PARDUS PORTFÖY DÖRDÜNCÜ HİSSE SENEDİ SERBEST (TL) FON (HİSSE SENEDİ YOĞUN FON),11.08.2026,"1,847838",368721818.00,71,"681338075,30"
DRT,DENİZ PORTFÖY ROBOTİK TEKNOLOJİLERİ DEĞİŞKEN FON,11.08.2026,"1,227796",32618508.00,477,"40048859,82"
DSC,DENİZ PORTFÖY RÜ SERBEST (DÖVİZ) ÖZEL FON,11.08.2026,"66,495875",14860108.00,1,"988135883,04"
DSD,DENİZ PORTFÖY İKİNCİ SERBEST (DÖVİZ_AVRO) FON,11.08.2026,"71,453355",67483576.00,1425,"4821927929,06"
DSH,AK PORTFÖY DÖRDÜNCÜ SERBEST FON,11.08.2026,"2,202599",1602089391.00,1274,"3528760967,87"
DSP,DENİZ PORTFÖY DENGELİ FON SEPETİ FONU,11.08.2026,"14,704134",9646256.00,1036,"141839843,34"
DSV,DENİZ PORTFÖY 2028 SERBEST (DÖVİZ) FON,11.08.2026,"48,963918",57704520.00,44,"2825439363,01"
DTH,EMAA BLUE PORTFÖY DÖNÜŞÜM TEKNOLOJİLERİ HİSSE SENEDİ (TL) FONU (HİSSE SENEDİ YOĞUN FON),11.08.2026,"1,352625",174358987.00,236,"235842287,75"
DTL,DENİZ PORTFÖY BIST 100 DIŞI ŞİRKETLER HİSSE SENEDİ (TL) FONU (HİSSE SENEDİ YOĞUN FON),11.08.2026,"4,115833",39385743.00,3304,"162105130,95"
DTM,DENİZ PORTFÖY TEMETTÜ ÖDEYEN ŞİRKETLER DEĞİŞKEN FON,11.08.2026,"1,42626",42865951.00,2695,"61138010,59"
DTO,DENİZ PORTFÖY KAR PAYI ÖDEYEN ONDÖRDÜNCÜ SERBEST (DÖVİZ) FON,11.08.2026,"47,502822",2484690.00,131,"118029786,49"
DTP,AZİMUT PORTFÖY ADATEPE SERBEST ÖZEL FON,11.08.2026,"1,828658",905970033.00,4,"1656709503,94"
DTV,DENİZ PORTFÖY CEY SERBEST (DÖVİZ) ÖZEL FON,11.08.2026,"68,962369",60375603.00,4,"4163644610,97"
DTZ,AK PORTFÖY ROBOTİK TEKNOLOJİLER DEĞİŞKEN FON,11.08.2026,"5,532276",91760622.00,7799,"507645063,74"
DUC,DENİZ PORTFÖY ÜÇÜNCÜ HİSSE SENEDİ SERBEST (TL) FON (HİSSE SENEDİ YOĞUN FON),11.08.2026,"0,419277",346361.00,12,"145221,18"
DUD,DENİZ PORTFÖY UZUN VADELİ SERBEST (DÖVİZ) FON,11.08.2026,"52,529676",7691520.00,280,"404033057,03"
DUH,HEDEF PORTFÖY UFUK HİSSE SENEDİ SERBEST FON (HİSSE SENEDİ YOĞUN FON),11.08.2026,"0,873378",330936445.00,135,"289032747,65"
DUT,DENİZ PORTFÖY KAR PAYI ÖDEYEN DÖRDÜNCÜ SERBEST (DÖVİZ) FON,11.08.2026,"47,320274",18467993.00,246,"873910497,34"
DUV,DENİZ PORTFÖY UZUN VADELİ BORÇLANMA ARAÇLARI FONU,11.08.2026,"1,284582",43482049.00,187,"55856274,21"
DVC,DENİZ PORTFÖY LİYA SERBEST (DÖVİZ) ÖZEL FON,11.08.2026,"68,322668",825000.00,1,"56366200,86"
DVI,DENİZ PORTFÖY OLBA SERBEST (DÖVİZ) ÖZEL FON,11.08.2026,"77,158721",2522899.00,2,"194663660,13"
DVN,DENİZ PORTFÖY G2B SERBEST (DÖVİZ) ÖZEL FON,11.08.2026,"64,835558",4789538.00,1,"310532369,05"
DVO,DENİZ PORTFÖY BİRİNCİ SERBEST (TL) ÖZEL FON,11.08.2026,"5,27675",6407587.00,1,"33811235,28"
DVS,DENİZ PORTFÖY KISA VADELİ SERBEST (TL) FON,11.08.2026,"1,553819",184504909.00,308,"286687268,98"
DVT,DENİZ PORTFÖY METAVERSE VE DİJİTAL YAŞAM TEKNOLOJİLERİ DEĞİŞKEN FON,11.08.2026,"9,717805",88976168.00,11091,"864653031,82"
DVU,AZİMUT PORTFÖY 17.0 SERBEST ÖZEL FON,11.08.2026,"8,482381",167311605.00,5,"1419200824,08"
DVZ,DENİZ PORTFÖY EFES SERBEST (DÖVİZ) ÖZEL FON,11.08.2026,"66,291165",21011556.00,1,"1392880519,11"
DXP,DENİZ PORTFÖY İHRACATÇI ŞİRKETLER HİSSE SENEDİ FONU (HİSSE SENEDİ YOĞUN FON),11.08.2026,"1,845222",26159696.00,1060,"48270447,34"
DYJ,DENİZ PORTFÖY KAR PAYI ÖDEYEN ÜÇÜNCÜ SERBEST (DÖVİZ) FON,11.08.2026,"48,037967",23490997.00,154,"1128459734,75"
DYN,DENİZ PORTFÖY ELEKTRİKLİ VE OTONOM ARAÇ TEKNOLOJİLERİ DEĞİŞKEN FON,11.08.2026,"4,541982",13071754.00,1641,"59371666,67"
DYS,DENİZ PORTFÖY SAM YELİ SERBEST FON,11.08.2026,"1,644753",11610791.00,13,"19096887,24"
DZ2,DENİZ PORTFÖY İKİNCİ SERBEST ÖZEL FON,11.08.2026,"1,380345",8901825523.00,2,"12287594597,95"
DZE,DENİZ PORTFÖY BIST 100 ENDEKSİ HİSSE SENEDİ FONU(HİSSE SENEDİ YOĞUN FON),11.08.2026,"0,975457",198012900.00,2846,"193152985,14"
DZM,DENİZ PORTFÖY BEŞİNCİ SERBEST (DÖVİZ) FON,11.08.2026,"85,765589",152208210.00,4215,"13054226729,44"
DZP,AZİMUT PORTFÖY DENİZ SERBEST (DÖVİZ) ÖZEL FON,11.08.2026,"60,424753",7580400.00,2,"458043793,97"
DZS,AK PORTFÖY DOKUZUNCU SERBEST FON,11.08.2026,"1,544732",33884104.00,125,"52341859,66"
EBD,GLOBAL MD PORTFÖY İKİNCİ DEĞİŞKEN FON,11.08.2026,"0,263015",309705485.00,618,"81457052,82"
EBI,EMAA BLUE PORTFÖY İKİNCİ SERBEST (DÖVİZ-AVRO) FON,11.08.2026,"56,44951",13830089.00,23,"780701741,09"
EBS,EMAA BLUE PORTFÖY BİRİNCİ SERBEST (DÖVİZ-ABD DOLARI) FON,11.08.2026,"48,854732",90567975.00,35,"4424674129,36"
EC2,GLOBAL MD PORTFÖY BİRİNCİ HİSSE SENEDİ FONU(HİSSE SENEDİ YOĞUN FON),11.08.2026,"81,846464",769801.80,2025,"63005555,28"
ECA,GLOBAL MD PORTFÖY BİRİNCİ DEĞİŞKEN FON,11.08.2026,"1,98296",145715971.00,510,"288948882,79"
ECB,GLOBAL MD PORTFÖY PARA PİYASASI (TL) FONU,11.08.2026,"52,901719",14597511.00,3139,"772233428,68"
ECV,GLOBAL MD PORTFÖY KISA VADELİ BORÇLANMA ARAÇLARI (TL) FONU,11.08.2026,"0,483253",169562778.18,2403,"81941678,49"
EDD,QNB PORTFÖY ENPARA DENGELİ DEĞİŞKEN ÖZEL FON,11.08.2026,"1,122844",20050837.00,720,"22513956,84"
EDN,EMAA BLUE PORTFÖY DENGELİ DEĞİŞKEN FON,11.08.2026,"1,016614",259988811.00,33,"264308385,91"
EDP,NEO PORTFÖY KORUNCUK EĞİTİME DESTEK PARA PİYASASI SERBEST FON,11.08.2026,"1,155264",55857097.00,49,"64529675,03"
EDT,DENİZ PORTFÖY TED EĞİTİME DESTEK SERBEST FON,11.08.2026,"2,235391",436902681.00,660,"976648275,27"
EDU,İŞ PORTFÖY TEV EĞİTİME DESTEK DEĞİŞKEN FON,11.08.2026,"3,565491",101410922.00,660,"361579714,06"
EES,ROTA PORTFÖY EE SERBEST (DÖVİZ) ÖZEL FON,11.08.2026,"50,77955",7970042.00,1,"404715145,98"
EGP,GARANTİ PORTFÖY EKİM 2028 SÜRDÜRÜLEBİLİRLİK SERBEST (DÖVİZ-ABD DOLARI) FON,11.08.2026,"57,165001",4563359.00,49,"260864423,64"
EGR,EMAA BLUE PORTFÖY AGRESİF DEĞİŞKEN FON,11.08.2026,"1,014256",234060082.00,78,"237396766,56"
EHS,AZİMUT PORTFÖY ERCİYES HİSSE SENEDİ SERBEST ÖZEL FON (HİSSE SENEDİ YOĞUN FON),11.08.2026,"2,833686",235938967.00,3,"668577017,36"
EIB,ASTRA PORTFÖY DEĞİŞKEN FON,11.08.2026,"0,672214",450089550.00,531,"302556459,21"
EID,ASTRA PORTFÖY HİSSE SENEDİ FONU (HİSSE YOĞUN FON),11.08.2026,"1,874132",47561169.00,1901,"89135929,19"
EIL,ASTRA PORTFÖY PARA PİYASASI (TL) FONU,11.08.2026,"5,221275",198269111.00,1516,"1035217459,12"
EJG,AZİMUT PORTFÖY İNAN SERBEST (TL) ÖZEL FON,11.08.2026,"9,651263",68419205.00,1,"660331768,65"
EKF,ASTRA PORTFÖY KİRA SERTİFİKASI KATILIM (TL) FONU,11.08.2026,"0,135142",12679751817.00,5209,"1713563130,29"
EKL,KUVEYT TÜRK PORTFÖY EMLAK KATILIM BANKASI PARA PİYASASI KATILIM FONU,11.08.2026,"1,804678",1513029595.00,1378,"2730530827,90"
ELZ,ASTRA PORTFÖY KATILIM HİSSE SENEDİ FONU (HİSSE SENEDİ YOĞUN FON),11.08.2026,"13,313815",29798422.00,728,"396730669,46"
EME,STRATEJİ PORTFÖY EMERALD HİSSE SENEDİ SERBEST FON (HİSSE SENEDİ YOĞUN FON),11.08.2026,"1,174033",33406495.00,17,"39220324,62"
EML,AK PORTFÖY EMLAK SEKTÖRÜ DEĞİŞKEN FON,11.08.2026,"1,234711",34576202.00,960,"42691618,53"
ENA,QNB PORTFÖY ENPARA ATAK DEĞİŞKEN ÖZEL FON,11.08.2026,"1,121535",25819746.00,1360,"28957739,65"
ENJ,AKTİF PORTFÖY ENERJİ ŞİRKETLERİ HİSSE SENEDİ (TL) FONU (HİSSE SENEDİ YOĞUN FON),11.08.2026,"1,352813",43062006.00,703,"58254860,28"
ENO,QNB PORTFÖY ENPARA SERBEST (DÖVİZ) FON,11.08.2026,"48,172489",1373717.00,105,"66175367,52"
ENR,QNB PORTFÖY ENPARA PARA PİYASASI (TL) FONU,11.08.2026,"1,191178",1312027746.00,10953,"1562857983,68"
ENS,QNB PORTFÖY ENPARA DEĞİŞKEN ÖZEL FON,11.08.2026,"1,201093",34705279.00,1687,"41684259,47"
EP1,EMLAK KATILIM PORTFÖY PARA PİYASASI KATILIM (TL) FONU,11.08.2026,"1,057055",12079760462.00,1427,"12768973619,92"
EPA,EMAA BLUE PORTFÖY PARA PİYASASI KATILIM (TL) FONU,11.08.2026,"1,363214",397765212.00,153,"542239227,39"
EPI,EMAA BLUE PORTFÖY İNŞAAT SEKTÖRÜ KATILIM FONU,11.08.2026,"1,104591",251304684.00,293,"277588780,01"
EPK,EMAA BLUE PORTFÖY KIYMETLİ MADENLER KATILIM FON SEPETİ FONU,11.08.2026,"1,340082",184280544.00,1567,"246950998,83"
EPO,İŞ PORTFÖY EXPLORER SERBEST (DÖVİZ) ÖZEL FON,11.08.2026,"61,696243",7389995.00,1,"455934930,33"
EPP,EMAA BLUE PORTFÖY PARA PİYASASI SERBEST FON,11.08.2026,"1,464472",1346678683.00,47,"1972172696,69"
EPT,EMAA BLUE PORTFÖY PARA PİYASASI (TL) FONU,11.08.2026,"1,321386",967787967.00,70,"1278821300,04"
ESG,AKTİF PORTFÖY ESG SÜRDÜRÜLEBİLİRLİK SERBEST FON,11.08.2026,"4,036174",2703001.00,82,"10909783,38"
ESN,ALLBATROSS PORTFÖY ESİN SERBEST FON,11.08.2026,"1,718312",23511812.00,12,"40400632,73"
ESP,AURA PORTFÖY EMTİA SERBEST FON,11.08.2026,"0,377891",74168524.00,294,"28027606,57"
EUN,GARANTİ PORTFÖY İKİNCİ SERBEST (DÖVİZ-AVRO) FON,11.08.2026,"63,442306",96572182.00,3488,"6126761953,80"
EUZ,GARANTİ PORTFÖY SERBEST (DÖVİZ-AVRO) FON,11.08.2026,"62,235965",2265865505.00,38816,"141018325732,95"
EVM,DENİZ PORTFÖY ENERJİ VE MADENCİLİK SEKTÖRÜ DEĞİŞKEN FON,11.08.2026,"1,130835",34073919.00,532,"38531989,24"
EYT,AKTİF PORTFÖY İKİNCİ FON SEPETİ FONU,11.08.2026,"2,998973",14454712.00,510,"43349287,82"
EZM,KUVEYT TÜRK PORTFÖY EZM KATILIM SERBEST (DÖVİZ) ÖZEL FON,11.08.2026,"44,321884",100000.00,1,"4432188,40"
FAK,FONMAP PORTFÖY ALTIN KATILIM FONU,11.08.2026,"1,269093",17708184.00,363,"22473330,88"
FAL,ONE PORTFÖY ALTIN FONU,11.08.2026,"1,233449",268441286.00,676,"331108543,17"
FBC,ONE PORTFÖY KAR PAYI ÖDEYEN KATILIM FONU,11.08.2026,"2,030973",89325374.00,5975,"181417466,94"
FBI,FİBA PORTFÖY BİRİNCİ SERBEST (DÖVİZ) FON,11.08.2026,"52,718448",276826387.00,5018,"14593857615,85"
FBN,FİBA PORTFÖY SAFİR SERBEST FON,11.08.2026,"5,375972",40408496.00,33,"217234927,76"
FBV,İŞ PORTFÖY MODEL SERBEST FON,11.08.2026,"7,666166",84144080.00,1959,"645062461,35"
FBZ,FİBA PORTFÖY TEKNOLOJİ SERBEST FON,11.08.2026,"4,754355",58165920.00,393,"276541439,79"
FCK,ONE PORTFÖY ÇOKLU VARLIK KATILIM FONU,11.08.2026,"1,824429",163931064.00,587,"299080560,48"
FCS,FİBA PORTFÖY İKİNCİ SERBEST FON,11.08.2026,"2,306751",1146291775.00,200,"2644209261,63"
FD1,ONE PORTFÖY BİRİNCİ DEĞİŞKEN FON,11.08.2026,"1,966277",10227017.00,152,"20109147,62"
FDE,QNB PORTFÖY KAR PAYI ÖDEYEN BEŞİNCİ SERBEST (DÖVİZ) FON,11.08.2026,"47,785176",91460000.00,881,"4370432183,53"
FDG,FONMAP PORTFÖY BİRİNCİ DEĞİŞKEN FON,11.08.2026,"2,661021",30202292.00,897,"80368920,11"
FDO,QNB PORTFÖY SULTAN SERBEST (DÖVİZ) ÖZEL FON,11.08.2026,"60,957849",4737363.00,1,"288779459,98"
FDV,AZİMUT PORTFÖY DMR SERBEST FON,11.08.2026,"5,935963",245000000.00,1,"1454311047,62"
FDZ,AZİMUT PORTFÖY 16.0 HİSSE SENEDİ SERBEST FON (HİSSE SENEDİ YOĞUN FON),11.08.2026,"0,364047",737329526.00,11,"268422533,45"
FFD,FİBA PORTFÖY ÜÇÜNCÜ PARA PİYASASI (TL) FONU,11.08.2026,"0,05051",5741342186.00,513,"289997191,69"
FFF,QNB PORTFÖY BERİL SERBEST (DÖVİZ) ÖZEL FON,11.08.2026,"64,443241",16462779.00,1,"1060914832,67"
FFH,QNB PORTFÖY ÇOKLU VARLIK KATILIM FONU,11.08.2026,"8,495062",187738444.00,1972,"1594849706,92"
FFO,QNB PORTFÖY SER SERBEST (DÖVİZ) ÖZEL FON,11.08.2026,"58,779377",1801854.00,7,"105911854,84"
FFP,QNB PORTFÖY FON SEPETİ FONU,11.08.2026,"7,581678",298814160.00,2348,"2265512681,20"
FHI,FONMAP PORTFÖY İKİNCİ HİSSE SENEDİ SERBEST FON (HİSSE SENEDİ YOĞUN FON),11.08.2026,"1,459496",42731127.00,11,"62365898,24"
FHP,FİBA PORTFÖY ÖPY PARA PİYASASI SERBEST (TL) ÖZEL FON,11.08.2026,"3,365384",3120953480.00,48,"10503208404,61"
FHZ,QNB PORTFÖY HUZUR SERBEST (DÖVİZ) ÖZEL FON,11.08.2026,"64,694789",11372709.00,3,"735755007,10"
FI3,QNB PORTFÖY BORÇLANMA ARAÇLARI FONU,11.08.2026,"781,844351",2024480.80,9701,"1582828880,51"
FI5,QNB PORTFÖY PARA PİYASASI (TL) FONU,11.08.2026,"734,408465",154432517.00,52704,"113416547800,38"
FIB,FİBA PORTFÖY ALTIN FONU,11.08.2026,"0,496174",10086171554.58,12419,"5004493058,74"
FID,FİBA PORTFÖY ÇOKLU VARLIK İKİNCİ DEĞİŞKEN FON,11.08.2026,"1,006899",867512293.00,1688,"873497384,01"
FIL,FİBA PORTFÖY PARA PİYASASI (TL) FONU,11.08.2026,"0,367849",36365671250.00,20782,"13377081048,18"
FIT,FİBA PORTFÖY BORÇLANMA ARAÇLARI (TL) FONU,11.08.2026,"0,22666",841459214.00,535,"190724829,75"
FJB,FİBA PORTFÖY BLOK ZİNCİRİ TEKNOLOJİLERİ SERBEST FON,11.08.2026,"7,265243",56105328.00,766,"407618852,53"
FJC,FİBA PORTFÖY MELTEM ÜÇÜNCÜ SERBEST (DÖVİZ) FON,11.08.2026,"59,744236",21340711.00,95,"1274984472,80"
FJM,FİBA PORTFÖY MELTEM SERBEST (DÖVİZ) FON,11.08.2026,"57,446475",145035456.00,1639,"8331775628,77"
FJN,FİBA PORTFÖY MELTEM İKİNCİ SERBEST (DÖVİZ) FON,11.08.2026,"57,234638",87279529.00,1222,"4995412240,05"
FJZ,FİBA PORTFÖY FIRTINA SERBEST (DÖVİZ) FON,11.08.2026,"65,931449",22599906.00,812,"1490044541,98"
FKE,QNB PORTFÖY KRİSTAL SERBEST (DÖVİZ-AVRO) FON,11.08.2026,"58,829316",825001542.00,12175,"48534276759,67"
FKV,QNB PORTFÖY KAR PAYI ÖDEYEN YEDİNCİ SERBEST (DÖVİZ) FON,11.08.2026,"47,898046",47890000.01,475,"2293837417,04"
FLS,YAPI KREDİ PORTFÖY FLORYA SERBEST (DÖVİZ-AVRO) FON,11.08.2026,"62,186528",63411613.00,2211,"3943348031,40"
FLY,AKTİF PORTFÖY HAVACILIK VE SAVUNMA TEKNOLOJİLERİ DEĞİŞKEN FON,11.08.2026,"1,699785",59240493.00,2184,"100696096,99"
FMG,QNB PORTFÖY GÜMÜŞ SERBEST FON,11.08.2026,"3,248253",3654421820.00,10669,"11870487446,69"
FMS,QNB PORTFÖY SABİHA SERBEST (DÖVİZ) ÖZEL FON,11.08.2026,"54,789247",11051517.00,1,"605504293,37"
FMV,DENİZ PORTFÖY FMV IŞIK ÜNİVERSİTESİ EĞİTİME DESTEK SERBEST FON,11.08.2026,"1,406737",114908018.00,31,"161645365,73"
FNN,QNB PORTFÖY KAR PAYI ÖDEYEN ONUNCU SERBEST (DÖVİZ) FON,11.08.2026,"0,00",0.00,1,"0,00"
FNO,QNB PORTFÖY BİRİNCİ DEĞİŞKEN FON,11.08.2026,"0,200496",52956726144.04,6621,"10617589848,70"
FNT,HEDEF PORTFÖY MODEL HİSSE SENEDİ SERBEST (TL) FON (HİSSE SENEDİ YOĞUN FON),11.08.2026,"2,143959",266965276.00,1822,"572362554,10"
FP4,ONE PORTFÖY DÖRDÜNCÜ HİSSE SENEDİ SERBEST FON (HİSSE SENEDİ YOĞUN FON),11.08.2026,"0,882745",169320086.00,138,"149466434,02"
FPE,FİBA PORTFÖY EUROBOND BORÇLANMA ARAÇLARI (DÖVİZ) FONU,11.08.2026,"75,987677",4438935.00,1438,"337304360,72"
FPG,FİBA PORTFÖY GÜMÜŞ SERBEST FON,11.08.2026,"2,147984",388557243.00,2087,"834614822,77"
FPH,FİBA PORTFÖY HİSSE SENEDİ (TL) FONU (HİSSE SENEDİ YOĞUN FON),11.08.2026,"33,447379",37355254.00,4567,"1249435334,89"
FPI,FONMAP PORTFÖY BİRİNCİ PARA PİYASASI (TL) FONU,11.08.2026,"2,610834",28285754.00,157,"73849416,22"
FPK,FİBA PORTFÖY KISA VADELİ BORÇLANMA ARAÇLARI (TL) FONU,11.08.2026,"0,097168",3132356228.00,1194,"304364376,82"
FPR,STRATEJİ PORTFÖY FOREST HİSSE SENEDİ SERBEST FON (HİSSE SENEDİ YOĞUN FON),11.08.2026,"10,816792",15083774.00,27,"163158048,43"
FPZ,QNB PORTFÖY BİRİNCİ SERBEST (DÖVİZ) FON,11.08.2026,"68,712583",1932267915.00,19460,"132771118946,95"
FR1,ONE PORTFÖY BİRİNCİ SERBEST FON,11.08.2026,"0,786248",265396484.00,20,"208667571,63"
FRA,AZİMUT PORTFÖY MAB SERBEST FON,11.08.2026,"32,425406",16346222.00,2,"530032880,67"
FRC,FONMAP PORTFÖY BİRİNCİ HİSSE SENEDİ SERBEST FON (HİSSE SENEDİ YOĞUN FON),11.08.2026,"1,480863",52245549.00,232,"77368487,75"
FRZ,AZİMUT PORTFÖY FRZ SERBEST ÖZEL FON,11.08.2026,"15,053064",17900643.00,2,"269459517,75"
FS1,ONE PORTFÖY BİRİNCİ HİSSE SENEDİ SERBEST FON (HİSSE SENEDİ YOĞUN FON),11.08.2026,"1,694354",94986099.00,243,"160940089,13"
FS2,ONE PORTFÖY İKİNCİ HİSSE SENEDİ SERBEST FON (HİSSE SENEDİ YOĞUN FON),11.08.2026,"2,146093",21503948.00,26,"46149466,14"
FS3,ONE PORTFÖY KATILIM HİSSE SENEDİ SERBEST FON (HİSSE SENEDİ YOĞUN FON),11.08.2026,"1,291737",848905511.00,21,"1096562401,21"
FS4,ONE PORTFÖY ÜÇÜNCÜ HİSSE SENEDİ SERBEST FON (HİSSE SENEDİ YOĞUN FON),11.08.2026,"3,049076",513376841.00,20,"1565325111,62"
FS5,ONE PORTFÖY BİRİNCİ İSTATİSTİKSEL ARBİTRAJ HİSSE SENEDİ SERBEST FON (HİSSE SENEDİ YOĞUN FON),11.08.2026,"2,01663",4871508.00,8,"9824029,83"
FS6,ONE PORTFÖY İKİNCİ İSTATİSTİKSEL ARBİTRAJ SERBEST FON,11.08.2026,"1,857822",49389372.00,318,"91756645,91"
FSF,FİBA PORTFÖY PARA PİYASASI SERBEST (TL) FON,11.08.2026,"6,844358",1784943635.00,7825,"12216793534,92"
FSG,FİBA PORTFÖY BİRİNCİ HİSSE SENEDİ SERBEST FON (HİSSE SENEDİ YOĞUN FON),11.08.2026,"3,631497",184659062.00,755,"670588819,07"
FSH,FİBA PORTFÖY FON SEPETİ SERBEST FON,11.08.2026,"4,84042",78925974.00,558,"382034888,12"
FSK,QNB PORTFÖY İKİNCİ PARA PİYASASI (TL) FONU,11.08.2026,"6,048842",927906624.00,2505,"5612760425,23"
FSM,ONE PORTFÖY BEŞİNCİ HİSSE SENEDİ SERBEST FON (HİSSE SENEDİ YOĞUN FON),11.08.2026,"2,061698",134201596.00,20,"276683118,74"
FSP,FONMAP PORTFÖY SERBEST (DÖVİZ) FON,11.08.2026,"20,82633",5365.00,22,"111733,26"
FSR,FİBA PORTFÖY İKİNCİ SERBEST (DÖVİZ-AVRO) FON,11.08.2026,"47,188633",105773893.00,2461,"4991325398,49"
FSU,TERA PORTFÖY FON SEPETİ FONU,11.08.2026,"1,26677",604707605.00,4187,"766025241,88"
FSV,QNB PORTFÖY KAR PAYI ÖDEYEN SEKİZİNCİ SERBEST (DÖVİZ-AVRO) FON,11.08.2026,"55,209887",184210000.01,1658,"10170213283,46"
FTL,ONE PORTFÖY PARA PİYASASI KATILIM FONU,11.08.2026,"1,515547",203948532.00,240,"309093603,42"
FTY,QNB PORTFÖY KAR PAYI ÖDEYEN SERBEST (DÖVİZ) FON,11.08.2026,"47,758281",165640000.00,1240,"7910681673,00"
FUA,AK PORTFÖY İHRACATÇI ŞİRKETLER HİSSE SENEDİ (TL) FONU (HİSSE SENEDİ YOĞUN FON),11.08.2026,"5,18438",60422793.00,4801,"313254706,85"
FUB,QNB PORTFÖY EUROBOND (DÖVİZ) BORÇLANMA ARAÇLARI FONU,11.08.2026,"0,750873",1213561197.00,2173,"911230914,93"
FUM,AK PORTFÖY ALESTA SERBEST (DÖVİZ) ÖZEL FON,11.08.2026,"62,468278",7191032.00,2,"449211384,30"
FUN,FİBA PORTFÖY ÜÇÜNCÜ SERBEST (DÖVİZ) FON,11.08.2026,"1,579867",674260725.00,35,"1065242199,67"
FUP,QNB PORTFÖY BAYSAN SERBEST (DÖVİZ) ÖZEL FON,11.08.2026,"98,337674",2979353.00,2,"292982642,85"
FVL,FİBA PORTFÖY BİRİNCİ SERBEST (TL) FON,11.08.2026,"4,903897",284458242.00,55,"1394953848,89"
FYA,İSTANBUL PORTFÖY ARK II SERBEST FON,11.08.2026,"0,051763",29229388217.69,147,"1513013612,14"
FYB,AZİMUT PORTFÖY EB SERBEST (DÖVİZ) ÖZEL FON,11.08.2026,"99,467939",1995663.00,9,"198504485,92"
FYD,QNB PORTFÖY BİRİNCİ HİSSE SENEDİ FONU (HİSSE SENEDİ YOĞUN FON),11.08.2026,"11,117433",285269138.19,5351,"3171460642,57"
FYF,STRATEJİ PORTFÖY MUTLAK GETİRİ HEDEFLİ HİSSE SENEDİ SERBEST FON(HİSSE SENEDİ YOĞUN),11.08.2026,"0,108495",350708449.00,11,"38050147,48"
FYG,AZİMUT PORTFÖY ÖPY SERBEST ( DÖVİZ ) ÖZEL FON,11.08.2026,"16,636379",5760069.00,2,"95826691,71"
FYH,AZİMUT PYŞ SERBEST ( DÖVİZ ) FON,11.08.2026,"85,084982",7170832.00,21,"610130109,49"
FYI,AZİMUT PORTFÖY 4.0 SERBEST FON,11.08.2026,"10,165168",4303129.00,207,"43742028,74"
FYM,AZİMUT PORTFÖY ÜÇÜNCÜ SERBEST (DÖVİZ) FON,11.08.2026,"0,440016",755254621.00,15,"332324006,48"
FYO,QNB PORTFÖY ÖZEL SEKTÖR BORÇLANMA ARAÇLARI FONU,11.08.2026,"1,174543",1582969922.01,1506,"1859266968,68"
FYT,QNB PORTFÖY KISA VADELİ BORÇLANMA ARAÇLARI (TL) FONU,11.08.2026,"0,361823",9259945475.00,97016,"3350464841,18"
FYZ,AZİMUT PORTFÖY AS HİSSE SENEDİ SERBEST ÖZEL FON (HİSSE SENEDİ YOĞUN FON),11.08.2026,"6,133991",43416680.00,2,"266317506,18"
FZJ,FİBA PORTFÖY BİRİNCİ FON SEPETİ FONU,11.08.2026,"5,602106",207638329.63,2140,"1163211940,19"
FZP,FİBA PORTFÖY SERBEST FON,11.08.2026,"6,564999",130386651.00,576,"855988275,54"
GA1,GARANTİ PORTFÖY BORÇLANMA ARAÇLARI FONU,11.08.2026,"1,965726",163402989.00,1493,"321205478,10"
GAC,GARANTİ PORTFÖY YİRMİBİRİNCİ SERBEST (DÖVİZ) ÖZEL FON,11.08.2026,"76,646475",5527677.00,1,"423676954,58"
GAE,GARANTİ PORTFÖY BİST30 ENDEKSİ HİSSE SENEDİ (TL) FONU (HİSSE SENEDİ YOĞUN FON),11.08.2026,"0,437889",3168869808.00,14804,"1387613579,58"
GAF,INVEO PORTFÖY BİRİNCİ HİSSE SENEDİ FONU (HİSSE SENEDİ YOĞUN FON),11.08.2026,"1,610437",116278779.00,1591,"187259596,53"
GAG,INVEO PORTFÖY BİRİNCİ SERBEST (DÖVIZ)  FON,11.08.2026,"18,015421",46212986.00,227,"832546387,47"
GAH,GARANTİ PORTFÖY MUTLAK GETİRİ HEDEFLİ DEĞİŞKEN FON,11.08.2026,"12,566121",30060065.00,2715,"377738421,48"
GAJ,GARANTİ PORTFÖY YİRMİÜÇÜNCÜ SERBEST (DÖVİZ) ÖZEL FON,11.08.2026,"63,126516",7935068.00,1,"500913193,12"
GAL,GARANTİ PORTFÖY İKİNCİ PARA PİYASASI (TL) FONU,11.08.2026,"405,060823",321704001.00,58393,"130309687495,77"
GAN,INVEO PORTFÖY ALFON SERBEST FON,11.08.2026,"8,218581",2693060.00,11,"22133131,53"
GAS,GARANTİ PORTFÖY ÜÇÜNCÜ SERBEST(DÖVİZ) FON,11.08.2026,"0,316538",10280285756.00,2261,"3254100047,32"
GAU,GARANTİ PORTFÖY YİRMİNCİ SERBEST (DÖVİZ) ÖZEL FON,11.08.2026,"66,312742",32360328.00,5,"2145902076,51"
GAV,GARANTİ PORTFÖY YİRMİİKİNCİ SERBEST (DÖVİZ) ÖZEL FON,11.08.2026,"62,208541",3941000.00,1,"245163859,04"
GBC,AZİMUT PORTFÖY YABANCI HİSSE SENEDİ FONU,11.08.2026,"0,313895",832858351.48,1646,"261430236,62"
GBG,INVEO PORTFÖY G-20 ÜLKELERİ YABANCI HİSSE SENEDİ FONU,11.08.2026,"0,598549",349017484.00,3874,"208904140,73"
GBH,GARANTİ PORTFÖY BİRİNCİ HİSSE SENEDİ SERBEST FON (HİSSE SENEDİ YOĞUN FON),11.08.2026,"4,058198",514663331.00,2799,"2088605523,03"
GBJ,GARANTİ PORTFÖY BANKACILIK SEKTÖRÜ HİSSE SENEDİ SERBEST FON (HİSSE SENEDİ YOĞUN FON),11.08.2026,"1,385772",486703307.00,1842,"674459930,26"
GBL,AZİMUT PYŞ KISA VADELİ BORÇLANMA ARAÇLARI FONU,11.08.2026,"0,859476",3017214627.97,1683,"2593222356,57"
GBN,GARANTİ PORTFÖY BEŞİNCİ (TL) SERBEST FON,11.08.2026,"6,796821",920489235.00,406,"6256400543,77"
GBP,GARANTİ PORTFÖY YİRMİALTINCI SERBEST (DÖVİZ-AVRO) ÖZEL FON,11.08.2026,"70,41669",53983981.00,2,"3801373273,50"
GBV,GARANTİ PORTFÖY BLOCKCHAİN TEKNOLOJİLERİ DEĞİŞKEN FON,11.08.2026,"13,051148",190634516.00,22792,"2487999365,88"
GBZ,AZİMUT PORTFÖY EMTİA FON SEPETİ FONU,11.08.2026,"3,445424",320564132.00,3271,"1104479415,40"
GCA,GARANTİ PORTFÖY HM SERBEST (DÖVİZ) ÖZEL FON,11.08.2026,"70,704057",11533344.00,2,"815454212,12"
GCC,GARANTİ PORTFÖY YİRMİSEKİZİNCİ SERBEST ÖZEL FON,11.08.2026,"6,807043",222060386.00,2,"1511574638,61"
GCD,ATLAS PORTFÖY UFUK HİSSE SENEDİ SERBEST FON (HİSSE SENEDİ YOĞUN FON),11.08.2026,"3,696916",233598329.00,18,"863593353,49"
GCI,GARANTİ PORTFÖY KARŞIYAKA SERBEST (DÖVİZ) ÖZEL FON,11.08.2026,"64,080105",3425896.00,3,"219531775,23"
GCZ,GARANTİ PORTFÖY ZM SERBEST (DÖVİZ) ÖZEL FON,11.08.2026,"60,730768",194715.00,1,"11825191,52"
GDJ,GARANTİ PORTFÖY DÖRTLÜ SERBEST (DÖVİZ) ÖZEL FON,11.08.2026,"61,33641",8101428.00,4,"496912511,50"
GDP,GARANTİ PORTFÖY DOKUZUNCU SERBEST (DÖVİZ) ÖZEL FON,11.08.2026,"66,219371",23236050.00,1,"1538676615,35"
GEC,GARANTİ PORTFÖY SOYKAN SERBEST (DÖVİZ) ÖZEL FON,11.08.2026,"75,895757",1848369.00,2,"140283363,69"
GEI,INVEO PORTFÖY EVEREST SERBEST FON,11.08.2026,"35,41162",37387728.00,11,"1323960007,77"
GEZ,GARANTİ PORTFÖY ERN SERBEST (DÖVİZ) ÖZEL FON,11.08.2026,"60,788991",6634456.00,1,"403301886,39"
GFB,GARANTİ PORTFÖY MISIRLI SERBEST (DÖVİZ) ÖZEL FON,11.08.2026,"69,777066",5961167.00,4,"415952740,92"
GFD,GARANTİ PORTFÖY BAL SERBEST (DÖVİZ) ÖZEL FON,11.08.2026,"69,981928",1601474.00,2,"112074237,99"
GFI,GARANTİ PORTFÖY YKT SERBEST (DÖVİZ) ÖZEL FON,11.08.2026,"53,389308",30698413.00,3,"1638967022,62"
GFL,GARANTİ PORTFÖY MİA SERBEST ÖZEL FON,11.08.2026,"11,426755",29486927.00,1,"336939880,21"
GFN,GARANTİ PORTFÖY DAPEİ SERBEST  (DÖVİZ) ÖZEL FON,11.08.2026,"79,799558",11573436.00,3,"923555072,64"
GFY,GARANTİ PORTFÖY OL SERBEST (DÖVİZ) ÖZEL FON,11.08.2026,"69,953782",5822807.00,3,"407327374,35"
GGA,GARANTİ PORTFÖY YEDİNCİ SERBEST (DÖVİZ) ÖZEL FON,11.08.2026,"66,789518",123364230.00,3,"8239437442,73"
GGC,AK PORTFÖY KIYI HİSSE SENEDİ SERBEST ÖZEL FON (HİSSE SENEDİ YOĞUN FON),11.08.2026,"5,139549",35132999.00,5,"180567776,17"
GGD,GARANTİ PORTFÖY SEKİZİNCİ SERBEST (DÖVİZ) ÖZEL FON,11.08.2026,"65,448675",90240169.00,2,"5906099464,87"
GGK,INVEO PORTFÖY ALTIN FON,11.08.2026,"13,696291",185020958.00,12130,"2534100826,72"
GGM,GARANTİ PORTFÖY GMS SERBEST ÖZEL FON,11.08.2026,"8,387839",342290935.00,1,"2871081174,23"
GGN,GARANTİ PORTFÖY AYDOĞAN SERBEST(DÖVİZ) ÖZEL FON,11.08.2026,"68,874685",6963426.00,4,"479603773,63"
GGP,GARANTİ PORTFÖY ALTINCI SERBEST (DÖVİZ) ÖZEL FON,11.08.2026,"13,356251",6927.00,1,"92518,75"
GGR,GARANTİ PORTFÖY ONİKİNCİ SERBEST (DÖVİZ) ÖZEL FON,11.08.2026,"67,783205",23597904.00,3,"1599541555,87"
GHS,GARANTİ PORTFÖY HİSSE SENEDİ (TL) FONU (HİSSE SENEDİ YOĞUN FON),11.08.2026,"39,042863",81729518.00,14748,"3190954379,59"
GID,GARANTİ PORTFÖY İNŞAAT SEKTÖRÜ HİSSE SENEDİ FONU (HİSSE SENEDİ YOĞUN FON),11.08.2026,"1,6318",27733170.00,1968,"45254979,01"
GIE,GARANTİ PORTFÖY GARANTİ BBVA İKLİM ENDEKSİ HİSSE SENEDİ (TL) FONU (HİSSE SENEDİ YOĞUN FON),11.08.2026,"3,504947",21312759.00,4678,"74700088,54"
GIH,ALLBATROSS PORTFÖY GIDA VE İÇECEK SEKTÖRÜ HİSSE SENEDİ FONU (HİSSE SENEDİ YOĞUN FON),11.08.2026,"2,332295",4773245.00,698,"11132613,73"
GJA,GARANTİ PORTFÖY ONYEDİNCİ SERBEST (DÖVİZ) ÖZEL FON,11.08.2026,"66,32528",14263356.00,3,"946021075,41"
GJB,INVEO PORTFÖY BİRİNCİ FON SEPETİ FONU,11.08.2026,"10,500476",7434390.00,990,"78064630,81"
GJD,GARANTİ PORTFÖY ORTAS SERBEST (DÖVİZ) ÖZEL FON,11.08.2026,"63,767737",6349782.00,3,"404911228,81"
GJE,GARANTİ PORTFÖY ECZ SERBEST (DÖVİZ) ÖZEL FON,11.08.2026,"63,57339",2316713.00,2,"147281299,00"
GJF,GARANTİ PORTFÖY BEREKET SERBEST (DÖVİZ) ÖZEL FON,11.08.2026,"63,731919",3663843.00,2,"233503746,16"
GJH,GARANTİ PORTFÖY PARA PİYASASI SERBEST (TL) FON,11.08.2026,"3,89344",23405471686.00,24957,"91127790855,64"
GJM,GLOBAL MD PORTFÖY ADA SERBEST FON,11.08.2026,"41,687883",10193887.00,69,"424961564,42"
GJO,GARANTİ PORTFÖY ONALTINCI SERBEST (DÖVİZ) ÖZEL FON,11.08.2026,"59,576487",9779449.00,1,"582625214,16"
GKE,GARANTİ PORTFÖY KAR PAYI ÖDEYEN EKİM 2025 SERBEST (DÖVİZ) FON,11.08.2026,"0,00",0.00,0,"0,01"
GKF,GLOBAL MD PORTFÖY KATILIM FONU,11.08.2026,"4,419666",9407503.00,703,"41578023,41"
GKG,GARANTİ PORTFÖY KAR PAYI ÖDEYEN HİSSE SENEDİ (TL) FONU (HİSSE SENEDİ YOĞUN FON),11.08.2026,"1,395833",32880110.00,1799,"45895145,98"
GKH,GARANTİ PORTFÖY PARA PİYASASI KATILIM SERBEST (TL) FON,11.08.2026,"4,436359",1390293056.00,1868,"6167838512,39"
GKK,GARANTİ PORTFÖY ONDÖRDÜNCÜ SERBEST (DÖVİZ) ÖZEL FON,11.08.2026,"65,613123",30617607.00,2,"2008916809,04"
GKL,GARANTİ PORTFÖY YF HİSSE SENEDİ SERBEST ÖZEL FON (HİSSE SENEDİ YOĞUN FON),11.08.2026,"15,077778",56249207.00,4,"848113033,40"
GKM,GARANTİ PORTFÖY KAR PAYI ÖDEYEN EKİM 2026 SERBEST (DÖVİZ) FON,11.08.2026,"48,165657",2703620.00,14,"130221633,07"
GKO,GARANTİ PORTFÖY KAR PAYI ÖDEYEN OCAK 2026 SERBEST (DÖVİZ) FON,11.08.2026,"0,00",0.00,0,"0,01"
GKV,GARANTİ PORTFÖY KATILIM HİSSE SENEDİ (TL) FONU (HİSSE SENEDİ YOĞUN FON),11.08.2026,"8,186963",43348072.00,4149,"354889079,67"
GL1,AZİMUT PYŞ BİRİNCİ HİSSE SENEDİ FONU (HİSSE SENEDİ YOĞUN FON),11.08.2026,"1480,225758",932761.00,921,"1380696858,16"
GLC,AKTİF PORTFÖY ÜÇÜNCÜ FON SEPETİ FONU,11.08.2026,"4,267522",3869775.00,69,"16514351,38"
GLG,AKTİF PORTFÖY CAPİTAL HİSSE SENEDİ SERBEST FON (HİSSE SENEDİ YOĞUN FON),11.08.2026,"7,671571",3757596.00,363,"28826663,67"
GLM,ATLAS PORTFÖY ÜÇÜNCÜ SERBEST (TL) FON,11.08.2026,"0,436584",10132926.00,11,"4423869,14"
GLP,GARANTİ PORTFÖY PRUVA SERBEST (DÖVİZ) ÖZEL FON,11.08.2026,"68,06363",8202021.00,4,"558259323,64"
GLS,AZİMUT PORTFÖY  KİRA SERTİFİKALARI (SUKUK) KATILIM FONU,11.08.2026,"0,168777",2326098002.00,1408,"392592308,01"
GLV,GLOBAL MD PORTFÖY NEHİR SERBEST FON,11.08.2026,"8,009052",13590646.00,23,"108848194,72"
GMA,AZİMUT PORTFÖY BİRİNCİ DEĞİŞKEN FON,11.08.2026,"2,125654",1205893269.56,1506,"2563312392,42"
GMC,TEB PORTFÖY GÜMÜŞ FON SEPETİ FONU,11.08.2026,"7,664612",540551104.00,21207,"4143114576,94"
GMD,GLOBAL MD PORTFÖY BİRİNCİ FON SEPETİ FONU,11.08.2026,"2,708815",1181683.00,108,"3200960,57"
GME,İŞ PORTFÖY EGE SERBEST ÖZEL FON,11.08.2026,"27,579362",14109179.00,2,"389122156,89"
GMI,AK PORTFÖY GÜMÜŞ SERBEST FON,11.08.2026,"1,317387",489121589.00,5265,"644362242,21"
GMM,GARANTİ PORTFÖY KAR PAYI ÖDEYEN MART 2027 SERBEST (DÖVİZ) FON,11.08.2026,"47,888037",9269281.00,26,"443887667,55"
GMN,GLOBAL MD PORTFÖY BİRİNCİ PARA PİYASASI SERBEST (TL) FON,11.08.2026,"1,349503",58285257.00,28,"78656104,60"
GMO,AZİMUT PORTFÖY G MOBİLİTE HİSSE SENEDİ SERBEST ÖZEL FON (HİSSE SENEDİ YOĞUN FON),11.08.2026,"3,343662",795254932.00,4,"2659063880,83"
GMP,GARANTİ PORTFÖY GM SERBEST (DÖVİZ) ÖZEL FON,11.08.2026,"62,627802",25752184.00,1,"1612802688,31"
GMR,INVEO PORTFÖY BIST 30 DIŞI ŞİRKETLER HİSSE SENEDİ FONU (HİSSE SENEDİ YOĞUN FON),11.08.2026,"1,392341",139471551.00,4683,"194191913,23"
GMV,GARANTİ PORTFÖY OCAK 2026 SERBEST (DÖVİZ-ABD DOLARI) FON,11.08.2026,"0,00",0.00,0,"0,01"
GMZ,İŞ PORTFÖY MZ SERBEST ÖZEL FON,11.08.2026,"13,406192",27222587.79,2,"364951227,27"
GNH,GLOBAL MD PORTFÖY ALGORİTMİK MODEL HİSSE SENEDİ FONU (HİSSE SENEDİ YOĞUN FON),11.08.2026,"1,41787",4868292.00,194,"6902606,02"
GNK,AZİMUT PORTFÖY SARPAY SERBEST (DÖVİZ) ÖZEL FON,11.08.2026,"68,626665",6854572.00,1,"470406415,78"
GNL,GARANTİ PORTFÖY UNL SERBEST (DÖVİZ) ÖZEL FON,11.08.2026,"60,736864",29495736.00,4,"1791478502,96"
GNP,GARANTİ PORTFÖY NEMA PARA PİYASASI (TL) FONU,11.08.2026,"1,45737",1680283687.00,7253,"2448794426,81"
GNS,GARANTİ PORTFÖY ENERJİ ŞİRKETLERİ HİSSE SENEDİ (TL) FONU (HİSSE SENEDİ YOĞUN FON),11.08.2026,"1,555089",46379823.00,1606,"72124746,81"
GNZ,AK PORTFÖY ING Z KUŞAĞI FON SEPETİ ÖZEL FONU,11.08.2026,"1,597554",1238656.00,479,"1978819,95"
GO1,ONE PORTFÖY BİRİNCİ FON SEPETİ FONU,11.08.2026,"4,735665",16870818.00,768,"79894540,06"
GO2,ONE PORTFÖY KATILIM FON SEPETİ FONU,11.08.2026,"4,901648",5310428.00,466,"26029851,37"
GO3,ONE PORTFÖY ÜÇÜNCÜ FON SEPETİ FONU,11.08.2026,"4,88012",7642373.00,461,"37295698,14"
GO4,ONE PORTFÖY DÖRDÜNCÜ FON SEPETİ FONU,11.08.2026,"5,297201",9595935.00,752,"50831593,70"
GO6,ONE PORTFÖY PARA PİYASASI (TL) FONU,11.08.2026,"4,210055",1293412279.00,4070,"5445337421,45"
GO9,ONE PORTFÖY BİRİNCİ HİSSE SENEDİ FONU (HİSSE SENEDİ YOĞUN FON),11.08.2026,"2,77426",181236292.00,1779,"502796679,08"
GOF,GARANTİ PORTFÖY OTUZİKİNCİ SERBEST (DÖVİZ) FON,11.08.2026,"53,140524",7010702.00,305,"372552381,09"
GOH,GARANTİ PORTFÖY BIST 100 DIŞI ŞİRKETLER HİSSE SENEDİ (TL) FONU (HİSSE SENEDİ YOĞUN FON),11.08.2026,"16,065261",37959503.00,8928,"609829340,75"
GOL,GARANTİ PORTFÖY ALTIN KATILIM FONU,11.08.2026,"2,772782",1618104702.00,11876,"4486651652,51"
GOP,GOLDEN GLOBAL PORTFÖY PARA PİYASASI KATILIM FONU,11.08.2026,"1,204233",1692702155.00,1654,"2038407046,02"
GP1,AZİMUT PORTFÖY AEB SERBEST (TL) ÖZEL FON,11.08.2026,"3,839013",45715125.00,1,"175500951,67"
GP3,GARANTİ PORTFÖY ÜÇÜNCÜ SERBEST (DÖVİZ-AVRO) FON,11.08.2026,"64,712424",11310933.00,436,"731957892,82"
GPA,GARANTİ PORTFÖY EUROBOND BORÇLANMA ARAÇLARI (DÖVİZ) FONU,11.08.2026,"23,170518",34598316.00,5428,"801660905,59"
GPB,GARANTİ PORTFÖY BİRİNCİ DEĞİŞKEN FON,11.08.2026,"12,008727",103053271.00,9527,"1237538573,96"
GPC,GARANTİ PORTFÖY İKİNCİ SERBEST ( DÖVİZ ) FON,11.08.2026,"71,803277",95464138.00,3607,"6854637904,38"
GPF,GARANTİ PORTFÖY ÇOKLU VARLIK KATILIM FONU,11.08.2026,"8,934334",67717168.00,2857,"605007790,62"
GPG,INVEO PORTFÖY BİRİNCİ DEĞİŞKEN FON,11.08.2026,"17,354332",60511042.00,2966,"1050128737,40"
GPH,GARANTİ PORTFÖY ONSEKİZİNCİ SERBEST (DÖVİZ) ÖZEL FON,11.08.2026,"45,074068",58637.00,1,"2643008,11"
GPI,GARANTİ PORTFÖY İKİNCİ DEĞİŞKEN FON,11.08.2026,"18,369891",40020518.00,2821,"735172572,46"
GPJ,GARANTİ PORTFÖY PORTAKAL SERBEST (DÖVİZ) ÖZEL FON,11.08.2026,"57,690843",14772170.00,2,"852218940,81"
GPL,GARANTİ PORTFÖY BİRİNCİ SERBEST (DÖVİZ) FON,11.08.2026,"52,88601",1859041710.00,37628,"98317298564,61"
GPM,GARANTİ PORTFÖY MİB SERBEST (DÖVİZ) ÖZEL FON,11.08.2026,"61,707716",20837078.00,2,"1285808486,54"
GPN,GARANTİ PORTFÖY PARA PİYASASI KATILIM (TL) FONU,11.08.2026,"1,376015",3613259593.00,4596,"4971901092,07"
GPT,AKTİF PORTFÖY ROBOTİK TEKNOLOJİLERİ DEĞİŞKEN FON,11.08.2026,"2,819798",40327013.00,3194,"113714043,56"
GPU,GARANTİ PORTFÖY ÜÇÜNCÜ DEĞİŞKEN FON,11.08.2026,"20,937638",16911505.00,2472,"354086976,46"
GPV,YAPI KREDİ PORTFÖY URLA SERBEST (DÖVİZ-AVRO) ÖZEL FON,11.08.2026,"66,527364",8573000.00,1,"570339095,26"
GPZ,GARANTİ PORTFÖY ÜÇÜNCÜ PARA PİYASASI FONU,11.08.2026,"1,940357",1657084179.00,153,"3215335440,80"
GRL,QNB PORTFÖY AGRESİF SERBEST FON,11.08.2026,"1,775581",317521758.00,287,"563785756,15"
GRO,GARANTİ PORTFÖY OTUZUNCU SERBEST (DÖVİZ) FON,11.08.2026,"53,896644",3554331618.00,27241,"191566546269,04"
GRT,GARANTİ PORTFÖY TEKNOLOJİ ŞİRKETLERİ HİSSE SENEDİ (TL) FONU (HİSSE SENEDİ YOĞUN FON),11.08.2026,"1,621806",77837972.00,1983,"126238111,72"
GSE,AZİMUT PORTFÖY 7.0 SERBEST (DÖVİZ) FON,11.08.2026,"64,612898",21192171.00,108,"1369287574,01"
GSG,AZİMUT PORTFÖY GÜREL SERBEST (DÖVİZ) ÖZEL FON,11.08.2026,"70,603853",1232892.00,1,"87046925,02"
GSL,AZİMUT PORTFÖY GIPTA SERBEST ÖZEL FON,11.08.2026,"3,414589",30393796.00,1,"103782313,39"
GSO,GARANTİ PORTFÖY ÖPY SERBEST ÖZEL FON,11.08.2026,"15,144477",22904394.00,5,"346875064,96"
GSP,AZİMUT PYŞ KAR PAYI ÖDEYEN HİSSE SENEDİ FONU (HİSSE SENEDİ YOĞUN FON),11.08.2026,"0,569216",7444631562.00,14341,"4237606253,34"
GSR,GARANTİ PORTFÖY EGL SERBEST (DÖVİZ) ÖZEL FON,11.08.2026,"56,818588",4643160.00,2,"263817796,73"
GSU,GARANTİ PORTFÖY KAR PAYI ÖDEYEN ŞUBAT 2026 SERBEST (DÖVİZ) FON,11.08.2026,"0,00",0.00,0,"0,01"
GTA,GARANTİ PORTFÖY ALTIN FONU,11.08.2026,"1,577652",15211584412.00,74772,"23998588664,95"
GTF,AZİMUT PYŞ BİRİNCİ BORÇLANMA ARAÇLARI FONU,11.08.2026,"14,708828",9900626.20,520,"145626607,94"
GTH,GARANTİ PORTFÖY İHRACATÇI ŞİRKETLER HİSSE SENEDİ (TL) FONU (HİSSE SENEDİ YOĞUN FON),11.08.2026,"1,487825",22587715.00,836,"33606563,78"
GTK,GARANTİ PORTFÖY KAMU BORÇLANMA ARAÇLARI ÖZEL FONU,11.08.2026,"6,948007",4029467144.00,1,"27996767581,82"
GTL,GARANTİ PORTFÖY BİRİNCİ PARA PİYASASI (TL) FONU,11.08.2026,"0,133221",1492211374659.00,346090,"198793918327,94"
GTM,GARANTİ PORTFÖY TEMETTÜ ÖDEYEN ŞİRKETLER HİSSE SENEDİ (TL) FONU (HİSSE SENEDİ YOĞUN FON),11.08.2026,"7,762582",146088759.00,13620,"1134025916,97"
GTN,GARANTİ PORTFÖY GTH SERBEST (DÖVİZ) ÖZEL FON,11.08.2026,"51,98808",28012535.00,2,"1456317901,99"
GTY,GARANTİ PORTFÖY TREND SERBEST FON,11.08.2026,"6,31583",65682888.00,543,"414841921,86"
GTZ,GARANTİ PORTFÖY GÜMÜŞ FON SEPETİ FONU,11.08.2026,"11,512592",1094634768.00,62341,"12602083867,97"
GUA,GARANTİ PORTFÖY BİRİNCİ BORÇLANMA ARAÇLARI ÖZEL FON,11.08.2026,"5,921126",341860798.00,1,"2024200724,54"
GUB,GARANTİ PORTFÖY ÖZEL SEKTÖR BORÇLANMA ARAÇLARI FONU,11.08.2026,"2,53969",1576534243.00,8331,"4003908639,38"
GUC,GARANTİ PORTFÖY ÜÇÜNCÜ PARA PİYASASI SERBEST (TL) ÖZEL FON,11.08.2026,"1,450523",2026698292.00,1,"2939771923,40"
GUF,İŞ PORTFÖY GÜMÜŞ FON SEPETİ FONU,11.08.2026,"0,885394",612762764.00,2248,"542536692,74"
GUH,GARANTİ PORTFÖY YABANCI TEKNOLOJİ HİSSE SENEDİ FONU,11.08.2026,"0,454627",10276838646.00,38069,"4672126947,28"
GUK,GARANTİ PORTFÖY GÜMÜŞ KATILIM SERBEST FON,11.08.2026,"1,386202",798461668.00,2718,"1106829108,49"
GUM,AK PORTFÖY GÜMÜŞ FON SEPETI FONU,11.08.2026,"12,277483",530771390.00,52932,"6516536562,38"
GUV,GARANTİ PORTFÖY UZUN VADELİ BORÇLANMA ARAÇLARI FONU,11.08.2026,"1,70271",323679653.00,1825,"551132604,61"
GVA,GARANTİ PORTFÖY ELEKTRİKLİ VE OTONOM ARAÇLAR DEĞİŞKEN FON,11.08.2026,"4,178846",23570191.00,3486,"98496204,01"
GVB,GARANTİ PORTFÖY ACE SERBEST (DÖVİZ-ABD DOLARI) ÖZEL FON,11.08.2026,"67,337283",52499640.00,3,"3535183108,22"
GVC,GARANTİ PORTFÖY ERG SERBEST (DÖVİZ) ÖZEL FON,11.08.2026,"64,043326",4739268.00,1,"303518485,21"
GVD,GARANTİ PORTFÖY KARABAĞLI SERBEST (DÖVİZ) ÖZEL FON,11.08.2026,"18,50062",22115.00,1,"409141,21"
GVI,GARANTİ PORTFÖY ÜÇÜNCÜ FON SEPETİ FONU,11.08.2026,"5,570032",212627310.00,4680,"1184340883,08"
GVL,GARANTİ  PORTFÖY ZYT SERBEST (DÖVİZ) ÖZEL FON,11.08.2026,"66,206616",7872114.00,3,"521186029,70"
GVZ,GARANTİ PORTFÖY ACE SERBEST (DÖVİZ-AVRO) ÖZEL FON,11.08.2026,"72,719111",5533354.00,2,"402380585,71"
GYC,GARANTİ PORTFÖY YİRMİBEŞİNCİ SERBEST ÖZEL FON,11.08.2026,"4,048157",5020082762.00,1,"20322084660,95"
GYG,GARANTİ PORTFÖY TEKOS SERBEST (DÖVİZ-AVRO) ÖZEL FON,11.08.2026,"70,916117",7093936.00,4,"503074397,20"
GYK,INVEO PORTFÖY BORÇLANMA ARAÇLARI (TL) FONU,11.08.2026,"0,113343",709470543.00,276,"80413357,15"
GYL,INVEO PORTFÖY KISA VADELİ BORÇLANMA ARAÇLARI (TL) FONU,11.08.2026,"14,431052",59795606.57,7392,"862913500,09"
GYN,GARANTİ PORTFÖY HCR SERBEST (DÖVİZ) ÖZEL FON,11.08.2026,"68,543681",20613565.00,1,"1412929631,97"
GYR,GARANTİ PORTFÖY TEKOS SERBEST (DÖVİZ-ABD DOLARI) ÖZEL FON,11.08.2026,"62,946389",9491810.00,5,"597475160,45"
GZB,GARANTİ PORTFÖY ÖPY İKİNCİ SERBEST ÖZEL FON,11.08.2026,"7,380291",190000000.00,1,"1402255299,31"
GZD,GARANTİ PORTFÖY ONÜCÜNCÜ SERBEST (DÖVİZ) ÖZEL FON,11.08.2026,"61,420047",876698.00,3,"53846831,94"
GZE,GARANTİ PORTFÖY EMTİA SERBEST FON,11.08.2026,"7,473171",187518676.00,4190,"1401359124,85"
GZG,GARANTİ PORTFÖY SAĞLIK VE GENETİK TEKNOLOJİLERİ DEĞİŞKEN FON,11.08.2026,"7,355988",58029128.00,3904,"426861576,58"
GZH,GARANTİ PORTFÖY TEMİZ ENERJİ DEĞİŞKEN FON,11.08.2026,"4,955134",81191826.00,5923,"402316407,12"
GZJ,GARANTİ PORTFÖY İKİNCİ FON SEPETİ FONU,11.08.2026,"8,616874",203362389.00,5243,"1752347985,90"
GZL,GARANTİ PORTFÖY TARIM VE GIDA SEKTÖRÜ DEĞİŞKEN FON,11.08.2026,"5,629595",65648932.00,6100,"369576898,09"
GZM,GLOBAL MD PORTFÖY DURU SERBEST FON,11.08.2026,"9,984234",52819065.00,787,"527357888,67"
GZN,GLOBAL MD PORTFÖY BOĞAZİÇİ SERBEST FON,11.08.2026,"49,599677",7755712.00,1110,"384680806,46"
GZO,GARANTİ PORTFÖY ÖZM SERBEST (DÖVİZ) ÖZEL FON,11.08.2026,"69,239908",1210798.00,1,"83835542,61"
GZP,GARANTİ PORTFÖY BİRİNCİ FON SEPETİ FONU,11.08.2026,"7,621344",505140777.00,9850,"3849851754,74"
GZR,GARANTİ PORTFÖY SÜRDÜRÜLEBİLİRLİK HİSSE SENEDİ (TL) FONU (HİSSE SENEDİ YOĞUN FON),11.08.2026,"11,36848",91527582.00,2026,"1040529490,93"
GZU,GARANTİ PORTFÖY EKE SERBEST (DÖVİZ) ÖZEL FON,11.08.2026,"67,244182",6829649.00,2,"459254161,93"
GZV,GARANTİ PORTFÖY ESG SÜRDÜRÜLEBİLİRLİK FON SEPETİ FONU,11.08.2026,"8,706071",11432920.00,1373,"99535810,91"
GZY,GARANTİ PORTFÖY TURİZM VE SEYAHAT SEKTÖRÜ DEĞİŞKEN FON,11.08.2026,"7,940218",9550082.00,2459,"75829736,51"
GZZ,GARANTİ PORTFÖY FİNANSAL TEKNOLOJİLER DEĞİŞKEN FON,11.08.2026,"6,85279",9224616.00,1220,"63214353,41"
HAE,HSBC PORTFÖY EKİM 2026 SERBEST (DÖVİZ) FON,11.08.2026,"55,728324",51808678.00,1237,"2887210790,82"
HAG,GARANTİ PORTFÖY EKİM 2026 SERBEST (DÖVİZ-ABD DOLARI) FON,11.08.2026,"61,721976",6827204.00,45,"421388523,78"
HAI,AHLATCI PORTFÖY ALTIN FONU,11.08.2026,"1,02197",8969775.00,235,"9166843,84"
HAM,HEDEF PORTFÖY ALTIN KATILIM FONU,11.08.2026,"3,047879",505803046.00,7448,"1541626303,59"
HAR,BV PORTFÖY HARMONY SERBEST FON,11.08.2026,"1,072819",36677337.00,68,"39348148,54"
HAT,HEDEF PORTFÖY ATLAS İSTATİSTİKSEL ARBİTRAJ HİSSE SENEDİ SERBEST FON (HİSSE SENEDİ YOĞUN FON),11.08.2026,"1,871971",2321115.00,88,"4345059,00"
HB1,ZİRAAT PORTFÖY HALKBANK SERBEST (DÖVİZ-AMERİKAN DOLARI) FON,11.08.2026,"50,215631",378559237.00,323,"19009591021,09"
HB2,ZİRAAT PORTFÖY HALKBANK SERBEST (DÖVİZ-AVRO) FON,11.08.2026,"57,176722",212006558.00,178,"12121840021,35"
HBF,HSBC PORTFÖY ALTIN FONU,11.08.2026,"50,333231",126893573.00,11013,"6386963535,67"
HBJ,HAS PORTFÖY BİRİNCİ SERBEST FON,11.08.2026,"1,641996",100000.00,1,"164199,62"
HBN,HSBC PORTFÖY BİRİNCİ FON SEPETİ FONU,11.08.2026,"4,283254",129285763.00,1096,"553763812,99"
HBU,HSBC PORTFÖY BİST 30 ENDEKSİ HİSSE SENEDİ FONU (HİSSE SENEDİ YOĞUN FON),11.08.2026,"1,384164",328672021.00,2803,"454936105,79"
HBV,HEDEF PORTFÖY DORUK HİSSE SENEDİ SERBEST (TL) FON (HİSSE SENEDİ YOĞUN FON),11.08.2026,"18,75995",57539930.00,18,"1079446192,23"
HCV,HEDEF PORTFÖY ATAK ÇOKLU VARLIK KATILIM FONU,11.08.2026,"0,987056",153583716.00,423,"151595723,20"
HDA,HEDEF PORTFÖY DÖRDÜNCÜ İSTATİSTİKSEL ARBİTRAJ HİSSE SENEDİ SERBEST (TL) FON (HİSSE SENEDİ YOĞUN FON),11.08.2026,"3,095576",31519968.00,561,"97572459,16"
HDD,AHLATCI PORTFÖY BİRİNCİ DEĞİŞKEN FON,11.08.2026,"1,043175",5447440.00,104,"5682632,94"
HDE,HSBC PORTFÖY BEŞİNCİ SERBEST (DÖVİZ-AVRO) FON,11.08.2026,"56,947824",159637039.00,4454,"9090982026,82"
HDH,HEDEF PORTFÖY DOĞU HİSSE SENEDİ SERBEST (TL) FON (HİSSE SENEDİ YOĞUN FON),11.08.2026,"22954,562962",3698337.00,18,"84893709522,96"
HDJ,HEDEF PORTFÖY ARTI SERBEST (TL) FON,11.08.2026,"6,532276",2479606.00,11,"16197471,15"
HDK,HEDEF PORTFÖY VEGA İSTATİSTİKSEL ARBİTRAJ HİSSE SENEDİ SERBEST FON (HİSSE SENEDİ YOĞUN FON),11.08.2026,"2,987932",4040578.00,128,"12072972,25"
HDS,HEDEF PORTFÖY SERBEST (TL) FON,11.08.2026,"16,816958",91221799.00,13,"1534073199,94"
HDV,HSBC PORTFÖY YEDİNCİ SERBEST (DÖVİZ-POUND) FON,11.08.2026,"65,810047",74327293.00,2249,"4891482623,37"
HEH,HEDEF PORTFÖY ALGO EVEREST İSTATİSTİKSEL ARBİTRAJ HİSSE SENEDİ SERBEST FON (HİSSE SENEDİ YOĞUN FON),11.08.2026,"3,268782",199016692.00,1530,"650542189,21"
HFA,HSBC PORTFÖY ALLİANZ SERBEST ÖZEL FON,11.08.2026,"3,078606",1574729725.00,2,"4847971753,77"
HFI,HEDEF PORTFÖY İKİNCİ KATILIM HİSSE SENEDİ SERBEST FON (HİSSE SENEDİ YOĞUN FON),11.08.2026,"1,707008",33749759.00,132,"57611107,75"
HFO,AHLATCI PORTFÖY KATILIM HİSSE SENEDİ (TL) FONU (HİSSE SENEDİ YOĞUN FON),11.08.2026,"0,998524",4592796.00,131,"4586019,09"
HFR,A1 CAPİTAL PORTFÖY HİSSE SENEDİ (TL) FONU (HİSSE SENEDİ YOĞUN FON),11.08.2026,"1,439968",28669082.00,481,"41282572,66"
HFV,HSBC PYŞ ÜÇÜNCÜ SERBEST (DÖVİZ) FON,11.08.2026,"63,303541",139507736.00,3270,"8831333704,39"
HFY,ALBARAKA PORTFÖY HAYAT FİNANS KISA VADELİ KATILIM SERBEST FON,11.08.2026,"1,295201",460061094.00,35,"595871392,27"
HGC,HSBC PORTFÖY MART 2027 SERBEST (DÖVİZ) FON,11.08.2026,"52,676055",8794664.00,283,"463268200,55"
HGH,HEDEF PORTFÖY GÜNEŞ HİSSE SENEDİ SERBEST (TL) FON (HİSSE SENEDİ YOĞUN FON),11.08.2026,"1,759551",36665864.00,21,"64515455,83"
HGJ,HEDEF PORTFÖY GÜNEY HİSSE SENEDİ SERBEST FON (HİSSE SENEDİ YOĞUN FON),11.08.2026,"21,028452",109096943.00,12,"2294139821,63"
HGM,HEDEF PORTFÖY İKİNCİ HİSSE SENEDİ (TL) FONU (HİSSE SENEDİ YOĞUN FON),11.08.2026,"3,954452",44246074.00,1806,"174968982,39"
HGR,HEDEF PORTFÖY ALGORİTMİK STRATEJİLER SERBEST FON,11.08.2026,"1,308351",24625339.00,156,"32218584,19"
HGT,AZİMUT PORTFÖY 15.0 SERBEST (DÖVİZ) FON,11.08.2026,"94,780182",35413354.00,14,"3356484137,80"
HGU,HSBC PORTFÖY GÜÇLÜ SERBEST ÖZEL FON,11.08.2026,"4,964552",561018563.00,2,"2785206062,94"
HGV,HEDEF PORTFÖY BİRİNCİ SERBEST FON,11.08.2026,"4,942002",5251335.00,397,"25952106,38"
HIA,HEDEF PORTFÖY İSTATİSTİKSEL ARBİTRAJ SERBEST FON,11.08.2026,"1,535731",865850602.00,268,"1329713474,67"
HIF,HEDEF PORTFÖY İKİNCİ SERBEST FON,11.08.2026,"0,515019",21139338.00,50,"10887159,55"
HIH,GARANTİ  PORTFÖY HOLDİNGLER VE İŞTİRAKLERİ HİSSE SENEDİ (TL) FONU (HİSSE SENEDİ YOĞUN FON),11.08.2026,"1,426115",162702515.00,4694,"232032578,04"
HII,HSBC PYŞ BİRİNCİ SERBEST (DÖVİZ) ÖZEL FON,11.08.2026,"3,304584",329367203.00,1,"1088421472,38"
HIM,HEDEF PORTFÖY BİRİNCİ İSTATİSTİKSEL ARBİTRAJ HİSSE SENEDİ SERBEST FON (HİSSE SENEDİ YOĞUN FON),11.08.2026,"3,955055",71576179.00,214,"283087717,53"
HIP,HSBC PORTFÖY İKİNCİ PARA PİYASASI (TL) FONU,11.08.2026,"2,148812",944881678.00,1169,"2030373362,71"
HIS,HEDEF PORTFÖY ÜÇÜNCÜ SERBEST FON,11.08.2026,"3,146472",407241.00,12,"1281372,24"
HIZ,AZİMUT PORTFÖY DİNAMİK DEĞİŞKEN FON,11.08.2026,"2,085609",98477553.00,1092,"205385708,55"
HJA,AZİMUT PORTFÖY BİRİNCİ HİSSE SENEDİ SERBEST FON (HİSSE SENEDİ YOĞUN FON),11.08.2026,"26,964045",92852023.00,13,"2503666165,52"
HJB,HEDEF PORTFÖY BİRİNCİ DEĞİŞKEN FON,11.08.2026,"4,532353",29361876.00,1582,"133078397,02"
HKG,ZİRAAT PORTFÖY HALK'IN ÜRETEN KADINLARI DEĞİŞKEN FON,11.08.2026,"1,475559",23389371.00,976,"34512406,95"
HKH,HEDEF PORTFÖY KATILIM HİSSE SENEDİ (TL) FONU (HİSSE SENEDİ YOĞUN FON),11.08.2026,"8,26916",102742499.00,13892,"849594124,99"
HKJ,HEDEF PORTFÖY PARA PİYASASI SERBEST FON,11.08.2026,"1,386507",9216085853.00,2229,"12778169865,32"
HKM,HEDEF PORTFÖY BAŞAK HİSSE SENEDİ SERBEST (TL) FON (HİSSE SENEDİ YOĞUN FON),11.08.2026,"3,959468",13333670.00,957,"52794244,04"
HKP,HEDEF PORTFÖY KATILIM HİSSE SENEDİ SERBEST (TL) FON (HİSSE SENEDİ YOĞUN FON),11.08.2026,"5,749774",42242789.00,95,"242886494,54"
HKR,HSBC PORTFÖY KIRMIZI HİSSE SENEDİ SERBEST (TL) FON (HİSSE SENEDİ YOĞUN FON),11.08.2026,"3,824417",387211620.00,1555,"1480858711,82"
HKV,ZİRAAT PORTFÖY HALKBANK KISA VADELİ BORÇLANMA ARAÇLARI (TL) FONU,11.08.2026,"584,678984",6724785.00,37148,"3931840458,44"
HLA,NEO PORTFÖY ÜÇÜNCÜ HİSSE SENEDİ SERBEST FON (HİSSE SENEDİ YOĞUN FON),11.08.2026,"1,922019",22182677.00,10,"42635526,22"
HLL,ZİRAAT PORTFÖY HALKBANK PARA PİYASASI (TL) FONU,11.08.2026,"0,378148",125206562658.95,1030582,"47346667118,02"
HLR,HEDEF PORTFÖY ADA HİSSE SENEDİ SERBEST (TL) FON (HİSSE SENEDİ YOĞUN FON),11.08.2026,"109,417835",27907175.00,14,"3053542665,21"
HMC,HEDEF PORTFÖY EKİNOKS SERBEST (TL) FON,11.08.2026,"7,828481",56716536.00,116,"444004299,08"
HME,HSBC PORTFÖY DÖRDÜNCÜ SERBEST (DÖVİZ) FON,11.08.2026,"54,076929",499131535.00,8263,"26991500739,25"
HMG,HSBC PYŞ MUTLAK GETİRİ HEDEFLİ HİSSE SENEDİ SERBEST (TL) FON(HİSSE SENEDİ YOĞUN FON),11.08.2026,"0,067857",101218200524.00,6183,"6868363803,55"
HMK,HEDEF PORTFÖY EGE HİSSE SENEDİ SERBEST (TL) FON (HİSSE SENEDİ YOĞUN FON),11.08.2026,"315,416748",521492.00,63,"164487310,59"
HML,HEDEF PORTFÖY KATILIM SERBEST (DÖVİZ) FON,11.08.2026,"46,968284",323723.00,38,"15204713,80"
HMS,HSBC PORTFÖY SÜRDÜRÜLEBİLİRLİK HİSSE SENEDİ (TL) FONU (HİSSE SENEDİ YOĞUN FON),11.08.2026,"0,093188",3853209899.00,4092,"359073347,65"
HMT,AZİMUT PORTFÖY 12.0 SERBEST FON,11.08.2026,"7,125768",85345075.00,22,"608149185,92"
HMV,HEDEF PORTFÖY MAVİ HİSSE SENEDİ SERBEST (TL) FON (HİSSE SENEDİ YOĞUN FON),11.08.2026,"15,733214",887234531.00,13,"13959050995,06"
HNC,HEDEF PORTFÖY ÜÇÜNCÜ HİSSE SENEDİ FONU (HİSSE SENEDİ YOĞUN FON),11.08.2026,"1,34371",3761461.00,105,"5054313,25"
HNS,HSBC PORTFÖY KAR PAYI ÖDEYEN MAYIS 2029 SERBEST (DÖVİZ) FON,11.08.2026,"47,829093",12482498.00,168,"597026557,31"
HOA,HSBC PORTFÖY TEKNOLOJİ DEĞİŞKEN FON,11.08.2026,"0,246073",8510663187.00,3367,"2094247652,50"
HOY,HSBC PORTFÖY YABANCI BYF FON SEPETI,11.08.2026,"0,365725",3773424594.00,2561,"1380035172,43"
HP3,HEDEF PORTFÖY LİDYA SERBEST (DÖVİZ) FON,11.08.2026,"58,23131",6568185.00,190,"382474013,69"
HPC,ZİRAAT PORTFÖY HEDEF SERBEST ÖZEL FON,11.08.2026,"11,142033",3117286856.00,7,"34732912482,72"
HPD,HSBC PORTFÖY İKİNCİ DEĞİŞKEN FON,11.08.2026,"0,211828",1361581772.00,1462,"288421785,36"
HPF,HEDEF PORTFÖY KUZEY HİSSE SENEDİ SERBEST (TL) FON (HİSSE SENEDİ YOĞUN FON),11.08.2026,"34,82201",43149120.00,12,"1502539082,21"
HPH,HEDEF PORTFÖY PARA PİYASASI KATILIM FONU,11.08.2026,"2,353036",3372995307.00,9718,"7936781031,68"
HPI,HEDEF PORTFÖY İDEAL HİSSE SENEDİ SERBEST (TL) FON (HİSSE SENEDİ YOĞUN FON),11.08.2026,"7,930042",34414080.00,14,"272905101,05"
HPJ,AZİMUT PORTFÖY HP HİSSE SENEDİ SERBEST ÖZEL FON (HİSSE SENEDİ YOĞUN FON),11.08.2026,"3,870324",16874058.00,1,"65308069,04"
HPL,HEDEF PORTFÖY ÇINAR HİSSE SENEDİ SERBEST (TL) FON (HİSSE SENEDİ YOĞUN FON),11.08.2026,"1,513935",291815213.00,24,"441789361,09"
HPO,HSBC PORTFÖY ÇOKLU VARLIK BİRİNCİ DEĞİŞKEN FON,11.08.2026,"0,16801",6713268227.00,2865,"1127898911,82"
HPT,HSBC PORTFÖY KISA VADELİ BORÇLANMA ARAÇLARI (TL) FONU,11.08.2026,"0,112004",26751305212.00,10234,"2996259121,19"
HPV,ZİRAAT PORTFÖY HALKBANK KISA VADELİ KİRA SERTİFİKALARI KATILIM (TL) FONU,11.08.2026,"7,694757",1308597656.00,339507,"10069341376,80"
HPZ,HEDEF PORTFÖY ZEN HİSSE SENEDİ SERBEST (TL) FON (HİSSE SENEDİ YOĞUN),11.08.2026,"523,854133",9742.00,18,"5103386,96"
HRZ,AKTİF PORTFÖY BIST HALKA ARZ ŞİRKETLERİ HİSSE SENEDİ (TL) FONU (HİSSE SENEDİ YOĞUN FON),11.08.2026,"2,313141",154659069.00,7488,"357748199,20"
HSA,HSBC PORTFÖY DEĞİŞKEN (TL) FON,11.08.2026,"1611,411491",2502538.00,2423,"4032618490,83"
HSL,HSBC PORTFÖY PARA PİYASASI (TL) FONU,11.08.2026,"408,38392",62440445.00,24443,"25499673684,61"
HSP,HSBC PORTFÖY KAR PAYI ÖDEYEN OCAK 2030 SERBEST (DÖVİZ) FON,11.08.2026,"46,97597",2188956.00,60,"102828330,68"
HST,HSBC PORTFÖY  BORÇLANMA ARAÇLARI (TL) FONU,11.08.2026,"0,992177",381915294.33,3733,"378927488,43"
HTF,HSBC PORTFÖY PARA PİYASASI SERBEST (TL) FON,11.08.2026,"1,431967",3583391459.00,551,"5131297140,23"
HTJ,HEDEF PORTFÖY TEKNOLOJİ DEĞİŞKEN FON,11.08.2026,"1,94354",13436103.00,214,"26113610,03"
HTK,QNB PORTFÖY HAVACILIK VE SAVUNMA TEKNOLOJİLERİ FON SEPETİ FONU,11.08.2026,"1,08881",109866849.00,766,"119624120,29"
HTS,HSBC PORTFÖY ALTINCI SERBEST (DÖVİZ) FON,11.08.2026,"59,559508",73836244.00,2510,"4397650399,52"
HTZ,HEDEF PORTFÖY TURKUAZ SERBEST FON,11.08.2026,"12,6981",6936066.00,13,"88074858,62"
HUI,AZİMUT PORTFÖY CAN HİSSE SENEDİ SERBEST ÖZEL FON (HİSSE SENEDİ YOĞUN FON),11.08.2026,"100,617099",23599656.00,1,"2374528921,90"
HUS,HEDEF PORTFÖY UĞUR SERBEST FON,11.08.2026,"0,003558",568993837.00,12,"2024495,95"
HVA,HEDEF PORTFÖY ECE HİSSE SENEDİ SERBEST (TL) FON (HİSSE SENEDİ YOĞUN FON),11.08.2026,"377,243965",551204.00,17,"207938382,66"
HVB,HEDEF PORTFÖY PUSULA HİSSE SENEDİ SERBEST (TL) FON (HİSSE SENEDİ YOĞUN FON),11.08.2026,"2,554852",1151128347.00,13,"2940962932,86"
HVC,HEDEF PORTFÖY ROTA HİSSE SENEDİ SERBEST (TL) FON (HİSSE SENEDİ YOĞUN FON),11.08.2026,"25,18893",2727731.00,17,"68708624,98"
HVI,DENİZ PORTFÖY HOLDİNGLER VE İŞTİRAKLERİ HİSSE SENEDİ (TL) FONU (HİSSE SENEDİ YOĞUN FON),11.08.2026,"1,30151",32083402.00,378,"41756874,01"
HVK,HEDEF PORTFÖY BİRİNCİ BORÇLANMA ARAÇLARI (TL) FONU,11.08.2026,"5,233616",113285256.00,1565,"592891474,67"
HVL,HEDEF PORTFÖY POYRAZ SERBEST FON,11.08.2026,"20,584348",140400.00,11,"2890042,50"
HVN,HEDEF PORTFÖY DÖRDÜNCÜ SERBEST FON,11.08.2026,"5,863178",997109.00,12,"5846227,32"
HVS,HSBC PORTFÖY HİSSE SENEDİ (TL) FONU (HİSSE SENEDİ YOĞUN FON),11.08.2026,"1,552976",1718258438.00,10177,"2668413545,76"
HVT,ALLBATROSS PORTFÖY BİRİNCİ PARA PİYASASI (TL) FONU,11.08.2026,"4,67318",137601457.00,1846,"643036420,82"
HVU,ALLBATROSS PORTFÖY BİRİNCİ DEĞİŞKEN FON,11.08.2026,"5,615144",3019303.74,809,"16953825,14"
HVV,AK PORTFÖY HERAKLES SERBEST (DÖVİZ) ÖZEL FON,11.08.2026,"69,042843",45552140.00,1,"3145049245,55"
HVZ,ALLBATROSS PORTFÖY BİRİNCİ HİSSE SENEDİ (TL) FONU (HİSSE SENEDİ YOĞUN FON),11.08.2026,"6,838243",13899142.00,1853,"95045711,33"
HYK,HEDEF PORTFÖY AKDENİZ SERBEST FON,11.08.2026,"11,111393",18292212.00,23,"203251950,58"
HYP,AZİMUT PORTFÖY İVME SERBEST FON,11.08.2026,"10,545841",52482158.00,62,"553468514,68"
HYU,HSBC PORTFÖY KISA VADELİ SERBEST (TL) FON,11.08.2026,"1,778753",495713149.00,235,"881751362,67"
HYV,HEDEF PORTFÖY PARA PİYASASI (TL) FONU,11.08.2026,"6,269177",994276299.00,6742,"6233294477,90"
HYY,AK PORTFÖY HERAKLES HİSSE SENEDİ SERBEST ÖZEL FON (HİSSE SENEDİ YOĞUN FON),11.08.2026,"11,966151",471519535.00,1,"5642273877,67"
HZV,AK PORTFÖY HEZ SERBEST ÖZEL FON,11.08.2026,"6,262299",163794514.00,3,"1025730161,31"
IAC,İŞ PORTFÖY MZS HİSSE SENEDİ SERBEST ÖZEL FON (HİSSE SENEDİ YOĞUN FON),11.08.2026,"4,958317",693419042.00,1,"3438191277,17"
IAE,İSTANBUL PORTFÖY AGRESİF DEĞİŞKEN FON,11.08.2026,"2,1044",121325976.00,441,"255318434,68"
IAI,İŞ PORTFÖY TOROS HİSSE SENEDİ SERBEST ÖZEL FON (HİSSE SENEDİ YOĞUN FON),11.08.2026,"6,031551",11395330.00,1,"68731513,64"
IAJ,INVEO PORTFÖY ALTINCI SERBEST FON,11.08.2026,"0,963861",2114650.00,12,"2038229,12"
IAM,İŞ PORTFÖY AGRESİF FON SEPETİ FONU,11.08.2026,"1,731904",47252306.00,2861,"81836448,99"
IAR,İSTANBUL PORTFÖY DÖRDÜNCÜ SERBEST FON,11.08.2026,"73,592096",1908331.00,23,"140438077,23"
IAS,ASTRA PORTFÖY MUTLAK GETİRİ HEDEFLİ HİSSE SENEDİ SERBEST FON (HİSSE SENEDİ YOĞUN FON),11.08.2026,"2,188681",1612453728.00,17,"3529146777,62"
IAT,İŞ PORTFÖY KİRA SERTİFİKALARI KATILIM (TL) FONU,11.08.2026,"0,194704",9204116375.21,8739,"1792078234,38"
IAU,PARDUS PORTFÖY İKİNCİ İSTATİSTİKSEL ARBİTRAJ HİSSE SENEDİ SERBEST (TL) FON (HİSSE SENEDİ YOĞUN FON),11.08.2026,"2,627286",13225983.00,227,"34748441,95"
IAY,INVEO PORTFÖY ALTIN KATILIM FONU,11.08.2026,"1,48024",31550173.00,193,"46701816,61"
IBB,İŞ PORTFÖY ATAK DEĞİŞKEN FON,11.08.2026,"15,78896",91982791.00,9146,"1452312642,67"
IBC,İŞ PORTFÖY CENOVA SERBEST ÖZEL FON,11.08.2026,"19,269906",21428893.00,5,"412932749,56"
IBE,İSTANBUL PORTFÖY BEŞİNCİ SERBEST FON,11.08.2026,"18,726645",33125727.00,12,"620333723,01"
IBG,AZİMUT PYŞ BİRİNCİ SERBEST FON,11.08.2026,"1,627691",333744116.00,11,"543232338,68"
IBJ,AZİMUT PORTFÖY 18.0 SERBEST (DÖVİZ) FON,11.08.2026,"64,54523",12512793.00,23,"807641107,60"
IBK,İŞ PORTFÖY ÜÇÜNCÜ KISA VADELİ BORÇLANMA ARAÇLARI (TL) FONU,11.08.2026,"0,134959",1676789171.00,121071,"226297898,51"
IBM,İSTANBUL PORTFÖY MUTLAK GETİRİ HEDEFLİ SERBEST FON,11.08.2026,"3,846309",54819341.00,16,"210852100,10"
IBP,İŞ PORTFÖY GED SERBEST (DÖVİZ) ÖZEL FON,11.08.2026,"70,674635",66892567.00,4,"4727607737,99"
IBR,AZİMUT PYŞ MUTLAK GETİRİ HEDEFLİ SERBEST FON,11.08.2026,"0,300387",5658935777.00,81,"1699870220,23"
ICA,ICBC TURKEY PORTFÖY ALTIN FONU,11.08.2026,"0,545348",1126359709.00,2944,"614258362,14"
ICC,TEB PORTFÖY BEŞİNCİ DEĞİŞKEN FON,11.08.2026,"1,327318",21404188.00,262,"28410160,18"
ICD,TEB PORTFÖY DÖRDÜNCÜ DEĞİŞKEN FON,11.08.2026,"132,803899",313737.00,186,"41665496,93"
ICE,ICBC TURKEY PORTFÖY PARA PİYASASI (TL) FONU,11.08.2026,"126,366457",9973495.00,4001,"1260315225,13"
ICF,TEB PORTFÖY BİRİNCİ HİSSE SENEDİ FONU (HİSSE SENEDİ YOĞUN FON),11.08.2026,"190,349438",91024.00,491,"17326367,29"
ICG,İŞ PORTFÖY ARCADİA SERBEST (DÖVİZ) ÖZEL FON,11.08.2026,"70,203468",10027134.00,1,"703939577,13"
ICH,PARDUS PORTFÖY İKİNCİ DEĞİŞKEN FON,11.08.2026,"2,387398",212365872.00,2475,"507001962,10"
ICN,İSTANBUL PORTFÖY ÜÇÜNCÜ İSTATİSTİKSEL ARBİTRAJ SERBEST (TL) FON,11.08.2026,"4,247974",41590644.00,14,"176675987,56"
ICS,TEB PORTFÖY SERBEST (DÖVİZ) FON,11.08.2026,"49,515243",354677.00,53,"17561917,87"
ICV,TEB PORTFÖY ONDOKUZUNCU SERBEST FON,11.08.2026,"5,871853",1206310.00,41,"7083274,89"
ICZ,AK PORTFÖY TEKNOLOJİ ŞİRKETLERİ HİSSE SENEDİ (TL) FONU (HİSSE SENEDİ YOĞUN FON),11.08.2026,"9,359718",112610968.00,22105,"1054006942,54"
IDD,LOGOS PORTFÖY DİNAMİK DAĞIMLI SERBEST FON,11.08.2026,"0,153559",208998786.00,24,"32093584,55"
IDF,İŞ PORTFÖY SERBEST (DÖVİZ) FON,11.08.2026,"76,645339",167994112.00,4346,"12875965660,81"
IDH,İŞ PORTFÖY BIST 100 DIŞI ŞİRKETLER HİSSE SENEDİ (TL) FONU (HİSSE SENEDİ YOĞUN FON),11.08.2026,"12,706292",73169796.00,20514,"929716818,20"
IDI,AZİMUT PORTFÖY İNŞAAT SEKTÖRÜ HİSSE SENEDİ FONU (HİSSE SENEDİ YOĞUN FON),11.08.2026,"1,598587",12890186.00,343,"20606089,93"
IDL,AKTİF PORTFÖY PARA PİYASASI (TL) FONU,11.08.2026,"5,972508",695145050.00,3635,"4151759562,90"
IDO,İŞ PORTFÖY ONDOKUZUNCU SERBEST (DÖVİZ-AVRO) FON,11.08.2026,"57,751186",1306656329.00,15263,"75460952614,60"
IDP,PİRAMİT PORTFÖY SİRİUS HİSSE SENEDİ SERBEST FON (HİSSE SENEDİ YOĞUN FON),11.08.2026,"1,794222",69315905.00,23,"124368152,15"
IDV,İŞ PORTFÖY ACHS SERBEST (DÖVİZ) ÖZEL FON,11.08.2026,"70,953536",7856596.00,2,"557453264,17"
IDY,TEB PORTFÖY İKİNCİ DEĞİŞKEN FON,11.08.2026,"0,23167",3344296862.13,2576,"774774789,25"
IED,İŞ PORTFÖY AGRESİF DEĞİŞKEN FON,11.08.2026,"1,027141",65957249.00,1303,"67747414,20"
IEN,İSTANBUL PORTFÖY İNŞAAT SEKTÖRÜ HİSSE SENEDİ SERBEST (TL) FON (HİSSE SENEDİ YOĞUN FON),11.08.2026,"1,19986",16542633.00,105,"19848847,29"
IEV,İŞ PORTFÖY HAVACILIK VE SAVUNMA TEKNOLOJİLERİ DEĞİŞKEN FON,11.08.2026,"5,430912",14073761.00,3503,"76433363,41"
IEZ,INVEO PORTFÖY ELMA HİSSE SENEDİ SERBEST (TL) ÖZEL FON (HİSSE SENEDİ YOĞUN FON),11.08.2026,"4,540992",20171458.00,3,"91598426,18"
IFD,İŞ PORTFÖY FINDIKLI SERBEST (DÖVİZ) ÖZEL FON,11.08.2026,"59,936481",20000000.00,9,"1198729621,31"
IFN,TEB PORTFÖY SÜRDÜRÜLEBİLİRLİK HİSSE SENEDİ FONU (HİSSE SENEDİ YOĞUN FON),11.08.2026,"9,193586",450243.00,427,"4139347,53"
IFV,TEB PORTFÖY BİRİNCİ KISA VADELİ BORÇLANMA ARAÇLARI (TL) FONU,11.08.2026,"4,605517",3208080.00,166,"14774867,56"
IFY,İSTANBUL PORTFÖY ÖPY BİRİNCİ SERBEST ÖZEL FON,11.08.2026,"7,52872",13000000.00,1,"97873353,90"
IGF,İŞ PORTFÖY GÜZEL SERBEST (DÖVİZ) ÖZEL FON,11.08.2026,"67,816466",21132206.00,2,"1433111527,13"
IGL,TEB PORTFÖY ING BANK PARA PİYASASI (TL) FONU,11.08.2026,"573,299364",8088196.00,16832,"4636957619,64"
IGM,İŞ PORTFÖY ÜNİ SERBEST (DÖVİZ) ÖZEL FON,11.08.2026,"65,86317",19099597.00,3,"1257960008,89"
IGZ,İŞ PORTFÖY ÜNİ HİSSE SENEDİ SERBEST ÖZEL FON (HİSSE SENEDİ YOĞUN FON),11.08.2026,"11,274254",201138551.00,3,"2267687190,10"
IH1,İNCİR PORTFÖY BİRİNCİ HİSSE SENEDİ FONU (HİSSE SENEDİ YOĞUN FON),11.08.2026,"0,900485",188646285.00,58,"169873217,04"
IHA,ALLBATROSS PORTFÖY İKİNCİ HİSSE SENEDİ (TL) FONU (HİSSE SENEDİ YOĞUN FON),11.08.2026,"3,13727",1900800.00,324,"5963322,13"
IHC,INVEO PORTFÖY INTER SERBEST FON,11.08.2026,"8,110727",46890052.00,489,"380312409,12"
IHK,İŞ PORTFÖY İŞ'TE KADIN HİSSE SENEDİ (TL) FONU (HİSSE SENEDİ YOĞUN FON),11.08.2026,"16,641952",99665585.00,29593,"1658629907,37"
IHP,İSTANBUL PORTFÖY İKİNCİ HİSSE SENEDİ SERBEST (TL) FON (HİSSE SENEDİ YOĞUN FON),11.08.2026,"1,803822",38182595.00,278,"68874623,87"
IHT,İŞ PORTFÖY İHRACATÇI ŞİRKETLER HİSSE SENEDİ (TL) FONU (HİSSE SENEDİ YOĞUN FON),11.08.2026,"3,673921",21789386.00,3379,"80052482,41"
IHV,INVEO PORTFÖY BEŞİNCİ HİSSE SENEDİ SERBEST FON (HİSSE SENEDİ YOĞUN FON),11.08.2026,"1,865823",169087232.00,46,"315486929,39"
IHY,BULLS PORTFÖY GMS HİSSE SENEDİ SERBEST ÖZEL FON (HİSSE SENEDİ YOĞUN FON),11.08.2026,"6,6687",33598940.00,1,"224061266,91"
IHZ,ALLBATROSS PORTFÖY İKİNCİ HİSSE SENEDİ SERBEST FON (HİSSE SENEDİ YOĞUN FON),11.08.2026,"0,8511",4735233.00,78,"4030158,10"
IIA,İSTANBUL PORTFÖY ONBİRİNCİ SERBEST (TL) FON,11.08.2026,"4,741497",382831186.00,11,"1815193036,96"
IIC,İSTANBUL PORTFÖY ONÜÇÜNCÜ SERBEST (TL) FON,11.08.2026,"6,702314",730187.00,13,"4893942,80"
IIE,BULLS PORTFÖY İKİNCİ SERBEST FON,11.08.2026,"7,828553",109134120.00,3890,"854362234,23"
IIF,İŞ PORTFÖY İSTATİSTİKSEL ARBİTRAJ SERBEST FON,11.08.2026,"1,531728",321012874.00,13,"491704289,16"
IIH,İSTANBUL PORTFÖY ÜÇÜNCÜ HİSSE SENEDİ FONU (HİSSE SENEDİ YOĞUN FON),11.08.2026,"32,622829",55420009.00,22003,"1807957457,74"
IIN,INVEO PORTFÖY PARA PİYASASI SERBEST (TL) FON,11.08.2026,"1,396603",982392463.00,203,"1372011814,23"
IIS,İSTANBUL PORTFÖY İKİNCİ SERBEST FON,11.08.2026,"54,987242",32502539.25,156,"1787224995,75"
IJA,INVEO PORTFÖY ATAK DEĞİŞKEN FON,11.08.2026,"13,763379",14225324.47,1244,"195788532,51"
IJB,İŞ PORTFÖY DİJİTAL OYUN SEKTÖRÜ KARMA FON,11.08.2026,"6,590224",31008044.00,6818,"204349949,21"
IJC,İŞ PORTFÖY YARI İLETKEN TEKNOLOJİLERİ DEĞİŞKEN FON,11.08.2026,"16,682618",323033689.00,47085,"5389047538,18"
IJE,İŞ PORTFÖY EFON SERBEST (DÖVİZ) ÖZEL FON,11.08.2026,"67,899046",535671.00,4,"36371550,05"
IJF,AZİMUT PORTFÖY EREN HİSSE SENEDİ SERBEST ÖZEL FON (HİSSE SENEDİ YOĞUN FON),11.08.2026,"9,643845",91781736.00,2,"885128864,91"
IJH,ICBC TURKEY PORTFÖY BİRİNCİ FON SEPETİ FONU,11.08.2026,"7,167928",6491362.00,416,"46529616,33"
IJI,İSTANBUL PORTFÖY HİSSE SENEDİ SERBEST (TL) FON (HİSSE SENEDİ YOĞUN FON ),11.08.2026,"10,269332",15985741.00,98,"164162887,36"
IJK,İSTANBUL PORTFÖY KEREM SERBEST (DÖVİZ) ÖZEL FON,11.08.2026,"63,600772",4530576.00,3,"288148130,60"
IJL,İSTANBUL PORTFÖY SPİCA SERBEST (DÖVİZ) FON,11.08.2026,"52,860272",6616601.00,12,"349755326,97"
IJP,İŞ PORTFÖY BLOCKCHAİN TEKNOLOJİLERİ KARMA FON,11.08.2026,"9,117604",71458316.00,12843,"651528656,40"
IJT,İŞ PORTFÖY TARIM SERBEST FON,11.08.2026,"7,158625",89235244.00,1671,"638801605,70"
IJV,İSTANBUL PORTFÖY BİRİNCİ PARA PİYASASI (TL) FONU,11.08.2026,"5,569567",489768233.00,2840,"2727796772,12"
IJZ,İŞ PORTFÖY SİBER GÜVENLİK TEKNOLOJİLERİ DEĞİŞKEN FON,11.08.2026,"14,637595",61396446.00,15061,"898696300,14"
IK2,İŞ PORTFÖY KAR PAYI ÖDEYEN İKİNCİ SERBEST (DÖVİZ) FON,11.08.2026,"47,400758",4272023.00,94,"202497128,71"
IKL,İŞ PORTFÖY SAĞLIK ŞİRKETLERİ KARMA FON,11.08.2026,"9,873725",26993496.00,5353,"266526357,97"
IKP,İŞ PORTFÖY YENİLENEBİLİR ENERJİ KARMA FON,11.08.2026,"9,243866",117255105.00,13298,"1083890461,05"
IKV,İŞ PORTFÖY İKİNCİ KISA VADELİ BORÇLANMA ARAÇLARI (TL) FONU,11.08.2026,"1,502853",116240113.00,1186,"174691805,27"
ILC,İŞ PORTFÖY ONÜÇÜNCÜ SERBEST (DÖVİZ) FON,11.08.2026,"50,851425",27801347.01,220,"1413738115,96"
ILE,İŞ PORTFÖY ANADOLU SİGORTA  SERBEST (TL) ÖZEL FON,11.08.2026,"5,126808",2226173174.00,1,"11413161537,46"
ILH,İŞ PORTFÖY BİRİNCİ PARA PİYASASI SERBEST (TL) FON,11.08.2026,"3,958913",39562940081.47,11613,"156626239963,63"
ILI,İŞ PORTFÖY İKİNCİ SERBEST (TL) FON,11.08.2026,"5,78658",133480349.00,15,"772394727,22"
ILM,İSTANBUL PORTFÖY ONUNCU SERBEST FON,11.08.2026,"7,012538",43526148.00,13,"305228770,80"
ILP,İŞ PORTFÖY POLMİNE SERBEST (DÖVİZ) ÖZEL FON,11.08.2026,"62,020804",49766528.00,6,"3086560068,62"
ILU,İSTANBUL PORTFÖY ONALTINCI SERBEST FON,11.08.2026,"1,268858",1687778355.00,5,"2141551416,08"
ILZ,İŞ PORTFÖY TEMKİNLİ FON SEPETİ FONU,11.08.2026,"8,132705",125808477.00,6524,"1023163255,70"
IMB,İSTANBUL PORTFÖY ALGORİTMİK MODEL HİSSE SENEDİ FONU (HİSSE SENEDİ YOĞUN FON),11.08.2026,"1,2019",3739313.00,196,"4494280,74"
IMF,İSTANBUL PORTFÖY MAESTRO SERBEST FON,11.08.2026,"5,572926",66550045.00,19,"370878463,49"
IMG,GARANTİ PORTFÖY ING BANK KAR PAYI ÖDEYEN SERBEST (DÖVİZ) FON,11.08.2026,"49,107997",18263443.00,138,"896881109,83"
IMH,İŞ PORTFÖY ANADOLU HAYAT EMEKLİLİK SERBEST ÖZEL FON,11.08.2026,"6,389149",107389633.00,1,"686128331,70"
IML,İŞ PORTFÖY MODEL PORTFÖY HİSSE SENEDİ (TL) FONU (HİSSE SENEDİ YOĞUN FON),11.08.2026,"1,711953",535249570.00,4852,"916322078,76"
IMO,İŞ PORTFÖY ODAK SERBEST ÖZEL FON,11.08.2026,"5,931337",858797825.00,2,"5093819003,38"
IMS,İŞ PORTFÖY MERMER SERBEST ÖZEL FON,11.08.2026,"15,024593",37173550.00,4,"558517474,31"
IMT,İŞ PORTFÖY TOROS SERBEST (DÖVİZ) ÖZEL FON,11.08.2026,"70,553072",10107479.00,4,"713113689,36"
IMY,İŞ PORTFÖY SKYLARK SERBEST (DÖVİZ) ÖZEL FON,11.08.2026,"73,936013",21469047.00,6,"1587335748,56"
IMZ,İŞ PORTFÖY POYRAZ SERBEST (DÖVİZ) ÖZEL FON,11.08.2026,"73,880808",4147547.00,4,"306424125,60"
INH,GARANTİ PORTFÖY ING BANK ÖZEL BANKACILIK VE PLATİNUM DEĞİŞKEN ÖZEL FON,11.08.2026,"14,685507",16269467.00,387,"238925375,01"
INV,INVEO PORTFÖY İSTATİSTİKSEL ARBİTRAJ KAR PAYI ÖDEYEN SERBEST (TL) ÖZEL FON,11.08.2026,"47,529979",42614927.00,1,"2025486585,16"
INZ,INVEO PORTFÖY İSTATİSTİKSEL ARBİTRAJ SERBEST (TL) FON,11.08.2026,"3,42063",34399857.00,15,"117669168,29"
IOG,İŞ PORTFÖY GÜMÜŞ SERBEST FON,11.08.2026,"13,490928",995346810.00,19365,"13428151714,91"
IOH,İŞ PORTFÖY ONSEKİZİNCİ SERBEST (DÖVİZ) FON,11.08.2026,"52,188987",2705819.10,31,"141213958,90"
IOJ,İŞ PORTFÖY EKİM 2026 SERBEST (DÖVİZ) FON,11.08.2026,"51,508884",3586354.01,39,"184729093,62"
IOL,İŞ PORTFÖY OSK SERBEST (DÖVİZ) ÖZEL FON,11.08.2026,"66,093241",14305212.00,1,"945477822,14"
IOM,İSTANBUL PORTFÖY ONBEŞİNCİ SERBEST FON,11.08.2026,"4,07936",150728724.00,15,"614876774,81"
ION,İSTANBUL PORTFÖY ONİKİNCİ SERBEST FON,11.08.2026,"0,825721",60009826.00,15,"49551399,79"
IOO,İŞ PORTFÖY İKİNCİ PARA PİYASASI (TL) FONU,11.08.2026,"4,547958",3915509493.00,6082,"17807571107,31"
IOP,İŞ PORTFÖY ODEABANK PARA PİYASASI (TL) FONU,11.08.2026,"6,255017",1092153336.00,6507,"6831437501,17"
IOT,AZİMUT PORTFÖY 216 SERBEST (DÖVİZ) ÖZEL FON,11.08.2026,"58,965273",4502540.00,6,"265493501,00"
IOV,İSTANBUL PORTFÖY PAPİRUS SERBEST (DÖVİZ) ÖZEL FON,11.08.2026,"56,673897",9907429.00,1,"561492606,58"
IPA,İŞ PORTFÖY SÜTAŞ HİSSE SENEDİ SERBEST ÖZEL FON (HİSSE SENEDİ YOĞUN FON),11.08.2026,"0,732217",803906870.00,16,"588634342,12"
IPB,İSTANBUL PORTFÖY BİRİNCİ DEĞİŞKEN FON,11.08.2026,"0,892327",1225307024.57,15323,"1093374074,30"
IPC,İŞ PORTFÖY CK SERBEST ÖZEL FON,11.08.2026,"24,875704",575000.00,1,"14303529,99"
IPE,İŞ PORTFÖY ANADOLU SİGORTA SERBEST ÖZEL FON,11.08.2026,"9,457316",416615784.00,3,"3940067121,26"
IPF,PERFORM PORTFÖY İKİNCİ SERBEST FON,11.08.2026,"0,122465",1105011730.00,22,"135325265,47"
IPG,İŞ PORTFÖY ATAK FON SEPETİ FONU,11.08.2026,"9,533819",36919417.00,1759,"351983028,57"
IPJ,İŞ PORTFÖY ELEKTRİKLİ ARAÇLAR KARMA FON,11.08.2026,"20,176072",67163597.00,18962,"1355097593,20"
IPK,İŞ PORTFÖY KOS SERBEST ÖZEL FON,11.08.2026,"57,655898",56970280.00,1,"3284672663,17"
IPO,İŞ PORTFÖY ONUR SERBEST ÖZEL FON,11.08.2026,"47,406362",11026459.00,1,"522724309,18"
IPP,PERFORM PORTFÖY BIRINCI SERBEST FON,11.08.2026,"0,179314",40515760175.00,167,"7265043259,74"
IPR,İŞ PORTFÖY ICARUS SERBEST ÖZEL FON,11.08.2026,"33,800678",615000.00,1,"20787416,68"
IPU,İŞ PORTFÖY AS SERBEST ÖZEL FON,11.08.2026,"49,477325",116663621.00,1,"5772203886,36"
IPV,İŞ PORTFÖY EUROBOND BORÇLANMA ARAÇLARI (DÖVİZ) FONU,11.08.2026,"77,726087",26401847.00,11825,"2052112252,01"
IRB,İSTANBUL PORTFÖY İSTATİSTİKSEL ARBİTRAJ HİSSE SENEDİ SERBEST FON (HİSSE SENEDİ YOĞUN FON),11.08.2026,"1,304793",913372935.00,785,"1191762798,90"
IRE,İŞ PORTFÖY KAR PAYI ÖDEYEN SERBEST (DÖVİZ) FON,11.08.2026,"46,776882",2436163.02,60,"113956110,82"
IRF,İSTANBUL PORTFÖY BİRİNCİ FON SEPETİ FONU,11.08.2026,"7,349853",72537088.00,2002,"533136962,46"
IRL,İSTANBUL PORTFÖY KEY SERBEST FON,11.08.2026,"17,728389",15192996.00,17,"269347342,03"
IRO,İSTANBUL PORTFÖY ROBOTİK TEKNOLOJİLERİ SERBEST FON,11.08.2026,"2,144356",19780563.00,93,"42416566,37"
IRT,INVEO PORTFÖY TEKNOLOJİ DEĞİŞKEN FON,11.08.2026,"7,932897",16385386.00,1522,"129983582,95"
IRV,İSTANBUL PORTFÖY İSTATİSTİKSEL ARBİTRAJ SERBEST FON,11.08.2026,"6,892655",39197729.00,40,"270176423,42"
IRY,INVEO PORTFÖY PARA PİYASASI (TL) FONU,11.08.2026,"3,958873",453910290.00,2333,"1796973296,32"
ISR,İŞ PORTFÖY BİRİNCİ SERBEST (DÖVİZ) ÖZEL FON,11.08.2026,"19,070373",49659665.00,6,"947028336,93"
ISS,İŞ PORTFÖY DEĞER SERBEST ÖZEL FON,11.08.2026,"0,264275",775713881.00,7,"205001500,52"
IST,İSTANBUL PORTFÖY KISA VADELİ BORÇLANMA ARAÇLARI (TL) FONU,11.08.2026,"0,192439",8686950966.89,3065,"1671711630,49"
ITA,İŞ PORTFÖY ARSLAN SERBEST (DÖVİZ) ÖZEL FON,11.08.2026,"72,714655",11221333.00,1,"815955362,82"
ITC,INVEO PORTFÖY TEMETTÜ ÖDEYEN ŞİRKETLER HİSSE SENEDİ (TL) FONU (HİSSE SENEDİ YOĞUN FON),11.08.2026,"1,159875",21577424.00,291,"25027113,87"
ITD,İŞ PORTFÖY TE2 SERBEST (DÖVİZ) ÖZEL FON,11.08.2026,"68,388039",37000272.00,1,"2530376057,32"
ITJ,İSTANBUL PORTFÖY SEKİZİNCİ SERBEST FON,11.08.2026,"10,227661",26517213.00,12,"271209066,30"
ITL,İŞ PORTFÖY ÖPY DELTA SERBEST (TL) ÖZEL FON,11.08.2026,"4,510829",1026267998.00,1,"4629319084,22"
ITP,İŞ PORTFÖY TEKNOLOJİ KARMA FON,11.08.2026,"13,069303",78628898.00,11251,"1027624929,87"
ITR,İŞ PORTFÖY TE1 SERBEST ÖZEL FON,11.08.2026,"4,382991",245568075.00,1,"1076322652,18"
ITV,İŞ PORTFÖY ALTINCI SERBEST (DÖVİZ) FON,11.08.2026,"47,801704",17596116.02,30,"841124329,06"
ITZ,İŞ PORTFÖY ATLAS SERBEST (DÖVİZ) ÖZEL FON,11.08.2026,"60,581358",32561572.00,3,"1972624263,24"
IUA,İSTANBUL PORTFÖY KARYA SERBEST (DÖVİZ) FON,11.08.2026,"67,315368",6489420.00,55,"436837693,69"
IUB,İŞ PORTFÖY EVREN SERBEST (DÖVİZ) ÖZEL FON,11.08.2026,"71,28867",4814710.00,3,"343234273,70"
IUC,INVEO PORTFÖY GEDİK YATIRIM SERBEST (TL) ÖZEL FON,11.08.2026,"2,031529",485353634.00,1,"986009845,85"
IUF,İŞ PORTFÖY YEDİNCİ SERBEST (DÖVİZ-AVRO) FON,11.08.2026,"68,074279",322244585.00,7625,"21936567788,95"
IUH,INVEO PORTFÖY DÖNÜŞTÜRÜCÜ TEKNOLOJİLER FON SEPETİ FONU,11.08.2026,"6,315947",1994625.66,720,"12597949,65"
IUM,İŞ PORTFÖY HK SERBEST (DÖVİZ) ÖZEL FON,11.08.2026,"66,719449",6075558.00,1,"405357879,85"
IUN,İŞ PORTFÖY YELKEN SERBEST (DÖVİZ) ÖZEL FON,11.08.2026,"76,069965",3921916.00,4,"298340014,74"
IUV,İŞ PORTFÖY BEŞİNCİ SERBEST (DÖVİZ)  FON,11.08.2026,"66,830342",321033919.00,6445,"21454806530,48"
IUZ,İŞ PORTFÖY ANADOLUBANK PARA PİYASASI (TL) FONU,11.08.2026,"4,705032",284024773.00,1206,"1336345761,26"
IV2,PHİLLİP PORTFÖY ARİSTA SERBEST FON,11.08.2026,"30,987524",61238989.00,14,"1897644659,10"
IV6,INVEO PORTFÖY TE3 SERBEST (DÖVİZ) ÖZEL FON,11.08.2026,"65,157596",25018090.00,1,"1630118588,77"
IV7,INVEO PORTFÖY BEŞER SERBEST (TL) ÖZEL FON,11.08.2026,"4,966471",109304696.00,1,"542858555,59"
IV8,INVEO PORTFÖY KİRA SERTİFİKALARI KATILIM FONU,11.08.2026,"2,273042",14075648.00,142,"31994545,43"
IVF,İSTANBUL PORTFÖY KATILIM HİSSE SENEDİ (TL) FONU (HİSSE SENEDİ YOĞUN FON),11.08.2026,"6,326274",29119158.00,1288,"184215769,52"
IVS,İSTANBUL PORTFÖY İKİNCİ İSTATİSTİKSEL ARBİTRAJ SERBEST FON,11.08.2026,"5,891633",45141606.29,24,"265957797,56"
IVY,İSTANBUL PORTFÖY BLOCKCHAIN TEKNOLOJİLERİ DEĞİŞKEN FON,11.08.2026,"5,839383",122709962.00,13224,"716550418,21"
IYB,AURA PORTFÖY DEĞİŞKEN FONU,11.08.2026,"5,799095",16167573.00,347,"93757288,75"
IYP,İSTANBUL PORTFÖY YILDIZ SERBEST ÖZEL FON,11.08.2026,"2,766016",766631358.32,2,"2120514413,15"
IYR,İŞ PORTFÖY HEDEF SERBEST FON,11.08.2026,"0,139339",1628477223.00,13,"226910533,07"
IYS,İŞ PORTFÖY SÜTAŞ SERBEST ÖZEL FON,11.08.2026,"1,332153",4371033343.00,16,"5822884186,98"
IYV,İSTANBUL PORTFÖY AŞİYAN SERBEST FON,11.08.2026,"1,0968",174338112.00,69,"191214000,60"
IZA,AZİMUT PORTFÖY İNAN2 SERBEST ÖZEL FON,11.08.2026,"2,005646",243734656.00,1,"488845452,34"
IZB,İSTANBUL PORTFÖY BİRİNCİ FON SEPETİ SERBEST FON,11.08.2026,"10,809268",9081451.00,80,"98163836,29"
IZE,İŞ PORTFÖY ÜÇÜNCÜ SERBEST (DÖVİZ) ÖZEL FON,11.08.2026,"64,69385",4088728.00,1,"264515554,19"
IZL,İŞ PORTFÖY EYLÜL 2027 SERBEST (DÖVİZ) FON,11.08.2026,"51,916259",2048414.11,19,"106345997,04"
IZS,İSTANBUL PORTFÖY ALTINCI SERBEST FON,11.08.2026,"9,711201",8288919.00,27,"80495358,23"
IZV,İSTANBUL PORTFÖY ATLANTİK SERBEST (TL) ÖZEL FON,11.08.2026,"10,244338",10944421.00,2,"112118344,92"
IZY,İŞ PORTFÖY ONYEDİNCİ SERBEST (DÖVİZ) FON,11.08.2026,"47,99777",1033767.01,27,"49618511,06"
JET,ATA PORTFÖY HAVACILIK VE SAVUNMA TEKNOLOJİLERİ DEĞİŞKEN FON,11.08.2026,"2,41078",220990022.00,17162,"532758406,62"
JOT,İŞ PORTFÖY JOTANTA SERBEST (DÖVİZ) ÖZEL FON,11.08.2026,"58,062572",19709609.00,1,"1144390589,68"
JUP,AURA PORTFÖY JÜPİTER SERBEST (DÖVİZ) FON,11.08.2026,"0,533529",101716214.00,57,"54268559,32"
KAC,EMLAK KATILIM PORTFÖY KISA VADELİ KATILIM SERBEST (TL) FON,11.08.2026,"3,866481",7183786182.00,1802,"27775970015,47"
KAN,KUVEYT TÜRK PORTFÖY ALTIN KATILIM SERBEST FON,11.08.2026,"6768,120725",784807.00,37,"5311668521,57"
KAV,KUVEYT TÜRK PORTFÖY ALTINCI KATILIM SERBEST (DÖVİZ-AVRO) FON,11.08.2026,"57,101864",319084214.00,5726,"18220303450,27"
KBJ,STRATEJİ PORTFÖY KİBELE KAR PAYI ÖDEYEN HİSSE SENEDİ SERBEST FON (HİSSE SENEDİ YOĞUN FON),11.08.2026,"4,088478",160552022.00,103,"656413359,47"
KBP,KUVEYT TÜRK PORTFÖY PY KATILIM HİSSE SENEDİ SERBEST ÖZEL FON (HİSSE SENEDİ YOĞUN FON),11.08.2026,"1,686303",189321082.00,5,"319252747,28"
KBZ,KUVEYT TÜRK PORTFÖY SBZ KATILIM SERBEST (DÖVİZ) ÖZEL FON,11.08.2026,"51,695468",3094492.00,1,"159971211,80"
KCL,KARE PORTFÖY ÇOKLU VARLIK KATILIM FONU,11.08.2026,"1,763927",6177617.00,168,"10896867,66"
KCR,AK PORTFÖY KÜLÇE ALTIN KATILIM FONU,11.08.2026,"1,054035",54625444.00,215,"57577129,67"
KCV,KUVEYT TÜRK PORTFÖY ÇOKLU VARLIK KATILIM FONU,11.08.2026,"5,109464",493055648.00,12731,"2519250123,83"
KDE,KUVEYT TÜRK PORTFÖY DENGELİ KATILIM FONU,11.08.2026,"1,747317",343889652.00,3355,"600884158,95"
KDI,KARE PORTFÖY İKİNCİ SERBEST (DÖVİZ) FON,11.08.2026,"57,263665",5926148.00,12,"339352955,23"
KDK,KUVEYT TÜRK PORTFÖY BİRİNCİ KATILIM SERBEST (DÖVİZ-ABD DOLARI) ÖZEL FON,11.08.2026,"15,452412",3147787.00,1,"48640902,13"
KDL,KUVEYT TÜRK PORTFÖY BEŞİNCİ KATILIM SERBEST (DÖVİZ) FON,11.08.2026,"52,302181",485215342.00,7073,"25377820574,74"
KDO,İŞ PORTFÖY KATILIM SERBEST (DÖVİZ-AVRO) FON,11.08.2026,"56,071887",19456778.00,527,"1090978251,27"
KDS,KUVEYT TÜRK PORTFÖY YEDİNCİ KATILIM SERBEST (DÖVİZ) FON,11.08.2026,"54,299648",526963404.00,1384,"28613927209,23"
KDT,GARANTİ PORTFÖY KATILIM SERBEST (DÖVİZ) FON,11.08.2026,"54,322236",60211703.00,1171,"3270834312,23"
KDV,KUVEYT TÜRK PORTFÖY DOKUZUNCU KATILIM SERBEST (DÖVİZ) FON,11.08.2026,"48,522682",481362826.00,198,"23357015541,05"
KDZ,KUVEYT TÜRK PORTFÖY SEKİZINCİ KATILIM SERBEST (DÖVİZ) FON,11.08.2026,"48,742024",84863363.00,830,"4136412048,81"
KEI,KUVEYT TÜRK PORTFÖY KATILIM EMEKLİLİK İKİNCİ KATILIM SERBEST ÖZEL FON,11.08.2026,"1,821626",179618321.00,1,"327197432,10"
KEO,KUVEYT TÜRK PORTFÖY KATILIM EMEKLİLİK BİRİNCİ KATILIM SERBEST ÖZEL FON,11.08.2026,"1,786102",39442409.00,1,"70448173,17"
KEU,KUVEYT TÜRK PORTFÖY ONUNCU KATILIM SERBEST (DÖVİZ-AVRO) FON,11.08.2026,"52,714253",78203620.00,53,"4122445381,25"
KFZ,KUVEYT TÜRK PORTFÖY KFZ KATILIM SERBEST ÖZEL FON,11.08.2026,"4,42544",82683881.00,1,"365912537,18"
KGM,KUVEYT TÜRK PORTFÖY GÜMÜŞ KATILIM FON SEPETİ FONU,11.08.2026,"2,891482",1026128721.00,28893,"2967032363,94"
KH1,AK PORTFÖY KATILIM HİSSE SENEDİ FONU (HİSSE SENEDİ YOĞUN FON),11.08.2026,"1,280726",73052056.00,992,"93559631,07"
KHA,PARDUS PORTFÖY İKİNCİ HİSSE SENEDİ (TL) FONU (HİSSE SENEDİ YOĞUN FON),11.08.2026,"4,186793",734150173.00,23994,"3073734580,93"
KHB,KARE PORTFÖY BIST 100 DIŞI ŞİRKETLER HİSSE SENEDİ FONU (HİSSE SENEDİ YOĞUN FON),11.08.2026,"1,661273",11162504.00,276,"18543968,73"
KHC,PARDUS PORTFÖY KATILIM HİSSE SENEDİ (TL) FONU (HİSSE SENEDİ YOĞUN FON),11.08.2026,"2,114634",48014258.00,1534,"101532593,92"
KHD,ATLAS PORTFÖY İKİNCİ KATILIM HİSSE SENEDİ SERBEST FON (HİSSE SENEDİ YOĞUN FON),11.08.2026,"1,321898",501393238.00,12,"662790870,22"
KHF,ALLBATROSS PORTFÖY KATILIM HİSSE SENEDİ SERBEST FON (HİSSE SENEDİ YOĞUN FON),11.08.2026,"0,114424",7494290.00,13,"857522,93"
KHJ,ATLAS PORTFÖY KATILIM HİSSE SENEDİ FONU (HİSSE SENEDİ YOĞUN FON),11.08.2026,"1,172015",12833691.00,493,"15041277,68"
KHP,KUVEYT TÜRK PORTFÖY PAYLAŞIMLI HESAP PARA PİYASASI KATILIM FONU,11.08.2026,"1,181267",24976273400.00,1610,"29503642506,06"
KHT,ALLBATROSS PORTFÖY KARTAL HİSSE SENEDİ SERBEST (TL) FON (HİSSE SENEDİ YOĞUN FON),11.08.2026,"2,425691",3290495.00,224,"7981724,10"
KHU,KUVEYT TÜRK PORTFÖY BİRİNCİ KATILIM SERBEST (DÖVİZ-AVRO) ÖZEL FON,11.08.2026,"36,415735",95518.00,1,"3478358,14"
KIA,TRIVE PORTFÖY MUTLAK GETİRİ HEDEFLİ DEĞİŞKEN FON,11.08.2026,"4,314383",1365557.00,368,"5891536,30"
KIB,TRIVE PORTFÖY ROBOTİK TEKNOLOJİLERİ DEĞİŞKEN FON,11.08.2026,"4,281905",2479539.00,1038,"10617150,98"
KIE,TRIVE PORTFÖY PARA PİYASASI (TL) FONU,11.08.2026,"4,592297",40835791.00,866,"187530065,81"
KIH,KARE PORTFÖY İSTATİSTİKSEL ARBİTRAJ SERBEST FON,11.08.2026,"1,524649",38713606.00,27,"59024664,61"
KIK,KUVEYT TÜRK PORTFÖY İKİNCİ KATILIM FONU,11.08.2026,"1,450407",113532505.00,1416,"164668373,14"
KIS,ASTRA PORTFÖY KİRA SERTİFİKASI KATILIM (DÖVİZ) FONU,11.08.2026,"0,219385",415585142.00,770,"91173033,90"
KJK,KUVEYT TÜRK PORTFÖY KUVEYT TÜRK YABANCI KATILIM SERBEST ÖZEL FON,11.08.2026,"0,002254",21405755952.00,1,"48256274,34"
KKB,KUVEYT TÜRK PORTFÖY EKAS KATILIM SERBEST (DÖVİZ) ÖZEL FON,11.08.2026,"62,349055",41940.00,1,"2614919,36"
KKC,KARE PORTFÖY KATILIM SERBEST (DÖVİZ-AVRO) FON,11.08.2026,"57,050065",2038215.00,56,"116280297,65"
KKE,KUVEYT TÜRK PORTFÖY USTA KATILIM SERBEST (DÖVİZ) ÖZEL FON,11.08.2026,"51,707636",1726780.00,2,"89287712,09"
KKH,İŞ PORTFÖY DENGELİ FON SEPETİ FONU,11.08.2026,"6,774492",79200750.00,5159,"536544808,49"
KKL,ALLBATROSS PORTFÖY KISA VADELİ KATILIM SERBEST (TL) FON,11.08.2026,"2,460776",1430881804.00,1642,"3521080014,78"
KKO,YAPI KREDİ PORTFÖY KASIM 2026 KAR PAYI ÖDEYEN SERBEST (DÖVİZ) FON,11.08.2026,"48,794508",46210471.00,258,"2254817189,47"
KKP,İŞ PORTFÖY 2028 KAPİTAL KAR PAYI ÖDEYEN SERBEST (DÖVİZ) FON,11.08.2026,"48,657202",88566803.00,331,"4309412849,90"
KKT,KUVEYT TÜRK PORTFÖY İKİNCİ KISA VADELİ KATILIM SERBEST (TL) FON,11.08.2026,"3,091854",2941745961.00,46,"9095448579,58"
KLH,ATLAS PORTFÖY KATILIM HİSSE SENEDİ SERBEST FON (HİSSE SENEDİ YOĞUN FON),11.08.2026,"2,789427",67646824.00,2549,"188695872,75"
KLI,AK PORTFÖY PARA PİYASASI KATILIM SERBEST FON,11.08.2026,"1,296979",229345650.00,154,"297456513,68"
KLL,KUVEYT TÜRK PORTFÖY TLL KATILIM SERBEST (DÖVİZ) ÖZEL FON,11.08.2026,"57,66831",196370.00,1,"11324326,01"
KLM,İŞ PORTFÖY KALAMIŞ SERBEST (DÖVİZ) ÖZEL FON,11.08.2026,"67,220195",14877076.00,1,"1000039950,76"
KLS,ALLBATROSS PORTFÖY KATILIM SERBEST (DÖVİZ) FON,11.08.2026,"41,46411",24568.00,2,"1018690,26"
KLU,KUVEYT TÜRK PORTFÖY PARA PİYASASI KATILIM (TL) FONU,11.08.2026,"4,788672",19335732886.00,104152,"92592475047,98"
KMA,KUVEYT TÜRK PORTFÖY KMA KATILIM SERBEST (DÖVİZ) ÖZEL FON,11.08.2026,"168,254284",74818.00,1,"12588449,00"
KME,KUVEYT TÜRK PORTFÖY TEMKİNLİ KATILIM FONU,11.08.2026,"1,573414",82164647.00,1213,"129279007,79"
KMF,AZİMUT PORTFÖY ALTIN KATILIM FONU,11.08.2026,"3,421914",424935350.00,2260,"1454092220,46"
KMN,YAPI KREDİ PORTFÖY KIYMETLİ MADENLER KATILIM FONU,11.08.2026,"0,92763",434591595.00,4733,"403140372,45"
KMT,KUVEYT TÜRK PORTFÖY KAM KATILIM SERBEST (TL) ÖZEL FON,11.08.2026,"2,717471",24785369.00,1,"67353533,51"
KNC,AK PORTFÖY ÖPY ÜÇÜNCÜ SERBEST (DÖVİZ) ÖZEL FON,11.08.2026,"67,112905",5362076.00,16,"359864496,63"
KNI,AZİMUT PORTFÖY İKİNCİ PARA PİYASASI SERBEST (TL) FON,11.08.2026,"1,360818",12707774843.00,454,"17292968094,95"
KNJ,KUVEYT TÜRK PORTFÖY ENERJİ KATILIM FONU,11.08.2026,"1,980271",333924152.00,13152,"661260221,80"
KNN,İŞ PORTFÖY KANTİTATİF SERBEST (TL) FON,11.08.2026,"1,481163",296218809.00,15,"438748437,00"
KNP,AK PORTFÖY KOR SERBEST (DÖVİZ) ÖZEL FON,11.08.2026,"82,534218",2624909.00,2,"216644812,83"
KNS,KUVEYT TÜRK PORTFÖY NKS KATILIM SERBEST (TL) ÖZEL FON,11.08.2026,"4,434201",1127191620.00,1,"4998193931,43"
KNT,AK PORTFÖY VİRA SERBEST (DÖVİZ) ÖZEL FON,11.08.2026,"60,513504",2865973.00,3,"173430069,58"
KNV,AK PORTFÖY OPERA SERBEST (DÖVİZ) ÖZEL FON,11.08.2026,"70,793529",4490340.00,5,"317887016,88"
KNZ,AK PORTFÖY MNM SERBEST (DÖVİZ) ÖZEL FON,11.08.2026,"69,085475",14736811.00,1,"1018099593,78"
KO4,QNB PORTFÖY KAR PAYI ÖDEYEN ONDÖRDÜNCÜ SERBEST (DÖVİZ-AVRO) FON,11.08.2026,"55,277576",82260000.00,858,"4547133415,50"
KOB,KUVEYT TÜRK PORTFÖY KUVEYT TÜRK KATILIM BANKASI ÖZEL BANKACILIK KATILIM SERBEST ÖZEL FON,11.08.2026,"1,403542",1959388972.00,71,"2750084152,40"
KOD,YAPI KREDİ PORTFÖY KÜÇÜK ÖLÇEKLİ ŞİRKETLER DEĞİŞKEN FON,11.08.2026,"0,983227",56553126.00,712,"55604563,31"
KOP,ASTRA PORTFÖY İKİNCİ SERBEST (DÖVİZ) FON,11.08.2026,"7,786273",2051000.00,14,"15969645,64"
KOT,AZİMUT PORTFÖY KOÇ TOPLULUĞU ŞİRKETLERİ HİSSE SENEDİ FONU (HİSSE SENEDİ YOĞUN FON),11.08.2026,"1,403932",123638911.00,3366,"173580602,30"
KOZ,İŞ PORTFÖY KOZA SERBEST (DÖVİZ) ÖZEL FON,11.08.2026,"64,203301",1118437.00,4,"71807347,06"
KP3,KARE PORTFÖY ÜÇÜNCÜ SERBEST (DÖVİZ) FON,11.08.2026,"52,77889",274469.00,12,"14486169,23"
KPA,KUVEYT TÜRK PORTFÖY KAR PAYI ÖDEYEN KATILIM HİSSE SENEDİ FONU (HİSSE SENEDİ YOĞUN FON),11.08.2026,"1,657243",300695154.00,13799,"498324901,65"
KPB,ROTA PORTFÖY ÖPY BİRİNCİ SERBEST ÖZEL FON,11.08.2026,"6,597802",801428.00,1,"5287663,35"
KPC,KUVEYT TÜRK PORTFÖY KATILIM HİSSE SENEDİ (TL) FONU (HİSSE SENEDİ YOĞUN FON),11.08.2026,"20,611121",214163037.00,22968,"4414140346,50"
KPD,KUVEYT TÜRK PORTFÖY KAR PAYI ÖDEYEN KATILIM SERBEST (DÖVİZ) FON,11.08.2026,"48,560685",7302498.00,555,"354614306,54"
KPF,NEO PORTFÖY MUTLAK GETİRİ HEDEFLİ HİSSE SENEDİ SERBEST FON (HİSSE SENEDİ YOĞUN FON),11.08.2026,"1,75434",733381765.00,297,"1286601242,02"
KPH,İŞ PORTFÖY KAR PAYI ÖDEYEN HİSSE SENEDİ (TL) FONU (HİSSE SENEDİ YOĞUN FON),11.08.2026,"1,254328",434629946.00,12090,"545168641,54"
KPI,İŞ PORTFÖY PARA PİYASASI KATILIM (TL) FONU,11.08.2026,"1,45651",3257811858.00,6224,"4745034083,43"
KPK,İŞ PORTFÖY DURUSU SERBEST (DÖVİZ) ÖZEL FON,11.08.2026,"10,15511",46252674.00,1,"469700982,76"
KPM,KARE PORTFÖY SEKİZİNCİ HİSSE SENEDİ SERBEST FON (HİSSE SENEDİ YOĞUN FON),11.08.2026,"1,034673",1508400.00,16,"1560701,44"
KPP,KARE PORTFÖY PARA PİYASASI FONU,11.08.2026,"3,129889",142865178.00,692,"447152101,77"
KPR,KUVEYT TÜRK PORTFÖY PARA PİYASASI KATILIM SERBEST FON,11.08.2026,"1,855158",42794072082.00,1306,"79389769724,87"
KPU,KUVEYT TÜRK PORTFÖY İKİNCİ KATILIM HİSSE SENEDİ (TL) FONU (HİSSE SENEDİ YOĞUN FON),11.08.2026,"3,908369",149956640.00,6239,"586085837,48"
KRC,KARE PORTFÖY BİRİNCİ BORÇLANMA ARAÇLARI FONU,11.08.2026,"0,144035",208466320.00,147,"30026375,42"
KRF,KARE PORTFÖY BİRİNCİ DEĞİŞKEN FON,11.08.2026,"21,074092",2345535.00,608,"49430020,95"
KRH,PARDUS PORTFÖY KARTAL HİSSE SENEDİ SERBEST FON (HİSSE SENEDİ YOĞUN FON),11.08.2026,"1,627864",1303125470.00,41,"2121311003,48"
KRO,DENİZ PORTFÖY KAR PAYI ÖDEYEN ONUNCU SERBEST (DÖVİZ) FON,11.08.2026,"47,785717",6399481.00,59,"305803789,91"
KRR,İŞ PORTFÖY KARMA FON,11.08.2026,"1,121053",20429978.00,587,"22903091,65"
KRS,KARE PORTFÖY SERBEST (DÖVİZ) FON,11.08.2026,"0,516164",2909656560.00,1146,"1501860715,37"
KRT,KARE PORTFÖY TÜRKİYE ODAKLI SERBEST (DÖVİZ ) FON,11.08.2026,"74,300638",9869484.00,166,"733308960,75"
KRV,QNB PORTFÖY KAR PAYI ÖDEYEN ALTINCI SERBEST (DÖVİZ) FON,11.08.2026,"47,892062",116190000.01,1025,"5564578695,60"
KSA,HEDEF PORTFÖY KISA VADELİ SERBEST (TL) FON,11.08.2026,"4,065799",3073745921.00,3354,"12497234508,58"
KSC,KUVEYT TÜRK PORTFÖY ASC KATILIM SERBEST (DÖVİZ) ÖZEL FON,11.08.2026,"49,251927",495470.00,1,"24402852,32"
KSK,AZİMUT PORTFÖY İKİNCİ PARA PİYASASI KATILIM FONU,11.08.2026,"2,896168",3036509659.38,612,"8794242692,09"
KSL,ALBARAKA PORTFÖY İKİNCİ KATILIM SERBEST (DÖVİZ-AVRO) FON,11.08.2026,"55,931921",4475666.00,118,"250332598,14"
KSM,ALBARAKA PORTFÖY İKİNCİ KATILIM SERBEST (DÖVİZ-ABD DOLARI) FON,11.08.2026,"51,329342",300861314.00,740,"15443013310,17"
KSP,QNB PORTFÖY KAR PAYI ÖDEYEN SERBEST (DÖVİZ-POUND) FON,11.08.2026,"64,301781",25335000.00,361,"1629085616,72"
KSR,KUVEYT TÜRK PORTFÖY SÜRDÜRÜLEBİLİRLİK KATILIM FONU,11.08.2026,"5,154325",38716147.00,3754,"199555603,39"
KST,ALLBATROSS PORTFÖY KATILIM HİSSE SENEDİ (TL) FONU (HİSSE SENEDİ YOĞUN FON),11.08.2026,"2,012556",4650250.00,482,"9358889,28"
KSV,KUVEYT TÜRK PORTFÖY KISA VADELİ KATILIM SERBEST (TL) FON,11.08.2026,"5,677678",5661816864.00,9971,"32145971065,27"
KSY,YAPI KREDİ PORTFÖY PY KANDİLLİ SERBEST ÖZEL FON,11.08.2026,"10,925727",374233509.00,86,"4088772979,58"
KTE,KUVEYT TÜRK PORTFÖY CEYLAN KİRA SERTİFİKALARI KATILIM SERBEST (DÖVİZ) ÖZEL FON,11.08.2026,"45,279059",2415590.00,1,"109375641,21"
KTI,AZİMUT PORTFÖY KATILIM HİSSE SENEDİ FONU (HİSSE SENEDİ YOĞUN FON),11.08.2026,"2,107908",126441114.00,531,"266526271,68"
KTJ,KUVEYT TÜRK PORTFÖY TEKNOLOJİ KATILIM FONU,11.08.2026,"2,647473",633591789.00,19296,"1677417206,91"
KTM,KUVEYT TÜRK PORTFÖY BİRİNCİ KATILIM (TL) FONU,11.08.2026,"22,074285",30151111.00,5707,"665564212,99"
KTN,KUVEYT TÜRK PORTFÖY KİRA SERTİFİKALARI KATILIM (TL) FONU,11.08.2026,"7,984599",56818779.00,4181,"453675171,36"
KTR,KUVEYT TÜRK PORTFÖY BİRİNCİ KATILIM SERBEST (TL) FON,11.08.2026,"10,51254",2302956189.00,648,"24209919073,53"
KTS,KUVEYT TÜRK PORTFÖY KATILIM HİSSE SENEDİ SERBEST FON (HİSSE SENEDİ YOĞUN FON),11.08.2026,"14,536927",8512804.00,726,"123750009,84"
KTT,KUVEYT TÜRK PORTFÖY DÖRDÜNCÜ KATILIM SERBEST (DÖVİZ) FON,11.08.2026,"70,229983",71805753.00,1425,"5042916844,42"
KTU,KUVEYT TÜRK PORTFÖY NEOVA KATILIM SERBEST (TL) ÖZEL FON,11.08.2026,"28,987346",32515349.00,1,"942533660,10"
KTV,KUVEYT TÜRK PORTFÖY KISA VADELİ KİRA SERTİFİKALARI KATILIM (TL) FONU,11.08.2026,"7,611901",3430208566.00,44776,"26110409154,76"
KU3,KUVEYT TÜRK PORTFÖY ÜÇÜNCÜ KATILIM FONU,11.08.2026,"1,129262",226537680.00,2563,"255820399,87"
KUA,KUVEYT TÜRK PORTFÖY AGRESİF KATILIM FONU,11.08.2026,"1,41064",75099515.00,2089,"105938401,27"
KUB,KARE PORTFÖY DEĞİŞKEN  (DÖVİZ) FONU,11.08.2026,"0,74295",815272904.00,3698,"605706984,18"
KUD,KUVEYT TÜRK PORTFÖY DİNAMİK KATILIM FONU,11.08.2026,"1,713531",102691016.00,2101,"175964265,64"
KUP,AK PORTFÖY KAR PAYI ÖDEYEN SERBEST (DÖVİZ) FON,11.08.2026,"49,195321",41056754.00,130,"2019800207,20"
KUT,KUVEYT TÜRK PORTFÖY KIYMETLİ MADENLER KATILIM FONU,11.08.2026,"11,867492",676733624.00,40724,"8031130886,32"
KVA,KUVEYT TÜRK PORTFÖY KTYMD KISA VADELİ KATILIM SERBEST ÖZEL FON,11.08.2026,"1,756168",392570970.00,1,"689420390,13"
KVK,HEDEF PORTFÖY KATILIM İSTATİSTİKSEL ARBİTRAJ SERBEST FON,11.08.2026,"1,262723",433461416.00,142,"547341524,45"
KVR,ATLAS PORTFÖY KISA VADELİ KATILIM SERBEST FON,11.08.2026,"1,280374",100417801.00,51,"128572388,83"
KVS,AZİMUT PORTFÖY KISA VADELİ SERBEST (TL) FON,11.08.2026,"3,771152",7689942512.00,2410,"28999940375,63"
KVT,AK PORTFÖY ENERJİ ŞİRKETLERİ HİSSE SENEDİ (TL) FONU (HİSSE SENEDİ YOĞUN FON),11.08.2026,"1,422094",65713442.00,3026,"93450723,08"
KYA,KARE PORTFÖY HİSSE SENEDİ FONU(HİSSE SENEDİ YOĞUN FON),11.08.2026,"1,204673",57624351.00,1610,"69418509,83"
KYR,BV PORTFÖY ÜÇÜNCÜ HİSSE SENEDİ SERBEST FON (HİSSE SENEDİ YOĞUN FON),11.08.2026,"0,598531",497595647.00,11,"297826583,24"
KYS,KARE PORTFÖY YEDİNCİ SERBEST (DÖVİZ) FON,11.08.2026,"53,894062",207100.00,18,"11161460,30"
KZL,KUVEYT TÜRK PORTFÖY ALTIN KATILIM FONU,11.08.2026,"27,782757",3212778528.00,64767,"89259844428,55"
KZO,AZİMUT PORTFÖY KOİ HİSSE SENEDİ SERBEST ÖZEL FON (HİSSE SENEDİ YOĞUN FON),11.08.2026,"2,080206",517965287.00,3,"1077474581,62"
KZU,KUVEYT TÜRK PORTFÖY İKİNCİ ALTIN KATILIM FONU,11.08.2026,"2,364138",202444617.00,5862,"478607082,83"
LAI,ATLAS PORTFÖY İKİNCİ HİSSE SENEDİ SERBEST FON (HİSSE SENEDİ YOĞUN FON),11.08.2026,"0,956676",252657491.00,38,"241711402,75"
LET,QNB PORTFÖY LETO SERBEST (DÖVİZ) ÖZEL FON,11.08.2026,"54,50256",12722311.00,2,"693398522,08"
LFD,İŞ PORTFÖY AZİM HİSSE SENEDİ SERBEST ÖZEL FON (HİSSE SENEDİ YOĞUN FON),11.08.2026,"8,144453",284627774.00,1,"2318137404,75"
LGK,AZİMUT PORTFÖY İKİNCİ ÖPY SERBEST ÖZEL FON,11.08.2026,"1,404761",1165564073.00,1,"1637339036,82"
LGO,ATLAS PORTFÖY ALGO TOROS HİSSE SENEDİ SERBEST (TL) FON (HİSSE SENEDİ YOĞUN FON),11.08.2026,"6,651083",15062336.00,11,"100180845,17"
LHM,AK PORTFÖY NETA SERBEST (DÖVİZ) ÖZEL FON,11.08.2026,"82,41987",9557641.00,4,"787739525,34"
LHP,AK PORTFÖY YEDİNCİ SERBEST (DÖVİZ) FON,11.08.2026,"56,49931",1476411.00,95,"83416202,99"
LKF,İŞ PORTFÖY ALTIN KATILIM FONU,11.08.2026,"1,024319",84374886.00,418,"86426810,31"
LKT,AKTİF PORTFÖY İKİNCİ PARA PİYASASI (TL) FONU,11.08.2026,"1,857371",148410325.00,419,"275652982,53"
LLA,ALLBATROSS PORTFÖY AYDIN HİSSE SENEDİ SERBEST (TL) FON (HİSSE SENEDİ YOĞUN FON),11.08.2026,"1,175533",25114166.00,799,"29522523,59"
LPH,STATECH PORTFÖY İSTATİSTİKSEL ARBİTRAJ HİSSE SENEDİ SERBEST (TL) FON (HİSSE SENEDİ YOĞUN FON),11.08.2026,"1,44059",2343960324.00,2522,"3376686799,90"
LRT,ATA PORTFÖY ALGORİTMİK STRATEJİLER SERBEST FON,11.08.2026,"3,629504",231681213.00,11,"840887790,25"
LTC,AK PORTFÖY BİRİNCİ İSTATİSTİKSEL ARBİTRAJ HİSSE SENEDİ SERBEST FON (HİSSE SENEDİ YOĞUN FON),11.08.2026,"1,584585",9835786.00,323,"15585640,23"
LTL,AHLATCI PORTFÖY HİSSE SENEDİ (TL) FONU (HİSSE SENEDİ YOĞUN FON),11.08.2026,"1,094308",995247181.00,11599,"1089106593,64"
LTS,HEDEF PORTFÖY LOTUS SERBEST FON,11.08.2026,"3,897391",552407334.00,14,"2152947129,15"
LZV,AZİMUT PORTFÖY İLA HİSSE SENEDİ SERBEST (TL) ÖZEL FON (HİSSE SENEDİ YOĞUN FON),11.08.2026,"7,414063",11384074.00,2,"84402242,80"
MAC,MARMARA CAPITAL PORTFÖY HİSSE SENEDİ (TL) FONU (HİSSE SENEDİ YOĞUN FON),11.08.2026,"0,777436",5917147081.00,36860,"4600204522,28"
MAD,MEKSA PORTFÖY BİRİNCİ DEĞİŞKEN FON,11.08.2026,"1,019946",22328494.00,373,"22773861,06"
MAS,MARMARA CAPİTAL PORTFÖY HİSSE SENEDİ SERBEST (TL) FON (HİSSE SENEDİ YOĞUN FON),11.08.2026,"12,539123",63278404.00,142,"793455684,87"
MAV,QNB PORTFÖY ADAMAVİ SERBEST (DÖVİZ) ÖZEL FON,11.08.2026,"57,583499",15648205.00,1,"901078400,23"
MBL,MEKSA PORTFÖY İKİNCİ DEĞİŞKEN FON,11.08.2026,"0,284622",72953940.00,216,"20764326,76"
MBR,MT PORTFÖY BİRİNCİ BORÇLANMA ARAÇLARI FONU,11.08.2026,"1,727476",265741758.00,517,"459062497,61"
MCU,AZİMUT PORTFÖY MUTLAK GETİRİ HEDEFLİ HİSSE SENEDİ SERBEST FON (HİSSE SENEDİ YOĞUN FON),11.08.2026,"1,38633",93547807.00,143,"129688145,54"
MD1,MT PORTFÖY BİRİNCİ DEĞİŞKEN FON,11.08.2026,"2,203264",83650757.00,665,"184304696,23"
MD2,MT PORTFÖY İKİNCİ DEĞİŞKEN FON,11.08.2026,"2,148984",121675119.00,882,"261477864,12"
MDF,FİBA PORTFÖY MODEL EMTİA FON SEPETİ SERBEST FON,11.08.2026,"1,253087",400110157.00,969,"501373007,41"
MET,GARANTİ PORTFÖY METAVERSE VE YENİ TEKNOLOJİLER DEĞİŞKEN FON,11.08.2026,"6,075263",126612131.00,6751,"769201942,64"
MGB,İŞ PORTFÖY MUTLAK GETİRİ HEDEFLİ HİSSE SENEDİ SERBEST FON (HİSSE SENEDİ YOĞUN FON),11.08.2026,"1,507421",46492390.00,485,"70083620,81"
MGD,DENİZ PORTFÖY MGD HİSSE SENEDİ SERBEST ÖZEL FON (HİSSE SENEDİ YOĞUN FON),11.08.2026,"0,968235",672100883.00,1,"650751899,17"
MGE,PARDUS PORTFÖY MUTLAK GETİRİ HEDEFLİ HİSSE SENEDİ SERBEST (TL) FON (HİSSE SENEDİ YOĞUN FON),11.08.2026,"2,59612",656783933.00,67,"1705089578,16"
MGH,TEB PORTFÖY MUTLAK GETİRİ HEDEFLİ HİSSE SENEDİ SERBEST FON (HİSSE SENEDİ YOĞUN FON),11.08.2026,"2,229315",215516158.00,739,"480453441,79"
MHF,MT PORTFÖY BIST HALKA ARZ ŞİRKETLERİ HİSSE SENEDİ FONU (HİSSE SENEDİ YOĞUN FON),11.08.2026,"2,332255",225463721.00,4457,"525838973,60"
MIK,MT PORTFÖY İKİNCİ SERBEST FON,11.08.2026,"3,36026",1404155754.00,13,"4718327743,84"
MJB,AKTİF PORTFÖY BİRİNCİ FON SEPETİ FONU,11.08.2026,"7,684037",6590426.00,772,"50641073,97"
MJE,ALBARAKA PORTFÖY KATILIM SERBEST (DÖVİZ-AVRO) FON,11.08.2026,"57,25581",124784427.00,904,"7144633392,40"
MJG,AKTİF PORTFÖY GÜMÜŞ FON SEPETİ FONU,11.08.2026,"10,739386",91083133.00,7612,"978176929,65"
MJH,AKTİF PORTFÖY FORTUNA SERBEST FON,11.08.2026,"4,59626",6085132.00,29,"27968846,68"
MJK,MEKSA PORTFÖY KARDELEN SERBEST FON,11.08.2026,"35,224957",52615092.00,423,"1853364370,25"
MJL,AKTİF PORTFÖY AKTİF SERBEST (DÖVİZ-AVRO) FON,11.08.2026,"60,754117",14398787.00,588,"874785593,32"
MKA,MARMARA CAPİTAL PORTFÖY KATILIM HİSSE SENEDİ (TL) FONU (HİSSE SENEDİ YOĞUN FON),11.08.2026,"1,283717",68550006.00,1759,"87998794,17"
MKG,AKTİF PORTFÖY ALTIN KATILIM FONU,11.08.2026,"17,32232",92988939.00,8306,"1610784114,92"
MKL,İŞ PORTFÖY MKS SERBEST (DÖVİZ) ÖZEL FON,11.08.2026,"60,339105",12905617.00,1,"778713376,00"
MLS,AKTİF PORTFÖY SİYAH BEYAZ SERBEST ÖZEL FON,11.08.2026,"17,624582",74761834.00,4,"1317646097,15"
MLT,DENİZ PORTFÖY MELTEM HİSSE SENEDİ SERBEST (TL) FON (HİSSE SENEDİ YOĞUN FON),11.08.2026,"1,285276",17849172.00,84,"22941117,67"
MMH,AKTİF PORTFÖY BIST 30 ENDEKSİ HİSSE SENEDİ (TL) FONU (HİSSE SENEDİ YOĞUN FON),11.08.2026,"16,098134",9501949.00,1381,"152963650,56"
MOD,YAPI KREDİ PORTFÖY MODA SERBEST (DÖVİZ) ÖZEL FON,11.08.2026,"60,602618",12122000.00,2,"734624934,05"
MOZ,EMAA BLUE PORTFÖY MOZAİK SERBEST FON,11.08.2026,"1,279463",255915265.00,124,"327434178,13"
MP2,MT PORTFÖY İKİNCİ HİSSE SENEDİ SERBEST FON (HİSSE SENEDİ YOĞUN FON),11.08.2026,"1,570397",2651303752.00,13,"4163598813,31"
MP4,MT PORTFÖY DÖRDÜNCÜ HİSSE SENEDİ SERBEST FON (HİSSE SENEDİ YOĞUN FON),11.08.2026,"1,893954",1800673679.00,15,"3410392902,20"
MPD,AKTİF PORTFÖY AKTİF SERBEST (DÖVİZ) FON,11.08.2026,"60,644354",43227595.00,698,"2621509570,08"
MPE,MT PORTFÖY PARA PİYASASI KATILIM (TL) FONU,11.08.2026,"1,371363",70215029.00,129,"96290313,95"
MPF,AKTİF PORTFÖY KISA VADELİ KİRA SERTİFİKASI KATILIM (TL) FONU,11.08.2026,"8,240752",160702785.04,1936,"1324311875,55"
MPI,MEKSA PORTFÖY İSTATİSTİKSEL ARBİTRAJ SERBEST (TL) FON,11.08.2026,"3,075646",23262875.00,37,"71548372,51"
MPK,AKTİF PORTFÖY KİRA SERTİFİKASI KATILIM (TL) FONU,11.08.2026,"9,795615",29189832.96,1487,"285932359,25"
MPL,MT PORTFÖY PARA PİYASASI (TL) FONU,11.08.2026,"1,995974",347647306.00,1133,"693894894,73"
MPN,AKTİF PORTFÖY İKİNCİ AKTİF SERBEST (DÖVİZ) FON,11.08.2026,"61,089404",6139759.00,306,"375074217,46"
MPP,MEKSA PORTFÖY PRİME SERBEST FON,11.08.2026,"21,569239",17789444.00,1329,"383704768,75"
MPS,AKTİF PORTFÖY KATILIM HİSSE SENEDİ (TL) FONU (HİSSE SENEDİ YOĞUN FON),11.08.2026,"23,810716",6407600.32,2511,"152569548,98"
MRI,TEB PORTFÖY MERİDYEN SERBEST FON,11.08.2026,"1,241471",9951085.00,119,"12353981,14"
MSK,AZİMUT PORTFÖY MSG SERBEST (TL) ÖZEL FON,11.08.2026,"3,906857",299897605.00,1,"1171656938,23"
MSO,ASTRA PORTFÖY MSK SERBEST (DÖVİZ) ÖZEL FON,11.08.2026,"58,662252",8792690.00,1,"515798997,44"
MSR,MEKSA PORTFÖY ALGORİTMİK STRATEJİLER SERBEST FON,11.08.2026,"1,996148",15228050.00,14,"30397441,28"
MT1,MT PORTFÖY BİRİNCİ SERBEST (DÖVİZ) FON,11.08.2026,"45,683473",613734.00,26,"28037500,65"
MT2,MT PORTFÖY PARA PİYASASI SERBEST (TL) FON,11.08.2026,"1,390861",4454481817.00,1897,"6195563943,46"
MT5,MT PORTFÖY BEŞİNCİ HİSSE SENEDİ SERBEST FON (HİSSE SENEDİ YOĞUN FON),11.08.2026,"1,289761",639124957.00,19,"824318291,24"
MT6,MT PORTFÖY ALTINCI HİSSE SENEDİ SERBEST FON (HİSSE SENEDİ YOĞUN FON),11.08.2026,"0,540977",340281329.00,13,"184084291,36"
MT7,MT PORTFÖY YEDİNCİ HİSSE SENEDİ SERBEST FON (HİSSE SENEDİ YOĞUN FON),11.08.2026,"0,434355",130514947.00,15,"56689834,87"
MT8,MT PORTFÖY SEKİZİNCİ HİSSE SENEDİ SERBEST FON (HİSSE SENEDİ YOĞUN FON),11.08.2026,"0,838739",2779680907.00,16,"2331426642,56"
MT9,MT PORTFÖY DOKUZUNCU HİSSE SENEDİ SERBEST FON (HİSSE SENEDİ YOĞUN FON),11.08.2026,"0,413428",3899071054.00,18,"1611985257,38"
MTD,BV PORTFÖY MALZEME TEKNOLOJİLERİ DEĞİŞKEN FON,11.08.2026,"1,30983",112249716.00,1520,"147028066,83"
MTE,MT PORTFÖY BİRİNCİ HİSSE SENEDİ SERBEST FON (HİSSE SENEDİ YOĞUN FON),11.08.2026,"1,419869",91091426.00,17,"129337851,60"
MTF,MT PORTFÖY BİRİNCİ İSTATİSTİKSEL ARBİTRAJ HİSSE SENEDİ SERBEST (TL) FON (HİSSE SENEDİ YOĞUN FON),11.08.2026,"1,401149",53496761.00,45,"74956937,16"
MTG,DENİZ PORTFÖY MUTLAK GETİRİ HEDEFLİ HİSSE SENEDİ SERBEST FON (HİSSE SENEDİ YOGUN FON),11.08.2026,"1,69848",98913958.00,260,"168003408,31"
MTH,MT PORTFÖY BİRİNCİ HİSSE SENEDİ FONU (HİSSE SENEDİ YOĞUN FON),11.08.2026,"2,153641",120154914.00,3199,"258770508,08"
MTI,AZİMUT PORTFÖY METİS SERBEST ÖZEL FON,11.08.2026,"0,018051",255061228.00,2,"4603997,31"
MTK,MT PORTFÖY KATILIM HİSSE SENEDİ (TL) FONU (HİSSE SENEDİ YOĞUN FON),11.08.2026,"1,668197",39958314.00,643,"66658350,08"
MTL,AURA PORTFÖY MUTLAK GETİRİ HEDEFLİ SERBEST FON,11.08.2026,"2,237344",670769405.00,15,"1500741693,16"
MTS,AKTİF PORTFÖY TARIM VE SÜRDÜRÜLEBİLİRLİK FON SEPETİ FONU,11.08.2026,"2,726933",13836116.00,691,"37730164,65"
MTU,MT PORTFÖY ÜÇÜNCÜ HİSSE SENEDİ SERBEST FON (HİSSE SENEDİ YOĞUN FON),11.08.2026,"0,782654",1033653600.00,19,"808992672,26"
MTV,AK PORTFÖY METAVERSE VE DİJİTAL YAŞAM TEKNOLOJİLERİ DEĞİŞKEN FON,11.08.2026,"5,612996",27234514.00,12843,"152867225,06"
MTX,TEB PORTFÖY ÜÇÜNCÜ DEĞİŞKEN FON,11.08.2026,"5,3364",15995314.00,2139,"85357389,54"
MUL,MT PORTFÖY BİRİNCİ SERBEST FON,11.08.2026,"2,699835",93800326.00,12,"253245363,43"
MUT,GARANTİ PORTFÖY MUTLAK GETİRİ HEDEFLİ HİSSE SENEDİ SERBEST FON (HİSSE SENEDİ YOĞUN FON),11.08.2026,"1,937328",442867270.00,1617,"857979296,94"
NAK,NEO PORTFÖY ALTIN KATILIM FONU,11.08.2026,"1,05915",114350786.00,160,"121114691,85"
NAL,NEO PORTFÖY ALTINCI SERBEST FON,11.08.2026,"0,418053",1201586235.00,13,"502326584,74"
NAU,NEO PORTFÖY ALTIN FONU,11.08.2026,"3,072778",829828912.00,9958,"2549879895,41"
NAV,NUROL PORTFÖY NOVA HİSSE SENEDİ SERBEST FON (HİSSE SENEDİ YOĞUN FON),11.08.2026,"1,08277",58874427.00,15,"63747454,39"
NBE,NEO PORTFÖY BEŞİNCİ SERBEST FON,11.08.2026,"1,729225",320658242.00,10,"554490386,13"
NBH,NEO PORTFÖY ALGORİTMİK STRATEJİLER SERBEST FON,11.08.2026,"6,847188",302367319.00,172,"2070365839,43"
NBO,NEO PORTFÖY BORÇLANMA ARACI FONLARI FON SEPETİ FONU,11.08.2026,"1,496926",1362134821.00,392,"2039015319,46"
NBZ,NEO PORTFÖY BİRİNCİ SERBEST (DÖVİZ) FON,11.08.2026,"72,039539",19447393.00,285,"1400981233,45"
NCS,NUROL PORTFÖY ÜÇÜNCÜ SERBEST (DÖVİZ) FON,11.08.2026,"57,329279",139651472.00,1776,"8006118238,53"
NCU,NEO PORTFÖY ÜÇÜNCÜ SERBEST (DÖVİZ) FON,11.08.2026,"54,742363",2334477.00,12,"127794787,37"
NDL,ALLBATROSS PORTFÖY ANADOLU HİSSE SENEDİ SERBEST (TL) ÖZEL FON (HİSSE SENEDİ YOĞUN FON),11.08.2026,"1,972745",5639113.00,1,"11124533,66"
NDS,NEO PORTFÖY DÖRDÜNCÜ SERBEST FON,11.08.2026,"0,950395",641580634.00,13,"609755041,04"
NES,INVEO PORTFÖY DÖRDÜNCÜ SERBEST ÖZEL FON,11.08.2026,"2,132282",999004311.00,2,"2130158643,52"
NFF,NEO PORTFÖY FON SEPETİ SERBEST FON,11.08.2026,"1,337671",1488017833.00,35,"1990477592,60"
NFH,NEO PORTFÖY HİSSE SENEDİ SERBEST FON (HİSSE SENEDİ YOĞUN FON),11.08.2026,"2,085886",55909638.00,50,"116621109,43"
NFK,HEDEF PORTFÖY NEHİR HİSSE SENEDİ SERBEST (TL) FON (HİSSE SENEDİ YOĞUN FON),11.08.2026,"4,820963",289190652.00,82,"1394177448,37"
NHP,NEO PORTFÖY BİRİNCİ FON SEPETİ FONU,11.08.2026,"5,583035",2164029.00,156,"12081850,61"
NHT,DENİZ PORTFÖY NH SERBEST (DÖVİZ) ÖZEL FON,11.08.2026,"66,124254",9915176.00,2,"655633616,62"
NHV,NUROL PORTFÖY BİRİNCİ SERBEST (TL) ÖZEL FON,11.08.2026,"4,387011",1842955034.00,2,"8085063155,94"
NHY,NEO PORTFÖY BİRİNCİ HİSSE SENEDİ (TL) FONU (HİSSE SENEDİ YOĞUN FON),11.08.2026,"5,953051",28209365.00,2109,"167931784,20"
NIG,TRIVE PORTFÖY SERBEST FON,11.08.2026,"1,250648",473323327.00,16,"591960883,03"
NIS,NEO PORTFÖY İSTATİSTİKSEL ARBİTRAJ SERBEST FON,11.08.2026,"1,711321",884001610.00,33,"1512810273,97"
NJF,NUROL PORTFÖY ALTIN KATILIM FONU,11.08.2026,"12,477072",90999959.00,1769,"1135413032,87"
NJG,NUROL PORTFÖY BİRİNCİ SERBEST FON,11.08.2026,"3,035489",1064914900.00,15,"3232537871,65"
NJR,NUROL PORTFÖY BİRİNCİ BORÇLANMA ARAÇLARI FONU,11.08.2026,"5,763029",239494953.00,2538,"1380216247,67"
NJY,NUROL PORTFÖY BİRİNCİ KATILIM FONU,11.08.2026,"7,438162",42500605.00,1409,"316126398,56"
NKA,NEO PORTFÖY KATILIM SERBEST (DÖVİZ) FON,11.08.2026,"49,233843",2655543.00,17,"130742586,21"
NKC,NEO PORTFÖY İKİNCİ HİSSE SENEDİ FONU (HİSSE SENEDİ YOĞUN FON),11.08.2026,"1,237818",309734315.00,1151,"383394736,14"
NKH,NEO PORTFÖY İKİNCİ HİSSE SENEDİ SERBEST FON (HİSSE SENEDİ YOĞUN FON),11.08.2026,"1,666651",92857785.00,12,"154761560,88"
NKJ,ATA PORTFÖY GIG SİGORTA SERBEST (TL) ÖZEL FON,11.08.2026,"15,605912",102638440.00,1,"1601766502,80"
NKK,ATA PORTFÖY YÖNETİMİ A.Ş. SEKİZİNCİ SERBEST FON,11.08.2026,"7,989895",188312373.00,12,"1504596125,87"
NKL,AKTİF PORTFÖY KISA VADELİ SERBEST (TL) FON,11.08.2026,"3,50925",3965684580.00,2235,"13916579829,73"
NKM,NEO PORTFÖY KATILIM HİSSE SENEDİ FONU (HİSSE SENEDİ YOĞUN FON),11.08.2026,"1,011435",51780356.00,487,"52372455,75"
NKP,NEO PORTFÖY KAR PAYI ÖDEYEN DEĞİŞKEN FON,11.08.2026,"1,14441",161035879.00,3415,"184291110,90"
NKS,NUROL PORTFÖY GRANADA SERBEST (TL) FON,11.08.2026,"1,862815",13500100.00,11,"25148191,93"
NKT,NUROL PORTFÖY BİRİNCİ KATILIM HİSSE SENEDİ FONU (HİSSE SENEDİ YOĞUN FON),11.08.2026,"1,50335",43562534.00,442,"65489736,87"
NKV,KUVEYT TÜRK PORTFÖY NKV KATILIM SERBEST ÖZEL FON,11.08.2026,"2,290121",6866499553.00,1,"15725115930,68"
NLC,TEB PORTFÖY ONALTINCI SERBEST (DÖVİZ) FON,11.08.2026,"50,581705",3559908.00,19,"180066215,70"
NLD,AZİMUT PORTFÖY NL-2 SERBEST (DÖVİZ) ÖZEL FON,11.08.2026,"54,020454",26199933.00,1,"1415332262,45"
NLE,NUROL PORTFÖY EMLAK SEKTÖRÜ HİSSE SENEDİ FONU (HİSSE SENEDİ YOĞUN FON),11.08.2026,"1,554363",233916758.00,9666,"363591477,34"
NLK,NUROL PORTFÖY KISA VADELİ SERBEST FON,11.08.2026,"1,864969",2669135891.00,1032,"4977854383,20"
NLL,GLOBAL MD PORTFÖY NİL SERBEST FON,11.08.2026,"4,948232",405947154.00,25,"2008720879,87"
NME,NUROL PORTFÖY MERCAN KATILIM SERBEST (DÖVİZ) FON,11.08.2026,"57,269391",1107939.00,55,"63450991,70"
NMG,NEO PORTFÖY İKİNCİ SERBEST FON,11.08.2026,"133,615456",22953319.00,12,"3066918183,20"
NMP,AK PORTFÖY NEMA PARA PİYASASI (TL) FONU,11.08.2026,"1,005399",627570372.00,4399,"630958336,22"
NMU,NUROL PORTFÖY MUTLAK GETİRİ HEDEFLİ HİSSE SENEDİ SERBEST FON (HİSSE SENEDİ YOĞUN FON),11.08.2026,"1,244063",768980328.00,422,"956659896,49"
NNF,HEDEF PORTFÖY BİRİNCİ HİSSE SENEDİ (TL) FONU (HİSSE SENEDİ YOĞUN FON),11.08.2026,"22,881304",102814889.00,19037,"2352538774,28"
NOA,NEO PORTFÖY ALFA SERBEST FON,11.08.2026,"1,394264",380623067.00,11,"530689053,87"
NOI,TACİRLER PORTFÖY NOVA İSTATİSTİKSEL ARBİTRAJ SERBEST FON,11.08.2026,"1,447937",734938635.00,14,"1064145121,44"
NOV,AZİMUT PORTFÖY INOVA AGRO HİSSE SENEDİ SERBEST ÖZEL FON (HİSSE SENEDİ YOĞUN FON),11.08.2026,"53,297235",14121929.00,1,"752659770,89"
NP1,NEO PORTFÖY YASEMİN SERBEST FON,11.08.2026,"5,194923",292037511.00,158,"1517112379,11"
NPH,NUROL PORTFÖY BİRİNCİ HİSSE SENEDİ FONU (HİSSE SENEDİ YOĞUN FON),11.08.2026,"1,540753",139645274.00,780,"215158837,87"
NPK,NEO PORTFÖY İPEKYOLU SERBEST ÖZEL FON,11.08.2026,"1,571842",592973692.00,1,"932061014,10"
NRC,NEO PORTFÖY BİRİNCİ DEĞİŞKEN FON,11.08.2026,"11,466056",21047878.00,3686,"241336140,00"
NRG,NEO PORTFÖY BİRİNCİ PARA PİYASASI FONU,11.08.2026,"5,515667",1339107836.00,3417,"7386073444,13"
NRM,NEO PORTFÖY İKİNCİ SERBEST (DÖVİZ) FON,11.08.2026,"152,986908",2588867.00,11,"396062758,09"
NSA,NEO PORTFÖY PARA PİYASASI KATILIM SERBEST FON,11.08.2026,"2,524086",390853074.00,363,"986546787,96"
NSD,NUROL PORTFÖY DÖRDÜNCÜ SERBEST (DÖVİZ) FON,11.08.2026,"64,906664",210868924.00,175,"13686798398,99"
NSH,NUROL PORTFÖY İSTATİSTİKSEL ARBİTRAJ HİSSE SENEDİ SERBEST FON (HİSSE SENEDİ YOĞUN FON),11.08.2026,"2,173867",880406056.00,1287,"1913885235,60"
NSK,NEO PORTFÖY BİRİNCİ SERBEST FON,11.08.2026,"6,643636",58952587.00,89,"391659538,36"
NSP,NUROL PORTFÖY PARA PİYASASI KATILIM FONU,11.08.2026,"1,825582",762247274.00,2792,"1391545251,79"
NSS,NUROL PORTFÖY SONENBERG KAR PAYI ÖDEYEN SERBEST (DÖVİZ) ÖZEL FON,11.08.2026,"65,000528",16965870.00,1,"1102790501,64"
NST,İŞ PORTFÖY EMLAK SEKTÖRÜ HİSSE SENEDİ FONU (HİSSE SENEDİ YOĞUN FON),11.08.2026,"1,17142",48475296.00,3465,"56784914,97"
NSY,NEO PORTFÖY YEDİNCİ SERBEST FON,11.08.2026,"1,409638",833714873.00,64,"1175235827,00"
NTB,AZİMUT PORTFÖY AVŞAR HİSSE SENEDİ SERBEST FON (HİSSE SENEDİ YOĞUN FON),11.08.2026,"5,577846",550964241.00,1,"3073193762,75"
NTD,ÜNLÜ PORTFÖY UFT HİSSE SENEDİ SERBEST ÖZEL FON (HİSSE SENEDİ YOĞUN FON),11.08.2026,"0,373377",1355423321.00,1,"506083972,76"
NTF,NEO PORTFÖY TEK SERBEST (TL) FON,11.08.2026,"3,101028",82061773.00,11,"254475816,70"
NTI,NEO PORTFÖY TEKNOLOJİ VE İNOVASYON DEĞİŞKEN FON,11.08.2026,"1,594085",223552477.00,1722,"356361675,17"
NTO,NUROL PORTFÖY TRADA SERBEST (DÖVİZ) ÖZEL FON,11.08.2026,"65,981625",54144466.00,1,"3572539864,22"
NTS,NUROL PORTFÖY İKİNCİ SERBEST FON,11.08.2026,"3,056388",73665955.00,33,"225151728,99"
NUB,NUROL PORTFÖY BEŞİNCİ SERBEST (DÖVİZ) FON,11.08.2026,"59,496243",37014575.00,911,"2202228143,39"
NUG,NUROL PORTFÖY ALTINCI SERBEST (DÖVİZ) FON,11.08.2026,"48,99109",27824878.00,11,"1363171110,20"
NUH,NEO PORTFÖY ÜÇÜNCÜ HİSSE SENEDİ FONU (HİSSE SENEDİ YOĞUN FON),11.08.2026,"1,362287",155767931.00,1185,"212200582,33"
NVB,NEO PORTFÖY İKİNCİ PARA PİYASASI (TL) FON,11.08.2026,"4,773945",1411753519.00,4779,"6739634012,92"
NVC,NEO PORTFÖY VENTO SERBEST FON,11.08.2026,"3,674069",25603720.00,90,"94069841,41"
NVK,INVEO PORTFÖY KATILIM SERBEST (DÖVİZ) FON,11.08.2026,"46,373961",2212646.00,20,"102609159,20"
NVP,NUROL PORTFÖY İKİNCİ SERBEST (DÖVİZ) ÖZEL FON,11.08.2026,"67,927061",896094.00,1,"60869032,12"
NVT,NEO PORTFÖY ÜÇÜNCÜ SERBEST (TL) FON,11.08.2026,"4,607371",95732018.00,51,"441072895,12"
NVZ,NEO PORTFÖY ORSA SERBEST (DÖVİZ) FON,11.08.2026,"57,62567",9062097.00,339,"522209408,46"
NYH,NUROL PORTFÖY İAU SERBEST (DÖVİZ) ÖZEL FON,11.08.2026,"62,04089",17189834.00,1,"1066472602,58"
NZH,NEO PORTFÖY İKİNCİ DEĞİŞKEN FON,11.08.2026,"3,487125",159512712.00,299,"556240726,24"
NZT,NEO PORTFÖY PARA PİYASASI SERBEST FON,11.08.2026,"6,002813",1575116297.00,426,"9455127903,92"
NZU,NUROL PORTFÖY ZÜMRÜT KATILIM SERBEST (DÖVİZ) FON,11.08.2026,"50,702302",974276.00,34,"49398036,24"
OAB,QNB PORTFÖY AYDOĞAN SERBEST (DÖVİZ) ÖZEL FON,11.08.2026,"75,538481",8694657.00,3,"656781181,56"
OBI,OYAK PORTFÖY İKİNCİ BORÇLANMA ARAÇLARI (TL) FONU,11.08.2026,"3,119274",100115766.00,473,"312288518,59"
OBN,AK PORTFÖY ONBEŞİNCİ SERBEST (DÖVİZ) FON,11.08.2026,"57,872654",4711419.00,242,"272662323,32"
OBP,OYAK PORTFÖY İKİNCİ DEĞİŞKEN FON,11.08.2026,"0,203033",189626482.00,823,"38500432,44"
OBR,AK PORTFÖY ONBİRİNCİ SERBEST (DÖVİZ) FON,11.08.2026,"53,670325",858924796.00,10623,"46098773362,52"
OCM,QNB PORTFÖY SM SERBEST (DÖVİZ) ÖZEL FON,11.08.2026,"68,644042",7313165.00,2,"502005205,44"
OCN,QNB PORTFÖY SEFA SERBEST (DÖVİZ) ÖZEL FON,11.08.2026,"50,174958",2340705.00,4,"117444774,87"
OCT,QNB PORTFÖY DENİZ YILDIZI SERBEST (DÖVİZ) ÖZEL FON,11.08.2026,"72,17316",6216634.00,5,"448674120,66"
ODD,OYAK PORTFÖY DÖRDÜNCÜ SERBEST FON,11.08.2026,"10,840986",42625855.00,31,"462106282,30"
ODG,ONE PORTFÖY İKİNCİ DEĞİŞKEN FON,11.08.2026,"1,175076",59411448.00,37,"69812952,79"
ODN,AK PORTFÖY ONDÖRDÜNCÜ SERBEST (DÖVİZ) FON,11.08.2026,"57,593101",436312383.00,3179,"25128583116,48"
ODP,OSMANLI PORTFÖY BİRİNCİ SERBEST FON,11.08.2026,"7,165347",42226110.00,154,"302564743,88"
ODS,OYAK PORTFÖY İKİNCİ SERBEST(DÖVİZ) FON,11.08.2026,"69,127079",1682269.00,111,"116290341,51"
ODV,AK PORTFÖY ÜÇÜNCÜ FON SEPETİ FONU,11.08.2026,"19,503605",84393872.00,3889,"1645984776,61"
OFA,OYAK PORTFÖY TÜRKİYE FİNANS KATILIM SERBEST (DÖVİZ-AVRO) FON,11.08.2026,"56,989939",4358364.00,129,"248382898,44"
OFB,OYAK PORTFÖY İSTATİSTİKSEL ARBİTRAJ SERBEST (TL) FON,11.08.2026,"11,234969",88897469.00,13,"998760307,38"
OFI,OYAK PORTFÖY İKİNCİ FON SEPETİ FONU,11.08.2026,"3,991574",38714970.00,598,"154533648,64"
OFK,OYAK PORTFÖY TÜRKİYE FİNANS KATILIM SERBEST (DÖVİZ-ABD DOLARI) FON,11.08.2026,"51,697839",20133324.00,265,"1040849351,34"
OFO,QNB PORTFÖY JKDK SERBEST (DÖVİZ) ÖZEL FON,11.08.2026,"68,018524",31413804.00,1,"2136720567,71"
OFS,OYAK PORTFÖY BİRİNCİ FON SEPETİ FONU,11.08.2026,"8,089092",22667257.00,434,"183357537,60"
OGD,OYAK PORTFÖY ALTIN KATILIM FONU,11.08.2026,"11,517791",67408615.00,3143,"776398362,36"
OGF,OYAK PORTFÖY OYAK ÜYELERI İLE ÇALIŞANLARıNA YÖNELİK BORÇLANMA ARAÇLARI ÖZEL FONU,11.08.2026,"9,321503",14415115.00,436,"134370538,86"
OGV,QNB PORTFÖY HUNA SERBEST (DÖVİZ) ÖZEL FON,11.08.2026,"71,34896",3942995.00,1,"281328594,38"
OHB,OYAK PORTFÖY BİRİNCİ HİSSE SENEDİ (TL) FONU (HİSSE SENEDİ YOĞUN FON),11.08.2026,"23,255929",59086098.00,1059,"1374102099,42"
OHI,PARDUS PORTFÖY ONUNCU HİSSE SENEDİ SERBEST (TL) FON (HİSSE SENEDİ YOĞUN FON),11.08.2026,"0,090385",14713864339.00,44,"1329915242,42"
OHK,OYAK PORTFÖY KATILIM HİSSE SENEDİ (TL) FONU (HİSSE SENEDİ YOĞUN FON),11.08.2026,"2,789903",9817631.00,1188,"27390242,62"
OIL,OSMANLI PORTFÖY ALTIN FON SEPETİ FONU,11.08.2026,"3,851284",11207867.00,654,"43164679,14"
OIR,OSMANLI PORTFÖY DENGELİ FON SEPETİ FONU,11.08.2026,"5,026838",3820632.00,229,"19205698,11"
OIS,ASTRA PORTFÖY İKİNCİ SERBEST ÖZEL FON,11.08.2026,"3,386055",190643928.00,2,"645530823,26"
OJB,QNB PORTFÖY BEŞİNCİ SERBEST (DÖVİZ) FON,11.08.2026,"52,999471",521972175.00,6943,"27664249035,60"
OJH,ASTRA PORTFÖY BİRİNCİ HİSSE SENEDİ SERBEST FON (HİSSE SENEDİ YOĞUN FON),11.08.2026,"9,45687",2431669.00,27,"22995978,24"
OJK,QNB PORTFÖY ALTIN FONU,11.08.2026,"13,256524",3491961088.00,27817,"46291265710,31"
OJT,QNB PORTFÖY TEKNOLOJİ FON SEPETİ FONU,11.08.2026,"12,917516",368275526.00,11206,"4757205152,72"
OJU,QNB PORTFÖY UFUK SERBEST (DÖVİZ) ÖZEL FON,11.08.2026,"68,328058",847253.00,2,"57891152,13"
OJY,QNB PORTFÖY YALÇIN SERBEST (DÖVİZ) ÖZEL FON,11.08.2026,"71,789339",34418480.00,6,"2470879915,50"
OKD,OYAK PORTFÖY BİRİNCİ DEĞİŞKEN FON,11.08.2026,"0,596297",143152093.00,989,"85361204,92"
OKF,OYAK PORTFÖY KAR PAYI ÖDEYEN BİRİNCİ SERBEST (TL) FON,11.08.2026,"4,675021",1772974341.00,12,"8288691866,29"
OKP,OYAK PORTFÖY BİRİNCİ KISA VADELİ BORÇLANMA ARAÇLARI (TL) FONU,11.08.2026,"6,395496",13595362.00,425,"86949088,81"
OKT,OYAK PORTFÖY BİRİNCİ BORÇLANMA ARAÇLARI FONU,11.08.2026,"0,161846",711206523.00,854,"115105597,52"
OLA,OSMANLI PORTFÖY İKİNCİ SERBEST (DÖVİZ- AVRO) FON,11.08.2026,"53,259806",383593.99,30,"20430141,46"
OLD,QNB PORTFÖY TEMİZ ENERJİ VE SU FON SEPETİ FONU,11.08.2026,"3,246702",46558781.00,5624,"151162496,18"
OLE,OSMANLI PORTFÖY BİRİNCİ FON SEPETİ FONU,11.08.2026,"5,017192",65898374.00,515,"330624798,70"
OMB,ASTRA PORTFÖY MAB SERBEST (DÖVİZ) ÖZEL FON,11.08.2026,"63,779999",3513883.00,3,"224115454,67"
OMC,QNB PORTFÖY ORKİDE SERBEST (DÖVİZ) ÖZEL FON,11.08.2026,"71,637838",5659003.00,2,"405398738,36"
OME,PARDUS PORTFÖY EVREN SERBEST FON,11.08.2026,"23,246976",3376422.00,68,"78491602,37"
OMG,AZİMUT PORTFÖY İKİNCİ HİSSE SENEDİ FONU (HİSSE SENEDİ YOĞUN FON),11.08.2026,"1,823105",725509899.00,738,"1322680675,60"
ONB,TEB PORTFÖY ALTERNATİF BANK SERBEST (DÖVİZ) ÖZEL FON,11.08.2026,"52,159231",109255200.00,587,"5698667198,64"
OND,QNB PORTFÖY KAR PAYI ÖDEYEN ONBİRİNCİ SERBEST (DÖVİZ) FON,11.08.2026,"47,788685",72620000.01,627,"3470414284,12"
ONE,AKTİF PORTFÖY BİRİNCİ HİSSE SENEDİ SERBEST (TL) FON (HİSSE SENEDİ YOĞUN FON),11.08.2026,"1,460755",20773168.48,675,"30344509,81"
ONF,AK PORTFÖY ONALTINCI SERBEST (DÖVİZ-POUND) FON,11.08.2026,"65,607584",47736797.00,819,"3131895915,40"
ONK,AK PORTFÖY ONİKİNCİ SERBEST (DÖVİZ-AVRO) FON,11.08.2026,"59,741947",1638322577.00,22298,"97876581320,34"
ONN,AKTİF PORTFÖY AKTİF ONİKS SERBEST (TL) FON,11.08.2026,"6,362074",195509053.00,584,"1243843138,18"
ONS,İŞ PORTFÖY ONİKİNCİ SERBEST (DÖVİZ) FON,11.08.2026,"53,841296",2955746219.00,23457,"159141207585,70"
ONT,TEB PORTFÖY ONDÖRDÜNCÜ SERBEST (DÖVİZ) FON,11.08.2026,"52,561658",91411125.00,374,"4804720328,94"
ONY,TEB PORTFÖY ONYEDİNCİ SERBEST (DÖVİZ-POUND) FON,11.08.2026,"66,07176",35881026.00,740,"2370722541,73"
OPB,OSMANLI PORTFÖY BİRİNCİ DEĞİŞKEN FON,11.08.2026,"13,297769",3688003.00,414,"49042212,31"
OPD,OSMANLI PORTFÖY ANKA SERBEST FON,11.08.2026,"8,440435",7945866.00,20,"67066562,11"
OPF,OSMANLI PORTFÖY AGRESİF DEĞİŞKEN FON,11.08.2026,"3,218403",137413059.00,1077,"442250547,28"
OPH,OSMANLI PORTFÖY BİRİNCİ HİSSE SENEDİ FONU(HİSSE SENEDİ YOĞUN FON),11.08.2026,"25,945022",35509561.00,2517,"921296354,52"
OPI,OSMANLI PORTFÖY KAR PAYI ÖDEYEN HİSSE SENEDİ (TL) FONU (HİSSE SENEDİ YOĞUN FON),11.08.2026,"22,430435",9714985.00,1564,"217911336,92"
OPJ,QNB PORTFÖY QNB PARA PİYASASI (TL) FONU,11.08.2026,"1,666265",501712142.00,2230,"835985362,27"
OPL,OSMANLI PORTFÖY İKİNCİ DEĞİŞKEN FON,11.08.2026,"9,502872",4099990.00,519,"38961679,25"
OPZ,AK PORTFÖY ÖPY ALTINCI SERBEST ÖZEL FON,11.08.2026,"5,685551",125156982.00,1,"711586445,87"
ORC,ASTRA PORTFÖY ALFA SERBEST FON,11.08.2026,"1,482386",807855725.00,52,"1197554015,12"
ORI,AZİMUT PORTFÖY ORGANİK SERBEST (DÖVİZ) ÖZEL FON,11.08.2026,"60,596035",27722894.00,5,"1679897447,82"
OSD,OSMANLI PORTFÖY ÖZEL SEKTÖR BORÇLANMA ARAÇLARI FONU,11.08.2026,"14,08757",43109387.00,871,"607306520,78"
OSF,NEO PORTFÖY BALKAN SERBEST FON,11.08.2026,"109,925902",43220160.00,17,"4751015053,64"
OSH,OSMANLI PORTFÖY MİNERVA SERBEST FON,11.08.2026,"0,57411",112798247.00,17,"64758606,54"
OSL,OSMANLI PORTFÖY KISA VADELİ BORÇLANMA ARAÇLARI (TL) FONU,11.08.2026,"0,154233",8159138175.00,4147,"1258407879,73"
OSN,AK PORTFÖY ONUNCU SERBEST FON,11.08.2026,"1,535721",22892689.00,105,"35156786,63"
OTE,QNB PORTFÖY TAYMER SERBEST (DÖVİZ) ÖZEL FON,11.08.2026,"66,098248",2914766.00,2,"192660927,27"
OTF,OYAK PORTFÖY TÜRKİYE FİNANS KISA VADELİ KİRA SERTİFİKASI KATILIM (TL) FONU,11.08.2026,"6,854304",86499203.00,1869,"592891798,75"
OTJ,OYAK PORTFÖY KIYMETLİ MADENLER KATILIM FON SEPETİ FONU,11.08.2026,"7,095442",459795021.00,22715,"3262448786,68"
OTK,OYAK PORTFÖY BİRİNCİ KATILIM SERBEST FON,11.08.2026,"8,320194",581822.00,63,"4840872,10"
OTM,AZİMUT PORTFÖY OTOMOTİV SEKTÖRÜ DEĞİŞKEN FON,11.08.2026,"1,26969",10508918.00,95,"13343063,98"
OTZ,QNB PORTFÖY TANER SERBEST (DÖVİZ) ÖZEL FON,11.08.2026,"69,65604",4472207.00,4,"311516230,10"
OUB,OSMANLI PORTFÖY ÜÇÜNCÜ SERBEST (TL) FON,11.08.2026,"7,048945",124960731.00,14,"880841277,12"
OUD,OSMANLI PORTFÖY ATLANTİK SERBEST (DÖVİZ) FON,11.08.2026,"66,557927",2209395.00,120,"147052750,75"
OUN,AK PORTFÖY ONÜÇÜNCÜ SERBEST (DÖVİZ) FON,11.08.2026,"53,692656",4315101.00,317,"231689232,38"
OUR,OSMANLI PORTFÖY PASİFİK SERBEST (DÖVİZ) FON,11.08.2026,"83,597178",375508.00,11,"31391409,25"
OUY,ASTRA PORTFÖY BİRİNCİ SERBEST (DÖVİZ) ÖZEL FON,11.08.2026,"65,434668",25452185.00,2,"1665455270,74"
OVD,QNB PORTFÖY EMTİA FON SEPETİ FONU,11.08.2026,"3,319208",211533562.00,2990,"702123898,70"
OVR,QNB PORTFÖY FAGİ SERBEST (DÖVİZ) ÖZEL FON,11.08.2026,"68,071404",7132953.00,1,"485550125,03"
OYL,OYAK PORTFÖY BİRİNCİ PARA PİYASASI (TL) FONU,11.08.2026,"0,160079",21224552660.00,8325,"3397604997,93"
OYS,OYAK PORTFÖY ÜÇÜNCÜ SERBEST (TL) FON,11.08.2026,"9,546828",1635513894.00,11,"15613969945,02"
OYT,OYAK PORTFÖY BİRİNCİ SERBEST FON,11.08.2026,"0,136372",12873590820.00,65,"1755597463,47"
OZC,ASTRA PORTFÖY BİRİNCİ HİSSE SENEDİ SERBEST ÖZEL FON (HİSSE SENEDİ YOĞUN FON),11.08.2026,"2,894947",385488835.00,1,"1115969671,82"
P1A,A1 CAPİTAL PORTFÖY PARA PİYASASI (TL) SERBEST FON,11.08.2026,"1,512298",394577118.00,362,"596718230,94"
PA2,PUSULA PORTFÖY ALTIN KATILIM FONU,11.08.2026,"1,086085",30809549.00,289,"33461780,13"
PAB,A1 CAPİTAL PORTFÖY PARA PİYASASI (TL) FONU,11.08.2026,"1,394695",87299609.00,641,"121756369,11"
PAC,AZİMUT PORTFÖY AC HİSSE SENEDİ SERBEST ÖZEL FON (HİSSE SENEDİ YOĞUN FON),11.08.2026,"3,140008",256267233.00,1,"804681273,60"
PAF,PARDUS PORTFÖY ALTIN FONU,11.08.2026,"3,528257",83305493.00,3364,"293923149,26"
PAI,AK PORTFÖY ING ÖZEL BANKACILIK VE PLATINUM MUTLAK GETİRİ HEDEFLİ DEĞİŞKEN ÖZEL FON,11.08.2026,"6,349024",70252316.00,509,"446033636,55"
PAL,AK PORTFÖY ALTINCI SERBEST(DÖVİZ) FON,11.08.2026,"56,722247",2834052508.00,32004,"160753825806,96"
PAO,PARDUS PORTFÖY ANADOLU HİSSE SENEDİ SERBEST FON (HİSSE SENEDİ YOĞUN FON),11.08.2026,"1,166603",23723448.00,247,"27675844,61"
PAU,GARANTİ PORTFÖY SERBEST (DÖVİZ-POUND) FON,11.08.2026,"67,41322",164990889.00,3833,"11122567069,16"
PBE,PUSULA PORTFÖY BATI SERBEST FON,11.08.2026,"5,939229",9247213.00,11,"54921318,79"
PBF,PHİLLİP PORTFÖY BİRİNCİ SERBEST ÖZEL FON,11.08.2026,"1,598657",954233191.00,2,"1525492038,46"
PBH,PUSULA PORTFÖY BİRİNCİ HİSSE SENEDİ SERBEST (TL) FON (HİSSE SENEDİ YOĞUN FON),11.08.2026,"1,318296",2398364628.00,12,"3161753990,89"
PBI,PARDUS PORTFÖY BİRİNCİ FON SEPETİ FONU,11.08.2026,"2,277085",48965288.00,610,"111498129,11"
PBK,ASTRA PORTFÖY BİRİNCİ KATILIM SERBEST (DÖVİZ) FON,11.08.2026,"57,908589",2003088.00,118,"115996000,02"
PBN,PİRAMİT PORTFÖY BİRİNCİ HİSSE SENEDİ SERBEST FON (HİSSE SENEDİ YOĞUN FON),11.08.2026,"1,597668",356352440.00,816,"569333064,79"
PBR,PUSULA PORTFÖY BİRİNCİ DEĞİŞKEN FON,11.08.2026,"5,466943",4477391016.00,68352,"24477640039,60"
PBS,AZİMUT PORTFÖY BOĞAZİÇİ SERBEST (DÖVİZ) FON,11.08.2026,"69,149213",5658894.00,22,"391308065,61"
PBY,PARDUS PORTFÖY BIST 100 DIŞI ŞİRKETLER HİSSE SENEDİ SERBEST (TL) FON (HİSSE SENEDİ YOĞUN FON),11.08.2026,"1,242009",134217214.00,55,"166698993,23"
PCE,PARDUS PORTFÖY İNCİ SERBEST FON,11.08.2026,"1,272705",98873144.00,159,"125836318,42"
PCH,PARDUS PORTFÖY CAPİTAL HİSSE SENEDİ SERBEST FON (HİSSE SENEDİ YOĞUN FON),11.08.2026,"3,998272",226627712.00,57,"906119311,07"
PCN,PERFORM PORTFÖY ÜÇÜNCÜ SERBEST (DÖVİZ)  FON,11.08.2026,"65,265861",8605496.00,12,"561645106,43"
PCS,PUSULA PORTFÖY ÜÇÜNCÜ HİSSE SENEDİ SERBEST FON (HİSSE SENEDİ YOĞUN FON),11.08.2026,"7,510234",10961507431.00,30,"82323488712,28"
PDC,PUSULA PORTFÖY DÖRDÜNCÜ HİSSE SENEDİ SERBEST (TL) FON (HİSSE SENEDİ YOĞUN FON),11.08.2026,"0,357897",1083898739.00,13,"387924264,93"
PDD,ASTRA PORTFÖY KATILIM FONU,11.08.2026,"5,899603",145980732.00,175,"861228342,81"
PDE,PUSULA PORTFÖY DENGE KATILIM SERBEST FON,11.08.2026,"1,859044",9733642462.00,14,"18095265554,95"
PDF,ASTRA PORTFÖY BİRİNCİ SERBEST (DÖVİZ) FON,11.08.2026,"60,149568",7892686.00,57,"474741655,64"
PDG,PUSULA PORTFÖY DOĞU HİSSE SENEDİ SERBEST (TL) FON (HİSSE SENEDİ YOĞUN FON),11.08.2026,"0,64933",1244566886.00,11,"808135150,87"
PDH,PARDUS PORTFÖY DOĞU HİSSE SENEDİ SERBEST FON (HİSSE SENEDİ YOĞUN FON),11.08.2026,"20,082546",281904512.00,79,"5661360469,55"
PDR,PHİLLİP PORTFÖY SÜRDÜRÜLEBİLİRLİK SERBEST ÖZEL FON,11.08.2026,"1,021712",2249115622.00,2,"2297949544,26"
PDS,PARDUS PORTFÖY DÖRDÜNCÜ SERBEST FON,11.08.2026,"0,497204",270090632.00,41,"134290060,40"
PEA,PERFORM PORTFÖY ALTIN FONU,11.08.2026,"1,452219",47236726.00,100,"68598059,04"
PFO,PHİLLİP PORTFÖY FON SEPETİ FONU,11.08.2026,"2,291413",32617982.00,289,"74741278,85"
PFS,ATLAS PORTFÖY FON SEPETİ FONU,11.08.2026,"2,9397",5228562.00,90,"15370405,02"
PGD,ASTRA PORTFÖY AGRESİF DEĞİŞKEN FON,11.08.2026,"1,75946",114494545.00,162,"201448522,95"
PGE,PARDUS PORTFÖY GÜNEY HİSSE SENEDİ SERBEST FON (HİSSE SENEDİ YOĞUN FON),11.08.2026,"24,891301",403828398.00,45,"10051814045,98"
PGH,PUSULA PORTFÖY GÜNEY HİSSE SENEDİ SERBEST (TL) FON (HİSSE SENEDİ YOĞUN FON),11.08.2026,"18,04438",1310913157.00,12,"23654615040,44"
PGS,AZİMUT PORTFÖY PAY GERİ ALIMI YAPAN ŞİRKETLER HİSSE SENEDİ FONU (HİSSE SENEDİ YOĞUN FON),11.08.2026,"1,28016",133038766.00,447,"170310843,52"
PHB,PUSULA PORTFÖY BEŞİNCİ HİSSE SENEDİ SERBEST (TL) FON (HİSSE SENEDİ YOĞUN FON),11.08.2026,"2,059135",5884495352.00,14,"12116969257,43"
PHE,PUSULA PORTFÖY HİSSE SENEDİ FONU (HİSSE SENEDİ YOĞUN FON),11.08.2026,"3,895899",10963304693.00,130071,"42711931176,00"
PHF,PİRAMİT PORTFÖY BİST 50 DIŞI ŞİRKETLER HİSSE SENEDİ SERBEST FON (HİSSE SENEDİ YOĞUN FON),11.08.2026,"0,963184",294016510.00,12,"283192132,20"
PHI,PİRAMİT PORTFÖY HİSSE SENEDİ FONU (HİSSE SENEDİ YOĞUN FON),11.08.2026,"1,585425",46721046.00,124,"74072732,70"
PHK,PHİLLİP PORTFÖY KATILIM HİSSE SENEDİ FONU (HİSSE SENEDİ YOĞUN FON),11.08.2026,"1,544183",52547341.00,255,"81142686,53"
PHN,PUSULA PORTFÖY İKİNCİ HİSSE SENEDİ SERBEST FON (HİSSE SENEDİ YOĞUN FON),11.08.2026,"832,776572",9250903.00,16,"7703935289,31"
PHS,PERFORM PORTFÖY İKİNCİ HİSSE SENEDİ SERBEST FON (HİSSE SENEDİ YOĞUN FON),11.08.2026,"4,444305",46317986.00,17,"205851275,81"
PHY,PARDUS PORTFÖY BATI HİSSE SENEDİ SERBEST FON (HİSSE SENEDİ YOĞUN FON),11.08.2026,"4,889828",129821974.00,45,"634807079,50"
PID,PİRAMİT PORTFÖY DEĞİŞKEN FON,11.08.2026,"1,871502",29082268.00,114,"54427522,41"
PIL,ROTA PORTFÖY PİL TEKNOLOJİLERİ VE ENERJİ FON SEPETİ FONU,11.08.2026,"3,965373",128449822.00,7846,"509351394,95"
PIP,GARANTİ PORTFÖY İKİNCİ PARA PİYASASI SERBEST (TL) FON,11.08.2026,"1,665852",15312986375.00,396,"25509173947,95"
PIR,PİRAMİT PORTFÖY ALTIN FONU,11.08.2026,"1,659557",69829332.00,926,"115885758,55"
PIS,PARDUS PORTFÖY İKİNCİ KISA VADELİ SERBEST (TL) FON,11.08.2026,"1,442239",788095857.00,208,"1136622412,66"
PJL,PHİLLİP PORTFÖY PARA PİYASASI FONU,11.08.2026,"5,144938",224704740.00,2538,"1156092019,61"
PJP,PERFORM PORTFÖY BİRİNCİ SERBEST (DÖVİZ) FON,11.08.2026,"49,572619",8151483.00,15,"404090360,68"
PK1,AHLATCI PORTFÖY PARA PİYASASI KATILIM (TL) FONU,11.08.2026,"1,036233",46724058.00,108,"48417001,94"
PKD,PUSULA PORTFÖY İKİNCİ KATILIM HİSSE SENEDİ SERBEST FON (HİSSE SENEDİ YOĞUN FON),11.08.2026,"0,908227",20143785.00,90,"18295125,38"
PKF,ATA PORTFÖY ALTIN KATILIM FONU,11.08.2026,"4,66521",83695379.00,1565,"390456550,69"
PKH,DENİZ PORTFÖY POYRAZ KATILIM HİSSE SENEDİ SERBEST FON (HİSSE SENEDİ YOĞUN FON),11.08.2026,"0,898646",134182803.00,11,"120582842,07"
PKL,PUSULA PORTFÖY KATILIM SERBEST (TL) FON,11.08.2026,"2,470302",1551096096.00,13,"3831675317,85"
PKM,PUSULA PORTFÖY PARA PİYASASI KATILIM (TL) FONU,11.08.2026,"1,057854",441989501.00,522,"467560366,52"
PKN,PİRAMİT PORTFÖY İKİNCİ HİSSE SENEDİ SERBEST FON (HİSSE SENEDİ YOĞUN FON),11.08.2026,"2,631993",24323600.00,12,"64019538,30"
PKP,ATA PORTFÖY PARA PİYASASI KATILIM SERBEST FON,11.08.2026,"1,24383",290563146.00,96,"361411122,02"
PKR,ROTA PORTFÖY PARA PİYASASI KATILIM FONU,11.08.2026,"1,522445",354746139.00,217,"540081527,81"
PKT,YAPI KREDİ PORTFÖY PARA PİYASASI KATILIM SERBEST (TL) FON,11.08.2026,"1,577724",8087331515.00,1107,"12759574760,30"
PKU,PARDUS PORTFÖY KUZEY HİSSE SENEDİ SERBEST FON (HİSSE SENEDİ YOĞUN FON),11.08.2026,"14,245049",745479050.00,45,"10619385721,07"
PKV,PARDUS PORTFÖY KISA VADELİ SERBEST (TL) FON,11.08.2026,"2,032898",6929922754.00,3128,"14087828923,63"
PKZ,PUSULA PORTFÖY KUZEY HİSSE SENEDİ SERBEST (TL) FON (HİSSE SENEDİ YOĞUN FON),11.08.2026,"11,114344",4110100454.00,15,"45681071285,05"
PLA,YAPI KREDİ PORTFÖY PLAY FON SEPETİ ÖZEL FONU,11.08.2026,"1,261962",611915.00,117,"772213,23"
PLR,OSMANLI PORTFÖY PARA PİYASASI FONU,11.08.2026,"1,653258",552199846.00,893,"912929064,32"
PLS,DENİZ PORTFÖY LARA SERBEST (DÖVİZ) ÖZEL FON,11.08.2026,"26,321459",34834729.00,7,"916900895,48"
PMG,İŞ PORTFÖY MG HİSSE SENEDİ SERBEST ÖZEL FON (HİSSE SENEDİ YOĞUN FON),11.08.2026,"1,583982",874681642.00,1,"1385480008,94"
PMH,PARDUS PORTFÖY MARMARA HİSSE SENEDİ SERBEST FON (HİSSE SENEDİ YOĞUN FON),11.08.2026,"0,007665",3375437181.00,44,"25871568,09"
PMP,PARDUS PORTFÖY MODEL PORTFÖY HİSSE SENEDİ SERBEST FON (HİSSE SENEDİ YOĞUN FON),11.08.2026,"0,872461",21807230.00,448,"19025949,93"
PNU,PUSULA PORTFÖY İKİNCİ PARA PİYASASI (TL) FONU,11.08.2026,"1,218513",26550226870.00,21038,"32351784038,28"
PO7,PARDUS PORTFÖY ONYEDİNCİ HİSSE SENEDİ SERBEST FON (HİSSE SENEDİ YOĞUN FON),11.08.2026,"1,069688",2332067426.00,43,"2494584868,76"
PO8,PARDUS PORTFÖY ONSEKİZİNCİ HİSSE SENEDİ SERBEST FON (HİSSE SENEDİ YOĞUN FON),11.08.2026,"2,672632",114850411.00,49,"306952900,61"
PO9,PARDUS PORTFÖY ONDOKUZUNCU HİSSE SENEDİ SERBEST FON (HİSSE SENEDİ YOĞUN FON),11.08.2026,"0,825411",260116718.00,148,"214703299,39"
POB,PARDUS PORTFÖY ONBİRİNCİ HİSSE SENEDİ SERBEST (TL) FON (HİSSE SENEDİ YOĞUN FON),11.08.2026,"3,916951",1035033731.00,45,"4054176139,45"
POD,DENİZ PORTFÖY ONBEŞİNCİ SERBEST (DÖVİZ-POUND) FON,11.08.2026,"68,461797",64999335.00,1410,"4449971255,77"
POF,PARDUS PORTFÖY ONALTINCI HİSSE SENEDİ SERBEST (TL) FON (HİSSE SENEDİ YOĞUN FON),11.08.2026,"2,645733",1016437897.00,45,"2689223354,30"
POH,PİRAMİT PORTFÖY ÖZGÜN HİSSE SENEDİ SERBEST ÖZEL FON (HİSSE SENEDİ YOĞUN FON),11.08.2026,"1,092487",1711421252.00,4,"1869706317,35"
POI,PARDUS PORTFÖY ONİKİNCİ HİSSE SENEDİ SERBEST (TL) FON (HİSSE SENEDİ YOĞUN FON),11.08.2026,"0,058429",4556187582.00,42,"266213111,39"
POS,PARDUS PORTFÖY ONBEŞİNCİ HİSSE SENEDİ SERBEST (TL) FON (HİSSE SENEDİ YOĞUN FON),11.08.2026,"1,197643",77681739.00,525,"93035018,98"
POU,PARDUS PORTFÖY ONÜÇÜNCÜ HİSSE SENEDİ SERBEST (TL) FON (HİSSE SENEDİ YOĞUN FON),11.08.2026,"2,347804",2743929803.00,72,"6442209838,89"
PP1,PARDUS PORTFÖY BİRİNCİ KATILIM FONU,11.08.2026,"1,634958",20930825.00,271,"34221014,02"
PPB,PHİLLİP PORTFÖY BİRİNCİ HİSSE SENEDİ FONU (HİSSE SENEDİ YOĞUN FON),11.08.2026,"9,941866",37881991.00,1569,"376617664,56"
PPD,PERFORM PORTFÖY HİSSE SENEDİ SERBEST FON (HİSSE SENEDİ YOĞUN FON),11.08.2026,"34,496381",67570626.00,109,"2330942072,10"
PPE,PHİLLİP PORTFÖY SERBEST (DÖVİZ) FON,11.08.2026,"62,54895",11968087.00,66,"748591275,50"
PPF,AZİMUT PORTFÖY AKÇE SERBEST FON,11.08.2026,"5,138199",106984833.00,22,"549709311,73"
PPG,ALBARAKA PORTFÖY PARA PİYASASI KATILIM FONU,11.08.2026,"1,439919",1670544818.00,1672,"2405449008,40"
PPH,PARDUS PORTFÖY BIST 100 DIŞI ŞİRKETLER HİSSE SENEDİ (TL) FONU (HİSSE SENEDİ YOĞUN FON),11.08.2026,"1,650149",41159968.00,2593,"67920099,58"
PPI,YAPI KREDİ PORTFÖY ÜÇÜNCÜ PARA PİYASASI (TL) FONU,11.08.2026,"2,258887",2227545219.00,2794,"5031772168,54"
PPJ,AK PORTFÖY İKİNCİ PARA PİYASASI SERBEST (TL) FON,11.08.2026,"1,831615",46997073374.00,6765,"86080543812,64"
PPK,QNB PORTFÖY PARA PİYASASI KATILIM (TL) FONU,11.08.2026,"2,226682",2599706884.00,3078,"5788720802,16"
PPM,PİRAMİT PORTFÖY MUTLAK GETİRİ HEDEFLİ HİSSE SENEDİ SERBEST FON (HİSSE SENEDİ YOĞUN FON),11.08.2026,"2,162099",65251944.00,153,"141081133,87"
PPN,NUROL PORTFÖY PARA PİYASASI (TL) FONU,11.08.2026,"5,708611",2137258662.00,13579,"12200777308,73"
PPO,PARDUS PORTFÖY ONDÖRDÜNCÜ HİSSE SENEDİ SERBEST (TL) FON (HİSSE SENEDİ YOĞUN FON),11.08.2026,"2,973803",61183735.00,44,"181948386,02"
PPP,PERFORM PORTFÖY PARA PİYASASI (TL) FONU,11.08.2026,"3,09099",2704290310.00,370,"8358933611,18"
PPS,PHİLLİP PORTFÖY BİRİNCİ SERBEST FON,11.08.2026,"3,292343",304947002.00,2602,"1003990105,21"
PPT,ATLAS PORTFÖY PARA PİYASASI (TL) FONU,11.08.2026,"3,242305",826349164.00,3833,"2679276285,75"
PPU,PARDUS PORTFÖY ÜÇÜNCÜ SERBEST FON,11.08.2026,"1,740346",160242546.00,44,"278877485,06"
PPV,AKTİF PORTFÖY PARA PİYASASI SERBEST (TL) FON,11.08.2026,"1,138922",6202690322.00,160,"7064379307,12"
PPZ,AZİMUT PORTFÖY PARA PİYASASI (TL) FONU,11.08.2026,"6,518358",2031420883.00,8203,"13241528073,62"
PRD,PİRAMİT PORTFÖY PARA PİYASASI (TL) FONU,11.08.2026,"2,315065",227071708.00,608,"525685674,46"
PRF,AZİMUT PORTFÖY IRF SERBEST (DÖVİZ) ÖZEL FON,11.08.2026,"68,44259",2904999.00,2,"198825655,80"
PRH,AURA PORTFÖY PARA PİYASASI (TL) FONU,11.08.2026,"2,167473",295696098.00,314,"640913449,29"
PRR,INVEO PORTFÖY PARA PİYASASI KATILIM (TL) FONU,11.08.2026,"1,320661",613394133.00,147,"810085810,18"
PRU,ALLBATROSS PORTFÖY KISA VADELİ SERBEST (TL) FON,11.08.2026,"3,617169",843384263.00,1589,"3050663469,36"
PRV,ASTRA PORTFÖY PARA PİYASASI SERBEST FON,11.08.2026,"1,331207",3008841896.00,83,"4005390473,52"
PRY,PUSULA PORTFÖY PARA PİYASASI (TL) FONU,11.08.2026,"3,127783",35828038873.00,52098,"112062322569,49"
PSD,İŞ PORTFÖY PERAS SERBEST (DÖVİZ) ÖZEL FON,11.08.2026,"53,404707",50962165.00,1,"2721619500,97"
PSE,ATLAS PORTFÖY PARA PİYASASI SERBEST FON,11.08.2026,"1,851002",14459031697.00,6366,"26763690611,43"
PSG,AZİMUT PORTFÖY 9.0 SERBEST FON,11.08.2026,"8,914458",45983627.00,16,"409919130,10"
PSH,DENİZ PORTFÖY PERAKENDE SEKTÖRÜ HİSSE SENEDİ (TL) FONU (HİSSE SENEDİ YOĞUN FON),11.08.2026,"1,031121",16900275.00,389,"17426222,73"
PSL,AZİMUT PORTFÖY 8.0 SERBEST FON,11.08.2026,"8,425899",40286918.00,54,"339453512,46"
PSO,İŞ PORTFÖY PERAS SERBEST ÖZEL FON,11.08.2026,"0,426958",2046269480.00,1,"873670188,96"
PSR,PARDUS PORTFÖY SANAYİ ŞİRKETLERİ HİSSE SENEDİ SERBEST FON (HİSSE SENEDİ YOĞUN FON),11.08.2026,"2,926343",413862679.00,45,"1211103963,22"
PSS,AZİMUT PORTFÖY SARAY SERBEST FON,11.08.2026,"5,941991",45070052.00,11,"267805833,04"
PST,PARDUS PORTFÖY SANAYİ SEKTÖRÜ DIŞI ŞİRKETLER HİSSE SENEDİ SERBEST FON (HİSSE SENEDİ YOĞUN FON),11.08.2026,"0,014379",4222198260.00,48,"60712810,81"
PTC,PERFORM PORTFÖY İKİNCİ SERBEST (DÖVİZ) FON,11.08.2026,"65,414077",15944003.00,16,"1042962241,17"
PTE,TEB PORTFÖY BİRİNCİ PARA PİYASASI SERBEST (TL) FON,11.08.2026,"1,681834",28441049597.92,4768,"47833129866,48"
PTF,QNB PORTFÖY TREND SERBEST FON,11.08.2026,"1,424988",579622346.00,283,"825954870,39"
PTG,AZİMUT PORTFÖY KZY SERBEST (DÖVİZ) ÖZEL FON,11.08.2026,"63,541793",1820000.00,1,"115646063,57"
PTL,TEB PORTFÖY İKİNCİ PARA PİYASASI (TL) FONU,11.08.2026,"1,847737",498055905.00,1694,"920276360,68"
PTN,PHİLLİP PORTFÖY ALTIN FONU,11.08.2026,"1,603925",373873446.00,856,"599665027,08"
PTO,PARDUS PORTFÖY TEMETTÜ ÖDEYEN ŞİRKETLER HİSSE SENEDİ FONU (HİSSE SENEDİ YOĞUN FON),11.08.2026,"1,821041",204589218.00,3825,"372565413,25"
PTP,AHLATCI PORTFÖY PARA PİYASASI (TL) FONU,11.08.2026,"1,182879",88723591.00,304,"104949270,09"
PTS,QNB PORTFÖY PARA PİYASASI SERBEST (TL) FON,11.08.2026,"1,584957",5284237936.00,940,"8375288400,47"
PUA,AZİMUT PORTFÖY ADEMİR SERBEST (TL) ÖZEL FON,11.08.2026,"9,731883",497271653.00,1,"4839389751,67"
PUC,AK PORTFÖY BİRİNCİ KISA VADELİ SERBEST (TL)  FON,11.08.2026,"7,308567",106411734.00,733,"777717265,78"
PUH,PERFORM PORTFÖY ÜÇÜNCÜ HİSSE SENEDİ SERBEST (TL) FON (HİSSE SENEDİ YOĞUN FON),11.08.2026,"1,599364",230003361.00,25,"367859190,86"
PUK,PUSULA PORTFÖY KATILIM HİSSE SENEDİ (TL) FONU (HİSSE SENEDİ YOĞUN FON),11.08.2026,"1,184461",1132242983.00,9402,"1341097955,57"
PUR,AK PORTFÖY BİRİNCİ PARA PİYASASI SERBEST (TL) FON,11.08.2026,"10,333241",13194040072.00,39992,"136337198363,25"
PUT,AK PORTFÖY ÖPY BEŞİNCİ SERBEST ÖZEL FON,11.08.2026,"7,923538",877787362.00,1,"6955181769,43"
PUV,AK PORTFÖY PRUVA SERBEST (DÖVİZ) ÖZEL FON,11.08.2026,"56,702774",21349833.00,1,"1210594762,90"
PVK,ALBARAKA PORTFÖY KISA VADELİ KATILIM SERBEST (TL) FON,11.08.2026,"5,713484",6422331991.00,8319,"36693893676,96"
PYB,TEB PORTFÖY ALTERNATİFBANK PARA PİYASASI (TL) FON,11.08.2026,"1,846995",510345257.00,1113,"942605320,58"
PYD,PARDUS PORTFÖY YİRMİBİRİNCİ HİSSE SENEDİ SERBEST FON (HİSSE SENEDİ YOĞUN FON),11.08.2026,"0,296243",182530202.00,44,"54073238,58"
PYF,AZİMUT PORTFÖY YONCA SERBEST ÖZEL FON,11.08.2026,"10,425765",196109695.00,10,"2044593568,41"
PYH,AZİMUT PORTFÖY 10.0 KATILIM SERBEST FON,11.08.2026,"6,757577",574897031.00,11,"3884910778,13"
PYI,PARDUS PORTFÖY YİRMİİKİNCİ HİSSE SENEDİ SERBEST FON (HİSSE SENEDİ YOĞUN FON),11.08.2026,"15,445622",341945135.00,44,"5281555452,46"
PYL,AZİMUT PORTFÖY 11.0 SERBEST FON,11.08.2026,"9,555608",58061461.00,33,"554812568,84"
PYR,PARDUS PORTFÖY YİRMİNCİ HİSSE SENEDİ SERBEST FON (HİSSE SENEDİ YOĞUN FON),11.08.2026,"1,458675",51238391.00,1207,"74740174,93"
PYS,YAPI KREDİ PORTFÖY PY HARBİYE SERBEST (DÖVİZ) ÖZEL FON,11.08.2026,"59,296195",19245659.00,43,"1141194345,28"
RAF,ROTA PORTFÖY ALTINCI SERBEST FON,11.08.2026,"3,662995",41879576.00,13,"153404690,22"
RAI,ROTA PORTFÖY ABİS HİSSE SENEDİ SERBEST ÖZEL FON (HİSSE SENEDİ YOĞUN FON),11.08.2026,"2,198951",2611267131.00,1,"5742048467,44"
RAN,İŞ PORTFÖY RANA SERBEST (DÖVİZ) ÖZEL FON,11.08.2026,"58,332422",18581754.00,1,"1083918717,78"
RAV,ROTA PORTFÖY ALEV SERBEST FON,11.08.2026,"1,496334",735373680.00,12,"1100364989,95"
RAY,ROTA PORTFÖY RAY SİGORTA SERBEST (TL) ÖZEL FON,11.08.2026,"4,098503",436793424.00,1,"1790199370,83"
RBA,ALBARAKA PORTFÖY BEREKET VAKFI NA DESTEK ALTIN KATILIM FONU,11.08.2026,"21,192228",88215266.00,5392,"1869478038,90"
RBB,RE-PIE PORTFÖY BİRİNCİ BORÇLANMA ARAÇLARI (TL) FONU,11.08.2026,"1,640009",9651897.00,37,"15829193,89"
RBE,ROTA PORTFÖY BEŞİNCİ SERBEST (TL) FON,11.08.2026,"4,229897",701887559.00,16,"2968912295,25"
RBF,ROTA PORTFÖY BİRİNCİ BORÇLANMA ARAÇLARI FONU,11.08.2026,"1,748699",10541442.00,84,"18433806,23"
RBH,ALBARAKA PORTFÖY KATILIM HİSSE SENEDİ FONU (HİSSE SENEDİ YOĞUN FON),11.08.2026,"32,815263",29690428.00,4996,"974299212,85"
RBI,RE-PIE PORTFÖY BİRİNCİ SERBEST (DÖVİZ) FON,11.08.2026,"55,815014",1301096.00,91,"72620692,07"
RBK,ALBARAKA PORTFÖY KATILIM FONU,11.08.2026,"8,724266",5845588.00,1111,"50998462,38"
RBL,QNB PORTFÖY ROBOTİK VE BLOCKCHAİN TEKNOLOJİLERİ SERBEST FON,11.08.2026,"1,794066",182056984.00,837,"326622245,83"
RBN,RE-PIE PORTFÖY BEŞİNCİ HİSSE SENEDİ SERBEST (TL) FON (HİSSE SENEDİ YOĞUN FON),11.08.2026,"1,499884",28803836.00,149,"43202409,26"
RBP,RE-PIE PORTFÖY BİRİNCİ PARA PİYASASI (TL) FONU,11.08.2026,"2,241112",1318790558.00,1055,"2955557128,32"
RBR,RE-PIE  PORTFÖY BİRİNCİ KATILIM SERBEST FON,11.08.2026,"3,70795",24531848.00,745,"90962861,52"
RBT,ALBARAKA PORTFÖY KİRA SERTİFİKALARI  KATILIM FONU,11.08.2026,"6,503375",205577479.00,2749,"1336947457,41"
RBV,ALBARAKA PORTFÖY KISA VADELİ KİRA SERTİFİKALARI KATILIM (TL) FONU,11.08.2026,"6,837921",1093534635.00,17088,"7477503691,67"
RCL,ROTA PORTFÖY CELO SERBEST (DÖVİZ) ÖZEL FON,11.08.2026,"61,271409",2685011.00,1,"164514405,81"
RCS,ROTA PORTFÖY CS SERBEST ÖZEL FON,11.08.2026,"5,012661",459159.00,1,"2301608,54"
RCV,AZİMUT PORTFÖY BİRİNCİ ÇOKLU VARLIK KATILIM FONU,11.08.2026,"1,770164",35099640.00,101,"62132123,87"
RD1,ROTA PORTFÖY BİRİNCİ DEĞİŞKEN FON,11.08.2026,"1,911908",34673084.00,151,"66291748,17"
RDF,ROTA PORTFÖY DOKUZUNCU HİSSE SENEDİ SERBEST FON (HİSSE SENEDİ YOĞUN FON),11.08.2026,"1,578949",252190662.00,721,"398196298,71"
RDH,RE-PIE PORTFÖY DÖRDÜNCÜ HİSSE SENEDİ SERBEST (TL) FON (HİSSE SENEDİ YOĞUN FON),11.08.2026,"6,608031",261206263.00,16,"1726059115,26"
RDK,ROTA PORTFÖY ESİN HİSSE SENEDİ SERBEST ÖZEL FON (HİSSE SENEDİ YOĞUN FON),11.08.2026,"1,205163",1073118.00,2,"1293282,52"
RDS,ROTA PORTFÖY DÖRDÜNCÜ SERBEST (DÖVİZ) FON,11.08.2026,"22,264616",42798417.00,11,"952890324,04"
RDT,PHİLLİP PORTFÖY RODOSTO SERBEST FON,11.08.2026,"0,902828",81300637.00,54,"73400506,85"
RDZ,ROTA PORTFÖY ONDOKUZUNCU SERBEST (DÖVİZ) FON,11.08.2026,"50,028333",13204342.00,119,"660591224,19"
RE6,RE-PIE PORTFÖY ALTINCI HİSSE SENEDİ SERBEST (TL) FON (HİSSE SENEDİ YOĞUN FON),11.08.2026,"1,386779",47683648.00,11,"66126680,71"
RE7,RE-PIE PORTFÖY YEDİNCİ HİSSE SENEDİ SERBEST (TL) FON (HİSSE SENEDİ YOĞUN FON),11.08.2026,"0,687448",139912.00,13,"96182,23"
RE8,RE-PIE PORTFÖY SEKİZİNCİ HİSSE SENEDİ SERBEST (TL) FON (HİSSE SENEDİ YOĞUN FON),11.08.2026,"3,218971",384388219.00,13,"1237334669,10"
RFM,ROTA PORTFÖY ENERJİ VE METAL FON SEPETİ FONU,11.08.2026,"1,074979",19505268.00,247,"20967761,00"
RGD,RE-PIE PORTFÖY AGRESİF DEĞİŞKEN FON,11.08.2026,"1,098026",25976436.00,121,"28522795,31"
RGH,RE-PIE PORTFÖY MUTLAK GETİRİ HEDEFLİ HİSSE SENEDİ SERBEST FON (HİSSE SENEDİ YOĞUN FON),11.08.2026,"1,134578",34407538.00,23,"39038029,78"
RHD,ROTA PORTFÖY HEDEF SERBEST FON,11.08.2026,"1,932404",77630222.00,12,"150012974,53"
RHI,RE-PIE PORTFÖY BİRİNCİ HİSSE SENEDİ (TL) FONU (HİSSE SENEDİ YOĞUN FON),11.08.2026,"1,668188",25514398.00,450,"42562818,46"
RHS,ROTA PORTFÖY HİSSE SENEDİ (TL) FON (HİSSE SENEDİ YOĞUN FON),11.08.2026,"7,311722",110636614.00,1563,"808944182,89"
RIA,ROTA PORTFÖY İSTATİSTİKSEL ARBİTRAJ HİSSE SENEDİ SERBEST FON (HİSSE SENEDİ YOĞUN FON),11.08.2026,"1,365164",14798978.00,48,"20203034,82"
RIH,RE-PIE PORTFÖY İKİNCİ HİSSE SENEDİ SERBEST FON (HİSSE SENEDİ YOĞUN FON),11.08.2026,"11,953071",19718684.00,1791,"235698837,14"
RIK,RE-PIE PORTFÖY İKİNCİ DEĞİŞKEN FON,11.08.2026,"5,521517",133861525.00,4441,"739118697,99"
RJG,RE-PIE PORTFÖY ALTIN KATILIM FONU,11.08.2026,"3,412922",25599911.00,554,"87370490,89"
RKC,ROTA PORTFÖY İKİNCİ DEĞİŞKEN FON,11.08.2026,"1,729694",18251229.00,271,"31569034,33"
RKH,RE-PIE PORTFÖY KATILIM HİSSE SENEDİ SERBEST (TL) FON (HİSSE SENEDİ YOĞUN FON),11.08.2026,"1,032344",8258941.00,75,"8526067,71"
RKL,AZİMUT PORTFÖY ALARKO YATIRIM BİRİNCİ SERBEST (TL) ÖZEL FON,11.08.2026,"2,760551",782602250.00,1,"2160413608,83"
RKS,ROTA PORTFÖY KİRA SERTİFİKALARI KATILIM FONU,11.08.2026,"2,01926",44518334.00,156,"89894073,62"
RKV,RE-PIE PORTFÖY KISA VADELİ KATILIM SERBEST (TL) FON,11.08.2026,"2,575742",200202248.00,237,"516104722,48"
RLH,ROTA PORTFÖY YİRMİNCİ SERBEST FON,11.08.2026,"1,674396",133258909.00,32,"223128167,36"
RO1,ROTA PORTFÖY BİRİNCİ PARA PİYASASI SERBEST FON,11.08.2026,"1,278771",173363874.00,22,"221692641,91"
ROD,ROTA PORTFÖY ODEABANK BİRİNCİ SERBEST (DÖVİZ) ÖZEL FON,11.08.2026,"55,53489",30990843.00,615,"1721073062,44"
ROF,ROTA PORTFÖY ONUNCU HİSSE SENEDİ SERBEST FON (HİSSE SENEDİ YOĞUN FON),11.08.2026,"3,19778",159961652.00,499,"511522236,12"
ROY,ROTA PORTFÖY BİRİNCİ KATILIM SERBEST FON,11.08.2026,"1,388682",482774528.00,13,"670420219,32"
RPC,ROTA PORTFÖY İKLİM DEĞİŞİKLİĞİ ÇÖZÜMLERİ DEĞİŞKEN FON,11.08.2026,"5,356372",4453813.00,554,"23856277,82"
RPD,RE-PIE PORTFÖY BİRİNCİ DEĞİŞKEN FON,11.08.2026,"14,715249",19220778.00,1928,"282838543,62"
RPE,ROTA PORTFÖY EGE SERBEST ÖZEL FON,11.08.2026,"0,00",0.00,0,"94,47"
RPG,ROTA PORTFÖY ALTIN FONU,11.08.2026,"6,132355",145046997.00,1472,"889479628,38"
RPI,ROTA PORTFÖY KATILIM HİSSE SENEDİ FONU (HİSSE SENEDİ YOĞUN FON),11.08.2026,"1,444753",9477307.00,342,"13692365,47"
RPK,ROTA PORTFÖY TGK KAR PAYI ÖDEYEN SERBEST (DÖVİZ) ÖZEL FON,11.08.2026,"63,675933",1790726.00,5,"114026148,26"
RPL,RE-PIE PORTFÖY ALGORİTMİK STRATEJİLER SERBEST FON,11.08.2026,"1,729847",71900745.00,23,"124377304,03"
RPM,ROTA PORTFÖY İLAÇ VE MEDİKAL TEKNOLOJİLERİ DEĞİŞKEN FON,11.08.2026,"4,361843",18544333.00,2816,"80887466,23"
RPN,ROTA PORTFÖY NEV SERBEST FON,11.08.2026,"5,364635",159059117.00,23,"853294031,20"
RPO,ROTA PORTFÖY FORTİS SERBEST (TL) ÖZEL FON,11.08.2026,"6,436644",242983168.00,3,"1563996081,09"
RPP,ROTA PORTFÖY PARA PİYASASI (TL) FONU,11.08.2026,"4,910879",1329153147.00,7846,"6527310591,61"
RPS,ROTA PORTFÖY BİRİNCİ SERBEST (DÖVİZ) FON,11.08.2026,"63,217985",2750135.00,98,"173857992,48"
RPT,ROTA PORTFÖY İKİNCİ SERBEST (TL) FON,11.08.2026,"5,115009",236506769.00,181,"1209734216,40"
RPU,ALBARAKA PORTFÖY ÜÇÜNCÜ KISA VADELİ KATILIM SERBEST (TL) FON,11.08.2026,"3,624007",721125459.00,12,"2613363405,47"
RPX,ROTA PORTFÖY ÜÇÜNCÜ SERBEST (DÖVİZ) FON,11.08.2026,"62,632674",9824510.00,129,"615335334,26"
RRA,ROTA PORTFÖY PARA PİYASASI SERBEST FON,11.08.2026,"1,486334",2108420244.00,222,"3133817695,30"
RRP,RE-PIE PORTFÖY PARA PİYASASI KATILIM (TL) FON,11.08.2026,"1,628808",494262973.00,83,"805059431,56"
RS1,ROTA PORTFÖY BİRİNCİ KISA VADELİ SERBEST FON,11.08.2026,"1,597218",540247815.00,126,"862893373,39"
RSF,ATA PORTFÖY İKİNCİ İSTATİSTİKSEL ARBİTRAJ SERBEST FON,11.08.2026,"4,333193",272159966.00,12,"1179321772,25"
RSK,ROTA PORTFÖY ONSEKİZİNCİ SERBEST FON,11.08.2026,"1,893424",172027208.00,352,"325720417,86"
RSY,TACİRLER PORTFÖY REGULUS SERBEST FON,11.08.2026,"1,045536",147444770.00,12,"154158773,91"
RSZ,AHLATCI PORTFÖY İKİNCİ HİSSE SENEDİ SERBEST FON (HİSSE SENEDİ YOĞUN FON),11.08.2026,"16,645674",212396701.00,25,"3535486335,95"
RTA,ROTA PORTFÖY ONİKİNCİ HİSSE SENEDİ SERBEST FON (HİSSE SENEDİ YOĞUN FON),11.08.2026,"2,246808",1836519143.00,15,"4126305684,78"
RTB,ROTA PORTFÖY ONÜÇÜNCÜ SERBEST FON,11.08.2026,"2,659697",243430573.00,11,"647451669,41"
RTD,RE-PIE PORTFÖY TEKNOLOJİ DEĞİŞKEN FON,11.08.2026,"2,09629",13543136.00,422,"28390339,96"
RTG,ATA PORTFÖY ROBOTİK TEKNOLOJİLERİ DEĞİŞKEN FON,11.08.2026,"5,742315",45151065.00,4939,"259271626,22"
RTH,RE-PIE PORTFÖY BİRİNCİ HİSSE SENEDİ SERBEST FON (HİSSE SENEDİ YOĞUN FON),11.08.2026,"6,011653",3798166.00,262,"22833256,31"
RTI,ALBARAKA PORTFÖY ALBARAKA TÜRK İKİNCİ KISA VADELİ KATILIM SERBEST (TL) FON,11.08.2026,"3,345185",8137770041.00,62,"27222344039,33"
RTP,RE-PIE PORTFÖY BİRİNCİ SERBEST FON,11.08.2026,"11,918771",25711879.00,1496,"306453998,72"
RUH,RE-PIE PORTFÖY ÜÇÜNCÜ HİSSE SENEDİ SERBEST FON (HİSSE SENEDİ YOĞUN FON),11.08.2026,"4,877624",10284016.00,15,"50161565,73"
RUT,BV PORTFÖY ROBOTİK VE UZAY TEKNOLOJİLERİ DEĞİŞKEN FON,11.08.2026,"2,556203",75697673.00,4584,"193498615,18"
RVI,ROTA PORTFÖY ONALTINCI SERBEST FON,11.08.2026,"1,200676",15019044.00,11,"18033000,51"
RVS,ROTA PORTFÖY ONBEŞİNCİ HİSSE SENEDİ SERBEST FON (HİSSE SENEDİ YOĞUN FON),11.08.2026,"2,920881",1368815305.00,19,"3998146331,09"
RYA,SPARTA PORTFÖY ARYA HİSSE SENEDİ SERBEST ÖZEL FON (HİSSE SENEDİ YOĞUN FON),11.08.2026,"1,206447",300626629.00,1,"362690130,77"
RYB,ROTA PORTFÖY YİRMİBİRİNCİ SERBEST (DÖVİZ) FON,11.08.2026,"46,591634",100035.00,11,"4660794,13"
RYD,ROTA PORTFÖY YİRMİDÖRDÜNCÜ SERBEST FON,11.08.2026,"1,417107",220975082.00,13,"313145400,57"
RYF,ROTA PORTFÖY YEDİNCİ HİSSE SENEDİ SERBEST (TL) FON (HİSSE SENEDİ YOĞUN FON),11.08.2026,"12,187705",35196904.00,35,"428969474,02"
RYU,ROTA PORTFÖY YİRMİÜÇÜNCÜ SERBEST (DÖVİZ) FON,11.08.2026,"48,776046",10526984.00,57,"513464655,89"
RZR,ROTA PORTFÖY RZR SERBEST ÖZEL FON,11.08.2026,"4,416981",3538238.00,2,"15628328,72"
SAP,AK PORTFÖY ŞEKERBANK PARA PİYASASI (TL) FONU,11.08.2026,"1,830725",200826600.00,375,"367658377,52"
SAR,İŞ PORTFÖY SARDUNYA SERBEST (DÖVİZ) ÖZEL FON,11.08.2026,"52,473932",16963803.00,9,"890157445,21"
SAS,AK PORTFÖY SABANCI TOPLULUĞU ŞİRKETLERİ ENDEKSİ HİSSE SENEDİ (TL) FONU (HİSSE SENEDİ YOĞUN FON),11.08.2026,"1,552839",610161344.00,42190,"947482445,28"
SAT,AZİMUT PORTFÖY RASAT HİSSE SENEDİ SERBEST ÖZEL FON (HİSSE SENEDİ YOĞUN FON),11.08.2026,"244,284621",7952624.00,4,"1942703736,80"
SBH,SPARTA PORTFÖY BİRİNCİ HİSSE SENEDİ SERBEST (TL) FON (HİSSE SENEDİ YOĞUN FON),11.08.2026,"1,826622",261404588.00,875,"477487247,13"
SBI,STRATEJİ PORTFÖY BİRİNCİ SERBEST (TL) FON,11.08.2026,"3,650416",9446347.00,15,"34483091,56"
SBR,STRATEJİ PORTFÖY BİRİNCİ SERBEST FON,11.08.2026,"1,296094",11528980.00,25,"14942643,73"
SBS,STRATEJİ PORTFÖY BAŞAK SERBEST (DÖVİZ) ÖZEL FON,11.08.2026,"71,252707",3424595.00,1,"244011663,63"
SCZ,AK PORTFÖY SEKİZİNCİ SERBEST FON,11.08.2026,"1,540127",53269862.00,166,"82042346,88"
SD1,SPARTA PORTFÖY BİRİNCİ DEĞİŞKEN FON,11.08.2026,"0,998376",29783520.00,101,"29735150,64"
SDA,AK PORTFÖY 2026 SERBEST (DÖVİZ) FON,11.08.2026,"50,180685",129415071.00,1096,"6494136894,28"
SEH,A1 CAPİTAL PORTFÖY SANAYİ SEKTÖRÜ HİSSE SENEDİ SERBEST (TL) FON (HİSSE SENEDİ YOĞUN FON),11.08.2026,"1,423978",69902498.00,45,"99539587,35"
SER,AK PORTFÖY 2028 SERBEST (DÖVİZ) FON,11.08.2026,"57,375823",124979669.00,827,"7170811359,02"
SFA,STATECH PORTFÖY ALPHA HİSSE SENEDİ SERBEST FON (HİSSE SENEDİ YOĞUN FON),11.08.2026,"23,003331",52482730.00,18,"1207277611,85"
SFS,AZİMUT PORTFÖY AGRESİF FON SEPETİ FONU,11.08.2026,"1,396516",22115784.00,77,"30885035,77"
SGT,GARANTİ PORTFÖY SİBER GÜVENLİK TEKNOLOJİLERİ DEĞİŞKEN FON,11.08.2026,"1,970564",98927566.00,2418,"194943056,77"
SHC,STRATEJİ PORTFÖY İKİNCİ HİSSE SENEDİ FONU (HİSSE SENEDİ YOĞUN FON),11.08.2026,"1,028369",63426573.00,116,"65225894,28"
SHE,TEB PORTFÖY ÖNCE KADIN DEĞİŞKEN FON,11.08.2026,"3,552407",14971845.00,647,"53186083,15"
SHI,PARDUS PORTFÖY SEKİZİNCİ HİSSE SENEDİ SERBEST (TL) FON (HİSSE SENEDİ YOĞUN FON),11.08.2026,"0,162881",4139493601.00,46,"674245286,96"
SHU,SPARTA PORTFÖY ÜÇÜNCÜ HİSSE SENEDİ SERBEST (TL) FON (HİSSE SENEDİ YOĞUN FON),11.08.2026,"1,351157",83687262.00,17,"113074603,58"
SIA,SPARTA PORTFÖY BİRİNCİ İSTATİSTİKSEL ARBİTRAJ HİSSE SENEDİ SERBEST (TL) FON (HİSSE SENEDİ YOĞUN FON),11.08.2026,"0,943601",145605063.00,11,"137393109,91"
SIS,SPARTA PORTFÖY İKİNCİ HİSSE SENEDİ SERBEST (TL) FON (HİSSE SENEDİ YOĞUN FON),11.08.2026,"0,280389",124501353.00,10,"34908750,89"
SJP,STRATEJİ PORTFÖY KAR PAYI ÖDEYEN İKİNCİ SERBEST (DÖVİZ) FON,11.08.2026,"61,693087",5222274.00,29,"322178201,83"
SKL,TEB PORTFÖY ŞEKERBANK PARA PİYASASI (TL) FONU,11.08.2026,"2,012334",69497771.00,745,"139852704,28"
SKO,STRATEJİ PORTFÖY KAR PAYI ÖDEYEN HİSSE SENEDİ FONU (HİSSE SENEDİ YOĞUN FON),11.08.2026,"1,651934",134488136.00,3443,"222165509,73"
SKS,İŞ PORTFÖY ASKA SERBEST (DÖVİZ) ÖZEL FON,11.08.2026,"50,76655",25000000.00,3,"1269163741,29"
SKT,FİBA PORTFÖY ŞEKERBANK KISA VADELİ BORÇLANMA ARAÇLARI FONU,11.08.2026,"0,115575",315256691.00,2018,"36435694,35"
SKZ,NEO PORTFÖY SEKİZİNCİ SERBEST FON,11.08.2026,"1,00273",122192004.00,787,"122525551,97"
SLF,ROTA PORTFÖY ŞEKERBANK PARA PİYASASI (TL) FONU,11.08.2026,"11,194428",101757354.00,6834,"1139115388,37"
SLG,QNB PORTFÖY ALGORİTMİK STRATEJİLER HİSSE SENEDİ FONU (HİSSE SENEDİ YOĞUN FON),11.08.2026,"1,348687",343587429.00,792,"463391977,88"
SLR,QNB PORTFÖY SOLARİS SERBEST ÖZEL FON,11.08.2026,"0,366725",3796699149.00,5,"1392345768,84"
SLS,ALLBATROSS PORTFÖY SELEN SERBEST FON,11.08.2026,"0,613842",602678.00,12,"369949,07"
SMP,İŞ PORTFÖY SOMPO SİGORTA KAR PAYI ÖDEYEN SERBEST (TL) ÖZEL FON,11.08.2026,"1,03098",1400000000.00,1,"1443371552,16"
SNY,ATLAS PORTFÖY SANAYİ SEKTÖRÜ HİSSE SENEDİ SERBEST FON (HİSSE SENEDİ YOĞUN FON),11.08.2026,"1,372459",356924720.00,535,"489864629,97"
SOS,HEDEF PORTFÖY SAĞLIK SEKTÖRÜ DEĞİŞKEN FON,11.08.2026,"1,568966",11891907.00,287,"18658000,01"
SPA,AZIMUT PORTFÖY 6.0 SERBEST (DÖVIZ) FON,11.08.2026,"69,473343",44861359.00,200,"3116668586,83"
SPD,AZIMUT PORTFÖY BEG SERBEST (DÖVIZ) ÖZEL FON,11.08.2026,"81,593853",4234300.00,1,"345492850,68"
SPE,AZIMUT PORTFÖY 5.0 SERBEST (DÖVIZ) FON,11.08.2026,"107,244623",38559687.00,1222,"4135319094,47"
SPN,AZİMUT PORTFÖY İSTATİSTİKSEL ARBİTRAJ HİSSE SENEDİ SERBEST FON (HİSSE SENEDİ YOĞUN FON),11.08.2026,"9,887142",158735294.00,389,"1569438318,78"
SPP,SPARTA PORTFÖY BİRİNCİ PARA PİYASASI (TL) FONU,11.08.2026,"1,580334",370749825.00,754,"585908494,85"
SPR,BV PORTFÖY SPOR ENDÜSTRİSİ DEĞİŞKEN FON,11.08.2026,"1,362147",6652671.00,166,"9061918,04"
SPT,AKTİF PORTFÖY KATILIM FON SEPETİ FONU,11.08.2026,"2,141617",46166809.00,802,"98871608,49"
SRA,AZİMUT PORTFÖY ASERVA SERBEST ÖZEL FON,11.08.2026,"15,911415",140896981.00,1,"2241870304,24"
SRE,AZİMUT PORTFÖY SİRİUS SERBEST (DÖVİZ) ÖZEL FON,11.08.2026,"62,960396",15651197.00,1,"985405565,54"
SRL,PARDUS PORTFÖY SÜRDÜRÜLEBİLİRLİK HİSSE SENEDİ (TL) FONU (HİSSE SENEDİ YOĞUN FON),11.08.2026,"1,77167",141052453.00,3983,"249898415,27"
SRO,AZİMUT PORTFÖY SKY HİSSE SENEDİ SERBEST ÖZEL FON (HİSSE SENEDİ YOĞUN FON),11.08.2026,"28,432761",278754881.00,6,"7925770840,33"
SSD,İŞ PORTFÖY SET SERBEST (DÖVİZ) ÖZEL FON,11.08.2026,"53,612797",10332627.00,1,"553961029,39"
SSE,ATLAS PORTFÖY İKİNCİ SERBEST FON,11.08.2026,"0,003363",31489377264.00,11,"105903982,99"
SSF,INVEO PORTFÖY SEKİZİNCİ SERBEST FON,11.08.2026,"0,920143",1293647.00,15,"1190340,47"
SSK,DENİZ PORTFÖY SAĞLIK SEKTÖRÜ DEĞİŞKEN FON,11.08.2026,"1,730315",27267434.00,579,"47181243,67"
SSN,DENİZ PORTFÖY 880 SERBEST (DÖVİZ) ÖZEL FON,11.08.2026,"58,877365",13048469.00,4,"768259474,20"
SSO,AK PORTFÖY AK SANDIK SERBEST ÖZEL FON,11.08.2026,"14,771873",509878048.00,1,"7531853752,43"
SSS,YAPI KREDİ PORTFÖY SAVUNMA SANAYİİ ŞİRKETLERİ ENDEKSİ HİSSE SENEDİ FONU (HİSSE SENEDİ YOĞUN FON),11.08.2026,"1,411968",185093621.00,5165,"261346327,28"
SST,STRATEJİ PORTFÖY İSTATİSTİKSEL ARBİTRAJ SERBEST FON,11.08.2026,"1,596876",5900512.00,22,"9422387,06"
ST1,STRATEJİ PORTFÖY BİRİNCİ HİSSE SENEDİ FONU (HİSSE SENEDİ YOĞUN FON),11.08.2026,"186,123674",3469853.66,2534,"645821910,90"
STI,ATLAS PORTFÖY SENTİMENT SERBEST FON,11.08.2026,"1,261294",145219448.00,72,"183164457,22"
STM,ALLBATROSS PORTFÖY ALGORİTMİK STRATEJİLER SERBEST FON,11.08.2026,"3,209588",119351.00,12,"383067,55"
STS,STRATEJİ PORTFÖY BİRİNCİ SERBEST (DÖVİZ) FON,11.08.2026,"85,426512",4867215.00,27,"415789199,40"
STZ,STRATEJİ PORTFÖY HİSSE SENEDİ SERBEST FON (HİSSE SENEDİ YOĞUN FON),11.08.2026,"23,934198",21705953.00,83,"519514572,26"
SUA,ÜNLÜ PORTFÖY BİRİNCİ DEĞİŞKEN FON,11.08.2026,"0,587836",3828715335.00,1178,"2250655175,89"
SUB,ÜNLÜ PORTFÖY İKİNCİ DEĞİŞKEN FON,11.08.2026,"0,387937",278704743.00,766,"108119863,63"
SUC,ÜNLÜ PORTFÖY ÜÇÜNCÜ DEĞIŞKEN FON,11.08.2026,"22,886969",25882609.00,524,"592374466,44"
SUR,EMAA BLUE PORTFÖY SÜRDÜRÜLEBİLİRLİK HİSSE SENEDİ FONU (HİSSE SENEDİ YOĞUN FON),11.08.2026,"1,116404",187653971.00,91,"209497721,47"
SVB,STRATEJİ PORTFÖY AGRESİF DEĞİŞKEN FON,11.08.2026,"9,28306",26675524.00,1364,"247630502,47"
SVS,AZİMUT PORTFÖY SVS SERBEST ÖZEL FON,11.08.2026,"2,671817",414228781.00,1,"1106743426,17"
SVY,DENİZ PORTFÖY TTSVY HİSSE SENEDİ SERBEST ÖZEL FON (HİSSE SENEDİ YOĞUN FON),11.08.2026,"1,788324",2122017742.00,2,"3794854503,98"
SYF,AZİMUT PORTFÖY KLM HİSSE SENEDİ SERBEST ÖZEL FON (HİSSE SENEDİ YOĞUN FON),11.08.2026,"239,404802",7466854.00,6,"1787600706,99"
SYL,AZİMUT PORTFÖY SYH HİSSE SENEDİ SERBEST ÖZEL FON (HİSSE SENEDİ YOĞUN FON),11.08.2026,"4769,850411",276806.00,1,"1320323212,99"
SYR,AZİMUT PORTFÖY 25.0 SERBEST (DÖVİZ) FON,11.08.2026,"49,420719",6200862.00,22,"306451059,47"
SYS,YAPI KREDİ PORTFÖY ŞUBAT 2028 KAR PAYI ÖDEYEN SERBEST (DÖVİZ) FON,11.08.2026,"48,74983",36065007.00,121,"1758162959,54"
T3B,TERA PORTFÖY ÜÇÜNCÜ  HİSSE SENEDİ SERBEST (TL) FON (HİSSE SENEDİ YOĞUN),11.08.2026,"0,10709",111334926835.00,16,"11922865800,03"
TAL,ATLAS PORTFÖY ALTIN KATILIM FONU,11.08.2026,"2,713158",12723939.00,731,"34522052,42"
TAO,TEB PORTFÖY ALARKO GRUBU DEĞİŞKEN ÖZEL FON,11.08.2026,"20,995798",52856435.00,1,"1109763025,19"
TAR,AK PORTFÖY TARIM VE GIDA TEKNOLOJİLERİ DEĞİŞKEN FON,11.08.2026,"2,55516",53225704.00,6834,"136000188,76"
TAU,İŞ PORTFÖY BIST BANKA ENDEKSİ HİSSE SENEDİ (TL) FONU (HİSSE SENEDİ YOĞUN FON),11.08.2026,"0,596651",3838413585.00,35431,"2290191418,38"
TAZ,AZİMUT PORTFÖY TAF HİSSE SENEDİ SERBEST ÖZEL FON (HİSSE SENEDİ YOĞUN FON),11.08.2026,"2,437008",471518068.00,2,"1149093444,51"
TB9,TEB PORTFÖY DOKUZUNCU SERBEST (DÖVİZ) FON,11.08.2026,"53,023482",756363829.00,10797,"40105043811,33"
TBP,İŞ PORTFÖY PRİVİA BANKACILIK FON SEPETİ ÖZEL FONU,11.08.2026,"0,278826",1663154165.00,200,"463730979,99"
TBT,TEB PORTFÖY BORÇLANMA ARAÇLARI FONU,11.08.2026,"52,734834",7316979.52,2461,"385859699,74"
TBV,İŞ PORTFÖY ÖZEL SEKTÖR BORÇLANMA ARAÇLARI (TL) FONU,11.08.2026,"0,406127",3019517915.00,7930,"1226309095,99"
TCA,ZİRAAT PORTFÖY ALTIN KATILIM FONU,11.08.2026,"0,77079",17751683041.44,45813,"13682825771,28"
TCB,TACİRLER PORTFÖY PARA PİYASASI FONU,11.08.2026,"0,232355",13584885193.00,4685,"3156522204,14"
TCC,TACİRLER PORTFÖY SERBEST ( DÖVİZ ) FON,11.08.2026,"0,080187",5515164173.00,340,"442242461,69"
TCD,TACİRLER PORTFÖY DEĞIŞKEN FON,11.08.2026,"48,216547",30295933.00,11859,"1460765264,44"
TCF,TEB PORTFÖY ÜÇÜNCÜ FON SEPETİ FONU,11.08.2026,"4,491466",754832506.00,2770,"3390304501,04"
TCG,TEB PORTFÖY CEMAY HİSSE SENEDİ SERBEST ÖZEL FON (HİSSE SENEDİ YOĞUN FON),11.08.2026,"1,311841",141657132.00,1,"185831614,41"
TCH,TACİRLER PORTFÖY TAÇ SERBEST FON,11.08.2026,"2,220164",107830926.00,58,"239402354,48"
TCI,TACİRLER PORTFÖY İSTATİSTİKSEL ARBİTRAJ SERBEST FON,11.08.2026,"11,364667",121429349.00,15,"1380004069,99"
TCS,TACİRLER PORTFÖY SİRİUS HİSSE SENEDİ SERBEST FON (HİSSE SENEDİ YOĞUN FON),11.08.2026,"41,656862",33987356.00,44,"1415806604,08"
TDG,İŞ PORTFÖY YABANCI BORÇLANMA ARAÇLARI FONU,11.08.2026,"0,523981",1380784270.00,2073,"723505311,64"
TDP,TEB PORTFÖY İKİNCİ SERBEST (DÖVİZ) FON,11.08.2026,"59,505966",5459727.00,44,"324886330,97"
TE3,TEB PORTFÖY MUTLAK GETİRİ HEDEFLİ DEĞİŞKEN FON,11.08.2026,"39,66487",27904108.00,2842,"1106812829,26"
TE4,TEB PORTFÖY BİRİNCİ DEĞİŞKEN FON,11.08.2026,"6,462004",266475222.00,1438,"1721963954,56"
TEJ,AZİMUT PORTFÖY TEKNOLOJİ FON SEPETİ FONU,11.08.2026,"2,762529",256712679.00,1292,"709176224,56"
TFE,AKTİF PORTFÖY TÜRKİYE FİNANS ALA BANKACILIK KATILIM ÖZEL FONU,11.08.2026,"2,802045",12814934.00,112,"35908020,46"
TFF,TEB PORTFÖY AMERİKA TEKNOLOJİ YABANCI BYF FON SEPETİ FONU,11.08.2026,"43,666999",32074539.00,8855,"1400598870,13"
TFU,İŞ PORTFÖY TÜFEYE ENDEKSLİ BORÇLANMA ARAÇLARI (TL) FONU,11.08.2026,"1,279216",406712261.00,1421,"520272726,12"
TGA,GARANTİ PORTFÖY AGRESİF DEĞİŞKEN FON,11.08.2026,"0,478463",1722818451.00,6279,"824304965,24"
TGE,İŞ PORTFÖY EMTİA YABANCI BYF FON SEPETİ FONU,11.08.2026,"0,287194",10809254634.00,37277,"3104354233,09"
TGN,TEB PORTFÖY ING BANK PARA PİYASASI SERBEST (TL) ÖZEL FON,11.08.2026,"1,434259",1865302553.00,2066,"2675327544,58"
TGR,AK PORTFÖY TURİZM VE SEYAHAT SEKTÖRÜ DEĞİŞKEN FON,11.08.2026,"7,030477",16802326.00,5776,"118128359,51"
TGT,GARANTİ PORTFÖY KISA VADELİ BORÇLANMA ARAÇLARI FONU,11.08.2026,"0,118435",26944995920.00,61031,"3191239286,17"
TGV,TACİRLER PORTFÖY KG SERBEST ÖZEL FON,11.08.2026,"12,310021",636256656.00,13,"7832332671,96"
TGZ,TACİRLER PORTFÖY SPİCA SERBEST (TL) FON,11.08.2026,"6,079503",181628509.00,12,"1104211016,73"
THD,TRIVE PORTFÖY BİRİNCİ HİSSE SENEDİ (TL) FON (HİSSE SENEDİ YOĞUN FON),11.08.2026,"2,68395",3223110.00,205,"8650665,44"
THF,TERA PORTFÖY HİSSE SENEDİ (TL) FONU (HİSSE SENEDİ YOĞUN FON),11.08.2026,"2,276599",904525871.00,8776,"2059242696,59"
THG,TACİRLER PORTFÖY ODEABANK SERBEST ÖZEL FON,11.08.2026,"7,092921",24267117.00,178,"172124748,81"
THH,DENİZ PORTFÖY CCO HİSSE SENEDİ SERBEST ÖZEL FON (HİSSE SENEDİ YOĞUN FON),11.08.2026,"117,490972",12758502.00,1,"1499008797,89"
THO,AZİMUT PORTFÖY 20.0 SERBEST (DÖVİZ) FON,11.08.2026,"50,174456",95641072.00,12,"4798738747,91"
THS,AZİMUT PORTFÖY AEB SERBEST (DÖVİZ) ÖZEL FON,11.08.2026,"63,2577",6560674.00,1,"415013148,12"
THT,TRİVE PORTFÖY HİSSE SENEDİ SERBEST FON (HİSSE SENEDİ YOĞUN FON),11.08.2026,"0,211322",33400478.00,328,"7058269,39"
THV,ATA PORTFÖY BARBAROS HİSSE SENEDİ SERBEST (TL) FON (HİSSE SENEDİ YOĞUN FON),11.08.2026,"56,319034",45101206.00,17,"2540056371,82"
TI1,İŞ PORTFÖY PARA PİYASASI (TL) FONU,11.08.2026,"1648,295376",134264046.65,238554,"221306807214,25"
TI2,İŞ PORTFÖY HİSSE SENEDİ (TL) FONU (HİSSE SENEDİ YOĞUN FON),11.08.2026,"0,126495",27144206491.00,20913,"3433604829,16"
TI3,İŞ PORTFÖY İŞ BANKASI İŞTİRAKLERİ ENDEKSİ HİSSE SENEDİ (TL) FONU (HİSSE SENEDİ YOĞUN FON),11.08.2026,"0,113783",18218377978.00,22119,"2072944012,58"
TI4,İŞ PORTFÖY TEMKİNLİ DEĞİŞKEN FON,11.08.2026,"0,064213",31457854806.00,14145,"2020015816,60"
TI6,İŞ PORTFÖY BORÇLANMA ARAÇLARI (TL) FONU,11.08.2026,"0,052949",10098283663.00,4769,"534694352,53"
TI7,İŞ PORTFÖY DENGELİ DEĞİŞKEN FON,11.08.2026,"77,639894",15175925.00,9761,"1178257206,94"
TIE,İŞ PORTFÖY BIST 30 ENDEKSİ HİSSE SENEDİ (TL) FONU (HİSSE SENEDİ YOĞUN FON),11.08.2026,"0,720261",2338757456.00,18759,"1684516767,62"
TIL,İŞ PORTFÖY KATILIM HİSSE SENEDİ (TL) FONU (HİSSE SENEDİ YOĞUN FON),11.08.2026,"1,348533",66493357.00,1678,"89668464,07"
TIP,TEB PORTFÖY ING BANK ÖZEL BANKACILIK VE PLATİNUM SERBEST (DÖVİZ) ÖZEL FON,11.08.2026,"49,593745",945970.00,5,"46914194,86"
TIV,İŞ PORTFÖY KISA VADELİ BORÇLANMA ARAÇLARI (TL) FONU,11.08.2026,"52,401735",390616994.11,112398,"20469008023,75"
TJB,TACİRLER PORTFÖY BDR SERBEST ÖZEL FON,11.08.2026,"9,761853",81702428.00,1,"797567075,08"
TJF,TEB PORTFÖY SÜRDÜRÜLEBİLİRLİK FON SEPETİ FONU,11.08.2026,"5,269662",10179010.00,548,"53639943,40"
TJI,TEB PORTFÖY İKİNCİ FON SEPETİ FONU,11.08.2026,"6,315857",92251070.00,920,"582644526,70"
TJL,AZİMUT PORTFÖY TAYD HİSSE SENEDİ SERBEST ÖZEL FON (HİSSE SENEDİ YOĞUN FON),11.08.2026,"23,311681",67990671.00,4,"1584976814,79"
TJT,TEB PORTFÖY ALTINCI SERBEST (DÖVİZ-AVRO) FON,11.08.2026,"67,755114",33366825.00,1862,"2260773027,88"
TKF,TACİRLER PORTFÖY HİSSE SENEDİ FONU (HİSSE SENEDİ YOĞUN FON),11.08.2026,"67,196665",14415281.00,4330,"968658803,10"
TKH,AZIMUT PORTFÖY TKS SERBEST (TL) ÖZEL FON,11.08.2026,"2,168905",204228599.00,1,"442952478,23"
TKK,İŞ PORTFÖY KUMBARA HESABI FON SEPETİ ÖZEL FON,11.08.2026,"1,755844",1034362100.00,113444,"1816178139,21"
TKM,TEB PORTFÖY PARA PİYASASI (TL) FONU,11.08.2026,"0,213073",343371097861.00,504762,"73162959984,08"
TLC,TEB PORTFÖY ALTERNATİFBANK DEĞİŞKEN ÖZEL FON,11.08.2026,"1,038596",273277617.00,218,"283825027,61"
TLE,AURA PORTFÖY YABANCI BORÇLANMA ARAÇLARI FONU,11.08.2026,"28,1178",18775358.00,930,"527921763,83"
TLH,AURA PORTFÖY HİSSE SENEDİ FONU (HİSSE SENEDİ YOĞUN FON),11.08.2026,"26,783309",4779517.00,338,"128011278,56"
TLK,AKTİF PORTFÖY PARA PİYASASI KATILIM (TL) FONU,11.08.2026,"1,749677",2049262342.00,1037,"3585547167,48"
TLT,TEB PORTFÖY YAHŞİ SERBEST (DÖVİZ) ÖZEL FON,11.08.2026,"70,433676",5663669.00,1,"398913027,54"
TLU,TEB PORTFÖY ONİKİNCİ SERBEST (DÖVİZ) FON,11.08.2026,"53,201042",166311216.00,518,"8847930030,35"
TLV,TERA PORTFÖY PARA PİYASASI KATILIM (TL) FONU,11.08.2026,"1,350716",2831182057.00,9936,"3824122659,01"
TLY,TERA PORTFÖY BİRİNCİ SERBEST FON,11.08.2026,"8444,045915",31079976.00,102361,"262440744394,15"
TLZ,ATA PORTFÖY KATILIM HİSSE SENEDİ (TL) FONU (HİSSE SENEDİ YOĞUN FON),11.08.2026,"18,999357",3574381.00,880,"67910940,74"
TMC,İŞ PORTFÖY TEMA DEĞİŞKEN FON,11.08.2026,"0,16368",1018356431.00,11883,"166684257,10"
TMG,İŞ PORTFÖY YABANCI HİSSE SENEDİ FONU,11.08.2026,"1,457168",3421423926.00,34440,"4985589877,40"
TMH,ALLBATROSS PORTFÖY ATMACA HİSSE SENEDİ SERBEST FON (HİSSE SENEDİ YOĞUN FON),11.08.2026,"0,00",0.00,12,"0,00"
TMM,TERA PORTFÖY İKİNCİ SERBEST (DÖVİZ) FON,11.08.2026,"71,702683",12493542.00,1300,"895820483,12"
TMR,TEB PORTFÖY MAKRO SERBEST ÖZEL FON,11.08.2026,"7,522322",1200475000.00,1,"9030359385,15"
TMS,TACİRLER PORTFÖY MARATON SERBEST FON,11.08.2026,"2,10652",188911191.00,86,"397945122,70"
TMU,AZİMUT PORTFÖY TEMKİNLİ FON SEPETİ FONU,11.08.2026,"1,412196",42471713.00,92,"59978385,17"
TMV,TERA PORTFÖY ALGORİTMİK STRATEJİLER SERBEST FON,11.08.2026,"8,899153",3723583402.00,10954,"33136739086,47"
TMZ,İŞ PORTFÖY SÜRDÜRÜLEBİLİRLİK VE TARIM FON SEPETİ FONU,11.08.2026,"1,958088",26111158.00,2544,"51127939,85"
TNB,TEB PORTFÖY ING BANK KAR PAYI ÖDEYEN SERBEST (DÖVİZ) ÖZEL FON,11.08.2026,"49,847816",14235255.00,82,"709596376,73"
TND,İŞ PORTFÖY TTF TENİSE DESTEK DEĞİŞKEN FON,11.08.2026,"1,487443",127382104.00,482,"189473677,07"
TNF,TEB PORTFÖY ONUNCU SERBEST (TL) ÖZEL FON,11.08.2026,"4,207818",1216123947.00,3,"5117228454,93"
TNH,TACİRLER PORTFÖY REAL CAPİTAL SERBEST ÖZEL FON,11.08.2026,"11,926621",85000.00,2,"1013762,80"
TNI,TEB PORTFÖY ING BANK ÖZEL BANKACILIK VE PLATİNUM DEĞİŞKEN ÖZEL FON,11.08.2026,"11,167511",699953250.00,2657,"7816735758,24"
TNK,TEB PORTFÖY KISA VADELİ BORÇLANMA ARAÇLARI (TL) FONU,11.08.2026,"33,438314",103840800.00,74101,"3472261325,96"
TNS,TACİRLER PORTFÖY NAR SERBEST FON,11.08.2026,"12,788713",7290358.00,16,"93234296,25"
TO8,TEB PORTFÖY ONSEKİZİNCİ SERBEST (DÖVİZ-AVRO) FON,11.08.2026,"56,098574",12561096.00,100,"704659572,39"
TOK,TEB PORTFÖY ONBİRİNCİ SERBEST (DÖVİZ - AVRO) FON,11.08.2026,"58,58637",413600780.00,7019,"24231368251,04"
TOT,TEB PORTFÖY ÖZEL SEKTÖR BORÇLANMA ARAÇLARI FONU,11.08.2026,"942,996066",123830.00,647,"116771202,83"
TP1,TEB PORTFÖY UYUM SERBEST (DÖVİZ) ÖZEL FON,11.08.2026,"67,624024",5611179.00,1,"379450503,39"
TP2,TERA PORTFÖY PARA PİYASASI (TL) FONU,11.08.2026,"2,142599",87574682220.00,149910,"187637437542,31"
TPC,TEB PORTFÖY KIYMETLİ MADENLER FON SEPETİ FONU,11.08.2026,"13,044786",463935967.00,12806,"6051945445,03"
TPE,İŞ PORTFÖY PY EUROBOND BORÇLANMA ARAÇLARI (DÖVİZ) ÖZEL FONU,11.08.2026,"0,54542",4397847583.00,34,"2398675399,69"
TPF,TACİRLER PORTFÖY BORÇLANMA ARAÇLARI FONU,11.08.2026,"10,9458",11258764.00,518,"123236182,07"
TPJ,TEB PORTFÖY BİRİNCİ SERBEST (DÖVİZ) FON,11.08.2026,"77,83303",29071806.00,1481,"2262746734,38"
TPL,TEB PORTFÖY EUROBOND (DÖVİZ) BORÇLANMA ARAÇLARI FONU,11.08.2026,"21,089148",23797182.01,1519,"501862288,69"
TPO,İŞ PORTFÖY PY ÖZEL SEKTÖR BORÇLANMA ARAÇLARI (TL) ÖZEL FONU,11.08.2026,"0,17927",585531154.00,3,"104968088,93"
TPP,TEB PORTFÖY PUSULA SERBEST FON,11.08.2026,"75,883213",24182000.00,390,"1835007852,38"
TPR,İŞ PORTFÖY PY HİSSE SENEDİ (TL) ÖZEL FONU (HİSSE SENEDİ YOĞUN FON),11.08.2026,"0,470644",21524221.00,1,"10130235,74"
TPV,AURA PORTFÖY İKİNCİ DEĞİŞKEN FON,11.08.2026,"10,495126",759889.00,44,"7975130,55"
TPZ,TEB PORTFÖY KİRA SERTİFİKALARI (DÖVİZ) KATILIM FONU,11.08.2026,"28,280367",5002503.00,1504,"141472619,79"
TRJ,TERA PORTFÖY BİRİNCİ BORÇLANMA ARAÇLARI (TL) FONU,11.08.2026,"2,137611",1006372856.00,4001,"2151233552,15"
TRN,AZİMUT PORTFÖY CO HİSSE SENEDİ SERBEST ÖZEL FON (HİSSE SENEDİ YOĞUN FON),11.08.2026,"0,995565",1829123080.00,1,"1821010408,16"
TRO,TRIVE PORTFÖY ALTIN FONU,11.08.2026,"2,491825",11870127.00,391,"29578278,76"
TRR,TEB PORTFÖY BEŞİNCİ SERBEST (TL) FONU,11.08.2026,"6,367516",373214635.00,462,"2376450250,48"
TRU,TERA PORTFÖY KATILIM SERBEST (DÖVİZ) FON,11.08.2026,"1,502417",195975863.00,247,"294437478,23"
TSI,İŞ PORTFÖY MAKSİMUM HESAP KISA VADELİ BORÇLANMA ARAÇLARI (TL) FONU,11.08.2026,"0,204746",110767001905.00,78135,"22679108799,39"
TSP,AZİMUT PORTFÖY TESA SERBEST (DÖVİZ) ÖZEL FON,11.08.2026,"70,165597",24536763.00,5,"1721636633,08"
TTA,İŞ PORTFÖY ALTIN FONU,11.08.2026,"0,617575",42772254767.00,222685,"26415071617,10"
TTE,İŞ PORTFÖY BIST TEKNOLOJİ AĞIRLIK SINIRLAMALI ENDEKSİ HİSSE SENEDİ (TL) FONU (HİSSE SENEDİ YOĞUN FON),11.08.2026,"1,742141",2294550730.00,45432,"3997430793,25"
TTL,TACİRLER PORTFÖY KARTOPU SERBEST FON,11.08.2026,"37,972535",7888967.00,379,"299564072,20"
TTP,TEB PORTFÖY ÜÇÜNCÜ SERBEST (DÖVİZ) FON,11.08.2026,"51,172166",17213905.00,106,"880872800,20"
TTS,TEB PORTFÖY DÖRDÜNCÜ SERBEST (DÖVİZ) ÖZEL FON,11.08.2026,"69,91331",31086506.00,1,"2173360537,86"
TTV,TACİRLER PORTFÖY VEGA SERBEST (TL)  FON,11.08.2026,"8,67391",331486303.00,33,"2875282423,78"
TTZ,DENİZ PORTFÖY EGE HİSSE SENEDİ SERBEST ÖZEL FON (HİSSE SENEDİ YOĞUN FON),11.08.2026,"3,588515",64074841.00,7,"229933544,82"
TUA,TEB PORTFÖY ALTIN FONU,11.08.2026,"1,438324",10542693604.21,31740,"15163810737,63"
TVE,EMAA BLUE PORTFÖY TARIM VE GIDA SEKTÖRÜ KATILIM FONU,11.08.2026,"1,125186",261543530.00,293,"294285074,65"
TVN,TRIVE PORTFÖY BİRİNCİ FON SEPETİ FONU,11.08.2026,"2,880776",2877843.00,526,"8290421,82"
TYH,TEB PORTFÖY HİSSE SENEDİ FONU (HİSSE SENEDİ YOĞUN FON),11.08.2026,"2,032663",554685657.84,6346,"1127489184,21"
TZC,ZİRAAT PORTFÖY BÜYÜYEN ÇOCUKLARA YÖNELİK DEĞİŞKEN ÖZEL FON,11.08.2026,"0,303126",99962388.00,1138,"30301191,46"
TZD,ZİRAAT PORTFÖY HİSSE SENEDİ FONU (HİSSE SENEDİ YOĞUN FON),11.08.2026,"2,473057",269983199.05,7875,"667683861,59"
TZH,ZİRAAT PORTFÖY TZH SERBEST ÖZEL FON,11.08.2026,"8,320101",7195513139.00,1,"59867393253,84"
TZL,ZİRAAT PORTFÖY PARA PİYASASI (TL) FONU,11.08.2026,"0,136691",709922330932.17,181769,"97039850515,68"
TZP,TACİRLER PORTFÖY RİGEL SERBEST ÖZEL FON,11.08.2026,"14,056579",79087453.00,14,"1111699025,15"
TZT,ZİRAAT PORTFÖY BORÇLANMA ARAÇLARI (TL) FONU,11.08.2026,"0,166708",1819371026.04,5780,"303304247,38"
TZV,ZİRAAT PORTFÖY KISA VADELİ BORÇLANMA ARAÇLARI (TL) FONU,11.08.2026,"938,192108",25434760.50,132302,"23862691570,89"
UAB,ÜNLÜ PORTFÖY BONCUK SERBEST (DÖVİZ) ÖZEL FON,11.08.2026,"5,406136",118042548.00,2,"638154064,74"
UAP,ÜNLÜ PORTFÖY ALTINCI SERBEST (DÖVİZ) ÖZEL FON,11.08.2026,"70,381563",6566450.00,1,"462157015,72"
UCN,AK PORTFÖY FNM HİSSE SENEDİ SERBEST ÖZEL FON (HİSSE SENEDİ YOĞUN FON),11.08.2026,"1,979823",539896801.00,2,"1068899941,39"
UCP,AK PORTFÖY ÜÇÜNCÜ PARA PİYASASI SERBEST (TL) FON,11.08.2026,"1,311182",12251783522.00,25,"16064318005,49"
UFH,AZİMUT PORTFÖY EE SERBEST (DÖVİZ) ÖZEL FON,11.08.2026,"72,432509",3676299.00,1,"266283559,61"
UHL,AZİMUT PORTFÖY ARUNA SERBEST (DÖVİZ) ÖZEL FON,11.08.2026,"73,087091",35723760.00,1,"2610945697,42"
UHS,ATLAS PORTFÖY ÜÇÜNCÜ HİSSE SENEDİ SERBEST FON (HİSSE SENEDİ YOĞUN FON),11.08.2026,"6,992494",53811937.00,13,"376279644,45"
ULH,ÜNLÜ PORTFÖY ONUNCU SERBEST FON,11.08.2026,"6,734171",196626818.00,243,"1324118540,47"
ULL,QNB PORTFÖY SEKİZİNCİ SERBEST (DÖVİZ) ÖZEL FON,11.08.2026,"70,41599",4096995.00,3,"288493957,30"
UNT,İŞ PORTFÖY ÜÇÜNCÜ SERBEST (TL) FON,11.08.2026,"1,548161",13087739799.00,257,"20261929820,64"
UP1,ÜNLÜ PORTFÖY ALTIN FONU,11.08.2026,"6,168581",219725117.00,1476,"1355392085,61"
UP2,ÜNLÜ PORTFÖY PARA PİYASASI SERBEST FON,11.08.2026,"4,174526",648908986.14,303,"2708887533,77"
UPD,ÜNLÜ PORTFÖY DÖRDÜNCÜ SERBEST (DÖVIZ) FON,11.08.2026,"21,917435",116700689.00,257,"2557779770,13"
UPH,ÜNLÜ PORTFÖY HİSSE SENEDİ (TL) FONU(HİSSE SENEDİ YOĞUN FON),11.08.2026,"29,86593",5917536.00,533,"176732718,61"
UPP,ÜNLÜ PORTFÖY PARA PİYASASI (TL) FONU,11.08.2026,"6,95881",379084981.00,909,"2637980443,36"
UPS,ÜNLÜ PORTFÖY SESA SERBEST ÖZEL FON,11.08.2026,"4,953164",211105000.00,1,"1045637759,26"
URA,ATA PORTFÖY ENERJİ DEĞİŞKEN FON,11.08.2026,"1,905054",377698892.00,9633,"719536598,21"
URC,AK PORTFÖY ONUNCU SERBEST (DÖVİZ) FON,11.08.2026,"55,358496",2940572.00,151,"162785644,22"
URD,ALBARAKA PORTFÖY ÜÇÜNCÜ KATILIM SERBEST (DÖVİZ-ABD DOLARI) FON,11.08.2026,"49,817672",218638822.00,12,"10892077139,65"
URG,AK PORTFÖY BİRİNCİ SERBEST (DÖVİZ) ÖZEL FON,11.08.2026,"75,596908",7502752.00,1,"567184853,47"
URM,AK PORTFÖY ÖPY ALTINCI SERBEST (DÖVİZ) ÖZEL FON,11.08.2026,"48,625089",93969560.00,5,"4569278233,85"
URS,AK PORTFÖY ORKİDE SERBEST ÖZEL FON,11.08.2026,"3,732836",262089128.00,1,"978335850,65"
URV,AK PORTFÖY GELİNCİK SERBEST ÖZEL FON,11.08.2026,"3,221955",2685399860.00,2,"8652236169,11"
USS,AZİMUT PORTFÖY UNİCO SİGORTA SERBEST (TL) ÖZEL FON,11.08.2026,"3,809145",1084034643.00,1,"4129245305,30"
UST,İŞ PORTFÖY ÜÇÜNCÜ SERBEST (TL) ÖZEL FON,11.08.2026,"4,165695",468839001.00,1,"1953040077,98"
USY,ÜNLÜ PORTFÖY DEĞER YATIRIMLARI SERBEST FON,11.08.2026,"0,257828",5292687279.00,398,"1364600746,41"
UYH,ÜNLÜ PORTFÖY DOKUZUNCU SERBEST (TL) FON,11.08.2026,"4,998818",136548376.00,12,"682580462,61"
UZY,ÜNLÜ PORTFÖY İKİNCİ İSTATİSTİKSEL ARBİTRAJ SERBEST FON,11.08.2026,"9,11737",27679707.00,39,"252366129,96"
VAY,AK PORTFÖY DEĞER ODAKLI 100 ŞİRKETLERİ HİSSE SENEDİ (TL) FONU (HİSSE SENEDİ YOĞUN FON),11.08.2026,"1,542798",26293382.00,3037,"40565371,39"
VCD,AZİMUT PORTFÖY İKİNCİ SERBEST FON,11.08.2026,"6,246935",680959187.00,12,"4253907722,93"
VCG,AZİMUT PORTFÖY DÖRDÜNCÜ SERBEST (TL) FON,11.08.2026,"5,675337",346606007.00,14,"1967106014,11"
VCY,AK PORTFÖY ELEKTRİKLİ VE OTONOM ARAÇ TEKNOLOJİLERİ DEĞİŞKEN FON,11.08.2026,"3,483087",50177952.00,12122,"174774175,49"
VFK,ZİRAAT PORTFÖY İKİNCİ KISA VADELİ KİRA SERTİFİKALARI KATILIM (TL) FONU,11.08.2026,"5,408769",563306405.00,5593,"3046794186,58"
VFO,V PORTFÖY ALTIN KATILIM FONU,11.08.2026,"0,994262",68487074.00,2029,"68094108,81"
VFS,AZİMUT PORTFÖY AVF SERBEST ÖZEL FON,11.08.2026,"1,951446",3220695.00,1,"6285012,80"
VHS,VAKIF KATILIM PORTFÖY KATILIM HİSSE SENEDİ FONU (HİSSE SENEDİ YOĞUN FON),11.08.2026,"0,964019",45407701.00,381,"43773908,50"
VK6,V PORTFÖY VAKIFBANK PARA PİYASASI (TL) FONU,11.08.2026,"4,109786",19618434172.99,159055,"80627558952,67"
VKI,ALBARAKA PORTFÖY VAKIF KATILIM İKİNCİ KISA VADELİ KATILIM SERBEST (TL) FON,11.08.2026,"3,07597",557142883.00,366,"1713754898,29"
VKK,VAKIF KATILIM PORTFÖY KİRA SERTİFİKALARI KATILIM FONU,11.08.2026,"1,072134",53573485.00,346,"57437940,07"
VKT,V PORTFÖY VAKIFBANK KISA VADELİ BORÇLANMA ARAÇLARI (TL) FONU,11.08.2026,"0,120453",31495049184.96,42643,"3793685079,23"
VKV,VAKIF KATILIM PORTFÖY KISA VADELİ KİRA SERTİFİKALARI KATILIM FONU,11.08.2026,"1,072627",261417463.00,768,"280403473,93"
VLT,VAKIF KATILIM PORTFÖY ALTIN KATILIM FONU,11.08.2026,"1,003777",56557390.00,419,"56770988,01"
VMV,VEGA PORTFÖY MAVİ SERBEST FON,11.08.2026,"2,755807",2476649443.00,153,"6825166719,04"
VNK,VEGA PORTFÖY ANKA SERBEST FON,11.08.2026,"2,380629",1688141923.00,255,"4018840046,81"
VPA,VAKIF KATILIM PORTFÖY PARA PİYASASI KATILIM FONU,11.08.2026,"1,098722",7453384290.00,2914,"8189196584,06"
VPP,VEGA PORTFÖY PARLA SERBEST (DÖVİZ) FON,11.08.2026,"53,164936",26316199.00,540,"1399099043,49"
VPS,VEGA PORTFÖY SALUR HİSSE SENEDİ SERBEST (TL) FON (HİSSE SENEDİ YOĞUN FON),11.08.2026,"0,832098",1609500327.00,6169,"1339262412,78"
VRK,DENİZ PORTFÖY ÇOKLU VARLIK KATILIM FONU,11.08.2026,"1,292048",34972553.00,145,"45186220,92"
VTF,AZİMUT PORTFÖY VİTA SERBEST ÖZEL FON,11.08.2026,"2,183008",191149460.00,1,"417280724,38"
VTL,V PORTFÖY KISA VADELİ KİRA SERTİFİKALARI KATILIM (TL) FONU,11.08.2026,"1,096481",2173049668.00,6834,"2382707966,95"
YA1,YAPI KREDİ PORTFÖY BİRİNCİ SERBEST FON,11.08.2026,"1,407851",12002498603.00,22,"16897734707,87"
YAC,YAPI KREDİ PORTFÖY İKİNCİ FON SEPETİ FONU,11.08.2026,"14,377559",376638866.00,9864,"5415147419,39"
YAE,YAPI KREDİ PORTFÖY TLREF'E ENDEKSLİ BORÇLANMA ARAÇLARI (TL) FONU,11.08.2026,"1,170094",57061164.00,591,"66766901,23"
YAK,YAPI KREDİ PORTFÖY KARMA FON,11.08.2026,"5,068507",219530921.41,108249,"1112693905,34"
YAN,YAPI KREDİ PORTFÖY BİRİNCİ FON SEPETİ FONU,11.08.2026,"14,360163",129128392.00,3585,"1854304799,78"
YAR,İŞ PORTFÖY RESAN DEĞİŞKEN ÖZEL FON,11.08.2026,"27,308475",28000000.00,1,"764637308,57"
YAS,YAPI KREDİ PORTFÖY KOÇ HOLDİNG İŞTİRAK VE HİSSE SENEDİ FONU(HİSSE SENEDİ YOĞUN FON),11.08.2026,"14,261477",441265477.00,63058,"6293097605,12"
YAY,YAPI KREDİ PORTFÖY YABANCI TEKNOLOJİ SEKTÖRÜ HİSSE SENEDİ FONU,11.08.2026,"1830,560634",7237205.00,43912,"13248142570,72"
YBE,YAPI KREDİ PORTFÖY EUROBOND (DOLAR) BORÇLANMA ARAÇLARI FONU,11.08.2026,"1,837837",2717021913.00,14014,"4993443216,20"
YBH,YAPI KREDİ PORTFÖY 5-15 YIL VADELİ SERBEST (DÖVİZ) FON,11.08.2026,"53,804306",12760801.00,609,"686586047,28"
YBJ,DENİZ PORTFÖY AYBÜKE SERBEST (DÖVİZ) ÖZEL FON,11.08.2026,"58,205767",33065444.00,1,"1924599537,00"
YBP,YAPI KREDİ PORTFÖY PY BİRİNCİ DEĞİŞKEN ÖZEL FON,11.08.2026,"12,564827",74901488.00,55,"941124209,97"
YBR,İŞ PORTFÖY YİRMİBİRİNCİ SERBEST (DÖVİZ) FON,11.08.2026,"55,14437",108048993.00,2506,"5958293609,99"
YBS,YAPI KREDİ PORTFÖY ÖZEL SEKTÖR BORÇLANMA ARAÇLARI FONU,11.08.2026,"0,144021",13780533055.00,11739,"1984684250,04"
YCG,YAPI KREDİ PORTFÖY KARŞIYAKA SERBEST (DÖVİZ) ÖZEL FON,11.08.2026,"60,447921",3330205.00,4,"201303969,82"
YCH,YAPI KREDİ PORTFÖY ODEABANK AYRICALIKLI VE ÖZEL BANKACILIK FON SEPETİ ÖZEL FONU,11.08.2026,"2,65533",40778549.00,116,"108280494,56"
YCK,YAPI KREDİ PORTFÖY CİHANGİR SERBEST FON,11.08.2026,"4,512695",88391616.00,154,"398884424,01"
YCL,ATA PORTFÖY BEŞİNCİ SERBEST FON,11.08.2026,"10,301677",19405253.00,11,"199906653,43"
YCP,YAPI KREDİ PORTFÖY BANKACILIK SEKTÖRÜ HİSSE SENEDİ SERBEST FON (HİSSE SENEDİ YOĞUN FON),11.08.2026,"7,959858",119748902.00,2032,"953184198,18"
YCY,İSTANBUL PORTFÖY KATILIM FON SEPETİ FONU,11.08.2026,"4,045767",65917151.00,271,"266685446,24"
YDH,AK PORTFÖY YEDİNCİ SERBEST FON,11.08.2026,"1,068558",3624151715.00,1,"3872614656,63"
YDI,YAPI KREDİ PORTFÖY MODEL PORTFÖY HİSSE SENEDİ FONU (HİSSE SENEDİ YOĞUN FON),11.08.2026,"0,459252",2420523770.00,6972,"1111629323,85"
YDK,YAPI KREDİ PORTFÖY ÇALIŞAN HESAP KISA VADELİ BORÇLANMA ARAÇLARI FONU,11.08.2026,"0,118429",1236408700.00,48528,"146427063,33"
YDL,YAPI KREDİ PORTFÖY ADALAR SERBEST (DÖVİZ) ÖZEL FON,11.08.2026,"59,457133",20936234.00,8,"1244808440,10"
YDM,AZİMUT PORTFÖY 24.0 SERBEST ÖZEL FON,11.08.2026,"1,856784",678686262.00,2,"1260174111,08"
YDP,YAPI KREDİ PORTFÖY BİRİNCİ DEĞİŞKEN FON,11.08.2026,"2,178073",165892643.00,2422,"361326287,14"
YDZ,YAPI KREDİ PORTFÖY ODEABANK DÖRDÜNCÜ SERBEST (DÖVİZ) ÖZEL FON,11.08.2026,"54,676653",209117610.00,2916,"11433851042,80"
YEF,YAPI KREDİ PORTFÖY BIST 30 ENDEKSİ HİSSE SENEDİ FONU (HİSSE SENEDİ YOĞUN FON),11.08.2026,"0,925908",1878465768.01,13422,"1739287055,34"
YFV,YAPI KREDİ PORTFÖY KİRA SERTİFİKALARI KATILIM FONU,11.08.2026,"0,103995",8568130584.00,7408,"891043357,00"
YGM,YAPI KREDİ PORTFÖY EMTİA SERBEST FON,11.08.2026,"3,26447",165892183.00,1971,"541550099,56"
YHB,YAPI KREDİ PORTFÖY BIST 100 DIŞI ŞİRKETLER HİSSE SENEDİ FONU (HİSSE SENEDİ YOĞUN FON),11.08.2026,"2,289398",117613168.00,7112,"269263296,91"
YHI,YAPI KREDİ PORTFÖY İNŞAAT SEKTÖRÜ HİSSE SENEDİ SERBEST (TL) FON (HİSSE SENEDİ YOĞUN FON),11.08.2026,"1,444246",39512172.00,249,"57065290,13"
YHK,YAPI KREDİ PORTFÖY KATILIM HİSSE SENEDİ FONU (HİSSE SENEDİ YOĞUN FON),11.08.2026,"1,991112",626025810.00,6896,"1246487525,02"
YHP,YAPI KREDİ PORTFÖY KADIKÖY SERBEST FON,11.08.2026,"4,49228",390000000.00,1,"1751989356,12"
YHS,YAPI KREDİ PORTFÖY BİRİNCİ HİSSE SENEDİ FONU (HİSSE SENEDİ YOĞUN FON),11.08.2026,"25,748021",116028803.00,8492,"2987512073,27"
YHT,YAPI KREDİ PORTFÖY KISA VADELİ BORÇLANMA ARAÇLARI (TL) FONU,11.08.2026,"0,408965",5602847031.89,85800,"2291369887,26"
YHY,INVEO PORTFÖY YEDİNCİ HİSSE SENEDİ SERBEST FON (HİSSE SENEDİ YOĞUN FON),11.08.2026,"1,070319",182319880.00,18,"195140400,58"
YHZ,YAPI KREDİ PORTFÖY BIST TEKNOLOJİ AĞIRLIK SINIRLAMALI ENDEKSİ HİSSE SENEDİ FONU ( HİSSE SENEDİ YOĞUN FON),11.08.2026,"9,800315",135608997.00,16502,"1329010852,25"
YIK,YAPI KREDİ PORTFÖY İKİNCİ PARA PİYASASI SERBEST (TL) FON,11.08.2026,"1,519583",15637210490.00,1447,"23762034634,44"
YIS,YAPI KREDİ PORTFÖY İKİNCİ SERBEST ÖZEL FON,11.08.2026,"1,406868",740269500.00,1,"1041461468,62"
YIT,GARANTİ PORTFÖY YARI İLETKEN TEKNOLOJİLERİ DEĞİŞKEN FON,11.08.2026,"2,712256",917678894.00,17119,"2488979839,40"
YIV,YAPI KREDİ PORTFÖY ALLİANZ DEĞİŞKEN ÖZEL FON,11.08.2026,"3,55405",1596898432.00,2,"5675457568,70"
YJA,YAPI KREDİ PORTFÖY PY ALSANCAK SERBEST ( DÖVİZ) ÖZEL FON,11.08.2026,"67,144186",5986933.00,4,"401987743,32"
YJH,YAPI KREDİ PORTFÖY TEMİZ ENERJİ DEĞİŞKEN FONU,11.08.2026,"3,893297",51815628.00,4173,"201733641,14"
YJK,YAPI KREDİ PORTFÖY ROBOTİK VE YARI İLETKEN TEKNOLOJİLERİ FON SEPETİ FONU,11.08.2026,"5,824612",182533112.00,13828,"1063184643,21"
YJU,YAPI KREDİ PORTFÖY PY ULUDAĞ SERBEST (DÖVİZ) ÖZEL FON,11.08.2026,"65,930368",6657607.00,1,"438938478,38"
YJY,YAPI KREDİ PORTFÖY YENİKÖY SERBEST (DÖVİZ) FON,11.08.2026,"57,579698",1341819917.00,9032,"77261585330,30"
YKS,YAPI KREDİ PORTFÖY İSTANBUL SERBEST FON,11.08.2026,"0,344237",1730897250.00,357,"595838437,53"
YKT,YAPI KREDİ PORTFÖY ALTIN FONU,11.08.2026,"0,87347",37890220415.00,87001,"33095986734,27"
YLB,YAPI KREDİ PORTFÖY PARA PİYASASI FONU,11.08.2026,"1,799946",58431494274.00,351602,"105173541512,38"
YLC,ATA PORTFÖY TARIM VE GIDA DEĞİŞKEN FON,11.08.2026,"3,894217",21904012.00,1366,"85298974,19"
YLE,YAPI KREDİ PORTFÖY BIST SÜRDÜRÜLEBİLİRLİK ENDEKSİ HİSSE SENEDİ FONU (HİSSE SENEDİ YOĞUN FON),11.08.2026,"8,417087",35846904.00,2300,"301726522,89"
YLO,YAPI KREDİ PORTFÖY ELEKTRİKLİ ARAÇLAR DEĞİŞKEN FON,11.08.2026,"5,663456",45963180.00,5156,"260310429,68"
YLR,YAPI KREDİ PORTFÖY AKATLAR SERBEST (DÖVİZ) ÖZEL FON,11.08.2026,"2,584957",4898.00,4,"12661,12"
YLY,YAPI KREDİ PORTFÖY KAR PAYI ÖDEYEN HİSSE SENEDİ (TL) FON (HİSSE SENEDİ YOĞUN FON),11.08.2026,"2,210408",16257287.00,855,"35935233,50"
YLZ,BULLS PORTFÖY YILDIZ PAZAR ŞİRKETLERİ HİSSE SENEDİ SERBEST FON (HİSSE SENEDİ YOĞUN FON),11.08.2026,"3,670128",1169449076.00,14,"4292027889,37"
YMD,YAPI KREDİ PORTFÖY MASLAK SERBEST (DÖVİZ- ABD DOLARI) FON,11.08.2026,"56,350013",136164532.00,1465,"7672873105,41"
YMH,YAPI KREDİ PORTFÖY MUTLAK GETİRİ HEDEFLİ HİSSE SENEDİ SERBEST FON (HİSSE SENEDİ YOĞUN FON),11.08.2026,"1,573781",289190697.00,326,"455122769,67"
YMP,QNB PORTFÖY YMK PARA PİYASASI (TL) ÖZEL FON,11.08.2026,"1,145327",372808669.00,101,"426987864,83"
YNF,AK PORTFÖY AKBANK YENİ NESİL FON SEPETİ ÖZEL FONU,11.08.2026,"1,011886",14238.00,12,"14407,23"
YNK,YAPI KREDİ PORTFÖY NİŞANTAŞI KAR PAYI ÖDEYEN SERBEST (DÖVİZ) FON,11.08.2026,"47,830504",413502600.00,1166,"19778037810,07"
YNL,YAPI KREDİ PORTFÖY CADDEBOSTAN SERBEST (DÖVİZ) ÖZEL FON,11.08.2026,"55,0619",3981930.00,1,"219252630,05"
YOA,YAPI KREDİ PORTFÖY PY BORÇLANMA ARAÇLARI (DÖVİZ) ÖZEL FONU,11.08.2026,"89,17721",21440209.00,140,"1911978014,52"
YOS,YAPI KREDİ PORTFÖY ODEABANK SERBEST (DÖVİZ-AVRO) ÖZEL FON,11.08.2026,"56,217941",21719570.00,273,"1221029514,25"
YOT,YAPI KREDİ PORTFÖY BORÇLANMA ARAÇLARI FONU,11.08.2026,"39,627893",45567553.06,9805,"1805746122,35"
YOZ,DENİZ PORTFÖY YAKAMOZ SERBEST (DÖVİZ) FON,11.08.2026,"49,300523",933671426.00,2004,"46030489321,27"
YP1,YAPI KREDİ PORTFÖY PY GÜMÜŞSUYU SERBEST (DÖVIZ) ÖZEL FON,11.08.2026,"64,081271",3412953.00,3,"218706366,80"
YP2,YAPI KREDİ PORTFÖY PERA SERBEST (DÖVİZ) ÖZEL FON,11.08.2026,"73,20595",18589148.00,1,"1360836234,19"
YP4,YAPI KREDİ PORTFÖY FERİKÖY SERBEST (DÖVİZ) FON,11.08.2026,"54,165404",2467811943.00,29628,"133670030889,98"
YPC,YAPI KREDİ PORTFÖY SÜRDÜRÜLEBİLİRLİK DEĞİŞKEN FON,11.08.2026,"5,509862",9427983.00,2373,"51946888,80"
YPD,YAPI KREDİ PORTFÖY ALARA SERBEST (DÖVİZ) ÖZEL FON,11.08.2026,"67,995494",1468661.00,2,"99862330,12"
YPF,YAPI KREDİ PORTFÖY ALFA SERBEST FON,11.08.2026,"10,067893",145930618.00,517,"1469213831,44"
YPI,YAPI KREDİ PORTFÖY PY GÖZTEPE SERBEST (DÖVİZ) ÖZEL FON,11.08.2026,"56,373936",36293607.00,60,"2046013488,79"
YPK,YAPI KREDİ PORTFÖY GALATA SERBEST FON,11.08.2026,"14,192576",14585251.00,226,"207002286,31"
YPL,YAPI KREDİ PORTFÖY BALAT SERBEST (DÖVİZ) FON,11.08.2026,"73,232911",183751291.00,1565,"13456641886,36"
YPN,İŞ PORTFÖY YİRMİNCİ SERBEST (DÖVİZ- POUND) FON,11.08.2026,"67,229832",52619386.00,1021,"3537592501,86"
YPP,YAPI KREDİ PORTFÖY PY KUZGUNCUK SERBEST ÖZEL FON,11.08.2026,"24,523126",187058807.00,1,"4587266737,07"
YPR,AZİMUT PORTFÖY YILDIZ PAZAR ŞİRKETLERİ HİSSE SENEDİ FONU (HİSSE SENEDİ YOĞUN FON),11.08.2026,"1,683277",47993558.00,340,"80786461,90"
YPT,YAPI KREDİ PORTFÖY PARA PİYASASI SERBEST (TL) FON,11.08.2026,"4,097351",32130053623.00,19545,"131648111673,80"
YPU,YAPI KREDİ PORTFÖY SERBEST (DÖVİZ-POUND) FON,11.08.2026,"66,25258",73588961.00,1885,"4875458497,29"
YPV,YAPI KREDİ PORTFÖY ÜÇÜNCÜ FON SEPETİ FONU,11.08.2026,"7,682288",707137791.00,3378,"5432436469,20"
YRZ,YAPI KREDİ PORTFÖY ŞUBAT 2027 KAR PAYI ÖDEYEN SERBEST (DÖVİZ) FON,11.08.2026,"48,511336",16463480.00,157,"798665415,23"
YSA,YAPI KREDİ PORTFÖY SUADİYE SERBEST (DÖVİZ) FON,11.08.2026,"49,044071",6397499.00,295,"313759395,86"
YSH,YAPI KREDİ PORTFÖY BÜYÜK ÖLÇEKLİ ŞİRKETLER DEĞİŞKEN FON,11.08.2026,"0,971495",54687606.00,344,"53128729,52"
YSL,YAPI KREDİ PORTFÖY KAR PAYI ÖDEYEN KİRA SERTİFİKALARI KATILIM SERBEST (DÖVİZ) FON,11.08.2026,"43,535791",15615719.00,384,"679842674,75"
YSO,YAPI KREDİ PORTFÖY SAĞLIK SEKTÖRÜ SERBEST FON,11.08.2026,"1,533118",50036455.00,343,"76711779,77"
YSU,YAPI KREDİ PORTFÖY ÜÇÜNCÜ DEĞİŞKEN FON,11.08.2026,"0,171364",1408183866.00,6132,"241312571,35"
YTD,YAPI KREDİ PORTFÖY YABANCI FON SEPETİ FONU,11.08.2026,"0,938592",1834147073.00,14914,"1721515940,16"
YTJ,YAPI KREDİ PORTFÖY DUDULLU SERBEST (DÖVİZ) ÖZEL FON,11.08.2026,"69,669743",17568640.00,1,"1224002631,53"
YTO,YAPI KREDİ PORTFÖY TOPHANE PARK SERBEST (DÖVİZ) ÖZEL FON,11.08.2026,"53,364391",13213103.00,4,"705109194,80"
YTR,YAPI KREDİ PORTFÖY LARA SERBEST (DÖVİZ-AVRO) ÖZEL FON,11.08.2026,"79,629833",7745398.00,2,"616764751,77"
YTV,YAPI KREDİ PORTFÖY TARIM DEĞİŞKEN FON,11.08.2026,"3,079624",71963312.00,2281,"221619937,52"
YTY,YAPI KREDİ PORTFÖY TARABYA SERBEST (DÖVİZ-AVRO) FON,11.08.2026,"58,721443",1896559992.00,20707,"111368739941,60"
YUB,YAPI KREDİ PORTFÖY KARAKÖY HİSSE SENEDİ SERBEST FON (HİSSE SENEDİ YOĞUN FON),11.08.2026,"5,158298",73299565.00,588,"378100979,15"
YUD,YAPI KREDİ PORTFÖY BODRUM SERBEST [DÖVİZ] ÖZEL FON,11.08.2026,"75,212885",3403000.00,2,"255949448,80"
YUI,YAPI KREDİ PORTFÖY PY BEYKOZ SERBEST ÖZEL FON,11.08.2026,"1,880026",479200096.00,7,"900908601,08"
YUK,YAPI KREDİ PORTFÖY ÜSKÜDAR KAR PAYI ÖDEYEN SERBEST (DÖVİZ) FON,11.08.2026,"50,047996",27176980.00,147,"1360153397,46"
YUN,YAPI KREDİ PORTFÖY İSTİNYE SERBEST (DÖVİZ) FON,11.08.2026,"58,20691",54593678.00,590,"3177729285,76"
YUY,YAPI KREDİ PORTFÖY ALLİANZ KAR PAYI ÖDEYEN SERBEST (TL) ÖZEL FON,11.08.2026,"1,013189",990361196.00,2,"1003423425,03"
YVB,YAPI KREDİ PORTFÖY UZUN VADELİ BORÇLANMA ARAÇLARI FONU,11.08.2026,"1,343915",76616212.00,628,"102965647,13"
YVD,YAPI KREDİ PORTFÖY İKİNCİ PARA PİYASASI (TL) FONU,11.08.2026,"4,369343",9704764214.00,81194,"42403442991,12"
YVF,YAPI KREDİ PORTFÖY ETİLER SERBEST (DÖVİZ) ÖZEL FON,11.08.2026,"73,254886",12953276.00,4,"948890751,42"
YVG,YAPI KREDİ PORTFÖY SARIYER SERBEST (DÖVİZ-AVRO) FON,11.08.2026,"62,824915",93932530.00,1226,"5901303171,00"
YVO,YAPI KREDİ PORTFÖY NİLÜFER SERBEST (DÖVİZ) ÖZEL FON,11.08.2026,"69,886178",10482636.00,2,"732591369,02"
YVS,YAPI KREDİ PORTFÖY BEYOĞLU SERBEST (DÖVİZ) ÖZEL FON,11.08.2026,"75,847799",5777712.00,6,"438226737,28"
YZC,YAPI KREDİ PORTFÖY FİNTECH VE BLOCKCHAİN TEKNOLOJİLERİ DEĞİŞKEN FON,11.08.2026,"4,922958",127128887.00,12418,"625850223,40"
YZF,YAPI KREDİ PORTFÖY PY ERENKÖY  SERBEST (DÖVIZ) ÖZEL FON,11.08.2026,"100,210237",4750000.00,1,"475998627,97"
YZG,YAPI KREDİ PORTFÖY GÜMÜŞ FON SEPETİ FONU,11.08.2026,"12,832751",846156679.00,61409,"10858518258,41"
YZH,TEB PORTFÖY BIST BANKA ENDEKSİ HİSSE SENEDİ FONU (HİSSE SENEDİ YOĞUN),11.08.2026,"10,245806",59910303.00,5707,"613829336,99"
YZK,YAPI KREDİ PORTFÖY KALAMIŞ SERBEST FON,11.08.2026,"7,830518",27125770.00,194,"212408827,97"
YZL,YAPI KREDİ PORTFÖY PY ÇAMLICA SERBEST ÖZEL FON,11.08.2026,"5,428069",97604592.00,59,"529804415,65"
YZT,AK PORTFÖY YAPAY ZEKA TEKNOLOJİLERİ ŞİRKETLERİ DEĞİŞKEN FON,11.08.2026,"0,96884",307494170.00,6250,"297912606,49"
ZA2,KUVEYT TÜRK PORTFÖY İKİNCİ SEPET HESAP PARA PİYASASI KATILIM FONU,11.08.2026,"2,026107",2210413779.00,641,"4478535759,51"
ZAD,KUVEYT TÜRK PORTFÖY SEPET HESAP KATILIM SERBEST (DÖVİZ) FON,11.08.2026,"46,209947",331891.00,46,"15336665,39"
ZAV,ZİRAAT PORTFÖY BAŞAK SERBEST (DÖVİZ-AVRO) FON,11.08.2026,"56,939272",1107130319.00,4885,"63039194689,41"
ZAY,KUVEYT TÜRK PORTFÖY SEPET HESAP PARA PİYASASI KATILIM (TL) FONU,11.08.2026,"6,345787",244934946.00,3381,"1554305090,96"
ZBD,ZİRAAT PORTFÖY DENGELİ DEĞİŞKEN FON,11.08.2026,"666,876275",1376326.39,2064,"917839422,33"
ZBI,ZİRAAT PORTFÖY TEMKİNLİ KATILIM FONU,11.08.2026,"2,243146",91408461.00,1792,"205042482,51"
ZBJ,ZİRAAT PORTFÖY BAŞAK PARA PİYASASI (TL) FONU,11.08.2026,"5,122864",12786361197.58,20031,"65502792366,66"
ZBN,ZİRAAT PORTFÖY HİSSE SENEDİ SERBEST (TL) FON (HİSSE SENEDİ YOĞUN FON),11.08.2026,"23,611473",6441241.00,171,"152087189,81"
ZBO,ZİRAAT PORTFÖY MUTLAK GETİRİ HEDEFLİ HİSSE SENEDİ SERBEST FON (HİSSE SENEDİ YOĞUN FON),11.08.2026,"3,276728",140418245.00,235,"460112342,47"
ZBZ,ZİRAAT PORTFÖY GÜLLÜ SERBEST (DÖVİZ) ÖZEL FON,11.08.2026,"67,368016",5249835.00,1,"353670967,91"
ZCA,ZİRAAT PORTFÖY ÖPY BİRİNCİ SERBEST (TL) ÖZEL FON,11.08.2026,"8,519269",7535598.00,1,"64197787,81"
ZCB,ZİRAAT PORTFÖY MGN SERBEST (DÖVİZ) ÖZEL FON,11.08.2026,"74,414138",89041.00,3,"6625909,29"
ZCC,ZİRAAT PORTFÖY DURUSU SERBEST (DÖVİZ) ÖZEL FON,11.08.2026,"79,423746",5285255.00,2,"419774751,38"
ZCD,ZİRAAT PORTFÖY ALTINCI SERBEST (TL) FON,11.08.2026,"4,56218",285797969.00,490,"1303861667,74"
ZCE,ZİRAAT PORTFÖY TÜRK ALTIN SERBEST (TL) ÖZEL FON,11.08.2026,"4,637994",2807733694.00,1,"13022251385,44"
ZCF,ZİRAAT PORTFÖY MKA SERBEST (TL) ÖZEL FON,11.08.2026,"4,021012",460998205.00,1,"1853679105,73"
ZCG,ZİRAAT PORTFÖY DOKUZUNCU SERBEST (TL) FON,11.08.2026,"6,653112",127439131.00,165,"847866854,24"
ZCH,ZİRAAT PORTFÖY ODAK SERBEST ÖZEL FON,11.08.2026,"2,44253",2057994652.00,1,"5026713464,89"
ZCK,ZİRAAT PORTFÖY AGRESİF KATILIM FONU,11.08.2026,"1,760372",207979760.00,2191,"366121836,60"
ZCN,ZİRAAT PORTFÖY EMTİA FON SEPETİ FONU,11.08.2026,"3,934415",144568500.00,6608,"568792405,70"
ZDD,ZİRAAT PORTFÖY TEMKİNLİ DEĞİŞKEN FON,11.08.2026,"7,388256",68064190.00,1384,"502875668,79"
ZDK,ZİRAAT PORTFÖY ÖPY DÖRDÜNCÜ KATILIM SERBEST (DÖVİZ-ABD DOLARI) ÖZEL FON,11.08.2026,"15,736733",209538.00,1,"3297443,61"
ZDZ,ZİRAAT PORTFÖY AGRESİF DEĞİŞKEN FON,11.08.2026,"12,322122",79183798.00,8671,"975712446,62"
ZFB,AK PORTFÖY FİNTEK VE BLOKZİNCİRİ TEKNOLOJİLERİ DEĞİŞKEN FON,11.08.2026,"7,235178",143672794.00,15343,"1039498209,17"
ZFZ,ZİRAAT PORTFÖY ANKARA SERBEST (DÖVİZ) ÖZEL FON,11.08.2026,"69,735686",321427105.00,3,"22414939508,46"
ZHH,ZİRAAT PORTFÖY HALKBANK SÜRDÜRÜLEBİLİRLİK 30 ŞİRKETLERİ HİSSE SENEDİ FONU (HİSSE SENEDİ YOĞUN FON),11.08.2026,"1,444354",58107367.00,1051,"83927581,94"
ZIH,ZİRAAT PORTFÖY HAVACILIK VE SAVUNMA TEKNOLOJİLERİ DEĞİŞKEN FON,11.08.2026,"0,999542",17221607.00,1673,"17213714,73"
ZJB,ZİRAAT PORTFÖY BİRİNCİ SERBEST (TL) FON,11.08.2026,"9,852885",807957681.00,1767,"7960714045,32"
ZJH,ZİRAAT PORTFÖY V10 SERBEST (DÖVİZ) ÖZEL FON,11.08.2026,"61,492581",3385999.00,1,"208213817,85"
ZJI,ZİRAAT PORTFÖY İKİNCİ SERBEST (TL) FON,11.08.2026,"10,181099",633726688.00,1732,"6452034036,82"
ZJL,ZİRAAT PORTFÖY BIST 100 DIŞI ŞİRKETLER HİSSE SENEDİ FONU (HİSSE SENEDİ YOĞUN FON),11.08.2026,"14,597321",27761300.00,2635,"405240603,69"
ZJR,ZİRAAT PORTFÖY TÜRK REASÜRANS HİSSE SENEDİ SERBEST ÖZEL FON (HİSSE SENEDİ YOĞUN FON),11.08.2026,"55,742583",3577.00,1,"199391,22"
ZJT,ZİRAAT PORTFÖY DURU SERBEST (DÖVİZ) ÖZEL FON,11.08.2026,"67,828888",19895159.00,1,"1349466518,42"
ZJV,ZİRAAT PORTFÖY BIST 30 DIŞI YILDIZ PAZAR ŞİRKETLERİ HİSSE SENEDİ FONU (HİSSE SENEDİ YOĞUN FON),11.08.2026,"10,655756",62858100.00,1353,"669800578,71"
ZK1,ZİRAAT PORTFÖY BAŞAK KATILIM SERBEST (DÖVİZ-AMERİKAN DOLARI) FON,11.08.2026,"50,293649",44874953.00,108,"2256925124,10"
ZK2,ZİRAAT PORTFÖY BAŞAK KATILIM SERBEST (DÖVİZ-AVRO) FON,11.08.2026,"57,794557",29440301.00,73,"1701489139,95"
ZKK,ZİRAAT PORTFÖY ESSA KATILIM SERBEST (DÖVİZ-AVRO) ÖZEL FON,11.08.2026,"24,971565",93667474.00,1,"2339023413,67"
ZLB,TEB PORTFÖY TEB ÖZEL BANKACILIK SERBEST (DÖVİZ) ÖZEL FON,11.08.2026,"50,004431",9898940.00,47,"494990864,95"
ZLG,AK PORTFÖY MARAL SERBEST (DÖVİZ) ÖZEL FON,11.08.2026,"64,331005",16832812.00,1,"1082871714,76"
ZLH,ZİRAAT PORTFÖY BIST 100-30 ŞİRKETLERİ HİSSE SENEDİ FONU ( HİSSE SENEDİ YOĞUN FON),11.08.2026,"11,640373",39161100.00,3402,"455849805,44"
ZMT,AZİMUT PORTFÖY 22.0 SERBEST (DÖVİZ-AVRO) FON,11.08.2026,"62,659147",26300438.00,306,"1647963000,63"
ZMU,AZİMUT PORTFÖY 23.0 HİSSE SENEDİ SERBEST FON (HİSSE SENEDİ YOĞUN FON),11.08.2026,"0,210852",90283015.00,14,"19036359,09"
ZMY,ZİRAAT PORTFÖY METAVERSE VE YENİ TEKNOLOJİLER DEĞİŞKEN FON,11.08.2026,"6,61156",29733600.00,2794,"196585485,17"
ZNF,ZİRAAT PORTFÖY BDEM SERBEST (DÖVİZ-AVRO) ÖZEL FON,11.08.2026,"54,730595",15219818.00,1,"832989700,09"
ZOS,ZİRAAT PORTFÖY ONBEŞİNCİ SERBEST FON,11.08.2026,"1,87467",306521428.00,11,"574626634,47"
ZP1,ZİRAAT PORTFÖY ANTALYA SERBEST (DÖVİZ) ÖZEL FON,11.08.2026,"63,029697",1013938.00,2,"63908205,35"
ZP2,ZİRAAT PORTFÖY İKİNCİ İSTATİSTİKSEL ARBİTRAJ SERBEST (TL) ÖZEL FON,11.08.2026,"5,72565",106786382.00,1,"611421397,49"
ZP3,ZİRAAT PORTFÖY ÜÇÜNCÜ İSTATİSTİKSEL ARBİTRAJ SERBEST (TL) ÖZEL FON,11.08.2026,"4,180681",111821825.00,1,"467491332,82"
ZP6,ZİRAAT PORTFÖY SEDEF KATILIM SERBEST (DÖVİZ - AMERİKAN DOLARI) FON,11.08.2026,"58,23879",108470756.00,1532,"6317205536,84"
ZP7,ZİRAAT PORTFÖY TE4 SERBEST (DÖVİZ) ÖZEL FON,11.08.2026,"67,600417",18886273.00,1,"1276719925,24"
ZP8,ZİRAAT PORTFÖY KEHRİBAR PARA PİYASASI KATILIM SERBEST (TL) FON,11.08.2026,"4,034532",14176417539.00,4410,"57195209219,52"
ZP9,ZİRAAT PORTFÖY AKİK KATILIM SERBEST (DÖVİZ-AVRO) FON,11.08.2026,"60,191161",35837246.00,800,"2157085443,13"
ZPA,ZİRAAT PORTFÖY SERBEST (DÖVİZ) FON,11.08.2026,"66,611219",56320592.00,877,"3751583278,66"
ZPC,ZİRAAT PORTFÖY FON SEPETİ FONU,11.08.2026,"18,991576",165225743.00,2792,"3137897323,09"
ZPE,ZİRAAT PORTFÖY KATILIM HİSSE SENEDİ FONU (HİSSE SENEDİ YOĞUN FON),11.08.2026,"33,502862",35939285.84,7030,"1204068934,74"
ZPF,ZİRAAT PORTFÖY KATILIM FONU (DÖVİZ),11.08.2026,"23,067544",32356987.00,3363,"746396224,62"
ZPG,ZİRAAT PORTFÖY KİRA SERTİFİKALARI (SUKUK) KATILIM FONU,11.08.2026,"10,564151",152430362.43,6261,"1610297342,09"
ZPH,ZİRAAT PORTFÖY PAYLAŞIMLI HESAP PARA PİYASASI KATILIM SERBEST (TL) FON,11.08.2026,"1,498615",236165511.00,55,"353921124,93"
ZPJ,ZİRAAT PORTFÖY KATILIM HİSSE SENEDİ SERBEST (TL) FON (HİSSE SENEDİ YOĞUN FON),11.08.2026,"11,049236",10836576.00,336,"119735883,23"
ZPK,ZİRAAT PORTFÖY KISA VADELİ KİRA SERTİFİKASI KATILIM (TL) FONU,11.08.2026,"8,320416",2229418436.00,29289,"18549689832,07"
ZPN,ZİRAAT PORTFÖY BUDİN SERBEST (DÖVİZ) ÖZEL FON,11.08.2026,"72,246764",27303765.00,1,"1972608664,82"
ZPO,ZİRAAT PORTFÖY PARA PİYASASI KATILIM FONU,11.08.2026,"1,028863",1606602632.00,1036,"1652974197,33"
ZPR,ZİRAAT PORTFÖY PARA PİYASASI SERBEST FON,11.08.2026,"1,526689",18150116883.00,892,"27709580606,11"
ZR2,ZİRAAT PORTFÖY YEŞİLKÖY SERBEST ÖZEL FON,11.08.2026,"1,371952",946669725.00,1,"1298785425,24"
ZR3,ZİRAAT PORTFÖY ONÜÇÜNCÜ SERBEST (TL) FON,11.08.2026,"0,577531",303230430.00,143,"175124855,01"
ZSB,ZİRAAT PORTFÖY İKİNCİ İSTATİSTİKSEL ARBİTRAJ SERBEST FON,11.08.2026,"11,786888",299315692.00,24,"3528000452,58"
ZSF,ZİRAAT PORTFÖY S&P/OIC COMCEC (İSEDAK) 50 SHARİAH ŞİRKETLERİ YABANCI HİSSE SENEDİ FONU,11.08.2026,"52,629621",764646.00,1588,"40243029,48"
ZSG,ZİRAAT PORTFÖY ESG SÜRDÜRÜLEBİLİRLİK FON SEPETİ FONU,11.08.2026,"4,285457",11408000.00,933,"48888496,85"
ZSK,ZİRAAT PORTFÖY SSA KATILIM SERBEST (DÖVİZ) ÖZEL FON,11.08.2026,"58,249136",43521430.00,1,"2535085692,46"
ZSN,ZİRAAT PORTFÖY ÖPY BEŞİNCİ SERBEST (DÖVİZ-ABD DOLARI) ÖZEL FON,11.08.2026,"56,465834",54460061.00,2,"3075132773,81"
ZTF,ZİRAAT PORTFÖY BİRİNCİ İSTATİSTİKSEL ARBİTRAJ SERBEST (TL) ÖZEL FON,11.08.2026,"7,481133",274862095.00,1,"2056279757,44"
ZTG,ZİRAAT PORTFÖY TARIM VE GIDA FON SEPETİ FONU,11.08.2026,"1,299301",31178079.00,1013,"40509701,12"
ZUD,ZİRAAT PORTFÖY THE SERBEST ÖZEL FON,11.08.2026,"4,163484",207749576.00,1,"864961934,79"
ZUE,ZİRAAT PORTFÖY TS SERBEST ÖZEL FON,11.08.2026,"5,093747",1530193061.00,1,"7794416387,18"
ZUS,ZİRAAT PORTFÖY BAŞAK SERBEST (DÖVİZ-AMERİKAN DOLARI) FON,11.08.2026,"50,232785",1196561509.00,3385,"60106616749,95"
ZVB,ATLAS PORTFÖY SERBEST (TL) FON,11.08.2026,"95,380626",2514834.00,11,"239866441,71"
ZVO,ZİRAAT PORTFÖY ÜÇÜNCÜ SERBEST (TL) FON,11.08.2026,"3,597091",230703457.00,341,"829861331,03"
ZYC,ZİRAAT PORTFÖY TS SERBEST (TL) ÖZEL FON,11.08.2026,"4,876935",1833786550.00,1,"8943258692,12"
ZYD,ZİRAAT PORTFÖY THE SERBEST (TL) ÖZEL FON,11.08.2026,"4,849124",1844187892.00,1,"8942696450,03"
ZZL,ZİRAAT PORTFÖY ONDÖRDÜNCÜ SERBEST FON,11.08.2026,"83,247448",509319.00,15,"42399507,09"