Dışa Aktarım Tarihi:,07.08.2026 18:28:39
Toplam Kayıt Sayısı:,2032

Fon Kodu,Fon Adı,Tarih,Fiyat,Tedavüldeki Pay Sayısı,Kişi Sayısı,Fon Toplam Değer
AAL,ATA PORTFÖY PARA PİYASASI (TL) FONU,07.08.2026,"3,435583",616094319.00,4534,"2116642918,96"
AAS,ATA PORTFÖY FON SEPETİ SERBEST FONU,07.08.2026,"12,551133",1367861.00,144,"17168205,97"
AAV,ATA PORTFÖY İKİNCİ HİSSE SENEDİ (TL) FONU (HİSSE SENEDİ YOĞUN FON),07.08.2026,"61,14622",2062911.00,2029,"126139209,92"
ABG,ATLAS PORTFÖY DÖRDÜNCÜ SERBEST (TL) FON,07.08.2026,"105,929609",131117909.00,193,"13889268832,19"
ABJ,ALLBATROSS PORTFÖY BENZ HİSSE SENEDİ SERBEST (TL) ÖZEL FON (HİSSE SENEDİ YOĞUN FON),07.08.2026,"0,747273",1337341991.00,3,"999358893,30"
ABU,AK PORTFÖY BİREBİR BANKACILIK DEĞİŞKEN ÖZEL FON,07.08.2026,"0,103419",580303972.00,37,"60014668,99"
AC1,PARDUS PORTFÖY KISA VADELİ KATILIM SERBEST FONU,07.08.2026,"3,180832",103857807.00,193,"330354219,19"
AC2,PARDUS PORTFÖY İKİNCİ SERBEST FON,07.08.2026,"2,472688",2478713505.00,44,"6129085788,56"
AC3,PARDUS PORTFÖY ÜÇÜNCÜ SERBEST (DÖVİZ) FON,07.08.2026,"62,779028",2090562.00,14,"131243449,52"
AC4,PARDUS PORTFÖY PARA PİYASASI (TL) FON,07.08.2026,"3,942642",525755114.00,3965,"2072864229,20"
AC5,PARDUS PORTFÖY İSTATİSTİKSEL ARBİTRAJ HİSSE SENEDİ SERBEST (TL) FON (HİSSE SENEDİ YOĞUN FON),07.08.2026,"3,685315",5989096.00,151,"22071703,66"
AC6,PARDUS PORTFÖY DÖRDÜNCÜ SERBEST (DÖVİZ) FON,07.08.2026,"56,836381",1301928.00,87,"73996876,07"
AC7,PARDUS PORTFÖY BİRİNCİ HİSSE SENEDİ SERBEST (TL) FON (HİSSE SENEDİ YOĞUN FON),07.08.2026,"5,690957",671449375.00,44,"3821189788,98"
AC8,PARDUS PORTFÖY İKİNCİ HİSSE SENEDİ SERBEST (TL) FON (HİSSE SENEDİ YOĞUN FON),07.08.2026,"195,432459",15201899.00,96,"2970944504,12"
ACC,İSTANBUL PORTFÖY DÖRDÜNCÜ HİSSE SENEDİ FONU (HİSSE SENEDİ YOĞUN),07.08.2026,"43,753763",4069569.00,1352,"178058958,64"
ACD,İSTANBUL PORTFÖY İKİNCİ DEĞİŞKEN FON,07.08.2026,"5,879071",57159222.97,1501,"336043149,09"
ACN,İSTANBUL PORTFÖY LİDYA SERBEST (DÖVİZ) FON,07.08.2026,"12,458066",51336945.00,16,"639559067,83"
ACU,İSTANBUL PORTFÖY URARTU SERBEST (DÖVİZ) FON,07.08.2026,"56,405418",25420973.00,156,"1433880616,35"
ADE,AK PORTFÖY MUTLAK GETİRİ HEDEFLİ DEĞİŞKEN FON,07.08.2026,"0,875531",813429713.00,25668,"712183077,17"
ADP,AK PORTFÖY BIST BANKA ENDEKSİ HİSSE SENEDİ (TL) FONU (HİSSE SENEDİ YOĞUN FON),07.08.2026,"1,204402",3050880074.00,21502,"3674485393,25"
AED,ATA PORTFÖY BİRİNCİ DEĞİŞKEN FON,07.08.2026,"111,513174",555823.28,1382,"61981618,19"
AES,AK PORTFÖY PETROL YABANCI BYF FON SEPETİ FONU,07.08.2026,"0,161898",7622421014.00,35039,"1234056242,06"
AEV,ALLBATROSS PORTFÖY SANAYİ ŞİRKETLERİ HİSSE SENEDİ (TL) FONU (HİSSE SENEDİ YOĞUN FON),07.08.2026,"2,073057",4461154.00,438,"9248226,69"
AFA,AK PORTFÖY AMERİKA YABANCI HİSSE SENEDİ FONU,07.08.2026,"1,27647",4261365985.00,45410,"5439503737,08"
AFO,AK PORTFÖY ALTIN FONU,07.08.2026,"1,27605",14773849285.00,81318,"18852170141,99"
AFS,AK PORTFÖY SAĞLIK SEKTÖRÜ YABANCI HİSSE SENEDİ FONU,07.08.2026,"0,338085",2497680272.00,27750,"844427222,72"
AFT,AK PORTFÖY YENİ TEKNOLOJİLER YABANCI HİSSE SENEDİ FONU,07.08.2026,"0,961998",19922982080.00,137661,"19165868346,00"
AFV,AK PORTFÖY AVRUPA YABANCI HİSSE SENEDİ FONU,07.08.2026,"0,609677",2209587616.00,14787,"1347134579,33"
AGC,AK PORTFÖY İKİNCİ DEĞİŞKEN FON,07.08.2026,"9,28712",13022197.00,2479,"120938709,47"
AHH,AZİMUT PORTFÖY DİNAMİK DAĞIMLI SERBEST FON,07.08.2026,"10,716077",21370610.00,15,"229009105,66"
AHI,ATLAS PORTFÖY BİRİNCİ HİSSE SENEDİ FONU(HİSSE SENEDİ YOĞUN),07.08.2026,"36,013163",3202327.00,2614,"115325922,95"
AHN,ATLAS PORTFÖY SERBEST(DÖVİZ)FON,07.08.2026,"68,161224",440799.00,96,"30045399,57"
AHU,ATLAS PORTFÖY BİRİNCİ ÖZEL SEKTÖR BORÇLANMA ARAÇLARI FONU,07.08.2026,"11,202093",14303024.00,581,"160223808,40"
AHV,AZİMUT PORTFÖY DENGELİ FON SEPETİ FONU,07.08.2026,"21,244674",6027077.00,178,"128043283,61"
AHZ,AZİMUT PORTFÖY ATAK FON SEPETİ SERBEST FON,07.08.2026,"30,845772",1749021.00,13,"53949903,23"
AI1,ATA PORTFÖY BİRİNCİ İSTATİSTİKSEL ARBİTRAJ SERBEST FON,07.08.2026,"1,230551",48917698.00,17,"60195705,43"
AIH,AK PORTFÖY RTH HİSSE SENEDİ SERBEST ÖZEL FON (HİSSE SENEDİ YOĞUN FON),07.08.2026,"16,911045",9643754.00,4,"163085956,73"
AII,AZİMUT PORTFÖY ÇINAR SERBEST (DÖVİZ) ÖZEL FON,07.08.2026,"95,319469",3942000.00,3,"375749348,24"
AIM,AK PORTFÖY MİMKA HİSSE SENEDİ SERBEST ÖZEL FON (HİSSE SENEDİ YOĞUN FON),07.08.2026,"26,269278",2162287.00,1,"56801718,76"
AIR,AZİMUT PORTFÖY ESİN SERBEST (DÖVİZ) ÖZEL FON,07.08.2026,"163,749545",8914753.00,3,"1459786751,32"
AIS,AK PORTFÖY PARA PİYASASI KATILIM FONU,07.08.2026,"0,105823",128690211748.00,20773,"13618422112,82"
AJ1,A1 CAPİTAL PORTFÖY İSTATİSTİKSEL ARBİTRAJ HİSSE SENEDİ SERBEST FON (HİSSE SENEDİ YOĞUN FON),07.08.2026,"1,312665",8274998.00,89,"10862300,91"
AJE,AK PORTFÖY ÜÇÜNCÜ SERBEST ( DÖVİZ ) FON,07.08.2026,"62,742472",47299352.00,983,"2967678264,79"
AJK,AK PORTFÖY 0-5 YIL VADELİ SERBEST (DÖVİZ) FON,07.08.2026,"63,98036",1959275.00,130,"125355119,47"
AJL,AK PORTFÖY BEŞİNCİ SERBEST (DÖVİZ) FON,07.08.2026,"63,754505",74287207.00,1333,"4736144136,93"
AJN,AK PORTFÖY DÖRDÜNCÜ SERBEST (DÖVIZ) FON,07.08.2026,"61,270739",6858718.00,276,"420238717,68"
AK2,AK PORTFÖY UZUN VADELİ BORÇLANMA ARAÇLARI FONU,07.08.2026,"0,532656",310744187.00,9119,"165519823,87"
AK3,AK PORTFÖY HİSSE SENEDİ (TL) FONU (HİSSE SENEDİ YOĞUN FON),07.08.2026,"51,320985",153112423.00,20418,"7857880287,77"
AKE,AK PORTFÖY EUROBOND (AMERİKAN DOLARI) BORÇLANMA ARAÇLARI FONU,07.08.2026,"0,522044",1974091064.00,13426,"1030561743,81"
AKU,AK PORTFÖY BIST 30 ENDEKSİ HİSSE SENEDİ (TL) FONU (HİSSE SENEDİ YOĞUN FON),07.08.2026,"0,928102",2500073690.00,16983,"2320322771,45"
AL4,ALBARAKA PORTFÖY ALBARAKA TÜRK KISA VADELİ KATILIM SERBEST (TL) FON,07.08.2026,"3,930453",318546011.00,12,"1252030034,62"
AL5,ALBARAKA PORTFÖY KATILIM SERBEST (DÖVİZ) FON,07.08.2026,"53,507429",257841870.00,2364,"13796455586,66"
AL6,ALBARAKA PORTFÖY VAKIF KATILIM KISA VADELİ KATILIM SERBEST (TL) FON,07.08.2026,"3,848894",1426593054.00,12,"5490805618,37"
AL7,ALBARAKA PORTFÖY İKİNCİ KISA VADELİ KATILIM SERBEST (TL) FON,07.08.2026,"3,710641",2112977655.00,104,"7840500467,76"
ALC,AK PORTFÖY KAR PAYI ÖDEYEN ŞİRKETLER HİSSE SENEDİ (TL) FONU (HİSSE SENEDİ YOĞUN FON),07.08.2026,"0,362179",4355246189.00,25064,"1577380650,87"
ALE,AK PORTFÖY PARA PİYASASI (TL) FONU,07.08.2026,"13,313083",6609115834.00,146064,"87987709011,30"
AN1,STRATEJİ PORTFÖY BİRİNCİ DEĞİŞKEN FON,07.08.2026,"109,872707",11942195.25,2690,"1312121315,91"
ANL,AK PORTFÖY ALTERNATİF BANK PARA PİYASASI (TL)FONU,07.08.2026,"36,924226",15083262.00,3692,"556937772,39"
ANZ,ATA PORTFÖY DÖRDÜNCÜ SERBEST (DÖVİZ) FON,07.08.2026,"21,629692",12068803.00,163,"261044490,55"
AOJ,ALLBATROSS PORTFÖY İNŞAAT SEKTÖRÜ HİSSE SENEDİ SERBEST (TL) FON (HİSSE SENEDİ YOĞUN FON),07.08.2026,"1,565006",12568002.00,210,"19668996,94"
AOY,AK PORTFÖY ALTERNATİF ENERJİ YABANCI HİSSE SENEDİ FONU,07.08.2026,"0,360395",3044473993.00,36483,"1097211960,48"
AP2,ATLAS PORTFÖY BEŞİNCİ SERBEST (TL) FON,07.08.2026,"2,724501",286997151.00,35,"781924135,88"
AP4,ATLAS PORTFÖY DÖRDÜNCÜ HİSSE SENEDİ SERBEST FON (HİSSE SENEDİ YOĞUN FON),07.08.2026,"0,944538",249218342.00,11,"235396179,93"
AP5,ATLAS PORTFÖY BEŞİNCİ HİSSE SENEDİ SERBEST FON (HİSSE SENEDİ YOĞUN FON),07.08.2026,"0,832571",1010581.00,12,"841380,43"
AP6,PARDUS PORTFÖY ALTINCI HİSSE SENEDİ SERBEST (TL) FON (HİSSE SENEDİ YOĞUN FON),07.08.2026,"8,308798",95325066.00,45,"792036691,41"
AP7,PARDUS PORTFÖY ALGO ETNA İSTATİSTİKSEL ARBİTRAJ SERBEST FON,07.08.2026,"2,629523",99017046.00,485,"260367623,21"
APJ,AK PORTFÖY BIST ŞİRKETLERİ FON SEPETİ FONU,07.08.2026,"6,623431",12529417.00,2926,"82987722,73"
APP,AK PORTFÖY P1 SERBEST ÖZEL FON,07.08.2026,"32,396493",6415502.00,2,"207839768,02"
APT,AK PORTFÖY ORTA VADELI BORÇLANMA ARAÇLARI FONU,07.08.2026,"0,158555",1670362251.00,13070,"264844354,45"
ARE,İSTANBUL PORTFÖY YABANCI HİSSE SENEDİ FONU,07.08.2026,"0,248484",183704978.00,1934,"45647769,35"
ARF,AK PORTFÖY ÖPY İKİNCİ SERBEST (TL) ÖZEL FON,07.08.2026,"8,709123",90349894.00,1,"786868351,68"
ARL,AK PORTFÖY BİRİNCİ FON SEPETİ FONU,07.08.2026,"15,9088",253108396.00,7433,"4026650884,87"
ARM,AK PORTFÖY İKİNCİ FON SEPETİ FONU,07.08.2026,"18,327503",173596806.00,5155,"3181595972,32"
ARP,AK PORTFÖY ÖPY BİRİNCİ SERBEST ÖZEL FON,07.08.2026,"40,311646",75563996.00,1,"3046109073,15"
AS1,ALLBATROSS PORTFÖY BİRİNCİ SERBEST (DÖVİZ) FON,07.08.2026,"45,165225",152917.00,41,"6906530,74"
AS3,ALLBATROSS PORTFÖY ATLAS SERBEST FON,07.08.2026,"0,729503",225848060.00,16,"164756870,35"
ASJ,AKTİF PORTFÖY HİSSE SENEDİ (TL) FONU (HİSSE SENEDİ YOĞUN FON),07.08.2026,"3,842115",15892535.00,765,"61060948,14"
ATJ,AZİMUT PORTFÖY İKİNCİ DEĞİŞKEN FON,07.08.2026,"22,060303",45294433.00,9,"999208927,31"
AU1,A1 CAPİTAL PORTFÖY ALTIN FONU,07.08.2026,"1,15772",35446852.00,664,"41037528,72"
AUV,AK PORTFÖY UZUN VADELİ SERBEST (DÖVİZ) FON,07.08.2026,"49,691418",13007882.00,566,"646380101,29"
AVC,ATA PORTFÖY İKİNCİ SERBEST (TL) FON,07.08.2026,"136,983935",2028702.00,12,"277899582,29"
AVT,AK PORTFÖY KISA VADELİ BORÇLANMA ARAÇLARI (TL) FONU,07.08.2026,"223,154405",15826946.00,19515,"3531852713,13"
AVZ,AK PORTFÖY EMS SERBEST ( DÖVİZ ) ÖZEL FON,07.08.2026,"93,480437",2302470.00,1,"215235902,00"
AY6,AZİMUT PORTFÖY 26.0 SERBEST FON,07.08.2026,"1,359078",78262194.00,11,"106364420,03"
AY7,AZİMUT PORTFÖY 27.0 SERBEST FON,07.08.2026,"1,635718",189103512.00,12,"309319962,20"
AYA,ATA PORTFÖY KAR PAYI ÖDEYEN HİSSE SENEDİ (TL) FONU (HİSSE SENEDİ YOĞUN FON),07.08.2026,"18,67469",59232266.00,9851,"1106144228,22"
AYR,AK PORTFÖY ÖZEL SEKTÖR BORÇLANMA ARAÇLARI (TL) FONU,07.08.2026,"0,138021",11922092011.00,13112,"1645504199,90"
AZF,AK PORTFÖY PY ÖZEL SEKTÖR BORÇLANMA ARAÇLARI (TL) ÖZEL FONU,07.08.2026,"0,183006",3325162435.00,4,"608525142,60"
AZJ,AZİMUT PYŞ STRATEJİ-1 SERBEST FON,07.08.2026,"20,671285",70598250.00,58,"1459356541,22"
AZV,AZİMUT PORTFÖY BKS SERBEST (DÖVİZ) ÖZEL FON,07.08.2026,"26,953558",167557260.00,5,"4516264264,43"
AZZ,AK PORTFÖY ÖPY MUTLAK GETİRİ HEDEFLİ SERBEST (DÖVİZ) ÖZEL FON,07.08.2026,"63,172788",396560996.00,6,"25051863540,04"
BA1,GLOBAL MD PORTFÖY BİRİNCİ SERBEST FON,07.08.2026,"1,800197",202221164.00,29,"364038024,15"
BAC,ATLAS PORTFÖY BİRİNCİ HİSSE SENEDİ SERBEST FON (HİSSE SENEDİ YOĞUN FON),07.08.2026,"3,408204",854692790.00,12,"2912966961,96"
BAG,BULLS PORTFÖY ATAK DEĞIŞKEN FON,07.08.2026,"1,017034",90681087.00,182,"92225785,14"
BAI,BV PORTFÖY ALTIN KATILIM FONU,07.08.2026,"1,049387",37270358.00,47,"39111013,20"
BAL,QNB PORTFÖY BALY SERBEST (DÖVİZ) ÖZEL FON,07.08.2026,"49,47471",21974290.00,1,"1087171618,84"
BAO,AZİMUT PORTFÖY BARKIN SERBEST (TL) ÖZEL FON,07.08.2026,"3,110253",23497385.00,4,"73082800,70"
BAS,İŞ PORTFÖY BAŞAK SERBEST (DÖVİZ) ÖZEL FON,07.08.2026,"53,379014",28610784.00,1,"1527215443,73"
BBF,PARDUS PORTFÖY BİRİNCİ BORÇLANMA ARAÇLARI (TL) FONU,07.08.2026,"3,540253",45011233.00,882,"159351169,56"
BBI,ALLBATROSS PORTFÖY BİANCO SERBEST (TL) FON,07.08.2026,"1,233901",679926.00,11,"838961,54"
BBN,BULLS PORTFÖY BİRİNCİ HİSSE SENEDİ SERBEST (TL) FON (HİSSE SENEDİ YOĞUN FON),07.08.2026,"0,640707",2300561650.00,13,"1473985173,58"
BBO,BULLS PORTFÖY BANKACILIK SEKTÖRÜ DIŞI ŞİRKETLER HİSSE SENEDİ SERBEST FON (HİSSE SENEDİ YOĞUN FON),07.08.2026,"1,133626",346308033.00,11,"392583723,47"
BBP,ALLBATROSS PORTFÖY BİRİNCİ BORÇLANMA ARAÇLARI FONU,07.08.2026,"2,220964",10333407.00,623,"22950124,52"
BBS,BULLS PORTFÖY BİRİNCİ SERBEST (TL) FON,07.08.2026,"1,587412",791578537.00,814,"1256561379,28"
BCC,ASTRA PORTFÖY BCC SERBEST (DÖVİZ) ÖZEL FON,07.08.2026,"75,114146",41712119.00,3,"3133170192,68"
BCK,DENİZ PORTFÖY BLOCKCHAİN VE FINTECH TEKNOLOJİLERİ DEĞİŞKEN FON,07.08.2026,"1,987791",62498499.00,2306,"124233953,05"
BCO,BULLS PORTFÖY ÇOKLU VARLIK KATILIM FONU,07.08.2026,"1,83059",18642958.00,488,"34127615,65"
BDA,YAPI KREDİ PORTFÖY BİRİNCİ KATILIM SERBEST (DÖVİZ-AVRO) FON,07.08.2026,"55,98661",76588093.00,738,"4287907702,28"
BDC,AURA PORTFÖY BODRUM SERBEST FON,07.08.2026,"8,766592",40726481.00,33,"357032427,22"
BDI,PARDUS PORTFÖY BIST 50 DIŞI ŞİRKETLER HİSSE SENEDİ SERBEST (TL) FON (HİSSE SENEDİ YOĞUN FON),07.08.2026,"0,000227",1078899892213.00,72,"245144324,14"
BDO,BULLS PORTFÖY DÖRDÜNCÜ HİSSE SENEDİ SERBEST FON (HİSSE SENEDİ YOĞUN FON),07.08.2026,"3,715977",1480606717.00,11,"5501900315,59"
BDS,PARDUS PORTFÖY BIST 30 DIŞI ŞİRKETLER HİSSE SENEDİ (TL) FONU (HİSSE SENEDİ YOĞUN FON),07.08.2026,"2,170601",121599389.00,8248,"263943784,30"
BDY,AK PORTFÖY BIST 100 DIŞI ŞİRKETLER HİSSE SENEDİ (TL) FONU (HİSSE SENEDİ YOĞUN FON),07.08.2026,"1,657821",58174115.00,2290,"96442255,94"
BFE,ALLBATROSS PORTFÖY BİRİNCİ FON SEPETİ FONU,07.08.2026,"1,785742",5208922.00,59,"9301792,11"
BFO,İŞ PORTFÖY BFO1 SERBEST (DÖVİZ) ÖZEL FON,07.08.2026,"53,447545",203562943.00,1,"10879939536,66"
BFS,BULLS PORTFÖY EMTİA FON SEPETİ FONU,07.08.2026,"0,979543",14976465.00,158,"14670093,33"
BFT,AZİMUT PORTFÖY BANKA VE FİNANS SEKTÖRÜ HİSSE SENEDİ FONU (HİSSE SENEDİ YOĞUN FON),07.08.2026,"1,110353",194267625.00,549,"215705632,03"
BGH,AZİMUT PORTFÖY BGN HİSSE SENEDİ SERBEST ÖZEL FON (HİSSE SENEDİ YOĞUN FON),07.08.2026,"2,371221",470029440.00,1,"1114543565,33"
BGP,AK PORTFÖY ÜÇÜNCÜ PARA PİYASASI (TL) FONU,07.08.2026,"6,438298",9591580037.00,29252,"61753452302,79"
BGR,AK PORTFÖY BIST GYO ENDEKSİ HİSSE SENEDİ (TL) FONU (HİSSE SENEDİ YOĞUN FON),07.08.2026,"1,008507",31113109.00,38,"31377781,66"
BHA,BULLS PORTFÖY HİSSE SENEDİ (TL) FONU (HİSSE SENEDİ YOĞUN FON),07.08.2026,"1,687302",51163917.00,733,"86328962,05"
BHE,AK PORTFÖY BİRİNCİ HİSSE SENEDİ SERBEST FON (HİSSE SENEDİ YOĞUN FON),07.08.2026,"1,840364",20187548.00,67,"37152430,76"
BHF,PARDUS PORTFÖY BİRİNCİ DEĞİŞKEN FON,07.08.2026,"3,03793",64994098.00,1645,"197447540,87"
BHH,PARDUS PORTFÖY BEŞİNCİ HİSSE SENEDİ SERBEST (TL) FON (HİSSE SENEDİ YOĞUN FON),07.08.2026,"0,179816",1937513191.00,71,"348395172,72"
BHI,BV PORTFÖY MUTLAK GETİRİ HEDEFLİ HİSSE SENEDİ SERBEST (TL) FON (HİSSE SENEDİ YOĞUN FON),07.08.2026,"2,325856",862045329.00,434,"2004993333,64"
BHL,İŞ PORTFÖY BİRİNCİ HİSSE SENEDİ SERBEST FON (HİSSE SENEDİ YOĞUN FON),07.08.2026,"1,259556",74893665.00,829,"94332786,00"
BHN,A1 CAPİTAL PORTFÖY BANKACILIK SEKTÖRÜ DIŞI ŞİRKETLER HİSSE SENEDİ SERBEST (TL) FON (HİSSE SENEDİ YOĞUN FON),07.08.2026,"1,214212",472182134.00,41,"573329142,68"
BHO,AZİMUT PORTFÖY BİRİNCİ PY HİSSE SENEDİ SERBEST ÖZEL FON (HİSSE SENEDİ YOĞUN FON),07.08.2026,"1,197483",1224797601.00,1,"1466673898,59"
BI5,BULLS PORTFÖY BIST 50 DIŞI ŞİRKETLER HİSSE SENEDİ SERBEST FON (HİSSE SENEDİ YOĞUN FON),07.08.2026,"1,42028",90618026.00,14,"128702987,89"
BIA,TRİVE PORTFÖY İSTATİSTİKSEL ARBİTRAJ HİSSE SENEDİ SERBEST FON (HİSSE SENEDİ YOĞUN FON),07.08.2026,"0,223975",3702290.00,18,"829220,16"
BID,QNB PORTFÖY BIST 100 DIŞI ŞİRKETLER HİSSE SENEDİ (TL) FONU (HİSSE SENEDİ YOĞUN FON),07.08.2026,"3,177221",70797503.00,2035,"224939333,83"
BIG,YAPI KREDİ PORTFÖY ÜÇÜNCÜ HİSSE SENEDİ FONU (HİSSE SENEDİ YOĞUN FON),07.08.2026,"1,393044",370399880.00,3322,"515983282,86"
BIH,PARDUS PORTFÖY BİRİNCİ HİSSE SENEDİ (TL) FONU (HİSSE SENEDİ YOĞUN FON),07.08.2026,"8,695564",99743570.00,537,"867326614,68"
BIK,BULLS PORTFÖY İKİNCİ HİSSE SENEDİ SERBEST (TL) FON (HİSSE SENEDİ YOĞUN FON),07.08.2026,"1,25642",2325734332.00,14,"2922099122,29"
BIO,İŞ PORTFÖY SÜRDÜRÜLEBİLİRLİK HİSSE SENEDİ (TL) FONU (HİSSE SENEDİ YOĞUN FON),07.08.2026,"2,379764",386259258.00,10427,"919205897,10"
BIP,İSTANBUL PORTFÖY BİRİNCİ PARA PİYASASI SERBEST (TL) FON,07.08.2026,"1,6142",2275148759.00,225,"3672544812,51"
BIS,BV PORTFÖY BİRİNCİ SERBEST FON,07.08.2026,"1,760284",445200375.00,60,"783679066,74"
BIY,AZİMUT PORTFÖY BIST 100 DIŞI ŞİRKETLER HİSSE SENEDİ FONU (HİSSE SENEDİ YOĞUN FON),07.08.2026,"1,392412",60720322.00,331,"84547706,21"
BJD,AZİMUT PORTFÖY 13.0 SERBEST (DÖVİZ) FON,07.08.2026,"52,798484",14047707.00,105,"741697631,56"
BKO,AZİMUT PORTFÖY BİRİNCİ KATILIM SERBEST ÖZEL FON,07.08.2026,"1,263239",1000918213.00,1,"1264399226,42"
BKY,YAPI KREDİ PORTFÖY BİRİNCİ KATILIM SERBEST (DÖVİZ) FON,07.08.2026,"49,324177",127256470.00,951,"6276820642,16"
BLA,BULLS PORTFÖY ALGORİTMİK HİSSE SENEDİ SERBEST (TL) FON (HİSSE SENEDİ YOĞUN FON),07.08.2026,"5,359444",935298004.00,15,"5012677227,50"
BLD,DENİZ PORTFÖY BALEV EĞİTİME DESTEK SERBEST FON,07.08.2026,"1,643967",318002433.00,746,"522785602,25"
BLT,BULLS PORTFÖY ALTIN FONU,07.08.2026,"1,804612",181077020.00,2920,"326773711,42"
BMU,BULLS PORTFÖY MUTLAK GETİRİ HEDEFLİ HİSSE SENEDİ SERBEST FON (HİSSE SENEDİ YOĞUN FON),07.08.2026,"3,198473",223024870.00,5350,"713339070,02"
BNC,AK PORTFÖY BEŞİNCİ SERBEST FON,07.08.2026,"2,146902",314781939.00,246,"675805832,96"
BNH,İSTANBUL PORTFÖY BANKACILIK SEKTÖRÜ HİSSE SENEDİ SERBEST (TL) FON (HİSSE SENEDİ YOĞUN FON),07.08.2026,"1,154433",47939358.00,181,"55342783,76"
BOH,BULLS PORTFÖY BIST 30 DIŞI ŞİRKETLER HİSSE SENEDİ SERBEST FON (HİSSE SENEDİ YOĞUN FON),07.08.2026,"0,79341",250569682.00,11,"198804418,51"
BOL,AKTİF PORTFÖY BORÇLANMA ARAÇLARI FONU,07.08.2026,"1,6654",74666789.00,231,"124350105,71"
BON,A1 CAPİTAL PORTFÖY BORÇLANMA ARAÇLARI FONU,07.08.2026,"1,367293",52062186.00,262,"71184266,15"
BOP,İŞ PORTFÖY ÖPY BİRİNCİ SERBEST (DÖVİZ) ÖZEL FON,07.08.2026,"49,102137",25804440.00,10,"1267053153,16"
BOS,BULLS PORTFÖY ALTINCI HİSSE SENEDİ SERBEST FON (HİSSE SENEDİ YOĞUN FON),07.08.2026,"1,617066",1611900156.00,995,"2606548702,78"
BP5,BULLS PORTFÖY BEŞİNCİ HİSSE SENEDİ SERBEST FON (HİSSE SENEDİ YOĞUN FON),07.08.2026,"1,74117",35573380.00,10,"61939315,64"
BPD,BULLS PORTFÖY BİRİNCİ SERBEST (DÖVİZ) FON,07.08.2026,"54,656797",2748429.00,11,"150220326,54"
BPZ,BULLS PORTFÖY PARA PİYASASI (TL) FONU,07.08.2026,"1,563667",304107685.00,1068,"475523190,36"
BRB,BULLS PORTFÖY ARENA SERBEST FON,07.08.2026,"1,040024",659840963.00,11,"686250426,42"
BRC,RE-PIE PORTFÖY BİRİNCİ İSTATİSTİKSEL ARBİTRAJ HİSSE SENEDİ SERBEST FON (HİSSE SENEDİ YOĞUN FON),07.08.2026,"1,331083",101684039.00,37,"135349847,85"
BRF,DENİZ PORTFÖY BİRİNCİ FON SEPETİ FONU,07.08.2026,"1,555245",53623499.00,1072,"83397698,04"
BRG,TEB PORTFÖY BURGAN BANK PARA PİYASASI (TL) FONU,07.08.2026,"5,042126",353550266.00,1593,"1782644980,04"
BRH,İSTANBUL PORTFÖY BİRİNCİ HİSSE SENEDİ SERBEST FON (HİSSE SENEDİ YOĞUN FON),07.08.2026,"6,357246",805206408.00,15,"5118895062,50"
BRR,AK PORTFÖY İKİNCİ KISA VADELİ BORÇLANMA ARAÇLARI (TL) FONU,07.08.2026,"1,634139",42664725.00,305,"69720101,60"
BRT,PARDUS PORTFÖY BEREKET HİSSE SENEDİ SERBEST FON (HİSSE SENEDİ YOĞUN FON),07.08.2026,"0,921038",18344440.00,361,"16895924,55"
BRZ,TEB PORTFÖY BURGAZ SERBEST (DÖVİZ) ÖZEL FON,07.08.2026,"54,464555",28212700.00,5,"1536592154,74"
BS1,AHLATCI PORTFÖY BİRİNCİ SERBEST (TL) FON,07.08.2026,"1,190677",7090257.00,143,"8442205,71"
BSA,İŞ PORTFÖY BAŞAK SERBEST ÖZEL FON,07.08.2026,"0,427031",2039522977.00,1,"870938988,07"
BSC,A1 CAPİTAL PORTFÖY BİRİNCİ SERBEST FON,07.08.2026,"0,13336",957332902.00,41,"127670253,45"
BSD,BV PORTFÖY SERBEST (DÖVİZ) FON,07.08.2026,"1,182462",300505377.00,92,"355336220,23"
BSE,PARDUS PORTFÖY BIST 30 DIŞI ŞİRKETLER HİSSE SENEDİ SERBEST (TL) FON (HİSSE SENEDİ YOĞUN FON),07.08.2026,"0,495657",699706407.00,65,"346814600,23"
BSF,İŞ PORTFÖY BİRİNCİ SERBEST ÖZEL FON,07.08.2026,"1,252182",5653503590.00,1,"7079215633,49"
BSH,ATLAS PORTFÖY BANKACILIK SEKTÖRÜ HİSSE SENEDİ SERBEST FON (HİSSE SENEDİ YOĞUN FON),07.08.2026,"0,96124",7105497.00,137,"6830087,44"
BSM,GLOBAL MD PORTFÖY BERRAK SERBEST FON,07.08.2026,"1,724152",1256604843.00,2766,"2166577587,80"
BSN,BULLS PORTFÖY SANAYİ ŞİRKETLERİ HİSSE SENEDİ SERBEST FON (HİSSE SENEDİ YOĞUN FON),07.08.2026,"1,002461",757705538.00,18,"759570479,45"
BST,PARDUS PORTFÖY BANKACILIK SEKTÖRÜ DIŞI ŞİRKETLER HİSSE SENEDİ SERBEST (TL) FON (HİSSE SENEDİ YOĞUN FON),07.08.2026,"10,109834",4168322.00,581,"42141042,63"
BTE,BV PORTFÖY OYUN VE TEKNOLOJİ DEĞİŞKEN FON,07.08.2026,"5,051679",43511846.00,965,"219807873,42"
BTJ,ATLAS PORTFÖY İSTATİSTİKSEL ARBİTRAJ HİSSE SENEDİ SERBEST FON (HİSSE SENEDİ YOĞUN FON),07.08.2026,"1,363304",9127700.00,58,"12443832,17"
BTK,BV PORTFÖY TEKNOLOJİ KATILIM FONU,07.08.2026,"1,625489",175393677.00,1864,"285100457,43"
BTP,TRİVE PORTFÖY PARA PİYASASI SERBEST FON,07.08.2026,"0,583399",1745568409.00,23,"1018362511,52"
BTY,İŞ PORTFÖY BTY SERBEST (DÖVİZ) ÖZEL FON,07.08.2026,"58,606986",10669894.00,2,"625330326,38"
BTZ,ATLAS PORTFÖY BIST 30 DIŞI ŞİRKETLER HİSSE SENEDİ FONU (HİSSE SENEDİ YOĞUN FON),07.08.2026,"1,210341",7116397.00,191,"8613269,95"
BUB,BULLS PORTFÖY BİRİNCİ FON SEPETİ FONU,07.08.2026,"1,23524",116692162.00,2993,"144142776,24"
BUC,BULLS PORTFÖY ÜÇÜNCÜ HİSSE SENEDİ SERBEST (TL) FON (HİSSE SENEDİ YOĞUN FON),07.08.2026,"0,79208",245120424.00,23,"194154914,58"
BUP,AZİMUT PORTFÖY BUPA SERBEST (TL) ÖZEL FON,07.08.2026,"4,120049",3354777076.00,1,"13821845900,05"
BUT,AZİMUT PORTFÖY BULUT HİSSE SENEDİ SERBEST ÖZEL FON (HİSSE SENEDİ YOĞUN FON),07.08.2026,"1,834411",113374641.00,4,"207975675,54"
BUV,BULLS PORTFÖY VOLTRAN SERBEST (TL) FON,07.08.2026,"1,234158",14435507.00,280,"17815694,00"
BUY,AK PORTFÖY BÜYÜYEN ŞİRKETLER HİSSE SENEDİ (TL) FONU (HİSSE SENEDİ YOĞUN FON),07.08.2026,"1,748534",200496963.00,16925,"350575657,68"
BV1,BV PORTFÖY BİRİNCİ HİSSE SENEDİ (TL) FON (HİSSE SENEDİ YOĞUN FON),07.08.2026,"1,637124",50542494.00,478,"82744325,09"
BVB,AK PORTFÖY ÖPY YEDİNCİ SERBEST (TL) ÖZEL FON,07.08.2026,"4,529031",1075003028.00,1,"4868722493,39"
BVC,AK PORTFÖY BİRİNCİ SERBEST (TL) ÖZEL FON,07.08.2026,"4,29288",1621342207.00,1,"6960227459,35"
BVD,BV PORTFÖY BİRİNCİ DEĞİŞKEN FON,07.08.2026,"1,386685",179348870.00,279,"248700374,80"
BVF,BV PORTFÖY PARA PİYASASI (TL) FON,07.08.2026,"1,391776",1281737176.00,558,"1783890528,73"
BVH,BV PORTFÖY BİRİNCİ HİSSE SENEDİ SERBEST (TL) FON (HİSSE SENEDİ YOĞUN FON),07.08.2026,"1,969951",67831653.00,13,"133625054,67"
BVI,BV PORTFÖY İKİNCİ HİSSE SENEDİ SERBEST FON (HİSSE SENEDİ YOĞUN FON),07.08.2026,"2,717173",101063959.00,28,"274608264,25"
BVK,BULLS PORTFÖY VOLTRAN KATILIM SERBEST (TL) FON,07.08.2026,"1,304931",133539.00,23,"174259,12"
BVM,ALLBATROSS PORTFÖY BİRİNCİ HİSSE SENEDİ SERBEST (TL) FON (HİSSE SENEDİ YOĞUN FON),07.08.2026,"1,358557",11046323.00,133,"15007057,59"
BVT,AZİMUT PORTFÖY GÜNEY SERBEST ÖZEL FON,07.08.2026,"5,414018",3745267.00,10,"20276942,20"
BVV,BV PORTFÖY TEKNOLOJİ DEĞİŞKEN FON,07.08.2026,"3,472239",54416701.00,1017,"188947768,66"
BVZ,BV PORTFÖY İSTATİSTİKSEL ARBİTRAJ SERBEST (TL) FON,07.08.2026,"4,431955",626167607.00,661,"2775146819,44"
BYZ,A1 CAPİTAL PORTFÖY BIST 100 DIŞI ŞİRKETLER HİSSE SENEDİ SERBEST (TL) FON (HİSSE SENEDİ YOĞUN FON),07.08.2026,"0,729807",82143872.00,40,"59949146,62"
CAH,A1 CAPİTAL PORTFÖY HİSSE SENEDİ SERBEST FON (HİSSE SENEDİ YOĞUN FON),07.08.2026,"1,343828",27283837.00,263,"36664770,62"
CBD,A1 CAPİTAL PORTFÖY BIST 30 DIŞI ŞİRKETLER HİSSE SENEDİ SERBEST FON (HİSSE SENEDİ YOĞUN FON),07.08.2026,"0,499449",185748393.00,15,"92771872,92"
CBN,QNB PORTFÖY CBN SERBEST (DÖVİZ) ÖZEL FON,07.08.2026,"46,620467",12786581.00,6,"596116381,12"
CBO,AZİMUT PORTFÖY HCBO HİSSE SENEDİ SERBEST ÖZEL FON (HİSSE SENEDİ YOĞUN FON),07.08.2026,"229,860074",7235254.00,3,"1663096020,63"
CEY,ROTA PORTFÖY CEY SERBEST (DÖVİZ) ÖZEL FON,07.08.2026,"66,040529",3314435.00,3,"218887042,34"
CFO,ROTA PORTFÖY İKİNCİ PARA PİYASASI FONU,07.08.2026,"2,480879",833891043.00,482,"2068782755,24"
CGD,DENİZ PORTFÖY ÇAĞDAŞ SERBEST (DÖVİZ) ÖZEL FON,07.08.2026,"57,627405",11069534.00,2,"637908513,57"
CHY,A1 CAPİTAL PORTFÖY İKİNCİ HİSSE SENEDİ SERBEST (TL) FON (HİSSE SENEDİ YOĞUN FON),07.08.2026,"0,134291",962733213.00,42,"129286353,75"
CIN,AKTİF PORTFÖY BİRİNCİ SERBEST FON,07.08.2026,"1,699018",12568103.00,526,"21353433,79"
CJD,AK PORTFÖY SEKİZİNCİ SERBEST (DÖVİZ) FON,07.08.2026,"50,37469",379989.00,13,"19141828,20"
CJF,AK PORTFÖY ADOC SERBEST (DÖVİZ) ÖZEL FON,07.08.2026,"64,504477",29532817.00,3,"1904998908,83"
CJG,AK PORTFÖY SDSD SERBEST (DÖVİZ) ÖZEL FON,07.08.2026,"65,344908",30293734.00,1,"1979541271,42"
CJH,AK PORTFÖY DOKUZUNCU SERBEST (DÖVİZ-AVRO) FON,07.08.2026,"61,13011",50736266.00,1740,"3101513504,56"
CKF,ALBARAKA PORTFÖY ÇOKLU VARLIK KATILIM FONU,07.08.2026,"2,070396",318291686.00,2462,"658989862,07"
CKL,YAPI KREDİ PORTFÖY ÇOKLU VARLIK DEĞİŞKEN FON,07.08.2026,"1,494477",465024758.00,888,"694968870,46"
CKS,İŞ PORTFÖY BİRİNCİ KATILIM SERBEST (DÖVİZ) FON,07.08.2026,"60,422549",89136749.00,2331,"5385869559,35"
COT,AK PORTFÖY 2030 SERBEST (DÖVİZ-AVRO) FON,07.08.2026,"58,676646",9253181.00,195,"542945623,00"
CPT,ROTA PORTFÖY ÇİP TEKNOLOJİLERİ DEĞİŞKEN FON,07.08.2026,"3,786386",290685334.00,14433,"1100646870,78"
CPU,AKTİF PORTFÖY TEKNOLOJİ KATILIM FONU,07.08.2026,"3,805168",413136490.00,16729,"1572053622,45"
CRL,YAPI KREDİ PORTFÖY ACARLAR SERBEST (DÖVİZ) ÖZEL FON,07.08.2026,"48,628882",21500000.00,3,"1045520958,46"
CSD,İŞ PORTFÖY CANO SERBEST (DÖVİZ) ÖZEL FON,07.08.2026,"63,879256",10420749.00,1,"665669688,33"
CSH,PARDUS PORTFÖY ÜÇÜNCÜ HİSSE SENEDİ SERBEST FON (HİSSE SENEDİ YOĞUN FON),07.08.2026,"6,058701",1582322658.00,54,"9586820225,20"
CTF,İŞ PORTFÖY ASSG SERBEST (DÖVİZ) ÖZEL FON,07.08.2026,"9,223065",37371557.00,1,"344680286,63"
CTG,İŞ PORTFÖY FEFON SERBEST ÖZEL FON,07.08.2026,"7,536633",2166304.00,1,"16326638,44"
CTM,İŞ PORTFÖY KEFON SERBEST ÖZEL FON,07.08.2026,"6,323394",2582372.00,1,"16329355,99"
CTP,İŞ PORTFÖY AAF SERBEST (DÖVİZ) ÖZEL FON,07.08.2026,"62,210463",9051870.00,1,"563121020,56"
CTV,İŞ PORTFÖY MHA SERBEST (DÖVİZ) ÖZEL FON,07.08.2026,"10,754617",18940772.00,4,"203700744,31"
CVA,AK PORTFÖY ÜÇÜNCÜ KAMU BORÇLANMA ARAÇLARI (TL) ÖZEL FONU,07.08.2026,"4,079787",2310971747.00,1,"9428271899,88"
CVB,AK PORTFÖY İKİNCİ SERBEST (TL) ÖZEL FON,07.08.2026,"4,154746",473115896.00,5,"1965676279,20"
CVC,AK PORTFÖY ÖPY KAR PAYI ÖDEYEN SERBEST ÖZEL FON,07.08.2026,"2,822525",251125767.00,2,"708808691,07"
CVD,AK PORTFÖY GİFON SERBEST (DÖVİZ) ÖZEL FON,07.08.2026,"63,393659",17084592.00,2,"1083054805,73"
CVE,AK PORTFÖY BİRİNCİ KAMU BORÇLANMA ARAÇLARI (TL) ÖZEL FONU,07.08.2026,"2,714937",110022256.00,1,"298703464,74"
CVF,AK PORTFÖY SÜRDÜRÜLEBİLİRLİK SERBEST (TL) ÖZEL FON,07.08.2026,"4,6888",206783109.00,1,"969564608,80"
CVK,INVEO PORTFÖY ÇOKLU VARLIK KATILIM FONU,07.08.2026,"5,002556",123142370.00,1919,"616026619,60"
CVL,A1 CAPİTAL PORTFÖY ÇOKLU VARLIK KATILIM FONU,07.08.2026,"1,324731",12084036.00,131,"16008102,55"
CYD,AK PORTFÖY 2027 SERBEST (DÖVİZ-AVRO) FON,07.08.2026,"57,144754",24060488.00,403,"1374930665,61"
DA1,A1 CAPİTAL PORTFÖY SERBEST (DÖVİZ) FON,07.08.2026,"48,694714",248295.00,43,"12090653,97"
DAC,DENİZ PORTFÖY BORİS SERBEST (DÖVİZ) ÖZEL FON,07.08.2026,"72,290118",7102353.00,1,"513429938,24"
DAE,DENİZ PORTFÖY ARBAU HİSSE SENEDİ SERBEST ÖZEL FON (HİSSE SENEDİ YOĞUN FON),07.08.2026,"2,591189",375205792.00,1,"972229122,33"
DAH,DENİZ PORTFÖY HİSSE SENEDİ FONU (HİSSE SENEDİ YOĞUN FON),07.08.2026,"3,552423",166007900.00,2582,"589730361,05"
DAI,DENİZ PORTFÖY ARTI SERBEST (DÖVİZ) ÖZEL FON,07.08.2026,"95,306215",3849385.00,4,"366870313,17"
DAL,DENİZ PORTFÖY SU SERBEST (DÖVİZ) ÖZEL FON,07.08.2026,"71,547524",9523079.00,1,"681352725,08"
DAP,DESTEK PORTFÖY PARA PİYASASI FONU,07.08.2026,"1,001126",40090000.00,1,"40135146,79"
DAS,DENİZ PORTFÖY ONİKİNCİ SERBEST (DÖVİZ) FON,07.08.2026,"54,661661",2079246232.31,25597,"113655052175,93"
DAT,DENİZ PORTFÖY ARMUT SERBEST (DÖVİZ) ÖZEL FON,07.08.2026,"97,282972",3400001.00,6,"330762203,39"
DAV,DENİZ PORTFÖY 2026 SERBEST (DÖVİZ-AVRO) FON,07.08.2026,"57,344189",19930718.00,204,"1142910854,32"
DAZ,DENİZ PORTFÖY TÜRKİZ SERBEST(DÖVİZ) ÖZEL FON,07.08.2026,"13,246962",24646884.00,4,"326496330,10"
DB2,NUROL PORTFÖY İKİNCİ KISA VADELİ SERBEST FON,07.08.2026,"2,065026",3227174.00,4,"6664198,08"
DBA,DENİZ PORTFÖY ALTIN FONU,07.08.2026,"0,718056",13446257189.00,25388,"9655159449,12"
DBB,DENİZ PORTFÖY BORÇLANMA ARAÇLARI FONU,07.08.2026,"0,111099",2245821882.72,1956,"249507811,56"
DBG,DENİZ PORTFÖY BEYAZ SERBEST ÖZEL FONU,07.08.2026,"0,657384",4113931849.00,3,"2704431340,84"
DBH,DENİZ PORTFÖY EUROBOND (DÖVİZ) BORÇLANMA ARAÇLARI FONU,07.08.2026,"0,378838",2621386700.00,8754,"993081340,60"
DBK,DENİZ PORTFÖY KISA VADELİ BORÇLANMA ARAÇLARI (TL) FONU,07.08.2026,"0,119244",6652255406.00,85374,"793243619,69"
DBP,DENİZ PORTFÖY BİRİNCİ DEĞİŞKEN FON,07.08.2026,"0,493837",329803500.00,1060,"162869310,15"
DBZ,DENİZ PORTFÖY ÖZEL SEKTÖR BORÇLANMA ARAÇLARI FONU,07.08.2026,"0,138565",5269393000.00,2929,"730151466,65"
DCB,DENİZ PORTFÖY PARA PİYASASI SERBEST (TL) FON,07.08.2026,"4,698459",28922085882.00,22544,"135889233402,84"
DCD,DENİZ PORTFÖY SKA SERBEST (DÖVİZ) ÖZEL FON,07.08.2026,"65,3107",3783175.00,1,"247081807,26"
DCE,DENİZ PORTFÖY BAKHAM SERBEST (DÖVİZ) ÖZEL FON,07.08.2026,"73,088379",17399399.00,3,"1271693875,32"
DCN,DENİZ PORTFÖY ÜÇÜNCÜ PARA PİYASASI (TL) FONU,07.08.2026,"1,417282",505628834.00,1771,"716618501,26"
DCP,YAPI KREDİ PORTFÖY CÖMERT SERBEST (DÖVİZ) ÖZEL FON,07.08.2026,"70,907484",3518482.00,3,"249486706,87"
DCV,DENİZ PORTFÖY KAR PAYI ÖDEYEN SERBEST (DÖVİZ) FON,07.08.2026,"47,281148",789367.00,23,"37322178,18"
DDA,DENİZ PORTFÖY BANKACILIK SEKTÖRÜ HİSSE SENEDİ SERBEST FON (HİSSE SENEDİ YOĞUN FON),07.08.2026,"12,05982",17572178.00,1050,"211917307,32"
DDC,DENİZ PORTFÖY GÜN DOĞUSU HİSSE SENEDİ SERBEST (TL) FON (HİSSE SENEDİ YOĞUN FON),07.08.2026,"15,582108",335460632.00,11,"5227183913,83"
DDE,DENİZ PORTFÖY BADE SERBEST (DÖVİZ) ÖZEL FON,07.08.2026,"74,938281",5515073.00,1,"413290087,50"
DDF,DENİZ PORTFÖY DİNAMO HİSSE SENEDİ SERBEST (TL) FON (HİSSE SENEDİ YOĞUN FON),07.08.2026,"12,310432",7830179.00,511,"96392883,42"
DDP,DENİZ PORTFÖY SK SERBEST (DÖVİZ) ÖZEL FON,07.08.2026,"72,923564",1046042.00,1,"76281110,44"
DEF,ALLBATROSS PORTFÖY DEFNE SERBEST FON,07.08.2026,"2,686483",26216742.00,92,"70430832,89"
DEI,ALLBATROSS PORTFÖY DEMİR KISA VADELİ KATILIM SERBEST (TL) FON,07.08.2026,"0,037066",173196936.00,13,"6419792,59"
DFC,DENİZ PORTFÖY TARIM VE GIDA DEĞİŞKEN FON,07.08.2026,"3,129125",62726571.00,1552,"196279253,98"
DFD,DENİZ PORTFÖY EMTİA SERBEST FON,07.08.2026,"2,581011",52680160.00,451,"135968066,11"
DFI,ATLAS PORTFÖY SERBEST FON,07.08.2026,"5,332257",6468168352.00,52189,"34489939181,20"
DFO,AZİMUT PORTFÖY DLS SERBEST ÖZEL FON,07.08.2026,"3,814264",294965626.00,2,"1125076784,51"
DGF,A1 CAPİTAL PORTFÖY DEĞİŞKEN FON,07.08.2026,"1,349664",63098315.00,234,"85161513,09"
DGH,ATA PORTFÖY PARA PİYASASI SERBEST (TL) FON,07.08.2026,"10,626812",367765912.00,262,"3908179371,04"
DHI,PARDUS PORTFÖY DOKUZUNCU HİSSE SENEDİ SERBEST (TL) FON (HİSSE SENEDİ YOĞUN FON),07.08.2026,"0,586325",4838659338.00,46,"2837027603,95"
DHJ,DENİZ PORTFÖY TEKNOLOJİ ŞİRKETLERİ HİSSE SENEDİ FONU (HİSSE SENEDİ YOĞUN FON),07.08.2026,"6,778175",29934268.00,2965,"202899717,72"
DHM,DENİZ PORTFÖY ESG-SÜRDÜRÜLEBİLİRLİK FON SEPETİ FONU,07.08.2026,"5,255403",5350141.00,1173,"28117149,00"
DHP,DENİZ PORTFÖY PERİFER HİSSE SENEDİ SERBEST ÖZEL FON (HİSSE SENEDİ YOĞUN FON),07.08.2026,"3,795012",1887493.00,1,"7163058,21"
DHS,DENİZ PORTFÖY CC HİSSE SENEDİ SERBEST ÖZEL FON (HİSSE SENEDİ YOĞUN FON),07.08.2026,"267,168326",13205338.00,1,"3528048049,10"
DHT,DENİZ PORTFÖY HAVACILIK VE SAVUNMA TEKNOLOJİLERİ DEĞİŞKEN FON,07.08.2026,"1,188791",57939174.00,653,"68877553,98"
DHV,DENİZ PORTFÖY BİRİNCİ HİSSE SENEDİ SERBEST (TL) FON (HİSSE SENEDİ YOĞUN FON),07.08.2026,"2,552701",218219136.00,304,"557048259,46"
DID,DENİZ PORTFÖY İKİNCİ DEĞİŞKEN FON,07.08.2026,"1,459465",18412360.00,149,"26872199,57"
DIH,DENİZ PORTFÖY İKİNCİ HİSSE SENEDİ SERBEST (TL) FON (HİSSE SENEDİ YOĞUN FON),07.08.2026,"1,684211",76257782.00,11,"128434227,34"
DIM,DENİZ PORTFÖY İMRAL SERBEST (DÖVİZ) ÖZEL FON,07.08.2026,"49,297718",2287508.00,1,"112768923,35"
DIP,DENİZ PORTFÖY İKİNCİ PARA PİYASASI SERBEST (TL) FON,07.08.2026,"1,555619",43776896417.00,1921,"68100189050,28"
DK1,KUVEYT TÜRK PORTFÖY DÜNYA KATILIM BANKASI KISA VADELİ KATILIM SERBEST FON,07.08.2026,"1,458234",2095617492.00,61,"3055900269,15"
DKA,DENİZ PORTFÖY KAR PAYI ÖDEYEN DOKUZUNCU SERBEST (DÖVİZ) FON,07.08.2026,"47,584173",50978831.00,239,"2425785528,28"
DKC,DENİZ PORTFÖY İKİNCİ SERBEST FON,07.08.2026,"0,595606",17589618.00,22,"10476474,03"
DKH,DENİZ PORTFÖY KATILIM HİSSE SENEDİ (TL) FONU (HİSSE SENEDİ YOĞUN FON),07.08.2026,"3,648549",57592411.00,1444,"210128717,39"
DKL,DENİZ PORTFÖY BİRİNCİ KATILIM SERBEST (DÖVİZ) FON,07.08.2026,"50,172461",7543992.00,102,"378500642,68"
DKP,QNB PORTFÖY KAR PAYI ÖDEYEN DOKUZUNCU SERBEST (DÖVİZ) FON,07.08.2026,"47,728509",86320000.00,629,"4119924937,75"
DKR,DENİZ PORTFÖY ONDÖRDÜNCÜ SERBEST FON,07.08.2026,"1,045191",604337797.00,3155,"631648407,26"
DKS,DENİZ PORTFÖY KUZEYYILDIZI SERBEST (DÖVİZ) ÖZEL FON,07.08.2026,"71,846876",3207930.00,2,"230479748,73"
DKY,DENİZ PORTFÖY KAR PAYI ÖDEYEN ONÜÇÜNCÜ SERBEST (DÖVİZ) FON,07.08.2026,"47,702727",56318233.00,228,"2686533269,51"
DL2,DENİZ PORTFÖY İKİNCİ PARA PİYASASI (TL) FONU,07.08.2026,"2,441409",5742211010.00,646,"14019088294,79"
DLD,DENİZ PORTFÖY SÜRDÜRÜLEBİLİRLİK HİSSE SENEDİ FONU (HİSSE SENEDİ YOĞUN FON),07.08.2026,"7,571712",8110365.00,573,"61409347,11"
DLG,DENİZ PORTFÖY ESG SÜRDÜRÜLEBİLİRLİK SERBEST FON,07.08.2026,"1,258449",3702494.00,40,"4659399,97"
DLN,AURA PORTFÖY DOLUNAY SERBEST FON,07.08.2026,"2,407968",1741596060.00,38,"4193707351,63"
DLY,DENİZ PORTFÖY PARA PİYASASI (TL) FONU,07.08.2026,"5,98577",13278460684.00,311673,"79481810773,65"
DLZ,DENİZ PORTFÖY ALİZE HİSSE SENEDİ SERBEST (TL) FON (HİSSE SENEDİ YOĞUN FON),07.08.2026,"0,498163",21094638.00,36,"10508577,29"
DMG,DENİZ PORTFÖY GÜMÜŞ FON SEPETİ FONU,07.08.2026,"6,446177",447960037.00,14946,"2887629864,49"
DMR,ZİRAAT PORTFÖY DEMİRAY SERBEST (DÖVİZ) ÖZEL FON,07.08.2026,"58,350205",296469134.00,1,"17299034840,26"
DMV,DENİZ PORTFÖY SMART SERBEST (DÖVİZ) ÖZEL FON,07.08.2026,"69,715774",4806366.00,2,"335079524,93"
DMZ,DENİZ PORTFÖY ZEYTİN SERBEST (DÖVİZ) ÖZEL FON,07.08.2026,"63,977936",10000000.00,5,"639779355,39"
DNA,DENİZ PORTFÖY ANATOLİA HİSSE SENEDİ SERBEST ÖZEL FON (HİSSE SENEDİ YOĞUN FON),07.08.2026,"20,03235",199023445.00,5,"3986907391,44"
DNF,A1 CAPİTAL PORTFÖY DİNAMİK FON SEPETİ FONU,07.08.2026,"1,273246",25712817.00,110,"32738739,75"
DNH,DENİZ PORTFÖY İNŞAAT SEKTÖRÜ HİSSE SENEDİ SERBEST (TL) FON (HİSSE SENEDİ YOĞUN FON),07.08.2026,"1,11486",16248768.00,63,"18115107,93"
DNK,TACİRLER PORTFÖY DENGE KATILIM SERBEST FON,07.08.2026,"1,669675",380073032.00,136,"634598353,84"
DNL,DENİZ PORTFÖY NEKO SERBEST (DÖVİZ) ÖZEL FON,07.08.2026,"55,088355",3984706.00,1,"219510897,35"
DNM,QNB PORTFÖY DİNAMİK DAĞILIMLI SERBEST (DÖVİZ) FON,07.08.2026,"51,759786",26344712.00,1007,"1363596659,98"
DNP,DENİZ PORTFÖY PARA PİYASASI KATILIM SERBEST (TL) FON,07.08.2026,"1,413371",887126372.00,285,"1253838629,63"
DNU,DENİZ PORTFÖY KAR PAYI ÖDEYEN ONBEŞİNCİ SERBEST (DÖVİZ) FON,07.08.2026,"47,194905",822105.00,15,"38799167,14"
DOC,DENİZ PORTFÖY KAR PAYI ÖDEYEN ONİKİNCİ SERBEST (DÖVIZ) FON,07.08.2026,"47,63891",102203341.00,175,"4868855757,76"
DOD,AZİMUT PORTFÖY 14.0 SERBEST (DÖVİZ) FON,07.08.2026,"68,87711",253337881.00,159,"17449181219,78"
DOH,TERA PORTFÖY DÖRDÜNCÜ HİSSE SENEDİ SERBEST (TL) FON (HİSSE SENEDİ YOĞUN FON),07.08.2026,"1,770268",236981899.00,2593,"419521371,58"
DOL,AKTİF PORTFÖY ÜÇÜNCÜ AKTİF SERBEST (DÖVİZ) FON,07.08.2026,"52,292692",100081791.00,386,"5233546243,40"
DOR,AZİMUT PORTFÖY OKSİJEN SERBEST (DÖVİZ) ÖZEL FON,07.08.2026,"72,287026",7202062.00,1,"520615644,42"
DOS,DENİZ PORTFÖY OLMİ SERBEST (DÖVİZ) ÖZEL FON,07.08.2026,"67,520626",30462164.00,3,"2056824368,97"
DOV,DENİZ PORTFÖY ONÜÇÜNCÜ SERBEST (DÖVİZ-AVRO) FON,07.08.2026,"59,813109",1192533725.00,17240,"71329149251,93"
DP1,DENİZ PORTFÖY DELTA SERBEST ÖZEL FON,07.08.2026,"17,830321",284576837.00,7,"5074096408,85"
DP2,DENİZ PORTFÖY ÖZER SERBEST (DÖVİZ) ÖZEL FON,07.08.2026,"65,676222",5499229.00,11,"361168583,68"
DP3,DENİZ PORTFÖY DUMAN SERBEST (DÖVİZ) ÖZEL FON,07.08.2026,"69,893323",4680779.00,4,"327155200,01"
DP4,DENİZ PORTFÖY GİZEM SERBEST (DÖVİZ) ÖZEL FON,07.08.2026,"73,343542",7358618.00,3,"539707104,67"
DP5,DENİZ PORTFÖY MER SERBEST (DÖVİZ) ÖZEL FON,07.08.2026,"82,676886",21656874.00,1,"1790522909,50"
DP6,DENİZ PORTFÖY KAR PAYI ÖDEYEN BEŞİNCİ SERBEST (DÖVİZ) FON,07.08.2026,"47,705586",40187566.00,212,"1917171374,17"
DP7,DENİZ PORTFÖY DEMİR SERBEST (DÖVİZ) ÖZEL FON,07.08.2026,"60,612232",9001782.00,3,"545618100,47"
DP8,DENİZ PORTFÖY KAR PAYI ÖDEYEN ALTINCI SERBEST (DÖVİZ) FON,07.08.2026,"47,728605",8256483.00,49,"394070415,26"
DP9,DENİZ PORTFÖY KAR PAYI ÖDEYEN YEDİNCİ SERBEST (DÖVİZ) FON,07.08.2026,"47,654293",126389046.00,155,"6022980586,29"
DPB,DENİZ PORTFÖY SERBEST (DÖVİZ) FON,07.08.2026,"24,01859",546272451.00,3243,"13120694020,54"
DPC,DENİZ PORTFÖY FRS SERBEST (DÖVİZ) ÖZEL FON,07.08.2026,"98,27147",3371352.00,1,"331307716,62"
DPE,DENİZ PORTFÖY EGE SERBEST (DÖVİZ) ÖZEL FON,07.08.2026,"22,503132",65456679.00,1,"1472980300,86"
DPG,DENİZ PORTFÖY REYHAN SERBEST (DÖVİZ) ÖZEL FON,07.08.2026,"100,092527",5734193.00,2,"573949864,86"
DPI,DENİZ PORTFÖY İSTATİSTİKSEL ARBİTRAJ HİSSE SENEDİ SERBEST FON (HİSSE SENEDİ YOĞUN FON),07.08.2026,"8,749125",42595993.00,122,"372677653,40"
DPK,DENİZ PORTFÖY KİRA SERTİFİKALARI KATILIM (TL) FONU,07.08.2026,"8,50001",108959239.00,1324,"926154638,67"
DPL,DENİZ PORTFÖY NİL SERBEST (DÖVİZ) ÖZEL FON,07.08.2026,"100,526546",22490084.00,1,"2260850468,28"
DPN,DENİZ PORTFÖY NEVA SERBEST (DÖVİZ) ÖZEL FON,07.08.2026,"57,9732",39240.00,1,"2274868,38"
DPP,DENİZ PORTFÖY HLC SERBEST (DÖVİZ) ÖZEL FON,07.08.2026,"148,467851",1349932.00,2,"200421503,04"
DPT,DENİZ PORTFÖY BİST TEMETTÜ 25 ENDEKSİ HİSSE SENEDİ FONU ( HİSSE SENEDİ YOĞUN FON ),07.08.2026,"17,306675",16787507.00,5065,"290535926,92"
DPZ,DENİZ PORTFÖY YAZ SERBEST (DÖVİZ) ÖZEL FON,07.08.2026,"82,058484",1481286.00,1,"121552084,03"
DRA,NEO PORTFÖY DORA SERBEST FON,07.08.2026,"1,24264",34487998.00,42,"42856155,46"
DRD,DENİZ PORTFÖY KAR PAYI ÖDEYEN ONBİRİNCİ SERBEST (DÖVİZ-AVRO) FON,07.08.2026,"55,137917",30928293.00,149,"1705321645,32"
DRH,PARDUS PORTFÖY DÖRDÜNCÜ HİSSE SENEDİ SERBEST (TL) FON (HİSSE SENEDİ YOĞUN FON),07.08.2026,"1,769163",368721827.00,71,"652329126,69"
DRT,DENİZ PORTFÖY ROBOTİK TEKNOLOJİLERİ DEĞİŞKEN FON,07.08.2026,"1,214521",32776730.00,475,"39808029,26"
DSC,DENİZ PORTFÖY RÜ SERBEST (DÖVİZ) ÖZEL FON,07.08.2026,"66,199303",14860108.00,1,"983728797,93"
DSD,DENİZ PORTFÖY İKİNCİ SERBEST (DÖVİZ_AVRO) FON,07.08.2026,"71,152003",67623376.00,1428,"4811538634,64"
DSH,AK PORTFÖY DÖRDÜNCÜ SERBEST FON,07.08.2026,"2,191844",1599080698.00,1274,"3504935218,74"
DSP,DENİZ PORTFÖY DENGELİ FON SEPETİ FONU,07.08.2026,"14,587577",9574762.00,1037,"139672575,04"
DSV,DENİZ PORTFÖY 2028 SERBEST (DÖVİZ) FON,07.08.2026,"48,770555",57712627.00,44,"2814676823,39"
DTH,EMAA BLUE PORTFÖY DÖNÜŞÜM TEKNOLOJİLERİ HİSSE SENEDİ (TL) FONU (HİSSE SENEDİ YOĞUN FON),07.08.2026,"1,364265",174365944.00,240,"237881426,32"
DTL,DENİZ PORTFÖY BIST 100 DIŞI ŞİRKETLER HİSSE SENEDİ (TL) FONU (HİSSE SENEDİ YOĞUN FON),07.08.2026,"4,07505",39420201.00,3317,"160639297,38"
DTM,DENİZ PORTFÖY TEMETTÜ ÖDEYEN ŞİRKETLER DEĞİŞKEN FON,07.08.2026,"1,415024",42716240.00,2681,"60444525,10"
DTO,DENİZ PORTFÖY KAR PAYI ÖDEYEN ONDÖRDÜNCÜ SERBEST (DÖVİZ) FON,07.08.2026,"47,363041",2484690.00,131,"117682473,24"
DTP,AZİMUT PORTFÖY ADATEPE SERBEST ÖZEL FON,07.08.2026,"1,819868",905970033.00,4,"1648745652,77"
DTV,DENİZ PORTFÖY CEY SERBEST (DÖVİZ) ÖZEL FON,07.08.2026,"68,643443",60375603.00,4,"4144389237,63"
DTZ,AK PORTFÖY ROBOTİK TEKNOLOJİLER DEĞİŞKEN FON,07.08.2026,"5,416763",90773296.00,7621,"491697471,44"
DUC,DENİZ PORTFÖY ÜÇÜNCÜ HİSSE SENEDİ SERBEST (TL) FON (HİSSE SENEDİ YOĞUN FON),07.08.2026,"0,398551",346361.00,12,"138042,47"
DUD,DENİZ PORTFÖY UZUN VADELİ SERBEST (DÖVİZ) FON,07.08.2026,"52,145691",7565903.00,280,"394529243,14"
DUH,HEDEF PORTFÖY UFUK HİSSE SENEDİ SERBEST FON (HİSSE SENEDİ YOĞUN FON),07.08.2026,"0,822535",330606706.00,118,"271935516,22"
DUT,DENİZ PORTFÖY KAR PAYI ÖDEYEN DÖRDÜNCÜ SERBEST (DÖVİZ) FON,07.08.2026,"47,167768",18467993.00,246,"871094015,73"
DUV,DENİZ PORTFÖY UZUN VADELİ BORÇLANMA ARAÇLARI FONU,07.08.2026,"1,280991",44498793.00,192,"57002575,03"
DVC,DENİZ PORTFÖY LİYA SERBEST (DÖVİZ) ÖZEL FON,07.08.2026,"68,045239",825000.00,1,"56137322,49"
DVI,DENİZ PORTFÖY OLBA SERBEST (DÖVİZ) ÖZEL FON,07.08.2026,"76,771495",2522899.00,2,"193686727,38"
DVN,DENİZ PORTFÖY G2B SERBEST (DÖVİZ) ÖZEL FON,07.08.2026,"64,460401",4789538.00,1,"308735537,96"
DVO,DENİZ PORTFÖY BİRİNCİ SERBEST (TL) ÖZEL FON,07.08.2026,"5,255722",6407587.00,1,"33676497,90"
DVS,DENİZ PORTFÖY KISA VADELİ SERBEST (TL) FON,07.08.2026,"1,54703",184677786.00,312,"285702118,20"
DVT,DENİZ PORTFÖY METAVERSE VE DİJİTAL YAŞAM TEKNOLOJİLERİ DEĞİŞKEN FON,07.08.2026,"9,534101",89696020.00,11097,"855170873,31"
DVU,AZİMUT PORTFÖY 17.0 SERBEST ÖZEL FON,07.08.2026,"8,380225",167711605.00,5,"1405460930,47"
DVZ,DENİZ PORTFÖY EFES SERBEST (DÖVİZ) ÖZEL FON,07.08.2026,"65,997591",21011556.00,1,"1386712077,60"
DXP,DENİZ PORTFÖY İHRACATÇI ŞİRKETLER HİSSE SENEDİ FONU (HİSSE SENEDİ YOĞUN FON),07.08.2026,"1,826817",26166769.00,1061,"47801895,96"
DYJ,DENİZ PORTFÖY KAR PAYI ÖDEYEN ÜÇÜNCÜ SERBEST (DÖVİZ) FON,07.08.2026,"47,851027",23490997.00,154,"1124068336,70"
DYN,DENİZ PORTFÖY ELEKTRİKLİ VE OTONOM ARAÇ TEKNOLOJİLERİ DEĞİŞKEN FON,07.08.2026,"4,492236",13085228.00,1644,"58781930,09"
DYS,DENİZ PORTFÖY SAM YELİ SERBEST FON,07.08.2026,"1,638324",11610791.00,13,"19022232,69"
DZ2,DENİZ PORTFÖY İKİNCİ SERBEST ÖZEL FON,07.08.2026,"1,370458",8901825523.00,2,"12199573684,48"
DZE,DENİZ PORTFÖY BIST 100 ENDEKSİ HİSSE SENEDİ FONU(HİSSE SENEDİ YOĞUN FON),07.08.2026,"0,975142",198525400.00,2846,"193590367,11"
DZM,DENİZ PORTFÖY BEŞİNCİ SERBEST (DÖVİZ) FON,07.08.2026,"85,439267",152758439.00,4228,"13051569019,40"
DZP,AZİMUT PORTFÖY DENİZ SERBEST (DÖVİZ) ÖZEL FON,07.08.2026,"60,183859",7580400.00,2,"456217725,05"
DZS,AK PORTFÖY DOKUZUNCU SERBEST FON,07.08.2026,"1,536405",33950783.00,125,"52162146,66"
EBD,GLOBAL MD PORTFÖY İKİNCİ DEĞİŞKEN FON,07.08.2026,"0,262697",317333815.00,622,"83362655,31"
EBI,EMAA BLUE PORTFÖY İKİNCİ SERBEST (DÖVİZ-AVRO) FON,07.08.2026,"56,222639",13830089.00,23,"777564104,70"
EBS,EMAA BLUE PORTFÖY BİRİNCİ SERBEST (DÖVİZ-ABD DOLARI) FON,07.08.2026,"48,675776",90362535.00,35,"4398466547,35"
EC2,GLOBAL MD PORTFÖY BİRİNCİ HİSSE SENEDİ FONU(HİSSE SENEDİ YOĞUN FON),07.08.2026,"81,748862",775013.80,2034,"63356496,35"
ECA,GLOBAL MD PORTFÖY BİRİNCİ DEĞİŞKEN FON,07.08.2026,"1,958373",145367784.00,493,"284684358,66"
ECB,GLOBAL MD PORTFÖY PARA PİYASASI (TL) FONU,07.08.2026,"52,673713",13597446.00,3169,"716227973,96"
ECV,GLOBAL MD PORTFÖY KISA VADELİ BORÇLANMA ARAÇLARI (TL) FONU,07.08.2026,"0,481047",166773505.18,2404,"80225931,39"
EDD,QNB PORTFÖY ENPARA DENGELİ DEĞİŞKEN ÖZEL FON,07.08.2026,"1,115691",19692548.00,697,"21970807,96"
EDN,EMAA BLUE PORTFÖY DENGELİ DEĞİŞKEN FON,07.08.2026,"1,011837",220523488.00,33,"223133846,32"
EDP,NEO PORTFÖY KORUNCUK EĞİTİME DESTEK PARA PİYASASI SERBEST FON,07.08.2026,"1,150032",55897487.00,50,"64283872,68"
EDT,DENİZ PORTFÖY TED EĞİTİME DESTEK SERBEST FON,07.08.2026,"2,226095",437858298.00,663,"974714222,60"
EDU,İŞ PORTFÖY TEV EĞİTİME DESTEK DEĞİŞKEN FON,07.08.2026,"3,54983",101262693.00,660,"359465396,12"
EES,ROTA PORTFÖY EE SERBEST (DÖVİZ) ÖZEL FON,07.08.2026,"50,66752",7970042.00,1,"403822265,27"
EGP,GARANTİ PORTFÖY EKİM 2028 SÜRDÜRÜLEBİLİRLİK SERBEST (DÖVİZ-ABD DOLARI) FON,07.08.2026,"57,023249",4563359.00,49,"260217554,40"
EGR,EMAA BLUE PORTFÖY AGRESİF DEĞİŞKEN FON,07.08.2026,"1,001721",234158091.00,79,"234561173,23"
EHS,AZİMUT PORTFÖY ERCİYES HİSSE SENEDİ SERBEST ÖZEL FON (HİSSE SENEDİ YOĞUN FON),07.08.2026,"2,827841",235938967.00,3,"667197990,89"
EIB,ASTRA PORTFÖY DEĞİŞKEN FON,07.08.2026,"0,668318",450832162.00,538,"301299271,59"
EID,ASTRA PORTFÖY HİSSE SENEDİ FONU (HİSSE YOĞUN FON),07.08.2026,"1,867855",47702640.00,1910,"89101627,02"
EIL,ASTRA PORTFÖY PARA PİYASASI (TL) FONU,07.08.2026,"5,197394",198458321.00,1518,"1031466143,18"
EJG,AZİMUT PORTFÖY İNAN SERBEST (TL) ÖZEL FON,07.08.2026,"9,641095",68419205.00,1,"659636024,80"
EKF,ASTRA PORTFÖY KİRA SERTİFİKASI KATILIM (TL) FONU,07.08.2026,"0,134563",12679239758.00,5243,"1706159376,44"
EKL,KUVEYT TÜRK PORTFÖY EMLAK KATILIM BANKASI PARA PİYASASI KATILIM FONU,07.08.2026,"1,79721",1530390739.00,1390,"2750433884,55"
ELZ,ASTRA PORTFÖY KATILIM HİSSE SENEDİ FONU (HİSSE SENEDİ YOĞUN FON),07.08.2026,"13,39292",29798990.00,731,"399095494,93"
EME,STRATEJİ PORTFÖY EMERALD HİSSE SENEDİ SERBEST FON (HİSSE SENEDİ YOĞUN FON),07.08.2026,"1,162821",33406495.00,17,"38845759,20"
EML,AK PORTFÖY EMLAK SEKTÖRÜ DEĞİŞKEN FON,07.08.2026,"1,244314",34504480.00,960,"42934392,02"
ENA,QNB PORTFÖY ENPARA ATAK DEĞİŞKEN ÖZEL FON,07.08.2026,"1,112567",23248482.00,1313,"25865487,81"
ENJ,AKTİF PORTFÖY ENERJİ ŞİRKETLERİ HİSSE SENEDİ (TL) FONU (HİSSE SENEDİ YOĞUN FON),07.08.2026,"1,374715",43109563.00,714,"59263350,68"
ENO,QNB PORTFÖY ENPARA SERBEST (DÖVİZ) FON,07.08.2026,"48,044161",1365593.00,102,"65608769,98"
ENR,QNB PORTFÖY ENPARA PARA PİYASASI (TL) FONU,07.08.2026,"1,186048",1242930931.00,10978,"1474175380,41"
ENS,QNB PORTFÖY ENPARA DEĞİŞKEN ÖZEL FON,07.08.2026,"1,189037",34160089.00,1654,"40617597,44"
EP1,EMLAK KATILIM PORTFÖY PARA PİYASASI KATILIM (TL) FONU,07.08.2026,"1,052647",12055604754.00,1368,"12690301283,76"
EPA,EMAA BLUE PORTFÖY PARA PİYASASI KATILIM (TL) FONU,07.08.2026,"1,356434",397798253.00,154,"539587225,93"
EPI,EMAA BLUE PORTFÖY İNŞAAT SEKTÖRÜ KATILIM FONU,07.08.2026,"1,110677",251348167.00,289,"279166690,21"
EPK,EMAA BLUE PORTFÖY KIYMETLİ MADENLER KATILIM FON SEPETİ FONU,07.08.2026,"1,305817",184307223.00,1565,"240671570,78"
EPO,İŞ PORTFÖY EXPLORER SERBEST (DÖVİZ) ÖZEL FON,07.08.2026,"61,394726",7389995.00,1,"453706718,05"
EPP,EMAA BLUE PORTFÖY PARA PİYASASI SERBEST FON,07.08.2026,"1,458139",1347255347.00,47,"1964485935,71"
EPT,EMAA BLUE PORTFÖY PARA PİYASASI (TL) FONU,07.08.2026,"1,315529",936198598.00,72,"1231596191,39"
ESG,AKTİF PORTFÖY ESG SÜRDÜRÜLEBİLİRLİK SERBEST FON,07.08.2026,"4,019645",2702977.00,82,"10865006,75"
ESN,ALLBATROSS PORTFÖY ESİN SERBEST FON,07.08.2026,"1,714188",23511812.00,12,"40303662,29"
ESP,AURA PORTFÖY EMTİA SERBEST FON,07.08.2026,"0,394001",73113824.00,297,"28806911,98"
EUN,GARANTİ PORTFÖY İKİNCİ SERBEST (DÖVİZ-AVRO) FON,07.08.2026,"63,17054",96687832.00,3492,"6107822515,67"
EUZ,GARANTİ PORTFÖY SERBEST (DÖVİZ-AVRO) FON,07.08.2026,"61,988951",2259180621.00,38804,"140044236280,20"
EVM,DENİZ PORTFÖY ENERJİ VE MADENCİLİK SEKTÖRÜ DEĞİŞKEN FON,07.08.2026,"1,113088",35688883.00,527,"39724852,58"
EYT,AKTİF PORTFÖY İKİNCİ FON SEPETİ FONU,07.08.2026,"2,963513",14212486.00,509,"42118891,04"
EZM,KUVEYT TÜRK PORTFÖY EZM KATILIM SERBEST (DÖVİZ) ÖZEL FON,07.08.2026,"44,207201",100000.00,1,"4420720,12"
FAK,FONMAP PORTFÖY ALTIN KATILIM FONU,07.08.2026,"1,249694",18336833.00,365,"22915430,17"
FAL,ONE PORTFÖY ALTIN FONU,07.08.2026,"1,199841",268449875.00,675,"322097152,85"
FBC,ONE PORTFÖY KAR PAYI ÖDEYEN KATILIM FONU,07.08.2026,"2,046303",89153622.00,5989,"182435318,47"
FBI,FİBA PORTFÖY BİRİNCİ SERBEST (DÖVİZ) FON,07.08.2026,"52,559942",282723717.00,5007,"14859942081,21"
FBN,FİBA PORTFÖY SAFİR SERBEST FON,07.08.2026,"5,355972",40408413.00,34,"216426329,35"
FBV,İŞ PORTFÖY MODEL SERBEST FON,07.08.2026,"7,558318",84277241.00,1944,"636994210,31"
FBZ,FİBA PORTFÖY TEKNOLOJİ SERBEST FON,07.08.2026,"4,666666",58062113.00,392,"270956501,50"
FCK,ONE PORTFÖY ÇOKLU VARLIK KATILIM FONU,07.08.2026,"1,837861",163935817.00,591,"301291309,20"
FCS,FİBA PORTFÖY İKİNCİ SERBEST FON,07.08.2026,"2,296388",1146291775.00,200,"2632330126,41"
FD1,ONE PORTFÖY BİRİNCİ DEĞİŞKEN FON,07.08.2026,"1,959085",10227398.00,152,"20036338,42"
FDE,QNB PORTFÖY KAR PAYI ÖDEYEN BEŞİNCİ SERBEST (DÖVİZ) FON,07.08.2026,"47,645236",91460000.00,881,"4357633317,58"
FDG,FONMAP PORTFÖY BİRİNCİ DEĞİŞKEN FON,07.08.2026,"2,649883",30705105.00,920,"81364924,64"
FDO,QNB PORTFÖY SULTAN SERBEST (DÖVİZ) ÖZEL FON,07.08.2026,"60,731287",4737363.00,1,"287706153,73"
FDV,AZİMUT PORTFÖY DMR SERBEST FON,07.08.2026,"5,844093",245000000.00,1,"1431802879,71"
FDY,QNB PORTFÖY KAR PAYI ÖDEYEN DÖRDÜNCÜ SERBEST (DÖVİZ) FON,07.08.2026,"1,047998",0.01,879,"0,01"
FDZ,AZİMUT PORTFÖY 16.0 HİSSE SENEDİ SERBEST FON (HİSSE SENEDİ YOĞUN FON),07.08.2026,"0,350659",737329526.00,11,"258551502,46"
FFD,FİBA PORTFÖY ÜÇÜNCÜ PARA PİYASASI (TL) FONU,07.08.2026,"0,050298",5405885186.00,458,"271904459,85"
FFF,QNB PORTFÖY BERİL SERBEST (DÖVİZ) ÖZEL FON,07.08.2026,"64,198463",16462779.00,1,"1056885101,43"
FFH,QNB PORTFÖY ÇOKLU VARLIK KATILIM FONU,07.08.2026,"8,459251",187525751.00,1972,"1586327306,97"
FFO,QNB PORTFÖY SER SERBEST (DÖVİZ) ÖZEL FON,07.08.2026,"58,606681",1801854.00,7,"105600681,99"
FFP,QNB PORTFÖY FON SEPETİ FONU,07.08.2026,"7,52723",299024090.00,2355,"2250822976,14"
FHI,FONMAP PORTFÖY İKİNCİ HİSSE SENEDİ SERBEST FON (HİSSE SENEDİ YOĞUN FON),07.08.2026,"1,462862",42731127.00,11,"62509760,63"
FHP,FİBA PORTFÖY ÖPY PARA PİYASASI SERBEST (TL) ÖZEL FON,07.08.2026,"3,350886",4098731711.00,49,"13734382239,61"
FHZ,QNB PORTFÖY HUZUR SERBEST (DÖVİZ) ÖZEL FON,07.08.2026,"64,410172",11372709.00,3,"732518140,93"
FI3,QNB PORTFÖY BORÇLANMA ARAÇLARI FONU,07.08.2026,"779,238466",2029996.80,9710,"1581851594,69"
FI5,QNB PORTFÖY PARA PİYASASI (TL) FONU,07.08.2026,"731,28193",151203997.00,52634,"110572750821,75"
FIB,FİBA PORTFÖY ALTIN FONU,07.08.2026,"0,485118",10037242660.58,12401,"4869251753,64"
FID,FİBA PORTFÖY ÇOKLU VARLIK İKİNCİ DEĞİŞKEN FON,07.08.2026,"1,004668",870261890.00,1690,"874324097,07"
FIL,FİBA PORTFÖY PARA PİYASASI (TL) FONU,07.08.2026,"0,366247",36710777250.00,20710,"13445197544,95"
FIT,FİBA PORTFÖY BORÇLANMA ARAÇLARI (TL) FONU,07.08.2026,"0,225988",842668214.00,536,"190433102,23"
FJB,FİBA PORTFÖY BLOK ZİNCİRİ TEKNOLOJİLERİ SERBEST FON,07.08.2026,"7,168733",56142551.00,770,"402470980,20"
FJC,FİBA PORTFÖY MELTEM ÜÇÜNCÜ SERBEST (DÖVİZ) FON,07.08.2026,"59,565433",21340711.00,95,"1271168682,17"
FJM,FİBA PORTFÖY MELTEM SERBEST (DÖVİZ) FON,07.08.2026,"57,276763",145035456.00,1639,"8307161436,46"
FJN,FİBA PORTFÖY MELTEM İKİNCİ SERBEST (DÖVİZ) FON,07.08.2026,"57,066637",87279529.00,1222,"4980749179,78"
FJZ,FİBA PORTFÖY FIRTINA SERBEST (DÖVİZ) FON,07.08.2026,"65,677993",22502260.00,810,"1477903279,92"
FKE,QNB PORTFÖY KRİSTAL SERBEST (DÖVİZ-AVRO) FON,07.08.2026,"58,594473",822149190.00,12161,"48173398693,87"
FKH,QNB PORTFÖY KAR PAYI ÖDEYEN İKİNCİ SERBEST (DÖVİZ) FON,07.08.2026,"10,00",0.00,2108,"0,01"
FKV,QNB PORTFÖY KAR PAYI ÖDEYEN YEDİNCİ SERBEST (DÖVİZ) FON,07.08.2026,"47,755035",47890000.01,475,"2286988624,19"
FLS,YAPI KREDİ PORTFÖY FLORYA SERBEST (DÖVİZ-AVRO) FON,07.08.2026,"61,826124",63849913.00,2203,"3947592640,10"
FLY,AKTİF PORTFÖY HAVACILIK VE SAVUNMA TEKNOLOJİLERİ DEĞİŞKEN FON,07.08.2026,"1,675242",59246279.00,2153,"99251853,30"
FMG,QNB PORTFÖY GÜMÜŞ SERBEST FON,07.08.2026,"3,156834",3644927031.00,10694,"11506430876,63"
FMS,QNB PORTFÖY SABİHA SERBEST (DÖVİZ) ÖZEL FON,07.08.2026,"54,640246",11051517.00,1,"603857606,36"
FMV,DENİZ PORTFÖY FMV IŞIK ÜNİVERSİTESİ EĞİTİME DESTEK SERBEST FON,07.08.2026,"1,401017",114894784.00,30,"160969562,16"
FNN,QNB PORTFÖY KAR PAYI ÖDEYEN ONUNCU SERBEST (DÖVİZ) FON,07.08.2026,"0,00",0.00,1,"0,00"
FNO,QNB PORTFÖY BİRİNCİ DEĞİŞKEN FON,07.08.2026,"0,200368",53176974314.04,6633,"10654969945,64"
FNT,HEDEF PORTFÖY MODEL HİSSE SENEDİ SERBEST (TL) FON (HİSSE SENEDİ YOĞUN FON),07.08.2026,"2,152716",265148516.00,1823,"570789350,30"
FP4,ONE PORTFÖY DÖRDÜNCÜ HİSSE SENEDİ SERBEST FON (HİSSE SENEDİ YOĞUN FON),07.08.2026,"0,848002",170484666.00,140,"144571257,90"
FPE,FİBA PORTFÖY EUROBOND BORÇLANMA ARAÇLARI (DÖVİZ) FONU,07.08.2026,"75,697977",4439789.00,1438,"336083045,79"
FPG,FİBA PORTFÖY GÜMÜŞ SERBEST FON,07.08.2026,"2,073416",387349241.00,2100,"803135980,05"
FPH,FİBA PORTFÖY HİSSE SENEDİ (TL) FONU (HİSSE SENEDİ YOĞUN FON),07.08.2026,"33,346061",37384499.00,4569,"1246625777,67"
FPI,FONMAP PORTFÖY BİRİNCİ PARA PİYASASI (TL) FONU,07.08.2026,"2,599911",26498309.00,159,"68893253,65"
FPK,FİBA PORTFÖY KISA VADELİ BORÇLANMA ARAÇLARI (TL) FONU,07.08.2026,"0,096766",3086166228.00,1200,"298636160,56"
FPR,STRATEJİ PORTFÖY FOREST HİSSE SENEDİ SERBEST FON (HİSSE SENEDİ YOĞUN FON),07.08.2026,"10,791438",15083682.00,27,"162774616,29"
FPZ,QNB PORTFÖY BİRİNCİ SERBEST (DÖVİZ) FON,07.08.2026,"68,510924",1961054775.00,19578,"134353673887,00"
FR1,ONE PORTFÖY BİRİNCİ SERBEST FON,07.08.2026,"0,822915",265396484.00,20,"218398636,83"
FRA,AZIMUT PORTFÖY MAB SERBEST ÖZEL FON,07.08.2026,"32,530726",16346222.00,2,"531754461,27"
FRC,FONMAP PORTFÖY BİRİNCİ HİSSE SENEDİ SERBEST FON (HİSSE SENEDİ YOĞUN FON),07.08.2026,"1,49819",51246586.00,233,"76777139,59"
FRZ,AZİMUT PORTFÖY FRZ SERBEST ÖZEL FON,07.08.2026,"15,070623",17900643.00,2,"269773844,25"
FS1,ONE PORTFÖY BİRİNCİ HİSSE SENEDİ SERBEST FON (HİSSE SENEDİ YOĞUN FON),07.08.2026,"1,694031",95420421.00,245,"161645197,76"
FS2,ONE PORTFÖY İKİNCİ HİSSE SENEDİ SERBEST FON (HİSSE SENEDİ YOĞUN FON),07.08.2026,"2,171381",21503948.00,26,"46693253,75"
FS3,ONE PORTFÖY KATILIM HİSSE SENEDİ SERBEST FON (HİSSE SENEDİ YOĞUN FON),07.08.2026,"1,402945",848905511.00,21,"1190967560,90"
FS4,ONE PORTFÖY ÜÇÜNCÜ HİSSE SENEDİ SERBEST FON (HİSSE SENEDİ YOĞUN FON),07.08.2026,"3,912801",513376841.00,20,"2008741644,79"
FS5,ONE PORTFÖY BİRİNCİ İSTATİSTİKSEL ARBİTRAJ HİSSE SENEDİ SERBEST FON (HİSSE SENEDİ YOĞUN FON),07.08.2026,"2,029337",4871508.00,8,"9885929,17"
FS6,ONE PORTFÖY İKİNCİ İSTATİSTİKSEL ARBİTRAJ SERBEST FON,07.08.2026,"1,845674",46631809.00,308,"86067140,10"
FSF,FİBA PORTFÖY PARA PİYASASI SERBEST (TL) FON,07.08.2026,"6,815287",1813944325.00,7818,"12362551810,87"
FSG,FİBA PORTFÖY BİRİNCİ HİSSE SENEDİ SERBEST FON (HİSSE SENEDİ YOĞUN FON),07.08.2026,"3,620619",185248980.00,757,"670716041,40"
FSH,FİBA PORTFÖY FON SEPETİ SERBEST FON,07.08.2026,"4,76837",79326937.00,559,"378260198,31"
FSK,QNB PORTFÖY İKİNCİ PARA PİYASASI (TL) FONU,07.08.2026,"6,022982",877973402.00,2494,"5288017958,91"
FSM,ONE PORTFÖY BEŞİNCİ HİSSE SENEDİ SERBEST FON (HİSSE SENEDİ YOĞUN FON),07.08.2026,"2,259239",134201596.00,20,"303193537,69"
FSP,FONMAP PORTFÖY SERBEST (DÖVİZ) FON,07.08.2026,"25,28627",15238.00,22,"385312,18"
FSR,FİBA PORTFÖY İKİNCİ SERBEST (DÖVİZ-AVRO) FON,07.08.2026,"46,9998",99418351.00,2459,"4672642605,68"
FSU,TERA PORTFÖY FON SEPETİ FONU,07.08.2026,"1,243042",605862483.00,4243,"753112463,52"
FSV,QNB PORTFÖY KAR PAYI ÖDEYEN SEKİZİNCİ SERBEST (DÖVİZ-AVRO) FON,07.08.2026,"54,984692",184210000.01,1658,"10128730042,59"
FTL,ONE PORTFÖY PARA PİYASASI KATILIM FONU,07.08.2026,"1,50925",210662011.00,243,"317941664,04"
FTY,QNB PORTFÖY KAR PAYI ÖDEYEN SERBEST (DÖVİZ) FON,07.08.2026,"47,617414",165640000.00,1240,"7887348485,04"
FUA,AK PORTFÖY İHRACATÇI ŞİRKETLER HİSSE SENEDİ (TL) FONU (HİSSE SENEDİ YOĞUN FON),07.08.2026,"5,185526",60404597.00,4809,"313229595,21"
FUB,QNB PORTFÖY EUROBOND (DÖVİZ) BORÇLANMA ARAÇLARI FONU,07.08.2026,"0,747255",1215548127.00,2171,"908323829,07"
FUM,AK PORTFÖY ALESTA SERBEST (DÖVİZ) ÖZEL FON,07.08.2026,"62,199608",7191032.00,2,"447279374,56"
FUN,FİBA PORTFÖY ÜÇÜNCÜ SERBEST (DÖVİZ) FON,07.08.2026,"1,574833",657788675.00,32,"1035907079,06"
FUP,QNB PORTFÖY BAYSAN SERBEST (DÖVİZ) ÖZEL FON,07.08.2026,"97,962353",3304260.00,2,"323693085,98"
FVL,FİBA PORTFÖY BİRİNCİ SERBEST (TL) FON,07.08.2026,"4,882643",284458242.00,55,"1388908156,25"
FYA,İSTANBUL PORTFÖY ARK II SERBEST FON,07.08.2026,"0,052967",29229388217.69,147,"1548197212,16"
FYB,AZİMUT PORTFÖY EB SERBEST (DÖVİZ) ÖZEL FON,07.08.2026,"98,696887",1995663.00,9,"196965725,17"
FYD,QNB PORTFÖY BİRİNCİ HİSSE SENEDİ FONU (HİSSE SENEDİ YOĞUN FON),07.08.2026,"11,068895",285925636.19,5370,"3164880851,33"
FYF,STRATEJİ PORTFÖY MUTLAK GETİRİ HEDEFLİ HİSSE SENEDİ SERBEST FON(HİSSE SENEDİ YOĞUN),07.08.2026,"0,108539",350708449.00,11,"38065717,00"
FYG,AZİMUT PORTFÖY ÖPY SERBEST ( DÖVİZ ) ÖZEL FON,07.08.2026,"16,579789",5760069.00,2,"95500726,87"
FYH,AZİMUT PYŞ SERBEST ( DÖVİZ ) FON,07.08.2026,"84,208756",7170832.00,21,"603846844,62"
FYI,AZİMUT PORTFÖY 4.0 SERBEST FON,07.08.2026,"9,966196",10635662.00,210,"105997087,97"
FYM,AZİMUT PORTFÖY ÜÇÜNCÜ SERBEST (DÖVİZ) FON,07.08.2026,"0,438357",755254621.00,15,"331071464,77"
FYO,QNB PORTFÖY ÖZEL SEKTÖR BORÇLANMA ARAÇLARI FONU,07.08.2026,"1,169625",1570677706.01,1503,"1837103790,43"
FYT,QNB PORTFÖY KISA VADELİ BORÇLANMA ARAÇLARI (TL) FONU,07.08.2026,"0,360308",9221371371.00,97042,"3322535590,26"
FYZ,AZİMUT PORTFÖY AS HİSSE SENEDİ SERBEST ÖZEL FON (HİSSE SENEDİ YOĞUN FON),07.08.2026,"6,131343",43416680.00,2,"266202556,75"
FZJ,FİBA PORTFÖY BİRİNCİ FON SEPETİ FONU,07.08.2026,"5,568638",207762604.63,2146,"1156954661,94"
FZP,FİBA PORTFÖY SERBEST FON,07.08.2026,"6,550041",130538210.00,574,"855030676,88"
GA1,GARANTİ PORTFÖY BORÇLANMA ARAÇLARI FONU,07.08.2026,"1,960146",163527521.00,1496,"320537853,27"
GAC,GARANTİ PORTFÖY YİRMİBİRİNCİ SERBEST (DÖVİZ) ÖZEL FON,07.08.2026,"76,36443",5527677.00,1,"422117900,76"
GAE,GARANTİ PORTFÖY BİST30 ENDEKSİ HİSSE SENEDİ (TL) FONU (HİSSE SENEDİ YOĞUN FON),07.08.2026,"0,440306",3203191617.00,14830,"1410382992,72"
GAF,INVEO PORTFÖY BİRİNCİ HİSSE SENEDİ FONU (HİSSE SENEDİ YOĞUN FON),07.08.2026,"1,615064",116248621.00,1597,"187748928,45"
GAG,INVEO PORTFÖY BİRİNCİ SERBEST (DÖVIZ)  FON,07.08.2026,"17,960091",45457889.00,228,"816427838,76"
GAH,GARANTİ PORTFÖY MUTLAK GETİRİ HEDEFLİ DEĞİŞKEN FON,07.08.2026,"12,510823",30170079.00,2725,"377452511,21"
GAJ,GARANTİ PORTFÖY YİRMİÜÇÜNCÜ SERBEST (DÖVİZ) ÖZEL FON,07.08.2026,"62,8663",7935068.00,1,"498848368,75"
GAL,GARANTİ PORTFÖY İKİNCİ PARA PİYASASI (TL) FONU,07.08.2026,"403,343937",308826377.00,58325,"124563246607,52"
GAN,INVEO PORTFÖY ALFON SERBEST FON,07.08.2026,"8,121966",2693060.00,11,"21872942,57"
GAS,GARANTİ PORTFÖY ÜÇÜNCÜ SERBEST(DÖVİZ) FON,07.08.2026,"0,315588",10268744765.00,2259,"3240687884,94"
GAU,GARANTİ PORTFÖY YİRMİNCİ SERBEST (DÖVİZ) ÖZEL FON,07.08.2026,"66,068104",32360328.00,5,"2137985499,83"
GAV,GARANTİ PORTFÖY YİRMİİKİNCİ SERBEST (DÖVİZ) ÖZEL FON,07.08.2026,"61,907813",3941000.00,1,"243978692,32"
GBC,AZİMUT PORTFÖY YABANCI HİSSE SENEDİ FONU,07.08.2026,"0,310182",830117075.48,1625,"257487076,86"
GBG,INVEO PORTFÖY G-20 ÜLKELERİ YABANCI HİSSE SENEDİ FONU,07.08.2026,"0,595136",342438924.00,3839,"203797569,94"
GBH,GARANTİ PORTFÖY BİRİNCİ HİSSE SENEDİ SERBEST FON (HİSSE SENEDİ YOĞUN FON),07.08.2026,"4,044006",514149683.00,2791,"2079224158,57"
GBJ,GARANTİ PORTFÖY BANKACILIK SEKTÖRÜ HİSSE SENEDİ SERBEST FON (HİSSE SENEDİ YOĞUN FON),07.08.2026,"1,402777",490609309.00,1846,"688215285,57"
GBL,AZİMUT PYŞ KISA VADELİ BORÇLANMA ARAÇLARI FONU,07.08.2026,"0,855893",3041153028.97,1685,"2602900684,49"
GBN,GARANTİ PORTFÖY BEŞİNCİ (TL) SERBEST FON,07.08.2026,"6,768805",920256452.00,406,"6229036627,52"
GBP,GARANTİ PORTFÖY YİRMİALTINCI SERBEST (DÖVİZ-AVRO) ÖZEL FON,07.08.2026,"70,077874",53983981.00,2,"3783082608,59"
GBV,GARANTİ PORTFÖY BLOCKCHAİN TEKNOLOJİLERİ DEĞİŞKEN FON,07.08.2026,"13,101844",190651579.00,22831,"2497887273,16"
GBZ,AZİMUT PORTFÖY EMTİA FON SEPETİ FONU,07.08.2026,"3,407977",320530470.00,3263,"1092360527,20"
GCA,GARANTİ PORTFÖY HM SERBEST (DÖVİZ) ÖZEL FON,07.08.2026,"70,350127",11533344.00,2,"811372219,88"
GCC,GARANTİ PORTFÖY YİRMİSEKİZİNCİ SERBEST ÖZEL FON,07.08.2026,"6,71343",222060386.00,2,"1490786862,10"
GCD,ATLAS PORTFÖY UFUK HİSSE SENEDİ SERBEST FON (HİSSE SENEDİ YOĞUN FON),07.08.2026,"3,589269",230812247.00,17,"828447166,89"
GCI,GARANTİ PORTFÖY KARŞIYAKA SERBEST (DÖVİZ) ÖZEL FON,07.08.2026,"63,896684",3425896.00,3,"218903394,46"
GCZ,GARANTİ PORTFÖY ZM SERBEST (DÖVİZ) ÖZEL FON,07.08.2026,"60,572109",194715.00,1,"11794298,19"
GDJ,GARANTİ PORTFÖY DÖRTLÜ SERBEST (DÖVİZ) ÖZEL FON,07.08.2026,"61,122245",8101428.00,4,"495177465,58"
GDP,GARANTİ PORTFÖY DOKUZUNCU SERBEST (DÖVİZ) ÖZEL FON,07.08.2026,"66,016334",23236050.00,1,"1533958832,72"
GEC,GARANTİ PORTFÖY SOYKAN SERBEST (DÖVİZ) ÖZEL FON,07.08.2026,"75,561063",1873519.00,2,"141565088,08"
GEI,INVEO PORTFÖY EVEREST SERBEST FON,07.08.2026,"45,503097",37387728.00,11,"1701257408,90"
GEZ,GARANTİ PORTFÖY ERN SERBEST (DÖVİZ) ÖZEL FON,07.08.2026,"60,601794",6634456.00,1,"402059936,19"
GFB,GARANTİ PORTFÖY MISIRLI SERBEST (DÖVİZ) ÖZEL FON,07.08.2026,"69,480232",6013819.00,4,"417841538,84"
GFD,GARANTİ PORTFÖY BAL SERBEST (DÖVİZ) ÖZEL FON,07.08.2026,"69,675307",1601474.00,2,"111583191,83"
GFI,GARANTİ PORTFÖY YKT SERBEST (DÖVİZ) ÖZEL FON,07.08.2026,"53,186583",30698413.00,3,"1632743690,65"
GFL,GARANTİ PORTFÖY MİA SERBEST ÖZEL FON,07.08.2026,"11,376703",29486927.00,1,"335464012,52"
GFN,GARANTİ PORTFÖY DAPEİ SERBEST  (DÖVİZ) ÖZEL FON,07.08.2026,"79,412287",11573436.00,3,"919073021,76"
GFY,GARANTİ PORTFÖY OL SERBEST (DÖVİZ) ÖZEL FON,07.08.2026,"69,671872",5822807.00,3,"405685863,24"
GGA,GARANTİ PORTFÖY YEDİNCİ SERBEST (DÖVİZ) ÖZEL FON,07.08.2026,"66,579298",123364230.00,3,"8213503798,96"
GGC,AK PORTFÖY KIYI HİSSE SENEDİ SERBEST ÖZEL FON (HİSSE SENEDİ YOĞUN FON),07.08.2026,"5,096678",35132999.00,5,"179061579,29"
GGD,GARANTİ PORTFÖY SEKİZİNCİ SERBEST (DÖVİZ) ÖZEL FON,07.08.2026,"65,230103",90240169.00,2,"5886375479,09"
GGK,INVEO PORTFÖY ALTIN FON,07.08.2026,"13,359215",185152180.00,12155,"2473487774,14"
GGM,GARANTİ PORTFÖY GMS SERBEST ÖZEL FON,07.08.2026,"8,351605",342290935.00,1,"2858678545,55"
GGN,GARANTİ PORTFÖY AYDOĞAN SERBEST(DÖVİZ) ÖZEL FON,07.08.2026,"68,637258",6963426.00,4,"477950464,10"
GGP,GARANTİ PORTFÖY ALTINCI SERBEST (DÖVİZ) ÖZEL FON,07.08.2026,"13,442805",6927.00,1,"93118,31"
GGR,GARANTİ PORTFÖY ONİKİNCİ SERBEST (DÖVİZ) ÖZEL FON,07.08.2026,"67,529588",23597904.00,3,"1593556736,49"
GHS,GARANTİ PORTFÖY HİSSE SENEDİ (TL) FONU (HİSSE SENEDİ YOĞUN FON),07.08.2026,"38,913027",81716295.00,14727,"3179828418,12"
GID,GARANTİ PORTFÖY İNŞAAT SEKTÖRÜ HİSSE SENEDİ FONU (HİSSE SENEDİ YOĞUN FON),07.08.2026,"1,631072",27985196.00,1982,"45645879,94"
GIE,GARANTİ PORTFÖY GARANTİ BBVA İKLİM ENDEKSİ HİSSE SENEDİ (TL) FONU (HİSSE SENEDİ YOĞUN FON),07.08.2026,"3,492769",21416852.00,4700,"74804122,88"
GIH,ALLBATROSS PORTFÖY GIDA VE İÇECEK SEKTÖRÜ HİSSE SENEDİ FONU (HİSSE SENEDİ YOĞUN FON),07.08.2026,"2,279246",4807569.00,701,"10957632,40"
GJA,GARANTİ PORTFÖY ONYEDİNCİ SERBEST (DÖVİZ) ÖZEL FON,07.08.2026,"66,031075",14263356.00,3,"941824733,60"
GJB,INVEO PORTFÖY BİRİNCİ FON SEPETİ FONU,07.08.2026,"10,421459",7440298.00,997,"77538762,18"
GJD,GARANTİ PORTFÖY ORTAS SERBEST (DÖVİZ) ÖZEL FON,07.08.2026,"63,528792",6349782.00,3,"403393979,17"
GJE,GARANTİ PORTFÖY ECZ SERBEST (DÖVİZ) ÖZEL FON,07.08.2026,"63,287355",2316713.00,2,"146618637,32"
GJF,GARANTİ PORTFÖY BEREKET SERBEST (DÖVİZ) ÖZEL FON,07.08.2026,"63,498898",3663843.00,2,"232649991,98"
GJH,GARANTİ PORTFÖY PARA PİYASASI SERBEST (TL) FON,07.08.2026,"3,87708",22351156892.00,25155,"86657229825,70"
GJM,GLOBAL MD PORTFÖY ADA SERBEST FON,07.08.2026,"41,529203",10193887.00,69,"423344007,62"
GJO,GARANTİ PORTFÖY ONALTINCI SERBEST (DÖVİZ) ÖZEL FON,07.08.2026,"59,356343",9779449.00,1,"580472326,31"
GKE,GARANTİ PORTFÖY KAR PAYI ÖDEYEN EKİM 2025 SERBEST (DÖVİZ) FON,07.08.2026,"0,00",0.00,0,"0,01"
GKF,GLOBAL MD PORTFÖY KATILIM FONU,07.08.2026,"4,429207",9414241.00,702,"41697617,67"
GKG,GARANTİ PORTFÖY KAR PAYI ÖDEYEN HİSSE SENEDİ (TL) FONU (HİSSE SENEDİ YOĞUN FON),07.08.2026,"1,380467",32735399.00,1786,"45190123,69"
GKH,GARANTİ PORTFÖY PARA PİYASASI KATILIM SERBEST (TL) FON,07.08.2026,"4,417626",1404396926.00,1884,"6204099838,40"
GKK,GARANTİ PORTFÖY ONDÖRDÜNCÜ SERBEST (DÖVİZ) ÖZEL FON,07.08.2026,"65,365548",30617607.00,2,"2001336659,34"
GKL,GARANTİ PORTFÖY YF HİSSE SENEDİ SERBEST ÖZEL FON (HİSSE SENEDİ YOĞUN FON),07.08.2026,"14,985656",56249207.00,4,"842931293,01"
GKM,GARANTİ PORTFÖY KAR PAYI ÖDEYEN EKİM 2026 SERBEST (DÖVİZ) FON,07.08.2026,"48,019156",2703620.00,14,"129825551,77"
GKO,GARANTİ PORTFÖY KAR PAYI ÖDEYEN OCAK 2026 SERBEST (DÖVİZ) FON,07.08.2026,"0,00",0.00,0,"0,01"
GKV,GARANTİ PORTFÖY KATILIM HİSSE SENEDİ (TL) FONU (HİSSE SENEDİ YOĞUN FON),07.08.2026,"8,227078",43446707.00,4150,"357439438,07"
GL1,AZİMUT PYŞ BİRİNCİ HİSSE SENEDİ FONU (HİSSE SENEDİ YOĞUN FON),07.08.2026,"1461,154008",932684.00,922,"1362794965,08"
GLC,AKTİF PORTFÖY ÜÇÜNCÜ FON SEPETİ FONU,07.08.2026,"4,231146",3841496.00,69,"16253930,42"
GLG,AKTİF PORTFÖY CAPİTAL HİSSE SENEDİ SERBEST FON (HİSSE SENEDİ YOĞUN FON),07.08.2026,"7,542947",3758247.00,372,"28348259,11"
GLM,ATLAS PORTFÖY ÜÇÜNCÜ SERBEST (TL) FON,07.08.2026,"0,45283",10132926.00,11,"4588493,75"
GLP,GARANTİ PORTFÖY PRUVA SERBEST (DÖVİZ) ÖZEL FON,07.08.2026,"67,815203",8202021.00,4,"556221721,42"
GLS,AZİMUT PORTFÖY  KİRA SERTİFİKALARI (SUKUK) KATILIM FONU,07.08.2026,"0,167626",2319673324.00,1405,"388837791,84"
GLV,GLOBAL MD PORTFÖY NEHİR SERBEST FON,07.08.2026,"8,011184",13590646.00,23,"108877159,39"
GMA,AZİMUT PORTFÖY BİRİNCİ DEĞİŞKEN FON,07.08.2026,"2,089025",1206354016.56,1507,"2520104083,35"
GMC,TEB PORTFÖY GÜMÜŞ FON SEPETİ FONU,07.08.2026,"7,31999",540203605.00,21259,"3954284899,32"
GMD,GLOBAL MD PORTFÖY BİRİNCİ FON SEPETİ FONU,07.08.2026,"2,704362",1181610.00,109,"3195500,63"
GME,İŞ PORTFÖY EGE SERBEST ÖZEL FON,07.08.2026,"28,297347",14109179.00,2,"399252331,69"
GMI,AK PORTFÖY GÜMÜŞ SERBEST FON,07.08.2026,"1,289184",481702555.00,5276,"621003020,25"
GMM,GARANTİ PORTFÖY KAR PAYI ÖDEYEN MART 2027 SERBEST (DÖVİZ) FON,07.08.2026,"47,740433",9269281.00,26,"442519484,13"
GMN,GLOBAL MD PORTFÖY BİRİNCİ PARA PİYASASI SERBEST (TL) FON,07.08.2026,"1,343678",58274022.00,27,"78301509,23"
GMO,AZİMUT PORTFÖY G MOBİLİTE HİSSE SENEDİ SERBEST ÖZEL FON (HİSSE SENEDİ YOĞUN FON),07.08.2026,"3,318164",795254932.00,4,"2638786678,43"
GMP,GARANTİ PORTFÖY GM SERBEST (DÖVİZ) ÖZEL FON,07.08.2026,"62,336628",25904601.00,1,"1614805475,54"
GMR,INVEO PORTFÖY BIST 30 DIŞI ŞİRKETLER HİSSE SENEDİ FONU (HİSSE SENEDİ YOĞUN FON),07.08.2026,"1,38373",139763169.00,4696,"193394475,09"
GMV,GARANTİ PORTFÖY OCAK 2026 SERBEST (DÖVİZ-ABD DOLARI) FON,07.08.2026,"0,00",0.00,0,"0,01"
GMZ,İŞ PORTFÖY MZ SERBEST ÖZEL FON,07.08.2026,"13,549921",27222587.79,2,"368863916,19"
GNH,GLOBAL MD PORTFÖY ALGORİTMİK MODEL HİSSE SENEDİ FONU (HİSSE SENEDİ YOĞUN FON),07.08.2026,"1,423432",4859176.00,192,"6916707,09"
GNK,AZİMUT PORTFÖY SARPAY SERBEST (DÖVİZ) ÖZEL FON,07.08.2026,"68,49003",6854572.00,1,"469469840,88"
GNL,GARANTİ PORTFÖY UNL SERBEST (DÖVİZ) ÖZEL FON,07.08.2026,"60,535364",29495736.00,4,"1785535109,52"
GNP,GARANTİ PORTFÖY NEMA PARA PİYASASI (TL) FONU,07.08.2026,"1,451203",1177730401.00,5915,"1709126287,12"
GNS,GARANTİ PORTFÖY ENERJİ ŞİRKETLERİ HİSSE SENEDİ (TL) FONU (HİSSE SENEDİ YOĞUN FON),07.08.2026,"1,617045",47396910.00,1612,"76642930,33"
GNZ,AK PORTFÖY ING Z KUŞAĞI FON SEPETİ ÖZEL FONU,07.08.2026,"1,575306",1238454.00,481,"1950944,36"
GO1,ONE PORTFÖY BİRİNCİ FON SEPETİ FONU,07.08.2026,"4,678881",16847478.00,768,"78827349,10"
GO2,ONE PORTFÖY KATILIM FON SEPETİ FONU,07.08.2026,"4,881738",5364499.00,469,"26188077,02"
GO3,ONE PORTFÖY ÜÇÜNCÜ FON SEPETİ FONU,07.08.2026,"4,833504",7641986.00,462,"36937569,72"
GO4,ONE PORTFÖY DÖRDÜNCÜ FON SEPETİ FONU,07.08.2026,"5,230004",9693875.00,761,"50699009,50"
GO6,ONE PORTFÖY PARA PİYASASI (TL) FONU,07.08.2026,"4,190212",1291470275.00,4073,"5411533680,41"
GO9,ONE PORTFÖY BİRİNCİ HİSSE SENEDİ FONU (HİSSE SENEDİ YOĞUN FON),07.08.2026,"2,740197",180569762.00,1773,"494796632,22"
GOF,GARANTİ PORTFÖY OTUZİKİNCİ SERBEST (DÖVİZ) FON,07.08.2026,"52,552317",7024602.00,302,"369159107,94"
GOH,GARANTİ PORTFÖY BIST 100 DIŞI ŞİRKETLER HİSSE SENEDİ (TL) FONU (HİSSE SENEDİ YOĞUN FON),07.08.2026,"15,994659",37967421.00,8909,"607275954,83"
GOL,GARANTİ PORTFÖY ALTIN KATILIM FONU,07.08.2026,"2,699541",1616085744.00,11899,"4362689710,32"
GOP,GOLDEN GLOBAL PORTFÖY PARA PİYASASI KATILIM FONU,07.08.2026,"1,198697",1713703653.00,1650,"2054211961,27"
GP1,AZİMUT PORTFÖY AEB SERBEST (TL) ÖZEL FON,07.08.2026,"3,841499",45715125.00,1,"175614618,13"
GP3,GARANTİ PORTFÖY ÜÇÜNCÜ SERBEST (DÖVİZ-AVRO) FON,07.08.2026,"64,302817",11024891.00,431,"708931549,79"
GPA,GARANTİ PORTFÖY EUROBOND BORÇLANMA ARAÇLARI (DÖVİZ) FONU,07.08.2026,"23,060753",34653809.00,5438,"799142938,92"
GPB,GARANTİ PORTFÖY BİRİNCİ DEĞİŞKEN FON,07.08.2026,"11,958223",103561467.00,9529,"1238411077,15"
GPC,GARANTİ PORTFÖY İKİNCİ SERBEST ( DÖVİZ ) FON,07.08.2026,"71,523582",95476515.00,3624,"6828822320,31"
GPF,GARANTİ PORTFÖY ÇOKLU VARLIK KATILIM FONU,07.08.2026,"8,908543",67884135.00,2845,"604748715,21"
GPG,INVEO PORTFÖY BİRİNCİ DEĞİŞKEN FON,07.08.2026,"17,362616",60113212.00,2900,"1043722620,61"
GPH,GARANTİ PORTFÖY ONSEKİZİNCİ SERBEST (DÖVİZ) ÖZEL FON,07.08.2026,"44,967264",58637.00,1,"2636745,43"
GPI,GARANTİ PORTFÖY İKİNCİ DEĞİŞKEN FON,07.08.2026,"18,286265",40093139.00,2822,"733153746,50"
GPJ,GARANTİ PORTFÖY PORTAKAL SERBEST (DÖVİZ) ÖZEL FON,07.08.2026,"57,513064",14772170.00,2,"849592764,44"
GPL,GARANTİ PORTFÖY BİRİNCİ SERBEST (DÖVİZ) FON,07.08.2026,"52,739023",1858979386.00,37643,"98040756786,13"
GPM,GARANTİ PORTFÖY MİB SERBEST (DÖVİZ) ÖZEL FON,07.08.2026,"61,419202",20837078.00,2,"1279796711,81"
GPN,GARANTİ PORTFÖY PARA PİYASASI KATILIM (TL) FONU,07.08.2026,"1,370132",3541548362.00,4510,"4852389780,03"
GPT,AKTİF PORTFÖY ROBOTİK TEKNOLOJİLERİ DEĞİŞKEN FON,07.08.2026,"2,781699",39842753.00,3183,"110830532,38"
GPU,GARANTİ PORTFÖY ÜÇÜNCÜ DEĞİŞKEN FON,07.08.2026,"20,845144",17017220.00,2474,"354726406,21"
GPV,YAPI KREDİ PORTFÖY URLA SERBEST (DÖVİZ-AVRO) ÖZEL FON,07.08.2026,"66,25033",8630260.00,1,"571757569,17"
GPZ,GARANTİ PORTFÖY ÜÇÜNCÜ PARA PİYASASI FONU,07.08.2026,"1,931432",1405355373.00,150,"2714348170,66"
GRL,QNB PORTFÖY AGRESİF SERBEST FON,07.08.2026,"1,780276",317762178.00,290,"565704392,63"
GRO,GARANTİ PORTFÖY OTUZUNCU SERBEST (DÖVİZ) FON,07.08.2026,"53,743945",3529894179.00,27218,"189710438606,33"
GRT,GARANTİ PORTFÖY TEKNOLOJİ ŞİRKETLERİ HİSSE SENEDİ (TL) FONU (HİSSE SENEDİ YOĞUN FON),07.08.2026,"1,595065",77903264.00,1978,"124260758,65"
GSE,AZİMUT PORTFÖY 7.0 SERBEST (DÖVİZ) FON,07.08.2026,"64,448578",21192171.00,108,"1365805287,40"
GSG,AZİMUT PORTFÖY GÜREL SERBEST (DÖVİZ) ÖZEL FON,07.08.2026,"70,351147",1232892.00,1,"86735366,70"
GSL,AZİMUT PORTFÖY GIPTA SERBEST ÖZEL FON,07.08.2026,"3,400361",30393796.00,1,"103349881,24"
GSO,GARANTİ PORTFÖY ÖPY SERBEST ÖZEL FON,07.08.2026,"15,079298",22904394.00,5,"345382174,09"
GSP,AZİMUT PYŞ KAR PAYI ÖDEYEN HİSSE SENEDİ FONU (HİSSE SENEDİ YOĞUN FON),07.08.2026,"0,558472",7452167081.00,14335,"4161824873,16"
GSR,GARANTİ PORTFÖY EGL SERBEST (DÖVİZ) ÖZEL FON,07.08.2026,"56,59036",4643160.00,2,"262758094,49"
GSU,GARANTİ PORTFÖY KAR PAYI ÖDEYEN ŞUBAT 2026 SERBEST (DÖVİZ) FON,07.08.2026,"0,00",0.00,0,"0,01"
GTA,GARANTİ PORTFÖY ALTIN FONU,07.08.2026,"1,538824",15233089632.00,74683,"23441036745,23"
GTF,AZİMUT PYŞ BİRİNCİ BORÇLANMA ARAÇLARI FONU,07.08.2026,"14,660268",9900201.20,527,"145139605,42"
GTH,GARANTİ PORTFÖY İHRACATÇI ŞİRKETLER HİSSE SENEDİ (TL) FONU (HİSSE SENEDİ YOĞUN FON),07.08.2026,"1,47568",22342178.00,814,"32969896,63"
GTK,GARANTİ PORTFÖY KAMU BORÇLANMA ARAÇLARI ÖZEL FONU,07.08.2026,"6,928617",4029467144.00,1,"27918636301,21"
GTL,GARANTİ PORTFÖY BİRİNCİ PARA PİYASASI (TL) FONU,07.08.2026,"0,13265",1493133159618.00,345325,"198063695655,18"
GTM,GARANTİ PORTFÖY TEMETTÜ ÖDEYEN ŞİRKETLER HİSSE SENEDİ (TL) FONU (HİSSE SENEDİ YOĞUN FON),07.08.2026,"7,698556",146241979.00,13643,"1125852131,46"
GTN,GARANTİ PORTFÖY GTH SERBEST (DÖVİZ) ÖZEL FON,07.08.2026,"51,824059",28012535.00,2,"1451723274,86"
GTY,GARANTİ PORTFÖY TREND SERBEST FON,07.08.2026,"6,294561",65736981.00,551,"413785453,40"
GTZ,GARANTİ PORTFÖY GÜMÜŞ FON SEPETİ FONU,07.08.2026,"11,047209",1096786851.00,62526,"12116434086,42"
GUA,GARANTİ PORTFÖY BİRİNCİ BORÇLANMA ARAÇLARI ÖZEL FON,07.08.2026,"5,8963",341860798.00,1,"2015713733,42"
GUB,GARANTİ PORTFÖY ÖZEL SEKTÖR BORÇLANMA ARAÇLARI FONU,07.08.2026,"2,529046",1563725984.00,8198,"3954735555,38"
GUC,GARANTİ PORTFÖY ÜÇÜNCÜ PARA PİYASASI SERBEST (TL) ÖZEL FON,07.08.2026,"1,444216",2026698292.00,1,"2926989305,62"
GUF,İŞ PORTFÖY GÜMÜŞ FON SEPETİ FONU,07.08.2026,"0,853249",611533199.00,2182,"521790001,45"
GUH,GARANTİ PORTFÖY YABANCI TEKNOLOJİ HİSSE SENEDİ FONU,07.08.2026,"0,446225",10247167147.00,37911,"4572538465,93"
GUK,GARANTİ PORTFÖY GÜMÜŞ KATILIM SERBEST FON,07.08.2026,"1,330397",799352213.00,2726,"1063455490,34"
GUM,AK PORTFÖY GÜMÜŞ FON SEPETI FONU,07.08.2026,"11,792126",531317875.00,53083,"6265367503,23"
GUV,GARANTİ PORTFÖY UZUN VADELİ BORÇLANMA ARAÇLARI FONU,07.08.2026,"1,698137",325180449.00,1834,"552200796,89"
GVA,GARANTİ PORTFÖY ELEKTRİKLİ VE OTONOM ARAÇLAR DEĞİŞKEN FON,07.08.2026,"4,133534",23645115.00,3487,"97737875,62"
GVB,GARANTİ PORTFÖY ACE SERBEST (DÖVİZ-ABD DOLARI) ÖZEL FON,07.08.2026,"67,060279",52499640.00,3,"3520640491,28"
GVC,GARANTİ PORTFÖY ERG SERBEST (DÖVİZ) ÖZEL FON,07.08.2026,"63,811885",4739268.00,1,"302421623,27"
GVD,GARANTİ PORTFÖY KARABAĞLI SERBEST (DÖVİZ) ÖZEL FON,07.08.2026,"18,490218",22115.00,1,"408911,18"
GVI,GARANTİ PORTFÖY ÜÇÜNCÜ FON SEPETİ FONU,07.08.2026,"5,549928",213277076.00,4684,"1183672515,41"
GVL,GARANTİ  PORTFÖY ZYT SERBEST (DÖVİZ) ÖZEL FON,07.08.2026,"65,986606",7872114.00,3,"519454081,62"
GVZ,GARANTİ PORTFÖY ACE SERBEST (DÖVİZ-AVRO) ÖZEL FON,07.08.2026,"72,403813",5533354.00,2,"400635928,91"
GYC,GARANTİ PORTFÖY YİRMİBEŞİNCİ SERBEST ÖZEL FON,07.08.2026,"4,033573",5020082762.00,1,"20248870945,60"
GYG,GARANTİ PORTFÖY TEKOS SERBEST (DÖVİZ-AVRO) ÖZEL FON,07.08.2026,"70,612877",7093936.00,4,"500923227,91"
GYK,INVEO PORTFÖY BORÇLANMA ARAÇLARI (TL) FONU,07.08.2026,"0,112873",709500471.00,277,"80083499,65"
GYL,INVEO PORTFÖY KISA VADELİ BORÇLANMA ARAÇLARI (TL) FONU,07.08.2026,"14,370866",57071245.57,7402,"820163197,19"
GYN,GARANTİ PORTFÖY HCR SERBEST (DÖVİZ) ÖZEL FON,07.08.2026,"68,095601",20613565.00,1,"1403693091,74"
GYR,GARANTİ PORTFÖY TEKOS SERBEST (DÖVİZ-ABD DOLARI) ÖZEL FON,07.08.2026,"62,685251",9491810.00,5,"594996488,56"
GZB,GARANTİ PORTFÖY ÖPY İKİNCİ SERBEST ÖZEL FON,07.08.2026,"7,347637",190000000.00,1,"1396050946,54"
GZD,GARANTİ PORTFÖY ONÜCÜNCÜ SERBEST (DÖVİZ) ÖZEL FON,07.08.2026,"61,329917",876698.00,3,"53767815,18"
GZE,GARANTİ PORTFÖY EMTİA SERBEST FON,07.08.2026,"7,297758",188173093.00,4189,"1373241764,28"
GZG,GARANTİ PORTFÖY SAĞLIK VE GENETİK TEKNOLOJİLERİ DEĞİŞKEN FON,07.08.2026,"7,171932",58776024.00,3977,"421537674,67"
GZH,GARANTİ PORTFÖY TEMİZ ENERJİ DEĞİŞKEN FON,07.08.2026,"4,941241",82224264.00,5979,"406289904,06"
GZJ,GARANTİ PORTFÖY İKİNCİ FON SEPETİ FONU,07.08.2026,"8,582824",203575334.00,5255,"1747251322,68"
GZL,GARANTİ PORTFÖY TARIM VE GIDA SEKTÖRÜ DEĞİŞKEN FON,07.08.2026,"5,585921",66089760.00,6113,"369172148,13"
GZM,GLOBAL MD PORTFÖY DURU SERBEST FON,07.08.2026,"9,975035",47435482.00,757,"473170574,64"
GZN,GLOBAL MD PORTFÖY BOĞAZİÇİ SERBEST FON,07.08.2026,"49,570612",7751158.00,1116,"384229648,86"
GZO,GARANTİ PORTFÖY ÖZM SERBEST (DÖVİZ) ÖZEL FON,07.08.2026,"68,953284",1210798.00,1,"83488498,82"
GZP,GARANTİ PORTFÖY BİRİNCİ FON SEPETİ FONU,07.08.2026,"7,58358",505626260.00,9838,"3834457401,94"
GZR,GARANTİ PORTFÖY SÜRDÜRÜLEBİLİRLİK HİSSE SENEDİ (TL) FONU (HİSSE SENEDİ YOĞUN FON),07.08.2026,"11,389509",91523141.00,2027,"1042403663,28"
GZU,GARANTİ PORTFÖY EKE SERBEST (DÖVİZ) ÖZEL FON,07.08.2026,"67,026366",6829649.00,2,"457766556,82"
GZV,GARANTİ PORTFÖY ESG SÜRDÜRÜLEBİLİRLİK FON SEPETİ FONU,07.08.2026,"8,625586",11504964.00,1370,"99237061,55"
GZY,GARANTİ PORTFÖY TURİZM VE SEYAHAT SEKTÖRÜ DEĞİŞKEN FON,07.08.2026,"8,018883",9830485.00,2469,"78829510,35"
GZZ,GARANTİ PORTFÖY FİNANSAL TEKNOLOJİLER DEĞİŞKEN FON,07.08.2026,"6,881446",9252474.00,1220,"63670402,17"
HAE,HSBC PORTFÖY EKİM 2026 SERBEST (DÖVİZ) FON,07.08.2026,"55,56367",51785915.00,1236,"2877415488,53"
HAG,GARANTİ PORTFÖY EKİM 2026 SERBEST (DÖVİZ-ABD DOLARI) FON,07.08.2026,"61,532338",6827204.00,45,"420093824,25"
HAI,AHLATCI PORTFÖY ALTIN FONU,07.08.2026,"0,998275",8796917.00,219,"8781744,69"
HAM,HEDEF PORTFÖY ALTIN KATILIM FONU,07.08.2026,"2,980549",506988063.00,7409,"1511102612,17"
HAR,BV PORTFÖY HARMONY SERBEST FON,07.08.2026,"1,046838",36677337.00,68,"38395227,93"
HAT,HEDEF PORTFÖY ATLAS İSTATİSTİKSEL ARBİTRAJ HİSSE SENEDİ SERBEST FON (HİSSE SENEDİ YOĞUN FON),07.08.2026,"1,869477",2326464.00,88,"4349271,69"
HB1,ZİRAAT PORTFÖY HALKBANK SERBEST (DÖVİZ-AMERİKAN DOLARI) FON,07.08.2026,"50,07178",380662125.00,323,"19060430162,08"
HB2,ZİRAAT PORTFÖY HALKBANK SERBEST (DÖVİZ-AVRO) FON,07.08.2026,"56,949233",213199817.00,177,"12141566038,09"
HBF,HSBC PORTFÖY ALTIN FONU,07.08.2026,"49,15175",126530280.00,11017,"6219184687,36"
HBJ,HAS PORTFÖY BİRİNCİ SERBEST FON,07.08.2026,"1,623211",100000.00,1,"162321,13"
HBN,HSBC PORTFÖY BİRİNCİ FON SEPETİ FONU,07.08.2026,"4,26898",129809415.00,1104,"554153774,58"
HBU,HSBC PORTFÖY BİST 30 ENDEKSİ HİSSE SENEDİ FONU (HİSSE SENEDİ YOĞUN FON),07.08.2026,"1,388504",326190821.00,2801,"452917133,64"
HBV,HEDEF PORTFÖY DORUK HİSSE SENEDİ SERBEST (TL) FON (HİSSE SENEDİ YOĞUN FON),07.08.2026,"19,530339",57539930.00,18,"1123774313,77"
HCV,HEDEF PORTFÖY ATAK ÇOKLU VARLIK KATILIM FONU,07.08.2026,"0,938442",153782777.00,421,"144316249,12"
HDA,HEDEF PORTFÖY DÖRDÜNCÜ İSTATİSTİKSEL ARBİTRAJ HİSSE SENEDİ SERBEST (TL) FON (HİSSE SENEDİ YOĞUN FON),07.08.2026,"3,098425",31656322.00,564,"98084746,30"
HDD,AHLATCI PORTFÖY BİRİNCİ DEĞİŞKEN FON,07.08.2026,"1,037724",5087839.00,102,"5279774,89"
HDE,HSBC PORTFÖY BEŞİNCİ SERBEST (DÖVİZ-AVRO) FON,07.08.2026,"56,720104",158409508.00,4453,"8985003829,73"
HDH,HEDEF PORTFÖY DOĞU HİSSE SENEDİ SERBEST (TL) FON (HİSSE SENEDİ YOĞUN FON),07.08.2026,"28101,311627",3698337.00,18,"103928120540,38"
HDJ,HEDEF PORTFÖY ARTI SERBEST (TL) FON,07.08.2026,"6,507093",2479606.00,11,"16135026,03"
HDK,HEDEF PORTFÖY VEGA İSTATİSTİKSEL ARBİTRAJ HİSSE SENEDİ SERBEST FON (HİSSE SENEDİ YOĞUN FON),07.08.2026,"2,980722",4049782.00,129,"12071275,54"
HDS,HEDEF PORTFÖY SERBEST (TL) FON,07.08.2026,"16,766871",91221799.00,13,"1529504138,46"
HDV,HSBC PORTFÖY YEDİNCİ SERBEST (DÖVİZ-POUND) FON,07.08.2026,"65,449096",74317118.00,2247,"4863988212,72"
HEH,HEDEF PORTFÖY ALGO EVEREST İSTATİSTİKSEL ARBİTRAJ HİSSE SENEDİ SERBEST FON (HİSSE SENEDİ YOĞUN FON),07.08.2026,"3,263835",196657565.00,1536,"641857862,42"
HFA,HSBC PORTFÖY ALLİANZ SERBEST ÖZEL FON,07.08.2026,"3,06047",1574729725.00,2,"4819413438,88"
HFI,HEDEF PORTFÖY İKİNCİ KATILIM HİSSE SENEDİ SERBEST FON (HİSSE SENEDİ YOĞUN FON),07.08.2026,"1,719355",33700138.00,130,"57942493,69"
HFO,AHLATCI PORTFÖY KATILIM HİSSE SENEDİ (TL) FONU (HİSSE SENEDİ YOĞUN FON),07.08.2026,"0,997418",4534141.00,124,"4522434,08"
HFR,A1 CAPİTAL PORTFÖY HİSSE SENEDİ (TL) FONU (HİSSE SENEDİ YOĞUN FON),07.08.2026,"1,433338",30015014.00,484,"43021649,74"
HFV,HSBC PYŞ ÜÇÜNCÜ SERBEST (DÖVİZ) FON,07.08.2026,"63,085816",139620326.00,3281,"8808062260,20"
HFY,ALBARAKA PORTFÖY HAYAT FİNANS KISA VADELİ KATILIM SERBEST FON,07.08.2026,"1,289927",830261687.00,35,"1070977223,22"
HGC,HSBC PORTFÖY MART 2027 SERBEST (DÖVİZ) FON,07.08.2026,"52,514629",8794664.00,283,"461848517,22"
HGH,HEDEF PORTFÖY GÜNEŞ HİSSE SENEDİ SERBEST (TL) FON (HİSSE SENEDİ YOĞUN FON),07.08.2026,"1,76472",36665864.00,21,"64705000,12"
HGJ,HEDEF PORTFÖY GÜNEY HİSSE SENEDİ SERBEST FON (HİSSE SENEDİ YOĞUN FON),07.08.2026,"21,877571",109096943.00,12,"2386776085,21"
HGM,HEDEF PORTFÖY İKİNCİ HİSSE SENEDİ (TL) FONU (HİSSE SENEDİ YOĞUN FON),07.08.2026,"3,999379",48583669.00,1807,"194304518,53"
HGR,HEDEF PORTFÖY ALGORİTMİK STRATEJİLER SERBEST FON,07.08.2026,"1,301479",24638282.00,155,"32066200,84"
HGT,AZİMUT PORTFÖY 15.0 SERBEST (DÖVİZ) FON,07.08.2026,"94,420899",35413354.00,14,"3343760710,47"
HGU,HSBC PORTFÖY GÜÇLÜ SERBEST ÖZEL FON,07.08.2026,"4,950157",561018563.00,2,"2777130083,40"
HGV,HEDEF PORTFÖY BİRİNCİ SERBEST FON,07.08.2026,"4,977584",5249998.00,397,"26132305,58"
HIA,HEDEF PORTFÖY İSTATİSTİKSEL ARBİTRAJ SERBEST FON,07.08.2026,"1,532384",866038862.00,269,"1327103683,23"
HIF,HEDEF PORTFÖY İKİNCİ SERBEST FON,07.08.2026,"0,508274",21097695.00,48,"10723406,74"
HIH,GARANTİ  PORTFÖY HOLDİNGLER VE İŞTİRAKLERİ HİSSE SENEDİ (TL) FONU (HİSSE SENEDİ YOĞUN FON),07.08.2026,"1,407009",167324698.00,4700,"235427425,75"
HII,HSBC PYŞ BİRİNCİ SERBEST (DÖVİZ) ÖZEL FON,07.08.2026,"3,293339",329367203.00,1,"1084717715,12"
HIM,HEDEF PORTFÖY BİRİNCİ İSTATİSTİKSEL ARBİTRAJ HİSSE SENEDİ SERBEST FON (HİSSE SENEDİ YOĞUN FON),07.08.2026,"3,949535",71599445.00,215,"282784489,87"
HIP,HSBC PORTFÖY İKİNCİ PARA PİYASASI (TL) FONU,07.08.2026,"2,139493",958761185.00,1132,"2051262764,92"
HIS,HEDEF PORTFÖY ÜÇÜNCÜ SERBEST FON,07.08.2026,"3,17844",407241.00,12,"1294390,89"
HIZ,AZİMUT PORTFÖY DİNAMİK DEĞİŞKEN FON,07.08.2026,"2,069718",98428183.00,1098,"203718594,74"
HJA,AZİMUT PORTFÖY BİRİNCİ HİSSE SENEDİ SERBEST FON (HİSSE SENEDİ YOĞUN FON),07.08.2026,"26,687304",92852023.00,13,"2477970125,24"
HJB,HEDEF PORTFÖY BİRİNCİ DEĞİŞKEN FON,07.08.2026,"4,551542",32042162.00,1579,"145841250,67"
HKG,ZİRAAT PORTFÖY HALK'IN ÜRETEN KADINLARI DEĞİŞKEN FON,07.08.2026,"1,463213",23343765.00,958,"34156895,54"
HKH,HEDEF PORTFÖY KATILIM HİSSE SENEDİ (TL) FONU (HİSSE SENEDİ YOĞUN FON),07.08.2026,"8,313352",103209964.00,13940,"858020770,28"
HKJ,HEDEF PORTFÖY PARA PİYASASI SERBEST FON,07.08.2026,"1,379612",9007340894.00,2215,"12426637443,93"
HKM,HEDEF PORTFÖY BAŞAK HİSSE SENEDİ SERBEST (TL) FON (HİSSE SENEDİ YOĞUN FON),07.08.2026,"4,159835",13381445.00,964,"55664605,42"
HKP,HEDEF PORTFÖY KATILIM HİSSE SENEDİ SERBEST (TL) FON (HİSSE SENEDİ YOĞUN FON),07.08.2026,"5,783899",42242789.00,95,"244328034,15"
HKR,HSBC PORTFÖY KIRMIZI HİSSE SENEDİ SERBEST (TL) FON (HİSSE SENEDİ YOĞUN FON),07.08.2026,"3,840492",389010299.00,1560,"1493990969,67"
HKV,ZİRAAT PORTFÖY HALKBANK KISA VADELİ BORÇLANMA ARAÇLARI (TL) FONU,07.08.2026,"582,067879",6836059.00,37171,"3979050363,93"
HLA,NEO PORTFÖY ÜÇÜNCÜ HİSSE SENEDİ SERBEST FON (HİSSE SENEDİ YOĞUN FON),07.08.2026,"1,823324",22182677.00,10,"40446196,76"
HLL,ZİRAAT PORTFÖY HALKBANK PARA PİYASASI (TL) FONU,07.08.2026,"0,376526",124976449145.95,1031318,"47056887404,23"
HLR,HEDEF PORTFÖY ADA HİSSE SENEDİ SERBEST (TL) FON (HİSSE SENEDİ YOĞUN FON),07.08.2026,"123,382292",27328636.00,14,"3371869738,33"
HMC,HEDEF PORTFÖY EKİNOKS SERBEST (TL) FON,07.08.2026,"7,812738",51846285.00,116,"405061421,12"
HME,HSBC PORTFÖY DÖRDÜNCÜ SERBEST (DÖVİZ) FON,07.08.2026,"53,91561",495284717.00,8250,"26703577721,76"
HMG,HSBC PYŞ MUTLAK GETİRİ HEDEFLİ HİSSE SENEDİ SERBEST (TL) FON(HİSSE SENEDİ YOĞUN FON),07.08.2026,"0,067749",100492852949.00,6188,"6808259529,98"
HMK,HEDEF PORTFÖY EGE HİSSE SENEDİ SERBEST (TL) FON (HİSSE SENEDİ YOĞUN FON),07.08.2026,"321,810267",521492.00,64,"167821479,71"
HML,HEDEF PORTFÖY KATILIM SERBEST (DÖVİZ) FON,07.08.2026,"46,9024",323723.00,38,"15183385,51"
HMS,HSBC PORTFÖY SÜRDÜRÜLEBİLİRLİK HİSSE SENEDİ (TL) FONU (HİSSE SENEDİ YOĞUN FON),07.08.2026,"0,093272",3858855563.00,4099,"359924592,04"
HMT,AZİMUT PORTFÖY 12.0 SERBEST FON,07.08.2026,"7,09562",85345075.00,22,"605576257,19"
HMV,HEDEF PORTFÖY MAVİ HİSSE SENEDİ SERBEST (TL) FON (HİSSE SENEDİ YOĞUN FON),07.08.2026,"15,658372",887234531.00,13,"13892648769,49"
HNC,HEDEF PORTFÖY ÜÇÜNCÜ HİSSE SENEDİ FONU (HİSSE SENEDİ YOĞUN FON),07.08.2026,"1,372348",5229166.00,105,"7176233,39"
HNS,HSBC PORTFÖY KAR PAYI ÖDEYEN MAYIS 2029 SERBEST (DÖVİZ) FON,07.08.2026,"47,662896",12482498.00,168,"594952009,40"
HOA,HSBC PORTFÖY TEKNOLOJİ DEĞİŞKEN FON,07.08.2026,"0,242081",8554080789.00,3371,"2070782540,28"
HOY,HSBC PORTFÖY YABANCI BYF FON SEPETI,07.08.2026,"0,363292",3795717541.00,2560,"1378954359,12"
HP3,HEDEF PORTFÖY LİDYA SERBEST (DÖVİZ) FON,07.08.2026,"58,046738",6455342.00,188,"374711545,35"
HPC,ZİRAAT PORTFÖY HEDEF SERBEST ÖZEL FON,07.08.2026,"11,264941",3117286856.00,7,"35116051519,77"
HPD,HSBC PORTFÖY İKİNCİ DEĞİŞKEN FON,07.08.2026,"0,210905",1368840422.00,1467,"288694992,48"
HPF,HEDEF PORTFÖY KUZEY HİSSE SENEDİ SERBEST (TL) FON (HİSSE SENEDİ YOĞUN FON),07.08.2026,"36,008957",43149120.00,12,"1553754805,67"
HPH,HEDEF PORTFÖY PARA PİYASASI KATILIM FONU,07.08.2026,"2,343062",3399967056.00,9710,"7966334430,72"
HPI,HEDEF PORTFÖY İDEAL HİSSE SENEDİ SERBEST (TL) FON (HİSSE SENEDİ YOĞUN FON),07.08.2026,"7,835528",34414080.00,14,"269652488,69"
HPJ,AZİMUT PORTFÖY HP HİSSE SENEDİ SERBEST ÖZEL FON (HİSSE SENEDİ YOĞUN FON),07.08.2026,"3,788398",16874058.00,1,"63925647,57"
HPL,HEDEF PORTFÖY ÇINAR HİSSE SENEDİ SERBEST (TL) FON (HİSSE SENEDİ YOĞUN FON),07.08.2026,"1,939265",291815213.00,24,"565906989,10"
HPO,HSBC PORTFÖY ÇOKLU VARLIK BİRİNCİ DEĞİŞKEN FON,07.08.2026,"0,167192",6701009152.00,2862,"1120354532,91"
HPT,HSBC PORTFÖY KISA VADELİ BORÇLANMA ARAÇLARI (TL) FONU,07.08.2026,"0,111543",26746817221.00,10257,"2983424581,03"
HPV,ZİRAAT PORTFÖY HALKBANK KISA VADELİ KİRA SERTİFİKALARI KATILIM (TL) FONU,07.08.2026,"7,661834",1324218734.00,339661,"10145943466,06"
HPZ,HEDEF PORTFÖY ZEN HİSSE SENEDİ SERBEST (TL) FON (HİSSE SENEDİ YOĞUN),07.08.2026,"525,295208",9742.00,18,"5117425,92"
HRZ,AKTİF PORTFÖY BIST HALKA ARZ ŞİRKETLERİ HİSSE SENEDİ (TL) FONU (HİSSE SENEDİ YOĞUN FON),07.08.2026,"2,284189",162300902.00,7606,"370725889,43"
HSA,HSBC PORTFÖY DEĞİŞKEN (TL) FON,07.08.2026,"1611,99698",2504748.00,2432,"4037646212,31"
HSL,HSBC PORTFÖY PARA PİYASASI (TL) FONU,07.08.2026,"406,647403",63913374.00,24502,"25990207562,79"
HSP,HSBC PORTFÖY KAR PAYI ÖDEYEN OCAK 2030 SERBEST (DÖVİZ) FON,07.08.2026,"46,840433",2168673.00,58,"101581581,53"
HST,HSBC PORTFÖY  BORÇLANMA ARAÇLARI (TL) FONU,07.08.2026,"0,989037",381882157.33,3739,"377695469,32"
HTF,HSBC PORTFÖY PARA PİYASASI SERBEST (TL) FON,07.08.2026,"1,425896",3564593715.00,550,"5082738602,68"
HTJ,HEDEF PORTFÖY TEKNOLOJİ DEĞİŞKEN FON,07.08.2026,"1,919354",13334583.00,207,"25593791,30"
HTK,QNB PORTFÖY HAVACILIK VE SAVUNMA TEKNOLOJİLERİ FON SEPETİ FONU,07.08.2026,"1,081216",110271593.00,752,"119227414,09"
HTS,HSBC PORTFÖY ALTINCI SERBEST (DÖVİZ) FON,07.08.2026,"58,986582",73114603.00,2488,"4312780538,00"
HTZ,HEDEF PORTFÖY TURKUAZ SERBEST FON,07.08.2026,"13,290124",6936066.00,13,"92181175,12"
HUI,AZİMUT PORTFÖY CAN HİSSE SENEDİ SERBEST ÖZEL FON (HİSSE SENEDİ YOĞUN FON),07.08.2026,"98,151082",23599656.00,1,"2316331760,48"
HUS,HEDEF PORTFÖY UĞUR SERBEST FON,07.08.2026,"0,00357",568993837.00,12,"2031269,51"
HVA,HEDEF PORTFÖY ECE HİSSE SENEDİ SERBEST (TL) FON (HİSSE SENEDİ YOĞUN FON),07.08.2026,"416,730677",551204.00,17,"229703616,04"
HVB,HEDEF PORTFÖY PUSULA HİSSE SENEDİ SERBEST (TL) FON (HİSSE SENEDİ YOĞUN FON),07.08.2026,"2,418231",1150094660.00,13,"2781194218,83"
HVC,HEDEF PORTFÖY ROTA HİSSE SENEDİ SERBEST (TL) FON (HİSSE SENEDİ YOĞUN FON),07.08.2026,"25,431917",2727731.00,17,"69371429,06"
HVI,DENİZ PORTFÖY HOLDİNGLER VE İŞTİRAKLERİ HİSSE SENEDİ (TL) FONU (HİSSE SENEDİ YOĞUN FON),07.08.2026,"1,287995",32055384.00,379,"41287189,39"
HVK,HEDEF PORTFÖY BİRİNCİ BORÇLANMA ARAÇLARI (TL) FONU,07.08.2026,"5,209738",115878091.00,1591,"603694506,42"
HVL,HEDEF PORTFÖY POYRAZ SERBEST FON,07.08.2026,"20,613226",140400.00,11,"2894096,97"
HVN,HEDEF PORTFÖY DÖRDÜNCÜ SERBEST FON,07.08.2026,"5,85734",997109.00,12,"5840406,18"
HVS,HSBC PORTFÖY HİSSE SENEDİ (TL) FONU (HİSSE SENEDİ YOĞUN FON),07.08.2026,"1,563503",1716976955.00,10171,"2684498964,43"
HVT,ALLBATROSS PORTFÖY BİRİNCİ PARA PİYASASI (TL) FONU,07.08.2026,"4,652099",137828333.00,1851,"641191059,19"
HVU,ALLBATROSS PORTFÖY BİRİNCİ DEĞİŞKEN FON,07.08.2026,"5,615059",3030203.74,810,"17014771,86"
HVV,AK PORTFÖY HERAKLES SERBEST (DÖVİZ) ÖZEL FON,07.08.2026,"68,727006",45552140.00,1,"3130662208,92"
HVZ,ALLBATROSS PORTFÖY BİRİNCİ HİSSE SENEDİ (TL) FONU (HİSSE SENEDİ YOĞUN FON),07.08.2026,"6,79374",13949313.00,1858,"94768009,34"
HYK,HEDEF PORTFÖY AKDENİZ SERBEST FON,07.08.2026,"11,097503",18292212.00,23,"202997871,02"
HYP,AZİMUT PORTFÖY İVME SERBEST FON,07.08.2026,"10,502428",52483768.00,63,"551206995,10"
HYU,HSBC PORTFÖY KISA VADELİ SERBEST (TL) FON,07.08.2026,"1,771289",498365668.00,236,"882749606,91"
HYV,HEDEF PORTFÖY PARA PİYASASI (TL) FONU,07.08.2026,"6,24219",996172937.00,6770,"6218300675,57"
HYY,AK PORTFÖY HERAKLES HİSSE SENEDİ SERBEST ÖZEL FON (HİSSE SENEDİ YOĞUN FON),07.08.2026,"11,959871",471519535.00,1,"5639312948,86"
HZV,AK PORTFÖY HEZ SERBEST ÖZEL FON,07.08.2026,"6,246637",163794514.00,3,"1023164942,27"
IAC,İŞ PORTFÖY MZS HİSSE SENEDİ SERBEST ÖZEL FON (HİSSE SENEDİ YOĞUN FON),07.08.2026,"4,85876",693419042.00,1,"3369156874,05"
IAE,İSTANBUL PORTFÖY AGRESİF DEĞİŞKEN FON,07.08.2026,"2,081415",119975616.00,439,"249719023,68"
IAI,İŞ PORTFÖY TOROS HİSSE SENEDİ SERBEST ÖZEL FON (HİSSE SENEDİ YOĞUN FON),07.08.2026,"5,957958",11395330.00,1,"67892892,82"
IAJ,INVEO PORTFÖY ALTINCI SERBEST FON,07.08.2026,"0,966263",2114650.00,12,"2043308,77"
IAM,İŞ PORTFÖY AGRESİF FON SEPETİ FONU,07.08.2026,"1,719643",47378590.00,2885,"81474283,70"
IAR,İSTANBUL PORTFÖY DÖRDÜNCÜ SERBEST FON,07.08.2026,"73,709292",1908331.00,23,"140661727,69"
IAS,ASTRA PORTFÖY MUTLAK GETİRİ HEDEFLİ HİSSE SENEDİ SERBEST FON (HİSSE SENEDİ YOĞUN FON),07.08.2026,"2,130063",1612453728.00,17,"3434627663,16"
IAT,İŞ PORTFÖY KİRA SERTİFİKALARI KATILIM (TL) FONU,07.08.2026,"0,193965",9211443353.21,8691,"1786702093,19"
IAU,PARDUS PORTFÖY İKİNCİ İSTATİSTİKSEL ARBİTRAJ HİSSE SENEDİ SERBEST (TL) FON (HİSSE SENEDİ YOĞUN FON),07.08.2026,"2,631885",13263509.00,230,"34908032,39"
IAY,INVEO PORTFÖY ALTIN KATILIM FONU,07.08.2026,"1,442682",32456836.00,193,"46824893,86"
IBB,İŞ PORTFÖY ATAK DEĞİŞKEN FON,07.08.2026,"15,733504",91954565.00,9177,"1446767537,06"
IBC,İŞ PORTFÖY CENOVA SERBEST ÖZEL FON,07.08.2026,"19,194328",21428893.00,5,"411313194,93"
IBE,İSTANBUL PORTFÖY BEŞİNCİ SERBEST FON,07.08.2026,"19,477022",33125727.00,12,"645190507,46"
IBG,AZİMUT PYŞ BİRİNCİ SERBEST FON,07.08.2026,"1,6224",333744116.00,11,"541466376,43"
IBJ,AZİMUT PORTFÖY 18.0 SERBEST (DÖVİZ) FON,07.08.2026,"64,159001",12512793.00,23,"802808293,07"
IBK,İŞ PORTFÖY ÜÇÜNCÜ KISA VADELİ BORÇLANMA ARAÇLARI (TL) FONU,07.08.2026,"0,134376",1678589866.00,120943,"225562834,24"
IBM,İSTANBUL PORTFÖY MUTLAK GETİRİ HEDEFLİ SERBEST FON,07.08.2026,"3,830963",54819341.00,16,"210010872,66"
IBP,İŞ PORTFÖY GED SERBEST (DÖVİZ) ÖZEL FON,07.08.2026,"70,337535",66892567.00,4,"4705058245,81"
IBR,AZİMUT PYŞ MUTLAK GETİRİ HEDEFLİ SERBEST FON,07.08.2026,"0,298695",5575400846.00,81,"1665345366,91"
ICA,ICBC TURKEY PORTFÖY ALTIN FONU,07.08.2026,"0,530774",1132243114.00,2954,"600965014,00"
ICC,ICBC TURKEY PORTFÖY İKİNCİ DEĞİŞKEN FON,07.08.2026,"1,323848",21412868.00,263,"28347388,33"
ICD,ICBC TURKEY PORTFÖY BİRİNCİ DEĞİŞKEN FON,07.08.2026,"132,21886",314786.00,188,"41620646,02"
ICE,ICBC TURKEY PORTFÖY PARA PİYASASI (TL) FONU,07.08.2026,"125,834523",10114965.00,4037,"1272811792,32"
ICF,ICBC TURKEY PORTFÖY HİSSE SENEDİ FONU(HİSSE SENEDİ YOĞUN FON),07.08.2026,"190,148471",91048.00,492,"17312638,00"
ICG,İŞ PORTFÖY ARCADİA SERBEST (DÖVİZ) ÖZEL FON,07.08.2026,"69,899771",10027134.00,1,"700894371,33"
ICH,PARDUS PORTFÖY İKİNCİ DEĞİŞKEN FON,07.08.2026,"2,378105",172020627.00,2240,"409083068,86"
ICN,İSTANBUL PORTFÖY ÜÇÜNCÜ İSTATİSTİKSEL ARBİTRAJ SERBEST (TL) FON,07.08.2026,"4,225784",41590644.00,14,"175753061,85"
ICS,ICBC TURKEY PORTFÖY SERBEST (DÖVİZ) FON,07.08.2026,"49,350094",356637.00,54,"17600069,51"
ICV,ICBC TURKEY PORTFÖY BİRİNCİ SERBEST FON,07.08.2026,"5,860431",1206310.00,41,"7069495,95"
ICZ,AK PORTFÖY TEKNOLOJİ ŞİRKETLERİ HİSSE SENEDİ (TL) FONU (HİSSE SENEDİ YOĞUN FON),07.08.2026,"9,236042",112505723.00,22126,"1039107527,88"
IDD,LOGOS PORTFÖY DİNAMİK DAĞIMLI SERBEST FON,07.08.2026,"0,154365",209133366.00,25,"32282819,06"
IDF,İŞ PORTFÖY SERBEST (DÖVİZ) FON,07.08.2026,"76,353156",170680778.00,4346,"13032016039,10"
IDH,İŞ PORTFÖY BIST 100 DIŞI ŞİRKETLER HİSSE SENEDİ (TL) FONU (HİSSE SENEDİ YOĞUN FON),07.08.2026,"12,678916",73333231.00,20562,"929785906,58"
IDI,AZİMUT PORTFÖY İNŞAAT SEKTÖRÜ HİSSE SENEDİ FONU (HİSSE SENEDİ YOĞUN FON),07.08.2026,"1,554339",12815074.00,341,"19918963,58"
IDL,AKTİF PORTFÖY PARA PİYASASI (TL) FONU,07.08.2026,"5,946346",657880914.00,3632,"3911987373,42"
IDO,İŞ PORTFÖY ONDOKUZUNCU SERBEST (DÖVİZ-AVRO) FON,07.08.2026,"57,517292",1307158293.00,15240,"75184205748,18"
IDP,PİRAMİT PORTFÖY SİRİUS HİSSE SENEDİ SERBEST FON (HİSSE SENEDİ YOĞUN FON),07.08.2026,"1,630022",69315905.00,23,"112986422,78"
IDV,İŞ PORTFÖY ACHS SERBEST (DÖVİZ) ÖZEL FON,07.08.2026,"70,645146",7856596.00,2,"555030374,93"
IDY,TEB PORTFÖY İKİNCİ DEĞİŞKEN FON,07.08.2026,"0,229747",3349186708.13,2587,"769465749,89"
IED,İŞ PORTFÖY AGRESİF DEĞİŞKEN FON,07.08.2026,"1,027001",66292381.00,1301,"68082331,67"
IEN,İSTANBUL PORTFÖY İNŞAAT SEKTÖRÜ HİSSE SENEDİ SERBEST (TL) FON (HİSSE SENEDİ YOĞUN FON),07.08.2026,"1,20105",16535620.00,106,"19860107,41"
IEV,İŞ PORTFÖY HAVACILIK VE SAVUNMA TEKNOLOJİLERİ DEĞİŞKEN FON,07.08.2026,"5,427746",13880436.00,3444,"75339487,34"
IEZ,INVEO PORTFÖY ELMA HİSSE SENEDİ SERBEST (TL) ÖZEL FON (HİSSE SENEDİ YOĞUN FON),07.08.2026,"4,518394",20171458.00,3,"91142590,07"
IFD,İŞ PORTFÖY FINDIKLI SERBEST (DÖVİZ) ÖZEL FON,07.08.2026,"59,699115",20000000.00,9,"1193982297,94"
IFN,ICBC TURKEY PORTFÖY SÜRDÜRÜLEBİLİRLİK HİSSE SENEDİ FONU(HİSSE SENEDİ YOĞUN FON),07.08.2026,"9,243423",450248.00,427,"4161832,90"
IFV,ICBC TURKEY PORTFÖY BİRİNCİ KISA VADELİ BORÇLANMA ARAÇLARI (TL) FONU,07.08.2026,"4,588856",3208080.00,166,"14721417,81"
IFY,İSTANBUL PORTFÖY ÖPY BİRİNCİ SERBEST ÖZEL FON,07.08.2026,"7,508514",13000000.00,1,"97610687,68"
IGF,İŞ PORTFÖY GÜZEL SERBEST (DÖVİZ) ÖZEL FON,07.08.2026,"67,575377",21132206.00,2,"1428016787,79"
IGL,TEB PORTFÖY ING BANK PARA PİYASASI (TL) FONU,07.08.2026,"570,851908",8101394.00,16835,"4624696222,01"
IGM,İŞ PORTFÖY ÜNİ SERBEST (DÖVİZ) ÖZEL FON,07.08.2026,"65,596054",19099597.00,3,"1252858200,03"
IGZ,İŞ PORTFÖY ÜNİ HİSSE SENEDİ SERBEST ÖZEL FON (HİSSE SENEDİ YOĞUN FON),07.08.2026,"11,278697",201138551.00,3,"2268580806,18"
IH1,İNCİR PORTFÖY BİRİNCİ HİSSE SENEDİ FONU (HİSSE SENEDİ YOĞUN FON),07.08.2026,"0,901886",188585670.00,53,"170082857,30"
IHA,ALLBATROSS PORTFÖY İKİNCİ HİSSE SENEDİ (TL) FONU (HİSSE SENEDİ YOĞUN FON),07.08.2026,"3,117728",1904464.00,326,"5937601,41"
IHC,INVEO PORTFÖY INTER SERBEST FON,07.08.2026,"8,102367",44447476.00,439,"360129750,88"
IHK,İŞ PORTFÖY İŞ'TE KADIN HİSSE SENEDİ (TL) FONU (HİSSE SENEDİ YOĞUN FON),07.08.2026,"16,576121",99652084.00,29679,"1651844952,65"
IHP,İSTANBUL PORTFÖY İKİNCİ HİSSE SENEDİ SERBEST (TL) FON (HİSSE SENEDİ YOĞUN FON),07.08.2026,"1,768395",38179353.00,280,"67516161,01"
IHT,İŞ PORTFÖY İHRACATÇI ŞİRKETLER HİSSE SENEDİ (TL) FONU (HİSSE SENEDİ YOĞUN FON),07.08.2026,"3,665312",21886189.00,3384,"80219714,79"
IHV,INVEO PORTFÖY BEŞİNCİ HİSSE SENEDİ SERBEST FON (HİSSE SENEDİ YOĞUN FON),07.08.2026,"1,841139",169076370.00,46,"311293048,46"
IHY,BULLS PORTFÖY GMS HİSSE SENEDİ SERBEST ÖZEL FON (HİSSE SENEDİ YOĞUN FON),07.08.2026,"6,666647",33598940.00,1,"223992260,44"
IHZ,ALLBATROSS PORTFÖY İKİNCİ HİSSE SENEDİ SERBEST FON (HİSSE SENEDİ YOĞUN FON),07.08.2026,"0,895362",4729317.00,73,"4234452,34"
IIA,İSTANBUL PORTFÖY ONBİRİNCİ SERBEST (TL) FON,07.08.2026,"5,053038",382831186.00,11,"1934460578,92"
IIC,İSTANBUL PORTFÖY ONÜÇÜNCÜ SERBEST (TL) FON,07.08.2026,"6,7095",730187.00,13,"4899190,00"
IIE,BULLS PORTFÖY İKİNCİ SERBEST FON,07.08.2026,"7,884668",109690803.00,3926,"864875593,49"
IIF,İŞ PORTFÖY İSTATİSTİKSEL ARBİTRAJ SERBEST FON,07.08.2026,"1,523715",321012874.00,13,"489132206,34"
IIH,İSTANBUL PORTFÖY ÜÇÜNCÜ HİSSE SENEDİ FONU (HİSSE SENEDİ YOĞUN FON),07.08.2026,"32,425661",55533714.00,22050,"1800717363,36"
IIN,INVEO PORTFÖY PARA PİYASASI SERBEST (TL) FON,07.08.2026,"1,390622",1024683194.00,220,"1424947497,58"
IIS,İSTANBUL PORTFÖY İKİNCİ SERBEST FON,07.08.2026,"58,993099",32502539.25,156,"1917425503,45"
IJA,INVEO PORTFÖY ATAK DEĞİŞKEN FON,07.08.2026,"13,772708",14231455.47,1245,"196005683,96"
IJB,İŞ PORTFÖY DİJİTAL OYUN SEKTÖRÜ KARMA FON,07.08.2026,"6,392098",31142112.00,6811,"199063446,40"
IJC,İŞ PORTFÖY YARI İLETKEN TEKNOLOJİLERİ DEĞİŞKEN FON,07.08.2026,"16,118953",321448743.00,47045,"5181417293,62"
IJE,İŞ PORTFÖY EFON SERBEST (DÖVİZ) ÖZEL FON,07.08.2026,"67,638706",535671.00,4,"36232093,46"
IJF,AZİMUT PORTFÖY EREN HİSSE SENEDİ SERBEST ÖZEL FON (HİSSE SENEDİ YOĞUN FON),07.08.2026,"9,673855",91781736.00,2,"887883208,48"
IJH,ICBC TURKEY PORTFÖY BİRİNCİ FON SEPETİ FONU,07.08.2026,"7,137925",6492429.00,418,"46342469,69"
IJI,İSTANBUL PORTFÖY HİSSE SENEDİ SERBEST (TL) FON (HİSSE SENEDİ YOĞUN FON ),07.08.2026,"10,271398",14745899.00,65,"151461000,07"
IJK,İSTANBUL PORTFÖY KEREM SERBEST (DÖVİZ) ÖZEL FON,07.08.2026,"63,32242",4530576.00,3,"286887035,29"
IJL,İSTANBUL PORTFÖY SPİCA SERBEST (DÖVİZ) FON,07.08.2026,"52,368889",6616601.00,12,"346504044,70"
IJP,İŞ PORTFÖY BLOCKCHAİN TEKNOLOJİLERİ KARMA FON,07.08.2026,"9,0633",71771809.00,12862,"650489460,92"
IJT,İŞ PORTFÖY TARIM SERBEST FON,07.08.2026,"7,052394",87156842.00,1672,"614664403,63"
IJV,İSTANBUL PORTFÖY BİRİNCİ PARA PİYASASI (TL) FONU,07.08.2026,"5,546017",491340466.00,2847,"2724982812,24"
IJZ,İŞ PORTFÖY SİBER GÜVENLİK TEKNOLOJİLERİ DEĞİŞKEN FON,07.08.2026,"14,198058",62013931.00,14972,"880477360,79"
IK2,İŞ PORTFÖY KAR PAYI ÖDEYEN İKİNCİ SERBEST (DÖVİZ) FON,07.08.2026,"47,256366",4272023.00,94,"201880282,85"
IKL,İŞ PORTFÖY SAĞLIK ŞİRKETLERİ KARMA FON,07.08.2026,"9,766584",25398955.00,5359,"248061034,50"
IKP,İŞ PORTFÖY YENİLENEBİLİR ENERJİ KARMA FON,07.08.2026,"9,247581",117746344.00,13346,"1088868806,20"
IKV,İŞ PORTFÖY İKİNCİ KISA VADELİ BORÇLANMA ARAÇLARI (TL) FONU,07.08.2026,"1,496616",116200383.00,1179,"173907354,62"
ILC,İŞ PORTFÖY ONÜÇÜNCÜ SERBEST (DÖVİZ) FON,07.08.2026,"50,69957",27801347.01,220,"1409516352,63"
ILE,İŞ PORTFÖY ANADOLU SİGORTA  SERBEST (TL) ÖZEL FON,07.08.2026,"5,104424",2226173174.00,1,"11363332734,89"
ILH,İŞ PORTFÖY BİRİNCİ PARA PİYASASI SERBEST (TL) FON,07.08.2026,"3,941995",39932209140.47,11646,"157412554785,22"
ILI,İŞ PORTFÖY İKİNCİ SERBEST (TL) FON,07.08.2026,"5,762204",133483823.00,15,"769160973,32"
ILM,İSTANBUL PORTFÖY ONUNCU SERBEST FON,07.08.2026,"7,011619",43526148.00,13,"305188779,86"
ILP,İŞ PORTFÖY POLMİNE SERBEST (DÖVİZ) ÖZEL FON,07.08.2026,"61,784835",49766528.00,6,"3074816723,25"
ILU,İSTANBUL PORTFÖY ONALTINCI SERBEST FON,07.08.2026,"1,290386",1687778355.00,5,"2177886086,76"
ILZ,İŞ PORTFÖY TEMKİNLİ FON SEPETİ FONU,07.08.2026,"8,101369",125922900.00,6519,"1020147939,79"
IMB,İSTANBUL PORTFÖY ALGORİTMİK MODEL HİSSE SENEDİ FONU (HİSSE SENEDİ YOĞUN FON),07.08.2026,"1,196344",3770632.00,198,"4510972,04"
IMF,İSTANBUL PORTFÖY MAESTRO SERBEST FON,07.08.2026,"5,573482",66550045.00,19,"370915459,83"
IMG,GARANTİ PORTFÖY ING BANK KAR PAYI ÖDEYEN SERBEST (DÖVİZ) FON,07.08.2026,"48,964247",18263443.00,138,"894255742,10"
IMH,İŞ PORTFÖY ANADOLU HAYAT EMEKLİLİK SERBEST ÖZEL FON,07.08.2026,"6,365944",107389633.00,1,"683636399,51"
IML,İŞ PORTFÖY MODEL PORTFÖY HİSSE SENEDİ (TL) FONU (HİSSE SENEDİ YOĞUN FON),07.08.2026,"1,701519",536534053.00,4861,"912922747,35"
IMO,İŞ PORTFÖY ODAK SERBEST ÖZEL FON,07.08.2026,"5,905708",858797825.00,2,"5071809433,08"
IMS,İŞ PORTFÖY MERMER SERBEST ÖZEL FON,07.08.2026,"14,974335",37173550.00,4,"556649179,26"
IMT,İŞ PORTFÖY TOROS SERBEST (DÖVİZ) ÖZEL FON,07.08.2026,"70,179652",10107479.00,4,"709339357,68"
IMY,İŞ PORTFÖY SKYLARK SERBEST (DÖVİZ) ÖZEL FON,07.08.2026,"73,63873",21469047.00,6,"1580953345,01"
IMZ,İŞ PORTFÖY POYRAZ SERBEST (DÖVİZ) ÖZEL FON,07.08.2026,"73,635039",4147547.00,4,"305404786,12"
INH,GARANTİ PORTFÖY ING BANK ÖZEL BANKACILIK VE PLATİNUM DEĞİŞKEN ÖZEL FON,07.08.2026,"14,618156",16271236.00,387,"237855464,03"
INV,INVEO PORTFÖY İSTATİSTİKSEL ARBİTRAJ KAR PAYI ÖDEYEN SERBEST (TL) ÖZEL FON,07.08.2026,"47,293471",42614927.00,1,"2015407810,29"
INZ,INVEO PORTFÖY İSTATİSTİKSEL ARBİTRAJ SERBEST (TL) FON,07.08.2026,"3,409372",34399857.00,15,"117281907,50"
IOG,İŞ PORTFÖY GÜMÜŞ SERBEST FON,07.08.2026,"13,023987",995494068.00,19453,"12965302207,08"
IOH,İŞ PORTFÖY ONSEKİZİNCİ SERBEST (DÖVİZ) FON,07.08.2026,"51,974692",2705819.10,31,"140634114,95"
IOJ,İŞ PORTFÖY EKİM 2026 SERBEST (DÖVİZ) FON,07.08.2026,"51,354652",3586354.01,39,"184175961,62"
IOL,İŞ PORTFÖY OSK SERBEST (DÖVİZ) ÖZEL FON,07.08.2026,"65,709256",14305212.00,1,"939984832,36"
IOM,İSTANBUL PORTFÖY ONBEŞİNCİ SERBEST FON,07.08.2026,"4,067967",150728724.00,15,"613159440,29"
ION,İSTANBUL PORTFÖY ONİKİNCİ SERBEST FON,07.08.2026,"0,812345",60009826.00,15,"48748670,48"
IOO,İŞ PORTFÖY İKİNCİ PARA PİYASASI (TL) FONU,07.08.2026,"4,528385",3899670621.00,6095,"17659211566,05"
IOP,İŞ PORTFÖY ODEABANK PARA PİYASASI (TL) FONU,07.08.2026,"6,227917",1096310361.00,6526,"6827729786,77"
IOT,AZİMUT PORTFÖY 216 SERBEST (DÖVİZ) ÖZEL FON,07.08.2026,"58,735444",4502540.00,6,"264458683,86"
IOV,İSTANBUL PORTFÖY PAPİRUS SERBEST (DÖVİZ) ÖZEL FON,07.08.2026,"56,547181",9907429.00,1,"560237176,11"
IPA,İŞ PORTFÖY SÜTAŞ HİSSE SENEDİ SERBEST ÖZEL FON (HİSSE SENEDİ YOĞUN FON),07.08.2026,"0,728252",803906870.00,16,"585446540,07"
IPB,İSTANBUL PORTFÖY BİRİNCİ DEĞİŞKEN FON,07.08.2026,"0,880691",1230883469.57,15351,"1084028522,21"
IPC,İŞ PORTFÖY CK SERBEST ÖZEL FON,07.08.2026,"24,80007",575000.00,1,"14260040,24"
IPE,İŞ PORTFÖY ANADOLU SİGORTA SERBEST ÖZEL FON,07.08.2026,"9,423302",416615784.00,3,"3925896342,23"
IPF,PERFORM PORTFÖY İKİNCİ SERBEST FON,07.08.2026,"0,121664",1105011730.00,22,"134439836,80"
IPG,İŞ PORTFÖY ATAK FON SEPETİ FONU,07.08.2026,"9,493353",36921708.00,1763,"350510808,31"
IPJ,İŞ PORTFÖY ELEKTRİKLİ ARAÇLAR KARMA FON,07.08.2026,"19,85273",67301883.00,19032,"1336126096,39"
IPK,İŞ PORTFÖY KOS SERBEST ÖZEL FON,07.08.2026,"57,40909",56970280.00,1,"3270611932,38"
IPO,İŞ PORTFÖY ONUR SERBEST ÖZEL FON,07.08.2026,"46,547787",11026459.00,1,"513257264,08"
IPP,PERFORM PORTFÖY BIRINCI SERBEST FON,07.08.2026,"0,177485",40518851357.00,167,"7191483356,86"
IPR,İŞ PORTFÖY ICARUS SERBEST ÖZEL FON,07.08.2026,"33,679358",615000.00,1,"20712805,24"
IPU,İŞ PORTFÖY AS SERBEST ÖZEL FON,07.08.2026,"49,066216",116663621.00,1,"5724242443,09"
IPV,İŞ PORTFÖY EUROBOND BORÇLANMA ARAÇLARI (DÖVİZ) FONU,07.08.2026,"77,396664",26342552.00,11832,"2038825651,09"
IRB,İSTANBUL PORTFÖY İSTATİSTİKSEL ARBİTRAJ HİSSE SENEDİ SERBEST FON (HİSSE SENEDİ YOĞUN FON),07.08.2026,"1,300275",910318755.00,789,"1183664355,39"
IRE,İŞ PORTFÖY KAR PAYI ÖDEYEN SERBEST (DÖVİZ) FON,07.08.2026,"46,651851",2436163.02,60,"113651515,27"
IRF,İSTANBUL PORTFÖY BİRİNCİ FON SEPETİ FONU,07.08.2026,"7,315025",72946732.00,1994,"533607185,20"
IRL,İSTANBUL PORTFÖY KEY SERBEST FON,07.08.2026,"17,423221",15192996.00,17,"264710926,83"
IRO,İSTANBUL PORTFÖY ROBOTİK TEKNOLOJİLERİ SERBEST FON,07.08.2026,"2,148205",19755563.00,93,"42438995,30"
IRT,INVEO PORTFÖY TEKNOLOJİ DEĞİŞKEN FON,07.08.2026,"7,772655",16380237.00,1532,"127317928,30"
IRV,İSTANBUL PORTFÖY İSTATİSTİKSEL ARBİTRAJ SERBEST FON,07.08.2026,"6,857342",38678072.00,38,"265228775,73"
IRY,INVEO PORTFÖY PARA PİYASASI (TL) FONU,07.08.2026,"3,941716",459139526.00,2345,"1809797737,39"
ISR,İŞ PORTFÖY BİRİNCİ SERBEST (DÖVİZ) ÖZEL FON,07.08.2026,"18,9517",49659665.00,6,"941135085,37"
ISS,İŞ PORTFÖY DEĞER SERBEST ÖZEL FON,07.08.2026,"0,256308",775713881.00,7,"198821554,77"
IST,İSTANBUL PORTFÖY KISA VADELİ BORÇLANMA ARAÇLARI (TL) FONU,07.08.2026,"0,191605",8338050163.89,3066,"1597615869,67"
ITA,İŞ PORTFÖY ARSLAN SERBEST (DÖVİZ) ÖZEL FON,07.08.2026,"72,257497",11221333.00,1,"810825437,67"
ITC,INVEO PORTFÖY TEMETTÜ ÖDEYEN ŞİRKETLER HİSSE SENEDİ (TL) FONU (HİSSE SENEDİ YOĞUN FON),07.08.2026,"1,165777",21561489.00,288,"25135885,61"
ITD,İŞ PORTFÖY TE2 SERBEST (DÖVİZ) ÖZEL FON,07.08.2026,"68,024933",37000272.00,1,"2516941020,75"
ITJ,İSTANBUL PORTFÖY SEKİZİNCİ SERBEST FON,07.08.2026,"10,189545",26517213.00,12,"270198322,71"
ITL,İŞ PORTFÖY ÖPY DELTA SERBEST (TL) ÖZEL FON,07.08.2026,"4,487539",1026267998.00,1,"4605417599,51"
ITP,İŞ PORTFÖY TEKNOLOJİ KARMA FON,07.08.2026,"12,897029",78794828.00,11238,"1016219217,71"
ITR,İŞ PORTFÖY TE1 SERBEST ÖZEL FON,07.08.2026,"4,363896",245568075.00,1,"1071633574,88"
ITV,İŞ PORTFÖY ALTINCI SERBEST (DÖVİZ) FON,07.08.2026,"47,641231",17596116.02,30,"838300626,21"
ITZ,İŞ PORTFÖY ATLAS SERBEST (DÖVİZ) ÖZEL FON,07.08.2026,"60,345389",32561572.00,3,"1964940716,78"
IUA,İSTANBUL PORTFÖY KARYA SERBEST (DÖVİZ) FON,07.08.2026,"67,110244",6489420.00,55,"435506558,97"
IUB,İŞ PORTFÖY EVREN SERBEST (DÖVİZ) ÖZEL FON,07.08.2026,"70,955376",4814710.00,3,"341629557,68"
IUC,INVEO PORTFÖY GEDİK YATIRIM SERBEST (TL) ÖZEL FON,07.08.2026,"1,981897",485353634.00,1,"961921107,47"
IUF,İŞ PORTFÖY YEDİNCİ SERBEST (DÖVİZ-AVRO) FON,07.08.2026,"67,691636",319102213.00,7644,"21600550951,78"
IUH,INVEO PORTFÖY DÖNÜŞTÜRÜCÜ TEKNOLOJİLER FON SEPETİ FONU,07.08.2026,"6,237351",1998941.66,725,"12468100,74"
IUM,İŞ PORTFÖY HK SERBEST (DÖVİZ) ÖZEL FON,07.08.2026,"66,51581",6075558.00,1,"404120660,60"
IUN,İŞ PORTFÖY YELKEN SERBEST (DÖVİZ) ÖZEL FON,07.08.2026,"75,738556",3921916.00,4,"297040254,22"
IUV,İŞ PORTFÖY BEŞİNCİ SERBEST (DÖVİZ)  FON,07.08.2026,"66,53262",319033941.00,6462,"21226163859,98"
IUZ,İŞ PORTFÖY ANADOLUBANK PARA PİYASASI (TL) FONU,07.08.2026,"4,684786",465672304.00,1202,"2181575229,39"
IV2,PHİLLİP PORTFÖY ARİSTA SERBEST FON,07.08.2026,"29,230168",61238989.00,14,"1790025955,28"
IV6,INVEO PORTFÖY TE3 SERBEST (DÖVİZ) ÖZEL FON,07.08.2026,"64,895284",25018090.00,1,"1623556057,79"
IV7,INVEO PORTFÖY BEŞER SERBEST (TL) ÖZEL FON,07.08.2026,"4,945141",109304696.00,1,"540527115,04"
IV8,INVEO PORTFÖY KİRA SERTİFİKALARI KATILIM FONU,07.08.2026,"2,264354",14192698.00,143,"32137286,03"
IVF,İSTANBUL PORTFÖY KATILIM HİSSE SENEDİ (TL) FONU (HİSSE SENEDİ YOĞUN FON),07.08.2026,"6,3397",27652184.00,1295,"175306539,99"
IVS,İSTANBUL PORTFÖY İKİNCİ İSTATİSTİKSEL ARBİTRAJ SERBEST FON,07.08.2026,"5,810958",45141606.29,24,"262315968,18"
IVY,İSTANBUL PORTFÖY BLOCKCHAIN TEKNOLOJİLERİ DEĞİŞKEN FON,07.08.2026,"5,838767",123113524.00,13253,"718831216,94"
IYB,AURA PORTFÖY DEĞİŞKEN FONU,07.08.2026,"5,803176",13694980.00,347,"79474376,44"
IYP,İSTANBUL PORTFÖY YILDIZ SERBEST ÖZEL FON,07.08.2026,"2,748878",766631358.32,2,"2107376268,83"
IYR,İŞ PORTFÖY HEDEF SERBEST FON,07.08.2026,"0,138901",1628477223.00,13,"226196710,33"
IYS,İŞ PORTFÖY SÜTAŞ SERBEST ÖZEL FON,07.08.2026,"1,326457",4371033343.00,16,"5797989244,03"
IYV,İSTANBUL PORTFÖY AŞİYAN SERBEST FON,07.08.2026,"1,093839",174300583.00,66,"190656742,13"
IZA,AZİMUT PORTFÖY İNAN2 SERBEST ÖZEL FON,07.08.2026,"2,004583",243734656.00,1,"488586226,90"
IZB,İSTANBUL PORTFÖY BİRİNCİ FON SEPETİ SERBEST FON,07.08.2026,"10,755352",9081397.00,80,"97673618,07"
IZE,İŞ PORTFÖY ÜÇÜNCÜ SERBEST (DÖVİZ) ÖZEL FON,07.08.2026,"64,371587",4088728.00,1,"263197909,98"
IZL,İŞ PORTFÖY EYLÜL 2027 SERBEST (DÖVİZ) FON,07.08.2026,"51,739517",2048414.11,19,"105983955,71"
IZS,İSTANBUL PORTFÖY ALTINCI SERBEST FON,07.08.2026,"9,642889",8236179.00,28,"79420558,44"
IZV,İSTANBUL PORTFÖY ATLANTİK SERBEST (TL) ÖZEL FON,07.08.2026,"10,200173",10944421.00,2,"111634987,76"
IZY,İŞ PORTFÖY ONYEDİNCİ SERBEST (DÖVİZ) FON,07.08.2026,"47,839925",1033767.01,27,"49455336,43"
JET,ATA PORTFÖY HAVACILIK VE SAVUNMA TEKNOLOJİLERİ DEĞİŞKEN FON,07.08.2026,"2,385618",222328999.00,17198,"530392128,24"
JOT,İŞ PORTFÖY JOTANTA SERBEST (DÖVİZ) ÖZEL FON,07.08.2026,"57,83431",19709609.00,1,"1139891628,20"
JUP,AURA PORTFÖY JÜPİTER SERBEST (DÖVİZ) FON,07.08.2026,"0,532278",102163714.00,56,"54379466,99"
KAC,EMLAK KATILIM PORTFÖY KISA VADELİ KATILIM SERBEST (TL) FON,07.08.2026,"3,849808",5519706158.00,1812,"21249810959,61"
KAN,KUVEYT TÜRK PORTFÖY ALTIN KATILIM SERBEST FON,07.08.2026,"6583,303917",784807.00,37,"5166622996,80"
KAV,KUVEYT TÜRK PORTFÖY ALTINCI KATILIM SERBEST (DÖVİZ-AVRO) FON,07.08.2026,"56,881563",320011798.00,5721,"18202771305,92"
KBJ,STRATEJİ PORTFÖY KİBELE KAR PAYI ÖDEYEN HİSSE SENEDİ SERBEST FON (HİSSE SENEDİ YOĞUN FON),07.08.2026,"4,095506",160815104.00,105,"658619153,91"
KBP,KUVEYT TÜRK PORTFÖY PY KATILIM HİSSE SENEDİ SERBEST ÖZEL FON (HİSSE SENEDİ YOĞUN FON),07.08.2026,"1,663262",189321082.00,5,"314890572,94"
KBZ,KUVEYT TÜRK PORTFÖY SBZ KATILIM SERBEST (DÖVİZ) ÖZEL FON,07.08.2026,"51,534525",3094492.00,1,"159473174,93"
KCL,KARE PORTFÖY ÇOKLU VARLIK KATILIM FONU,07.08.2026,"1,730938",6181900.00,168,"10700486,57"
KCR,AK PORTFÖY KÜLÇE ALTIN KATILIM FONU,07.08.2026,"1,027626",53770260.00,196,"55255741,26"
KCV,KUVEYT TÜRK PORTFÖY ÇOKLU VARLIK KATILIM FONU,07.08.2026,"5,070769",496038204.00,12731,"2515295375,11"
KDE,KUVEYT TÜRK PORTFÖY DENGELİ KATILIM FONU,07.08.2026,"1,727996",342017330.00,3359,"591004574,19"
KDI,KARE PORTFÖY İKİNCİ SERBEST (DÖVİZ) FON,07.08.2026,"56,945962",5926148.00,12,"337470197,98"
KDK,KUVEYT TÜRK PORTFÖY BİRİNCİ KATILIM SERBEST (DÖVİZ-ABD DOLARI) ÖZEL FON,07.08.2026,"15,408685",3147787.00,1,"48503259,34"
KDL,KUVEYT TÜRK PORTFÖY BEŞİNCİ KATILIM SERBEST (DÖVİZ) FON,07.08.2026,"52,158676",485954809.00,7081,"25346759607,40"
KDO,İŞ PORTFÖY KATILIM SERBEST (DÖVİZ-AVRO) FON,07.08.2026,"55,972601",16531571.00,526,"925315020,14"
KDS,KUVEYT TÜRK PORTFÖY YEDİNCİ KATILIM SERBEST (DÖVİZ) FON,07.08.2026,"54,142197",527937675.00,1383,"28583705835,47"
KDT,GARANTİ PORTFÖY KATILIM SERBEST (DÖVİZ) FON,07.08.2026,"54,16003",59474489.00,1166,"3221140104,71"
KDV,KUVEYT TÜRK PORTFÖY DOKUZUNCU KATILIM SERBEST (DÖVİZ) FON,07.08.2026,"48,378309",467432498.00,194,"22613593905,11"
KDZ,KUVEYT TÜRK PORTFÖY SEKİZINCİ KATILIM SERBEST (DÖVİZ) FON,07.08.2026,"48,61368",85570402.00,829,"4159892103,32"
KEI,KUVEYT TÜRK PORTFÖY KATILIM EMEKLİLİK İKİNCİ KATILIM SERBEST ÖZEL FON,07.08.2026,"1,795091",179618321.00,1,"322431295,47"
KEO,KUVEYT TÜRK PORTFÖY KATILIM EMEKLİLİK BİRİNCİ KATILIM SERBEST ÖZEL FON,07.08.2026,"1,777777",39442409.00,1,"70119811,77"
KEU,KUVEYT TÜRK PORTFÖY ONUNCU KATILIM SERBEST (DÖVİZ-AVRO) FON,07.08.2026,"52,500361",75707775.00,52,"3974685518,12"
KFZ,KUVEYT TÜRK PORTFÖY KFZ KATILIM SERBEST ÖZEL FON,07.08.2026,"4,406467",82683881.00,1,"364343780,12"
KGM,KUVEYT TÜRK PORTFÖY GÜMÜŞ KATILIM FON SEPETİ FONU,07.08.2026,"2,783703",1019599491.00,28839,"2838262546,44"
KH1,AK PORTFÖY KATILIM HİSSE SENEDİ FONU (HİSSE SENEDİ YOĞUN FON),07.08.2026,"1,290365",68009216.00,986,"87756710,57"
KHA,PARDUS PORTFÖY İKİNCİ HİSSE SENEDİ (TL) FONU (HİSSE SENEDİ YOĞUN FON),07.08.2026,"4,146618",616229631.00,21724,"2555268873,59"
KHB,KARE PORTFÖY BIST 100 DIŞI ŞİRKETLER HİSSE SENEDİ FONU (HİSSE SENEDİ YOĞUN FON),07.08.2026,"1,677071",11205410.00,274,"18792268,14"
KHC,PARDUS PORTFÖY KATILIM HİSSE SENEDİ (TL) FONU (HİSSE SENEDİ YOĞUN FON),07.08.2026,"2,110745",48322541.00,1530,"101996540,96"
KHD,ATLAS PORTFÖY İKİNCİ KATILIM HİSSE SENEDİ SERBEST FON (HİSSE SENEDİ YOĞUN FON),07.08.2026,"1,328895",501393238.00,12,"666298912,42"
KHF,ALLBATROSS PORTFÖY KATILIM HİSSE SENEDİ SERBEST FON (HİSSE SENEDİ YOĞUN FON),07.08.2026,"0,118465",7494290.00,13,"887812,97"
KHJ,ATLAS PORTFÖY KATILIM HİSSE SENEDİ FONU (HİSSE SENEDİ YOĞUN FON),07.08.2026,"1,158335",12866894.00,495,"14904167,68"
KHP,KUVEYT TÜRK PORTFÖY PAYLAŞIMLI HESAP PARA PİYASASI KATILIM FONU,07.08.2026,"1,174572",16885567280.00,964,"19833306917,54"
KHT,ALLBATROSS PORTFÖY KARTAL HİSSE SENEDİ SERBEST (TL) FON (HİSSE SENEDİ YOĞUN FON),07.08.2026,"2,408884",3330722.00,226,"8023324,49"
KHU,KUVEYT TÜRK PORTFÖY BİRİNCİ KATILIM SERBEST (DÖVİZ-AVRO) ÖZEL FON,07.08.2026,"36,285588",95518.00,1,"3465926,81"
KIA,TRIVE PORTFÖY MUTLAK GETİRİ HEDEFLİ DEĞİŞKEN FON,07.08.2026,"4,29279",1371901.00,370,"5889282,54"
KIB,TRIVE PORTFÖY ROBOTİK TEKNOLOJİLERİ DEĞİŞKEN FON,07.08.2026,"4,230446",2502094.00,1036,"10584972,57"
KIE,TRIVE PORTFÖY PARA PİYASASI (TL) FONU,07.08.2026,"4,569993",41178118.00,863,"188183692,19"
KIH,KARE PORTFÖY İSTATİSTİKSEL ARBİTRAJ SERBEST FON,07.08.2026,"1,518957",38713606.00,27,"58804293,04"
KIK,KUVEYT TÜRK PORTFÖY İKİNCİ KATILIM FONU,07.08.2026,"1,437706",127691286.00,1411,"183582563,53"
KIS,ASTRA PORTFÖY KİRA SERTİFİKASI KATILIM (DÖVİZ) FONU,07.08.2026,"0,218698",415592419.00,773,"90889419,03"
KJK,KUVEYT TÜRK PORTFÖY KUVEYT TÜRK YABANCI KATILIM SERBEST ÖZEL FON,07.08.2026,"0,002248",21405755952.00,1,"48126348,71"
KKB,KUVEYT TÜRK PORTFÖY EKAS KATILIM SERBEST (DÖVİZ) ÖZEL FON,07.08.2026,"62,192059",41940.00,1,"2608334,95"
KKC,KARE PORTFÖY KATILIM SERBEST (DÖVİZ-AVRO) FON,07.08.2026,"56,82536",2037265.00,56,"115768316,11"
KKE,KUVEYT TÜRK PORTFÖY USTA KATILIM SERBEST (DÖVİZ) ÖZEL FON,07.08.2026,"51,555206",1726780.00,2,"89024498,97"
KKH,İŞ PORTFÖY DENGELİ FON SEPETİ FONU,07.08.2026,"6,74726",79241909.00,5175,"534665761,72"
KKL,ALLBATROSS PORTFÖY KISA VADELİ KATILIM SERBEST (TL) FON,07.08.2026,"2,449201",1425388503.00,1650,"3491062516,07"
KKO,YAPI KREDİ PORTFÖY KASIM 2026 KAR PAYI ÖDEYEN SERBEST (DÖVİZ) FON,07.08.2026,"48,674312",46210471.00,258,"2249262865,25"
KKP,İŞ PORTFÖY 2028 KAPİTAL KAR PAYI ÖDEYEN SERBEST (DÖVİZ) FON,07.08.2026,"48,514795",88566803.00,331,"4296800266,45"
KKT,KUVEYT TÜRK PORTFÖY İKİNCİ KISA VADELİ KATILIM SERBEST (TL) FON,07.08.2026,"3,078677",2942221307.00,46,"9058148162,90"
KLH,ATLAS PORTFÖY KATILIM HİSSE SENEDİ SERBEST FON (HİSSE SENEDİ YOĞUN FON),07.08.2026,"2,725577",67985302.00,2580,"185299143,12"
KLI,AK PORTFÖY PARA PİYASASI KATILIM SERBEST FON,07.08.2026,"1,29141",209419694.00,150,"270446773,32"
KLL,KUVEYT TÜRK PORTFÖY TLL KATILIM SERBEST (DÖVİZ) ÖZEL FON,07.08.2026,"57,531241",196370.00,1,"11297409,79"
KLM,İŞ PORTFÖY KALAMIŞ SERBEST (DÖVİZ) ÖZEL FON,07.08.2026,"66,952691",14877076.00,1,"996060266,61"
KLS,ALLBATROSS PORTFÖY KATILIM SERBEST (DÖVİZ) FON,07.08.2026,"41,399087",24568.00,2,"1017092,76"
KLU,KUVEYT TÜRK PORTFÖY PARA PİYASASI KATILIM (TL) FONU,07.08.2026,"4,768952",19437468888.00,103899,"92696351413,17"
KMA,KUVEYT TÜRK PORTFÖY KMA KATILIM SERBEST (DÖVİZ) ÖZEL FON,07.08.2026,"167,804373",74818.00,1,"12554787,56"
KME,KUVEYT TÜRK PORTFÖY TEMKİNLİ KATILIM FONU,07.08.2026,"1,566965",82293695.00,1211,"128951331,65"
KMF,AZİMUT PORTFÖY ALTIN KATILIM FONU,07.08.2026,"3,348671",438347473.00,2261,"1467881503,31"
KMN,YAPI KREDİ PORTFÖY KIYMETLİ MADENLER KATILIM FONU,07.08.2026,"0,90364",432525658.00,4716,"390847451,47"
KMT,KUVEYT TÜRK PORTFÖY KAM KATILIM SERBEST (TL) ÖZEL FON,07.08.2026,"2,732601",24785369.00,1,"67728520,96"
KNC,AK PORTFÖY ÖPY ÜÇÜNCÜ SERBEST (DÖVİZ) ÖZEL FON,07.08.2026,"66,887878",5362076.00,16,"358657886,89"
KNI,AZİMUT PORTFÖY İKİNCİ PARA PİYASASI SERBEST (TL) FON,07.08.2026,"1,355327",12556553196.00,431,"17018233844,50"
KNJ,KUVEYT TÜRK PORTFÖY ENERJİ KATILIM FONU,07.08.2026,"1,965691",330590999.00,12892,"649839592,25"
KNN,İŞ PORTFÖY KANTİTATİF SERBEST (TL) FON,07.08.2026,"1,476313",296218809.00,15,"437311764,59"
KNP,AK PORTFÖY KOR SERBEST (DÖVİZ) ÖZEL FON,07.08.2026,"81,90644",2624909.00,2,"214996950,40"
KNS,KUVEYT TÜRK PORTFÖY NKS KATILIM SERBEST (TL) ÖZEL FON,07.08.2026,"4,417403",1127191620.00,1,"4979259741,18"
KNT,AK PORTFÖY VİRA SERBEST (DÖVİZ) ÖZEL FON,07.08.2026,"60,260913",2865973.00,3,"172706150,93"
KNV,AK PORTFÖY OPERA SERBEST (DÖVİZ) ÖZEL FON,07.08.2026,"70,303043",4490340.00,5,"315684565,53"
KNZ,AK PORTFÖY MNM SERBEST (DÖVİZ) ÖZEL FON,07.08.2026,"68,789586",14736811.00,1,"1013739120,90"
KO4,QNB PORTFÖY KAR PAYI ÖDEYEN ONDÖRDÜNCÜ SERBEST (DÖVİZ-AVRO) FON,07.08.2026,"55,057544",82260000.00,858,"4529033571,26"
KOB,KUVEYT TÜRK PORTFÖY KUVEYT TÜRK KATILIM BANKASI ÖZEL BANKACILIK KATILIM SERBEST ÖZEL FON,07.08.2026,"1,397541",1953734209.00,71,"2730424054,07"
KOD,YAPI KREDİ PORTFÖY KÜÇÜK ÖLÇEKLİ ŞİRKETLER DEĞİŞKEN FON,07.08.2026,"0,981643",56577806.00,716,"55539222,32"
KOP,ASTRA PORTFÖY İKİNCİ SERBEST (DÖVİZ) FON,07.08.2026,"7,77888",2051000.00,14,"15954483,59"
KOT,AZİMUT PORTFÖY KOÇ TOPLULUĞU ŞİRKETLERİ HİSSE SENEDİ FONU (HİSSE SENEDİ YOĞUN FON),07.08.2026,"1,368666",124015113.00,3374,"169735312,16"
KOZ,İŞ PORTFÖY KOZA SERBEST (DÖVİZ) ÖZEL FON,07.08.2026,"63,946172",1118437.00,4,"71519764,62"
KP3,KARE PORTFÖY ÜÇÜNCÜ SERBEST (DÖVİZ) FON,07.08.2026,"52,59327",275469.00,12,"14487815,61"
KPA,KUVEYT TÜRK PORTFÖY KAR PAYI ÖDEYEN KATILIM HİSSE SENEDİ FONU (HİSSE SENEDİ YOĞUN FON),07.08.2026,"1,647284",300410915.00,13819,"494862131,45"
KPB,ROTA PORTFÖY ÖPY BİRİNCİ SERBEST ÖZEL FON,07.08.2026,"6,463755",801428.00,1,"5180234,19"
KPC,KUVEYT TÜRK PORTFÖY KATILIM HİSSE SENEDİ (TL) FONU (HİSSE SENEDİ YOĞUN FON),07.08.2026,"20,363165",213505320.00,22964,"4347643978,58"
KPD,KUVEYT TÜRK PORTFÖY KAR PAYI ÖDEYEN KATILIM SERBEST (DÖVİZ) FON,07.08.2026,"48,392979",7326099.00,555,"354531756,32"
KPF,NEO PORTFÖY MUTLAK GETİRİ HEDEFLİ HİSSE SENEDİ SERBEST FON (HİSSE SENEDİ YOĞUN FON),07.08.2026,"1,753485",730472723.00,296,"1280872974,26"
KPH,İŞ PORTFÖY KAR PAYI ÖDEYEN HİSSE SENEDİ (TL) FONU (HİSSE SENEDİ YOĞUN FON),07.08.2026,"1,252171",435358252.00,12111,"545143184,18"
KPI,İŞ PORTFÖY PARA PİYASASI KATILIM (TL) FONU,07.08.2026,"1,450376",3115754569.00,6147,"4519014610,85"
KPK,İŞ PORTFÖY DURUSU SERBEST (DÖVİZ) ÖZEL FON,07.08.2026,"10,104594",46252674.00,1,"467364494,29"
KPM,KARE PORTFÖY SEKİZİNCİ HİSSE SENEDİ SERBEST FON (HİSSE SENEDİ YOĞUN FON),07.08.2026,"1,024179",1508400.00,16,"1544872,10"
KPP,KARE PORTFÖY PARA PİYASASI FONU,07.08.2026,"3,116536",143720281.00,695,"447909375,54"
KPR,KUVEYT TÜRK PORTFÖY PARA PİYASASI KATILIM SERBEST FON,07.08.2026,"1,847434",42383189343.00,1298,"78300145447,59"
KPU,KUVEYT TÜRK PORTFÖY İKİNCİ KATILIM HİSSE SENEDİ (TL) FONU (HİSSE SENEDİ YOĞUN FON),07.08.2026,"3,877417",150302928.00,6265,"582787144,43"
KRC,KARE PORTFÖY BİRİNCİ BORÇLANMA ARAÇLARI FONU,07.08.2026,"0,143329",208244320.00,144,"29847379,86"
KRF,KARE PORTFÖY BİRİNCİ DEĞİŞKEN FON,07.08.2026,"20,893966",2376385.00,610,"49652106,57"
KRH,PARDUS PORTFÖY KARTAL HİSSE SENEDİ SERBEST FON (HİSSE SENEDİ YOĞUN FON),07.08.2026,"1,609683",1303126469.00,41,"2097621125,72"
KRO,DENİZ PORTFÖY KAR PAYI ÖDEYEN ONUNCU SERBEST (DÖVİZ) FON,07.08.2026,"47,634772",6399481.00,59,"304837819,27"
KRR,İŞ PORTFÖY KARMA FON,07.08.2026,"1,123177",20564732.00,590,"23097838,21"
KRS,KARE PORTFÖY SERBEST (DÖVİZ) FON,07.08.2026,"0,513593",2920327470.00,1152,"1499858530,87"
KRT,KARE PORTFÖY TÜRKİYE ODAKLI SERBEST (DÖVİZ ) FON,07.08.2026,"74,068679",9904856.00,168,"733639600,88"
KRV,QNB PORTFÖY KAR PAYI ÖDEYEN ALTINCI SERBEST (DÖVİZ) FON,07.08.2026,"47,755114",116190000.01,1025,"5548666716,35"
KSA,HEDEF PORTFÖY KISA VADELİ SERBEST (TL) FON,07.08.2026,"4,046926",3028504828.00,3269,"12256134585,93"
KSC,KUVEYT TÜRK PORTFÖY ASC KATILIM SERBEST (DÖVİZ) ÖZEL FON,07.08.2026,"49,111059",495470.00,1,"24333056,32"
KSK,AZİMUT PORTFÖY İKİNCİ PARA PİYASASI KATILIM FONU,07.08.2026,"2,880443",2931316781.38,591,"8443491154,27"
KSL,ALBARAKA PORTFÖY İKİNCİ KATILIM SERBEST (DÖVİZ-AVRO) FON,07.08.2026,"55,71876",4475666.00,118,"249378557,53"
KSM,ALBARAKA PORTFÖY İKİNCİ KATILIM SERBEST (DÖVİZ-ABD DOLARI) FON,07.08.2026,"51,182932",300503508.00,741,"15380650632,56"
KSP,QNB PORTFÖY KAR PAYI ÖDEYEN SERBEST (DÖVİZ-POUND) FON,07.08.2026,"63,940396",25335000.00,361,"1619929941,22"
KSR,KUVEYT TÜRK PORTFÖY SÜRDÜRÜLEBİLİRLİK KATILIM FONU,07.08.2026,"5,074277",38608640.00,3736,"195910936,03"
KST,ALLBATROSS PORTFÖY KATILIM HİSSE SENEDİ (TL) FONU (HİSSE SENEDİ YOĞUN FON),07.08.2026,"2,01532",4666843.00,480,"9405179,83"
KSV,KUVEYT TÜRK PORTFÖY KISA VADELİ KATILIM SERBEST (TL) FON,07.08.2026,"5,656098",5692464649.00,10052,"32197138618,47"
KSY,YAPI KREDİ PORTFÖY PY KANDİLLİ SERBEST ÖZEL FON,07.08.2026,"10,879689",374358109.00,86,"4072899737,77"
KTE,KUVEYT TÜRK PORTFÖY CEYLAN KİRA SERTİFİKALARI KATILIM SERBEST (DÖVİZ) ÖZEL FON,07.08.2026,"45,083286",2415590.00,1,"108902733,83"
KTI,AZİMUT PORTFÖY KATILIM HİSSE SENEDİ FONU (HİSSE SENEDİ YOĞUN FON),07.08.2026,"2,083841",126426381.00,528,"263452420,13"
KTJ,KUVEYT TÜRK PORTFÖY TEKNOLOJİ KATILIM FONU,07.08.2026,"2,601564",592576636.00,19141,"1541626016,78"
KTM,KUVEYT TÜRK PORTFÖY BİRİNCİ KATILIM (TL) FONU,07.08.2026,"21,895901",30106685.00,5704,"659212986,42"
KTN,KUVEYT TÜRK PORTFÖY KİRA SERTİFİKALARI KATILIM (TL) FONU,07.08.2026,"7,9561",56921556.00,4177,"452873612,31"
KTR,KUVEYT TÜRK PORTFÖY BİRİNCİ KATILIM SERBEST (TL) FON,07.08.2026,"10,471052",2302937442.00,645,"24114176647,84"
KTS,KUVEYT TÜRK PORTFÖY KATILIM HİSSE SENEDİ SERBEST FON (HİSSE SENEDİ YOĞUN FON),07.08.2026,"14,384473",8544551.00,728,"122908860,74"
KTT,KUVEYT TÜRK PORTFÖY DÖRDÜNCÜ KATILIM SERBEST (DÖVİZ) FON,07.08.2026,"70,019589",70872946.00,1423,"4962494549,08"
KTU,KUVEYT TÜRK PORTFÖY NEOVA KATILIM SERBEST (TL) ÖZEL FON,07.08.2026,"28,669497",32515349.00,1,"932198715,86"
KTV,KUVEYT TÜRK PORTFÖY KISA VADELİ KİRA SERTİFİKALARI KATILIM (TL) FONU,07.08.2026,"7,581983",3464572965.00,44888,"26268332414,93"
KU3,KUVEYT TÜRK PORTFÖY ÜÇÜNCÜ KATILIM FONU,07.08.2026,"1,117825",226462690.00,2582,"253145612,22"
KUA,KUVEYT TÜRK PORTFÖY AGRESİF KATILIM FONU,07.08.2026,"1,404064",75285189.00,2094,"105705230,23"
KUB,KARE PORTFÖY DEĞİŞKEN  (DÖVİZ) FONU,07.08.2026,"0,739008",817221947.00,3707,"603933874,94"
KUD,KUVEYT TÜRK PORTFÖY DİNAMİK KATILIM FONU,07.08.2026,"1,691197",107471918.00,2103,"181756195,99"
KUP,AK PORTFÖY KAR PAYI ÖDEYEN SERBEST (DÖVİZ) FON,07.08.2026,"48,947444",41056754.00,130,"2009623183,95"
KUT,KUVEYT TÜRK PORTFÖY KIYMETLİ MADENLER KATILIM FONU,07.08.2026,"11,562259",669361522.00,40717,"7739331234,47"
KVA,KUVEYT TÜRK PORTFÖY KTYMD KISA VADELİ KATILIM SERBEST ÖZEL FON,07.08.2026,"1,748504",392570970.00,1,"686412091,04"
KVK,HEDEF PORTFÖY KATILIM İSTATİSTİKSEL ARBİTRAJ SERBEST FON,07.08.2026,"1,259378",433494902.00,144,"545933751,54"
KVR,ATLAS PORTFÖY KISA VADELİ KATILIM SERBEST FON,07.08.2026,"1,274945",101119183.00,49,"128921389,41"
KVS,AZİMUT PORTFÖY KISA VADELİ SERBEST (TL) FON,07.08.2026,"3,754336",8139309401.00,2407,"30557701437,95"
KVT,AK PORTFÖY ENERJİ ŞİRKETLERİ HİSSE SENEDİ (TL) FONU (HİSSE SENEDİ YOĞUN FON),07.08.2026,"1,463547",66078697.00,3025,"96709287,59"
KYA,KARE PORTFÖY HİSSE SENEDİ FONU(HİSSE SENEDİ YOĞUN FON),07.08.2026,"1,189083",57642051.00,1616,"68541167,41"
KYR,BV PORTFÖY ÜÇÜNCÜ HİSSE SENEDİ SERBEST FON (HİSSE SENEDİ YOĞUN FON),07.08.2026,"0,652436",497595647.00,11,"324649292,88"
KYS,KARE PORTFÖY YEDİNCİ SERBEST (DÖVİZ) FON,07.08.2026,"53,766316",207100.00,18,"11135004,13"
KZL,KUVEYT TÜRK PORTFÖY ALTIN KATILIM FONU,07.08.2026,"27,028793",3219646748.00,64711,"87023165296,47"
KZO,AZİMUT PORTFÖY KOİ HİSSE SENEDİ SERBEST ÖZEL FON (HİSSE SENEDİ YOĞUN FON),07.08.2026,"2,025753",517965287.00,3,"1049269850,01"
KZU,KUVEYT TÜRK PORTFÖY İKİNCİ ALTIN KATILIM FONU,07.08.2026,"2,304477",181032736.00,5868,"417185768,15"
LAI,ATLAS PORTFÖY İKİNCİ HİSSE SENEDİ SERBEST FON (HİSSE SENEDİ YOĞUN FON),07.08.2026,"0,952536",252657491.00,38,"240665449,81"
LET,QNB PORTFÖY LETO SERBEST (DÖVİZ) ÖZEL FON,07.08.2026,"54,311145",12722311.00,2,"690963272,95"
LFD,İŞ PORTFÖY AZİM HİSSE SENEDİ SERBEST ÖZEL FON (HİSSE SENEDİ YOĞUN FON),07.08.2026,"8,079765",284627774.00,1,"2299725503,86"
LGK,AZİMUT PORTFÖY İKİNCİ ÖPY SERBEST ÖZEL FON,07.08.2026,"1,400461",1165564073.00,1,"1632327465,26"
LGO,ATLAS PORTFÖY ALGO TOROS HİSSE SENEDİ SERBEST (TL) FON (HİSSE SENEDİ YOĞUN FON),07.08.2026,"6,547761",15062336.00,11,"98624572,32"
LHM,AK PORTFÖY NETA SERBEST (DÖVİZ) ÖZEL FON,07.08.2026,"82,090649",9557641.00,4,"784592953,53"
LHP,AK PORTFÖY YEDİNCİ SERBEST (DÖVİZ) FON,07.08.2026,"56,359379",1508982.00,96,"85045288,09"
LKF,İŞ PORTFÖY ALTIN KATILIM FONU,07.08.2026,"1,000877",78978515.00,370,"79047817,97"
LKT,AKTİF PORTFÖY İKİNCİ PARA PİYASASI (TL) FONU,07.08.2026,"1,849895",171033432.00,334,"316393924,52"
LLA,ALLBATROSS PORTFÖY AYDIN HİSSE SENEDİ SERBEST (TL) FON (HİSSE SENEDİ YOĞUN FON),07.08.2026,"1,17755",25213993.00,806,"29690747,30"
LPH,STATECH PORTFÖY İSTATİSTİKSEL ARBİTRAJ HİSSE SENEDİ SERBEST (TL) FON (HİSSE SENEDİ YOĞUN FON),07.08.2026,"1,438125",2251299234.00,2425,"3237649728,06"
LRT,ATA PORTFÖY ALGORİTMİK STRATEJİLER SERBEST FON,07.08.2026,"3,618332",231681213.00,11,"838299554,34"
LTC,AK PORTFÖY BİRİNCİ İSTATİSTİKSEL ARBİTRAJ HİSSE SENEDİ SERBEST FON (HİSSE SENEDİ YOĞUN FON),07.08.2026,"1,584905",9841353.00,324,"15597614,02"
LTL,AHLATCI PORTFÖY HİSSE SENEDİ (TL) FONU (HİSSE SENEDİ YOĞUN FON),07.08.2026,"1,091806",1366917338.00,12952,"1492408506,50"
LTS,HEDEF PORTFÖY LOTUS SERBEST FON,07.08.2026,"3,915245",552407334.00,14,"2162809781,19"
LZV,AZİMUT PORTFÖY İLA HİSSE SENEDİ SERBEST (TL) ÖZEL FON (HİSSE SENEDİ YOĞUN FON),07.08.2026,"7,376517",11384074.00,2,"83974819,06"
MAC,MARMARA CAPITAL PORTFÖY HİSSE SENEDİ (TL) FONU (HİSSE SENEDİ YOĞUN FON),07.08.2026,"0,772316",5920955704.00,36876,"4572846108,13"
MAD,MEKSA PORTFÖY BİRİNCİ DEĞİŞKEN FON,07.08.2026,"1,015039",22327298.00,371,"22663088,97"
MAS,MARMARA CAPİTAL PORTFÖY HİSSE SENEDİ SERBEST (TL) FON (HİSSE SENEDİ YOĞUN FON),07.08.2026,"12,787219",63190886.00,132,"808035718,14"
MAV,QNB PORTFÖY ADAMAVİ SERBEST (DÖVİZ) ÖZEL FON,07.08.2026,"57,328254",15648205.00,1,"897084276,62"
MBL,MEKSA PORTFÖY İKİNCİ DEĞİŞKEN FON,07.08.2026,"0,283463",72953627.00,216,"20679663,34"
MBR,MT PORTFÖY BİRİNCİ BORÇLANMA ARAÇLARI FONU,07.08.2026,"1,721469",282026104.00,482,"485499275,97"
MCU,AZİMUT PORTFÖY MUTLAK GETİRİ HEDEFLİ HİSSE SENEDİ SERBEST FON (HİSSE SENEDİ YOĞUN FON),07.08.2026,"1,3783",102038427.00,143,"140639576,65"
MD1,MT PORTFÖY BİRİNCİ DEĞİŞKEN FON,07.08.2026,"2,193534",83738934.00,667,"183684160,40"
MD2,MT PORTFÖY İKİNCİ DEĞİŞKEN FON,07.08.2026,"2,149223",122012443.00,873,"262231929,78"
MDF,FİBA PORTFÖY MODEL EMTİA FON SEPETİ SERBEST FON,07.08.2026,"1,223516",401910403.00,968,"491743986,19"
MET,GARANTİ PORTFÖY METAVERSE VE YENİ TEKNOLOJİLER DEĞİŞKEN FON,07.08.2026,"6,029448",126773337.00,6741,"764373225,82"
MGB,İŞ PORTFÖY MUTLAK GETİRİ HEDEFLİ HİSSE SENEDİ SERBEST FON (HİSSE SENEDİ YOĞUN FON),07.08.2026,"1,495702",46679586.00,476,"69818750,88"
MGD,DENİZ PORTFÖY MGD HİSSE SENEDİ SERBEST ÖZEL FON (HİSSE SENEDİ YOĞUN FON),07.08.2026,"0,937319",672100883.00,1,"629972603,35"
MGE,PARDUS PORTFÖY MUTLAK GETİRİ HEDEFLİ HİSSE SENEDİ SERBEST (TL) FON (HİSSE SENEDİ YOĞUN FON),07.08.2026,"3,457212",656783942.00,67,"2270641035,56"
MGH,TEB PORTFÖY MUTLAK GETİRİ HEDEFLİ HİSSE SENEDİ SERBEST FON (HİSSE SENEDİ YOĞUN FON),07.08.2026,"2,22205",215648449.00,742,"479181675,42"
MHF,MT PORTFÖY BIST HALKA ARZ ŞİRKETLERİ HİSSE SENEDİ FONU (HİSSE SENEDİ YOĞUN FON),07.08.2026,"2,356718",225746244.00,4497,"532020256,40"
MIK,MT PORTFÖY İKİNCİ SERBEST FON,07.08.2026,"3,35051",1404342891.00,13,"4705265161,77"
MJB,AKTİF PORTFÖY BİRİNCİ FON SEPETİ FONU,07.08.2026,"7,599295",6595532.00,772,"50121394,25"
MJE,ALBARAKA PORTFÖY KATILIM SERBEST (DÖVİZ-AVRO) FON,07.08.2026,"57,035658",124722702.00,906,"7113641402,38"
MJG,AKTİF PORTFÖY GÜMÜŞ FON SEPETİ FONU,07.08.2026,"10,340704",91361244.00,7630,"944739542,38"
MJH,AKTİF PORTFÖY FORTUNA SERBEST FON,07.08.2026,"4,607838",6085132.00,29,"28039303,21"
MJK,MEKSA PORTFÖY KARDELEN SERBEST FON,07.08.2026,"34,851125",52916532.00,426,"1844200695,35"
MJL,AKTİF PORTFÖY AKTİF SERBEST (DÖVİZ-AVRO) FON,07.08.2026,"60,551689",13533247.00,585,"819460962,93"
MKA,MARMARA CAPİTAL PORTFÖY KATILIM HİSSE SENEDİ (TL) FONU (HİSSE SENEDİ YOĞUN FON),07.08.2026,"1,272623",69484329.00,1765,"88427357,46"
MKG,AKTİF PORTFÖY ALTIN KATILIM FONU,07.08.2026,"16,954466",90306537.00,8303,"1531099071,74"
MKL,İŞ PORTFÖY MKS SERBEST (DÖVİZ) ÖZEL FON,07.08.2026,"60,067348",12905617.00,1,"775206193,66"
MLS,AKTİF PORTFÖY SİYAH BEYAZ SERBEST ÖZEL FON,07.08.2026,"17,577839",74761834.00,4,"1314151465,52"
MLT,DENİZ PORTFÖY MELTEM HİSSE SENEDİ SERBEST (TL) FON (HİSSE SENEDİ YOĞUN FON),07.08.2026,"1,29828",17855981.00,84,"23182062,09"
MMH,AKTİF PORTFÖY BIST 30 ENDEKSİ HİSSE SENEDİ (TL) FONU (HİSSE SENEDİ YOĞUN FON),07.08.2026,"16,15322",9586883.00,1395,"154859025,48"
MOD,YAPI KREDİ PORTFÖY MODA SERBEST (DÖVİZ) ÖZEL FON,07.08.2026,"60,397797",12122000.00,2,"732142091,41"
MOZ,EMAA BLUE PORTFÖY MOZAİK SERBEST FON,07.08.2026,"1,263285",255932510.00,125,"323315746,36"
MP2,MT PORTFÖY İKİNCİ HİSSE SENEDİ SERBEST FON (HİSSE SENEDİ YOĞUN FON),07.08.2026,"1,536574",2651303752.00,13,"4073923421,96"
MP4,MT PORTFÖY DÖRDÜNCÜ HİSSE SENEDİ SERBEST FON (HİSSE SENEDİ YOĞUN FON),07.08.2026,"1,906479",1800721943.00,15,"3433038038,92"
MPD,AKTİF PORTFÖY AKTİF SERBEST (DÖVİZ) FON,07.08.2026,"60,417744",43603412.00,704,"2634419799,00"
MPE,MT PORTFÖY PARA PİYASASI KATILIM (TL) FONU,07.08.2026,"1,36571",83046236.00,133,"113417105,85"
MPF,AKTİF PORTFÖY KISA VADELİ KİRA SERTİFİKASI KATILIM (TL) FONU,07.08.2026,"8,203006",163484884.04,1909,"1341067461,46"
MPI,MEKSA PORTFÖY İSTATİSTİKSEL ARBİTRAJ SERBEST (TL) FON,07.08.2026,"3,068915",23262622.00,35,"71391002,49"
MPK,AKTİF PORTFÖY KİRA SERTİFİKASI KATILIM (TL) FONU,07.08.2026,"9,747056",29068794.96,1484,"283335178,54"
MPL,MT PORTFÖY PARA PİYASASI (TL) FONU,07.08.2026,"1,987306",357109448.00,1178,"709685732,26"
MPN,AKTİF PORTFÖY İKİNCİ AKTİF SERBEST (DÖVİZ) FON,07.08.2026,"60,849345",6110655.00,304,"371829357,07"
MPP,MEKSA PORTFÖY PRİME SERBEST FON,07.08.2026,"21,524362",17935352.00,1343,"386047002,24"
MPS,AKTİF PORTFÖY KATILIM HİSSE SENEDİ (TL) FONU (HİSSE SENEDİ YOĞUN FON),07.08.2026,"24,013826",6413044.32,2517,"154001728,60"
MRI,TEB PORTFÖY MERİDYEN SERBEST FON,07.08.2026,"1,245209",9950909.00,121,"12390962,66"
MSK,AZİMUT PORTFÖY MSG SERBEST (TL) ÖZEL FON,07.08.2026,"3,888858",299897605.00,1,"1166259057,60"
MSO,ASTRA PORTFÖY MSK SERBEST (DÖVİZ) ÖZEL FON,07.08.2026,"58,430372",8792690.00,1,"513760151,83"
MSR,MEKSA PORTFÖY ALGORİTMİK STRATEJİLER SERBEST FON,07.08.2026,"1,983531",15228050.00,15,"30205309,30"
MT1,MT PORTFÖY BİRİNCİ SERBEST (DÖVİZ) FON,07.08.2026,"45,540287",613732.00,26,"27949531,64"
MT2,MT PORTFÖY PARA PİYASASI SERBEST (TL) FON,07.08.2026,"1,384313",4481201476.00,1971,"6203386309,66"
MT5,MT PORTFÖY BEŞİNCİ HİSSE SENEDİ SERBEST FON (HİSSE SENEDİ YOĞUN FON),07.08.2026,"1,313781",639166040.00,19,"839724221,41"
MT6,MT PORTFÖY ALTINCI HİSSE SENEDİ SERBEST FON (HİSSE SENEDİ YOĞUN FON),07.08.2026,"0,676666",340339735.00,13,"230296280,34"
MT7,MT PORTFÖY YEDİNCİ HİSSE SENEDİ SERBEST FON (HİSSE SENEDİ YOĞUN FON),07.08.2026,"0,451144",130514947.00,15,"58881095,23"
MT8,MT PORTFÖY SEKİZİNCİ HİSSE SENEDİ SERBEST FON (HİSSE SENEDİ YOĞUN FON),07.08.2026,"0,924919",2715954768.00,16,"2512039027,47"
MT9,MT PORTFÖY DOKUZUNCU HİSSE SENEDİ SERBEST FON (HİSSE SENEDİ YOĞUN FON),07.08.2026,"0,413309",3899071054.00,18,"1611522035,26"
MTD,BV PORTFÖY MALZEME TEKNOLOJİLERİ DEĞİŞKEN FON,07.08.2026,"1,254109",112902057.00,1522,"141591467,15"
MTE,MT PORTFÖY BİRİNCİ HİSSE SENEDİ SERBEST FON (HİSSE SENEDİ YOĞUN FON),07.08.2026,"1,892233",98403809.00,17,"186202976,45"
MTF,MT PORTFÖY BİRİNCİ İSTATİSTİKSEL ARBİTRAJ HİSSE SENEDİ SERBEST (TL) FON (HİSSE SENEDİ YOĞUN FON),07.08.2026,"1,402349",53459003.00,43,"74968165,11"
MTG,DENİZ PORTFÖY MUTLAK GETİRİ HEDEFLİ HİSSE SENEDİ SERBEST FON (HİSSE SENEDİ YOGUN FON),07.08.2026,"1,691636",89398756.00,247,"151230186,13"
MTH,MT PORTFÖY BİRİNCİ HİSSE SENEDİ FONU (HİSSE SENEDİ YOĞUN FON),07.08.2026,"2,13929",119864001.00,3225,"256423851,77"
MTI,AZİMUT PORTFÖY METİS SERBEST ÖZEL FON,07.08.2026,"0,018024",255061228.00,2,"4597247,90"
MTK,MT PORTFÖY KATILIM HİSSE SENEDİ (TL) FONU (HİSSE SENEDİ YOĞUN FON),07.08.2026,"1,663725",36629480.00,634,"60941384,36"
MTL,AURA PORTFÖY MUTLAK GETİRİ HEDEFLİ SERBEST FON,07.08.2026,"2,195305",670769405.00,15,"1472543173,16"
MTS,AKTİF PORTFÖY TARIM VE SÜRDÜRÜLEBİLİRLİK FON SEPETİ FONU,07.08.2026,"2,71633",13828457.00,694,"37562652,74"
MTU,MT PORTFÖY ÜÇÜNCÜ HİSSE SENEDİ SERBEST FON (HİSSE SENEDİ YOĞUN FON),07.08.2026,"0,783222",1033731448.00,19,"809641300,87"
MTV,AK PORTFÖY METAVERSE VE DİJİTAL YAŞAM TEKNOLOJİLERİ DEĞİŞKEN FON,07.08.2026,"5,540063",27273083.00,12828,"151094586,47"
MTX,TEB PORTFÖY ÜÇÜNCÜ DEĞİŞKEN FON,07.08.2026,"5,317371",15967320.00,2145,"84904157,46"
MUL,MT PORTFÖY BİRİNCİ SERBEST FON,07.08.2026,"2,785613",95262712.00,12,"265365082,60"
MUT,GARANTİ PORTFÖY MUTLAK GETİRİ HEDEFLİ HİSSE SENEDİ SERBEST FON (HİSSE SENEDİ YOĞUN FON),07.08.2026,"1,929519",439243667.00,1586,"847528888,08"
NAK,NEO PORTFÖY ALTIN KATILIM FONU,07.08.2026,"1,032882",114348886.00,160,"118108938,18"
NAL,NEO PORTFÖY ALTINCI SERBEST FON,07.08.2026,"0,416946",2390177.00,12,"996574,93"
NAU,NEO PORTFÖY ALTIN FONU,07.08.2026,"3,00124",779280171.00,9981,"2338806611,09"
NAV,NUROL PORTFÖY NOVA HİSSE SENEDİ SERBEST FON (HİSSE SENEDİ YOĞUN FON),07.08.2026,"1,074857",58874427.00,15,"63281595,00"
NBE,NEO PORTFÖY BEŞİNCİ SERBEST FON,07.08.2026,"1,716477",320658242.00,10,"550402558,77"
NBH,NEO PORTFÖY ALGORİTMİK STRATEJİLER SERBEST FON,07.08.2026,"6,819554",285806621.00,163,"1949073599,94"
NBO,NEO PORTFÖY BORÇLANMA ARACI FONLARI FON SEPETİ FONU,07.08.2026,"1,489737",1253164315.00,394,"1866885353,81"
NBZ,NEO PORTFÖY BİRİNCİ SERBEST (DÖVİZ) FON,07.08.2026,"71,82695",17615547.00,281,"1265271004,90"
NCS,NUROL PORTFÖY ÜÇÜNCÜ SERBEST (DÖVİZ) FON,07.08.2026,"57,150584",138514072.00,1785,"7916160104,51"
NCU,NEO PORTFÖY ÜÇÜNCÜ SERBEST (DÖVİZ) FON,07.08.2026,"54,544407",2334477.00,12,"127332663,11"
NDL,ALLBATROSS PORTFÖY ANADOLU HİSSE SENEDİ SERBEST (TL) ÖZEL FON (HİSSE SENEDİ YOĞUN FON),07.08.2026,"1,989546",5639113.00,1,"11219272,26"
NDS,NEO PORTFÖY DÖRDÜNCÜ SERBEST FON,07.08.2026,"0,920238",641580634.00,13,"590407110,36"
NES,INVEO PORTFÖY DÖRDÜNCÜ SERBEST ÖZEL FON,07.08.2026,"2,129031",999004311.00,2,"2126910825,91"
NFF,NEO PORTFÖY FON SEPETİ SERBEST FON,07.08.2026,"1,332554",1488017833.00,36,"1982864274,73"
NFH,NEO PORTFÖY HİSSE SENEDİ SERBEST FON (HİSSE SENEDİ YOĞUN FON),07.08.2026,"2,061076",56512173.00,50,"116475866,18"
NFK,HEDEF PORTFÖY NEHİR HİSSE SENEDİ SERBEST (TL) FON (HİSSE SENEDİ YOĞUN FON),07.08.2026,"4,85079",289190652.00,82,"1402803173,98"
NHP,NEO PORTFÖY BİRİNCİ FON SEPETİ FONU,07.08.2026,"5,552517",2164029.00,158,"12015807,97"
NHT,DENİZ PORTFÖY NH SERBEST (DÖVİZ) ÖZEL FON,07.08.2026,"66,060797",9915176.00,2,"655004430,15"
NHV,NUROL PORTFÖY BİRİNCİ SERBEST (TL) ÖZEL FON,07.08.2026,"4,369239",1842955034.00,2,"8052310574,42"
NHY,NEO PORTFÖY BİRİNCİ HİSSE SENEDİ (TL) FONU (HİSSE SENEDİ YOĞUN FON),07.08.2026,"6,007196",28428677.00,2115,"170776632,75"
NIG,TRIVE PORTFÖY SERBEST FON,07.08.2026,"1,236615",513378795.00,16,"634851864,02"
NIS,NEO PORTFÖY İSTATİSTİKSEL ARBİTRAJ SERBEST FON,07.08.2026,"1,707367",915675240.00,30,"1563393637,77"
NJF,NUROL PORTFÖY ALTIN KATILIM FONU,07.08.2026,"12,201535",90764959.00,1763,"1107471856,88"
NJG,NUROL PORTFÖY BİRİNCİ SERBEST FON,07.08.2026,"3,022117",1064914900.00,15,"3218297494,69"
NJR,NUROL PORTFÖY BİRİNCİ BORÇLANMA ARAÇLARI FONU,07.08.2026,"5,738242",239413702.00,2542,"1373813650,45"
NJY,NUROL PORTFÖY BİRİNCİ KATILIM FONU,07.08.2026,"7,408715",42292190.00,1404,"313330798,77"
NKA,NEO PORTFÖY KATILIM SERBEST (DÖVİZ) FON,07.08.2026,"49,102469",2654097.00,16,"130322714,42"
NKC,NEO PORTFÖY İKİNCİ HİSSE SENEDİ FONU (HİSSE SENEDİ YOĞUN FON),07.08.2026,"1,22755",311849807.00,1160,"382811145,80"
NKH,NEO PORTFÖY İKİNCİ HİSSE SENEDİ SERBEST FON (HİSSE SENEDİ YOĞUN FON),07.08.2026,"1,613705",92857785.00,12,"149845033,95"
NKJ,ATA PORTFÖY GIG SİGORTA SERBEST (TL) ÖZEL FON,07.08.2026,"15,776194",102638440.00,1,"1619243894,48"
NKK,ATA PORTFÖY YÖNETİMİ A.Ş. SEKİZİNCİ SERBEST FON,07.08.2026,"7,944785",188310423.00,10,"1496085898,20"
NKL,AKTİF PORTFÖY KISA VADELİ SERBEST (TL) FON,07.08.2026,"3,494311",4147373959.00,2264,"14492213757,32"
NKM,NEO PORTFÖY KATILIM HİSSE SENEDİ FONU (HİSSE SENEDİ YOĞUN FON),07.08.2026,"1,003971",51532183.00,491,"51736841,57"
NKP,NEO PORTFÖY KAR PAYI ÖDEYEN DEĞİŞKEN FON,07.08.2026,"1,134225",160325570.00,3430,"181845278,16"
NKS,NUROL PORTFÖY GRANADA SERBEST (TL) FON,07.08.2026,"1,855538",13500100.00,11,"25049948,52"
NKT,NUROL PORTFÖY BİRİNCİ KATILIM HİSSE SENEDİ FONU (HİSSE SENEDİ YOĞUN FON),07.08.2026,"1,496805",42059506.00,434,"62954898,53"
NKV,KUVEYT TÜRK PORTFÖY NKV KATILIM SERBEST ÖZEL FON,07.08.2026,"2,281077",6866499553.00,1,"15663013398,56"
NLC,TEB PORTFÖY ONALTINCI SERBEST (DÖVİZ) FON,07.08.2026,"50,432385",3559908.00,19,"179534651,08"
NLD,AZİMUT PORTFÖY NL-2 SERBEST (DÖVİZ) ÖZEL FON,07.08.2026,"53,796273",26199933.00,1,"1409458753,46"
NLE,NUROL PORTFÖY EMLAK SEKTÖRÜ HİSSE SENEDİ FONU (HİSSE SENEDİ YOĞUN FON),07.08.2026,"1,559615",234128526.00,9693,"365150248,84"
NLK,NUROL PORTFÖY KISA VADELİ SERBEST FON,07.08.2026,"1,856784",2470755816.00,1024,"4587660453,16"
NLL,GLOBAL MD PORTFÖY NİL SERBEST FON,07.08.2026,"5,138159",406008618.00,25,"2086136670,44"
NME,NUROL PORTFÖY MERCAN KATILIM SERBEST (DÖVİZ) FON,07.08.2026,"57,043046",1107577.00,54,"63179566,05"
NMG,NEO PORTFÖY İKİNCİ SERBEST FON,07.08.2026,"133,294881",22953319.00,12,"3059559914,17"
NMP,AK PORTFÖY NEMA PARA PİYASASI (TL) FONU,07.08.2026,"1,001067",210852.00,15,"211076,94"
NMU,NUROL PORTFÖY MUTLAK GETİRİ HEDEFLİ HİSSE SENEDİ SERBEST FON (HİSSE SENEDİ YOĞUN FON),07.08.2026,"1,241698",759279735.00,422,"942796464,39"
NNF,HEDEF PORTFÖY BİRİNCİ HİSSE SENEDİ (TL) FONU (HİSSE SENEDİ YOĞUN FON),07.08.2026,"22,972126",103612968.00,19122,"2380210147,29"
NOA,NEO PORTFÖY ALFA SERBEST FON,07.08.2026,"1,382931",380623067.00,11,"526375400,96"
NOI,TACİRLER PORTFÖY NOVA İSTATİSTİKSEL ARBİTRAJ SERBEST FON,07.08.2026,"1,443345",734938635.00,14,"1060770325,92"
NOV,AZİMUT PORTFÖY INOVA AGRO HİSSE SENEDİ SERBEST ÖZEL FON (HİSSE SENEDİ YOĞUN FON),07.08.2026,"50,246793",14121929.00,1,"709581641,33"
NP1,NEO PORTFÖY YASEMİN SERBEST FON,07.08.2026,"4,962688",292095511.00,159,"1449578938,67"
NPH,NUROL PORTFÖY BİRİNCİ HİSSE SENEDİ FONU (HİSSE SENEDİ YOĞUN FON),07.08.2026,"1,514774",139786015.00,785,"211744196,23"
NPK,NEO PORTFÖY İPEKYOLU SERBEST ÖZEL FON,07.08.2026,"1,566416",592973692.00,1,"928843660,40"
NRC,NEO PORTFÖY BİRİNCİ DEĞİŞKEN FON,07.08.2026,"11,57487",21054426.00,3696,"243702240,10"
NRG,NEO PORTFÖY BİRİNCİ PARA PİYASASI FONU,07.08.2026,"5,492263",1234686291.00,3423,"6781222379,93"
NRM,NEO PORTFÖY İKİNCİ SERBEST (DÖVİZ) FON,07.08.2026,"152,717429",2588867.00,11,"395365111,95"
NSA,NEO PORTFÖY PARA PİYASASI KATILIM SERBEST FON,07.08.2026,"2,513536",384312418.00,369,"965983168,08"
NSD,NUROL PORTFÖY DÖRDÜNCÜ SERBEST (DÖVİZ) FON,07.08.2026,"64,712258",210852478.00,175,"13644739998,31"
NSH,NUROL PORTFÖY İSTATİSTİKSEL ARBİTRAJ HİSSE SENEDİ SERBEST FON (HİSSE SENEDİ YOĞUN FON),07.08.2026,"2,170823",858482997.00,1276,"1863614312,74"
NSK,NEO PORTFÖY BİRİNCİ SERBEST FON,07.08.2026,"6,621362",58952689.00,90,"390347069,34"
NSP,NUROL PORTFÖY PARA PİYASASI KATILIM FONU,07.08.2026,"1,817813",759095491.00,2790,"1379893446,25"
NSS,NUROL PORTFÖY SONENBERG KAR PAYI ÖDEYEN SERBEST (DÖVİZ) ÖZEL FON,07.08.2026,"64,692005",16965870.00,1,"1097556150,17"
NST,İŞ PORTFÖY EMLAK SEKTÖRÜ HİSSE SENEDİ FONU (HİSSE SENEDİ YOĞUN FON),07.08.2026,"1,17556",48416008.00,3469,"56915901,67"
NSY,NEO PORTFÖY YEDİNCİ SERBEST FON,07.08.2026,"1,400716",833714588.00,63,"1167797518,20"
NTB,AZİMUT PORTFÖY AVŞAR SERBEST ÖZEL FON,07.08.2026,"5,525782",550964241.00,1,"3044508276,84"
NTD,ÜNLÜ PORTFÖY UFT HİSSE SENEDİ SERBEST ÖZEL FON (HİSSE SENEDİ YOĞUN FON),07.08.2026,"0,373321",1355423321.00,1,"506007426,74"
NTF,NEO PORTFÖY TEK SERBEST (TL) FON,07.08.2026,"3,090924",82061773.00,11,"253646687,16"
NTI,NEO PORTFÖY TEKNOLOJİ VE İNOVASYON DEĞİŞKEN FON,07.08.2026,"1,554482",224270235.00,1719,"348623988,39"
NTO,NUROL PORTFÖY TRADA SERBEST (DÖVİZ) ÖZEL FON,07.08.2026,"65,746042",54144466.00,1,"3559784311,17"
NTS,NUROL PORTFÖY İKİNCİ SERBEST FON,07.08.2026,"3,043356",73665955.00,33,"224191734,53"
NUB,NUROL PORTFÖY BEŞİNCİ SERBEST (DÖVİZ) FON,07.08.2026,"59,252654",36603607.00,908,"2168860846,08"
NUG,NUROL PORTFÖY ALTINCI SERBEST (DÖVİZ) FON,07.08.2026,"49,471967",27824878.00,11,"1376551455,19"
NUH,NEO PORTFÖY ÜÇÜNCÜ HİSSE SENEDİ FONU (HİSSE SENEDİ YOĞUN FON),07.08.2026,"1,317008",154853134.00,1184,"203942880,79"
NVB,NEO PORTFÖY İKİNCİ PARA PİYASASI (TL) FON,07.08.2026,"4,75383",1408422152.00,4790,"6695399233,25"
NVC,NEO PORTFÖY VENTO SERBEST FON,07.08.2026,"3,600762",25603286.00,90,"92191336,85"
NVK,INVEO PORTFÖY KATILIM SERBEST (DÖVİZ) FON,07.08.2026,"46,24814",2212646.00,20,"102330761,05"
NVP,NUROL PORTFÖY İKİNCİ SERBEST (DÖVİZ) ÖZEL FON,07.08.2026,"67,677538",896094.00,1,"60645435,33"
NVT,NEO PORTFÖY ÜÇÜNCÜ SERBEST (TL) FON,07.08.2026,"4,58857",92839822.00,48,"426002015,62"
NVZ,NEO PORTFÖY ORSA SERBEST (DÖVİZ) FON,07.08.2026,"57,39052",8987617.00,339,"515804011,97"
NYH,NUROL PORTFÖY İAU SERBEST (DÖVİZ) ÖZEL FON,07.08.2026,"61,858145",17189834.00,1,"1063331236,78"
NZH,NEO PORTFÖY İKİNCİ DEĞİŞKEN FON,07.08.2026,"3,441615",159484886.00,300,"548885578,71"
NZT,NEO PORTFÖY PARA PİYASASI SERBEST FON,07.08.2026,"5,977779",1583726211.00,431,"9467165666,70"
NZU,NUROL PORTFÖY ZÜMRÜT KATILIM SERBEST (DÖVİZ) FON,07.08.2026,"50,555425",974150.00,34,"49248567,49"
OAB,QNB PORTFÖY AYDOĞAN SERBEST (DÖVİZ) ÖZEL FON,07.08.2026,"75,151342",8694657.00,3,"653415141,75"
OBI,OYAK PORTFÖY İKİNCİ BORÇLANMA ARAÇLARI (TL) FONU,07.08.2026,"3,111364",100140265.00,475,"311572767,77"
OBN,AK PORTFÖY ONBEŞİNCİ SERBEST (DÖVİZ) FON,07.08.2026,"57,629264",4711419.00,243,"271515609,99"
OBP,OYAK PORTFÖY İKİNCİ DEĞİŞKEN FON,07.08.2026,"0,201909",189528688.00,821,"38267570,45"
OBR,AK PORTFÖY ONBİRİNCİ SERBEST (DÖVİZ) FON,07.08.2026,"53,511625",858462484.00,10618,"45937722131,52"
OCM,QNB PORTFÖY SM SERBEST (DÖVİZ) ÖZEL FON,07.08.2026,"68,431378",7313165.00,2,"500449958,86"
OCN,QNB PORTFÖY SEFA SERBEST (DÖVİZ) ÖZEL FON,07.08.2026,"50,043903",2340705.00,4,"117138013,47"
OCT,QNB PORTFÖY DENİZ YILDIZI SERBEST (DÖVİZ) ÖZEL FON,07.08.2026,"71,915015",6216634.00,5,"447069329,72"
ODD,OYAK PORTFÖY DÖRDÜNCÜ SERBEST FON,07.08.2026,"10,793413",42627420.00,31,"460095334,54"
ODG,ONE PORTFÖY İKİNCİ DEĞİŞKEN FON,07.08.2026,"1,156879",59411508.00,37,"68731948,98"
ODN,AK PORTFÖY ONDÖRDÜNCÜ SERBEST (DÖVİZ) FON,07.08.2026,"57,390199",386892147.00,3021,"22203817485,20"
ODP,OSMANLI PORTFÖY BİRİNCİ SERBEST FON,07.08.2026,"7,058434",42152267.00,151,"297529011,84"
ODS,OYAK PORTFÖY İKİNCİ SERBEST(DÖVİZ) FON,07.08.2026,"68,964552",1682269.00,114,"116016927,20"
ODV,AK PORTFÖY ÜÇÜNCÜ FON SEPETİ FONU,07.08.2026,"19,41354",84419451.00,3889,"1638880421,21"
OFA,OYAK PORTFÖY TÜRKİYE FİNANS KATILIM SERBEST (DÖVİZ-AVRO) FON,07.08.2026,"56,771551",4357899.00,129,"247404683,42"
OFB,OYAK PORTFÖY İSTATİSTİKSEL ARBİTRAJ SERBEST (TL) FON,07.08.2026,"11,187628",88897469.00,13,"994551802,42"
OFI,OYAK PORTFÖY İKİNCİ FON SEPETİ FONU,07.08.2026,"3,971891",38716818.00,601,"153778991,75"
OFK,OYAK PORTFÖY TÜRKİYE FİNANS KATILIM SERBEST (DÖVİZ-ABD DOLARI) FON,07.08.2026,"51,556801",20137402.00,266,"1038220023,02"
OFO,QNB PORTFÖY JKDK SERBEST (DÖVİZ) ÖZEL FON,07.08.2026,"67,699412",31413804.00,1,"2126696044,66"
OFS,OYAK PORTFÖY BİRİNCİ FON SEPETİ FONU,07.08.2026,"8,03021",22667053.00,435,"182021203,36"
OGD,OYAK PORTFÖY ALTIN KATILIM FONU,07.08.2026,"11,22892",67446593.00,3147,"757352426,75"
OGF,OYAK PORTFÖY OYAK ÜYELERI İLE ÇALIŞANLARıNA YÖNELİK BORÇLANMA ARAÇLARI ÖZEL FONU,07.08.2026,"9,281612",14435345.00,436,"133983266,99"
OGV,QNB PORTFÖY HUNA SERBEST (DÖVİZ) ÖZEL FON,07.08.2026,"71,12992",3942995.00,1,"280464920,74"
OHB,OYAK PORTFÖY BİRİNCİ HİSSE SENEDİ (TL) FONU (HİSSE SENEDİ YOĞUN FON),07.08.2026,"23,016819",59047948.00,1062,"1359095960,36"
OHI,PARDUS PORTFÖY ONUNCU HİSSE SENEDİ SERBEST (TL) FON (HİSSE SENEDİ YOĞUN FON),07.08.2026,"0,088851",14713864348.00,44,"1307339695,08"
OHK,OYAK PORTFÖY KATILIM HİSSE SENEDİ (TL) FONU (HİSSE SENEDİ YOĞUN FON),07.08.2026,"2,766603",9821673.00,1195,"27172667,69"
OIL,OSMANLI PORTFÖY ALTIN FON SEPETİ FONU,07.08.2026,"3,762185",11207004.00,654,"42162824,80"
OIR,OSMANLI PORTFÖY DENGELİ FON SEPETİ FONU,07.08.2026,"4,996365",3820770.00,229,"19089959,83"
OIS,ASTRA PORTFÖY İKİNCİ SERBEST ÖZEL FON,07.08.2026,"3,371371",190643928.00,2,"642731419,71"
OJB,QNB PORTFÖY BEŞİNCİ SERBEST (DÖVİZ) FON,07.08.2026,"52,848746",527439799.00,7008,"27874532217,47"
OJH,ASTRA PORTFÖY BİRİNCİ HİSSE SENEDİ SERBEST FON (HİSSE SENEDİ YOĞUN FON),07.08.2026,"9,432048",2431669.00,27,"22935617,71"
OJK,QNB PORTFÖY ALTIN FONU,07.08.2026,"12,939638",3494485883.00,27815,"45217383805,61"
OJT,QNB PORTFÖY TEKNOLOJİ FON SEPETİ FONU,07.08.2026,"12,732411",365719476.00,11202,"4656490795,59"
OJU,QNB PORTFÖY UFUK SERBEST (DÖVİZ) ÖZEL FON,07.08.2026,"68,053589",847253.00,2,"57658607,79"
OJY,QNB PORTFÖY YALÇIN SERBEST (DÖVİZ) ÖZEL FON,07.08.2026,"71,580448",34418480.00,6,"2463690234,43"
OKD,OYAK PORTFÖY BİRİNCİ DEĞİŞKEN FON,07.08.2026,"0,590309",143545668.00,990,"84736330,41"
OKF,OYAK PORTFÖY KAR PAYI ÖDEYEN BİRİNCİ SERBEST (TL) FON,07.08.2026,"4,655851",1772974341.00,12,"8254703738,22"
OKP,OYAK PORTFÖY BİRİNCİ KISA VADELİ BORÇLANMA ARAÇLARI (TL) FONU,07.08.2026,"6,367852",13630013.00,428,"86793904,00"
OKT,OYAK PORTFÖY BİRİNCİ BORÇLANMA ARAÇLARI FONU,07.08.2026,"0,161159",712070689.00,859,"114756754,49"
OLA,OSMANLI PORTFÖY İKİNCİ SERBEST (DÖVİZ- AVRO) FON,07.08.2026,"53,167267",383593.99,30,"20394643,95"
OLD,QNB PORTFÖY TEMİZ ENERJİ VE SU FON SEPETİ FONU,07.08.2026,"3,231792",46677457.00,5645,"150851810,34"
OLE,OSMANLI PORTFÖY BİRİNCİ FON SEPETİ FONU,07.08.2026,"4,995549",65689078.00,515,"328153024,88"
OMB,ASTRA PORTFÖY MAB SERBEST (DÖVİZ) ÖZEL FON,07.08.2026,"63,571429",3513883.00,3,"223382564,45"
OMC,QNB PORTFÖY ORKİDE SERBEST (DÖVİZ) ÖZEL FON,07.08.2026,"71,363168",5659003.00,2,"403844381,60"
OME,PARDUS PORTFÖY EVREN SERBEST FON,07.08.2026,"23,61635",3376991.00,68,"79752201,38"
OMG,AZİMUT PORTFÖY İKİNCİ HİSSE SENEDİ FONU (HİSSE SENEDİ YOĞUN FON),07.08.2026,"1,791663",727604938.00,754,"1303622735,85"
ONB,TEB PORTFÖY ALTERNATİF BANK SERBEST (DÖVİZ) ÖZEL FON,07.08.2026,"52,006413",110098905.00,583,"5725849166,01"
OND,QNB PORTFÖY KAR PAYI ÖDEYEN ONBİRİNCİ SERBEST (DÖVİZ) FON,07.08.2026,"47,65282",72620000.01,627,"3460547763,24"
ONE,AKTİF PORTFÖY BİRİNCİ HİSSE SENEDİ SERBEST (TL) FON (HİSSE SENEDİ YOĞUN FON),07.08.2026,"1,457458",20769485.48,673,"30270653,93"
ONF,AK PORTFÖY ONALTINCI SERBEST (DÖVİZ-POUND) FON,07.08.2026,"65,234463",47476326.00,812,"3097092629,41"
ONK,AK PORTFÖY ONİKİNCİ SERBEST (DÖVİZ-AVRO) FON,07.08.2026,"59,501564",1660076338.00,22269,"98777137652,98"
ONN,AKTİF PORTFÖY AKTİF ONİKS SERBEST (TL) FON,07.08.2026,"6,333553",195909718.00,587,"1240804649,92"
ONS,İŞ PORTFÖY ONİKİNCİ SERBEST (DÖVİZ) FON,07.08.2026,"53,679674",2968775755.00,23435,"159362913533,25"
ONT,TEB PORTFÖY ONDÖRDÜNCÜ SERBEST (DÖVİZ) FON,07.08.2026,"52,411026",101541734.00,393,"5321906415,12"
ONY,TEB PORTFÖY ONYEDİNCİ SERBEST (DÖVİZ-POUND) FON,07.08.2026,"65,707879",35854815.00,737,"2355943863,07"
OPB,OSMANLI PORTFÖY BİRİNCİ DEĞİŞKEN FON,07.08.2026,"13,285834",3693132.00,413,"49066338,50"
OPD,OSMANLI PORTFÖY ANKA SERBEST FON,07.08.2026,"8,411907",7946697.00,21,"66846872,25"
OPF,OSMANLI PORTFÖY AGRESİF DEĞİŞKEN FON,07.08.2026,"3,188239",138752041.00,1079,"442374624,28"
OPH,OSMANLI PORTFÖY BİRİNCİ HİSSE SENEDİ FONU(HİSSE SENEDİ YOĞUN FON),07.08.2026,"25,905465",35528995.00,2524,"920395124,97"
OPI,OSMANLI PORTFÖY KAR PAYI ÖDEYEN HİSSE SENEDİ (TL) FONU (HİSSE SENEDİ YOĞUN FON),07.08.2026,"22,456349",9718302.00,1564,"218237583,48"
OPJ,QNB PORTFÖY QNB PARA PİYASASI (TL) FONU,07.08.2026,"1,659307",500722618.00,2169,"830852385,83"
OPL,OSMANLI PORTFÖY İKİNCİ DEĞİŞKEN FON,07.08.2026,"9,41234",4026355.00,521,"37897422,25"
OPZ,AK PORTFÖY ÖPY ALTINCI SERBEST ÖZEL FON,07.08.2026,"5,661967",125156982.00,1,"708634760,91"
ORC,ASTRA PORTFÖY ALFA SERBEST FON,07.08.2026,"1,468086",807856831.00,52,"1186003438,17"
ORI,AZİMUT PORTFÖY ORGANİK SERBEST (DÖVİZ) ÖZEL FON,07.08.2026,"60,318253",27722894.00,5,"1672196523,93"
OSD,OSMANLI PORTFÖY ÖZEL SEKTÖR BORÇLANMA ARAÇLARI FONU,07.08.2026,"14,026161",42872181.00,862,"601332103,88"
OSF,NEO PORTFÖY BALKAN SERBEST FON,07.08.2026,"109,442497",47788770.00,17,"5230122312,87"
OSH,OSMANLI PORTFÖY MİNERVA SERBEST FON,07.08.2026,"0,566719",112798247.00,17,"63924954,91"
OSL,OSMANLI PORTFÖY KISA VADELİ BORÇLANMA ARAÇLARI (TL) FONU,07.08.2026,"0,153599",8237457850.00,4125,"1265261416,89"
OSN,AK PORTFÖY ONUNCU SERBEST FON,07.08.2026,"1,527269",22914856.00,105,"34997154,49"
OTE,QNB PORTFÖY TAYMER SERBEST (DÖVİZ) ÖZEL FON,07.08.2026,"65,884481",2914766.00,2,"192037845,59"
OTF,OYAK PORTFÖY TÜRKİYE FİNANS KISA VADELİ KİRA SERTİFİKASI KATILIM (TL) FONU,07.08.2026,"6,827153",88626733.00,1861,"605068271,04"
OTJ,OYAK PORTFÖY KIYMETLİ MADENLER KATILIM FON SEPETİ FONU,07.08.2026,"6,936319",460165686.00,22735,"3191855844,24"
OTK,OYAK PORTFÖY BİRİNCİ KATILIM SERBEST FON,07.08.2026,"8,284667",575926.00,63,"4771354,88"
OTM,AZİMUT PORTFÖY OTOMOTİV SEKTÖRÜ DEĞİŞKEN FON,07.08.2026,"1,255129",10507493.00,96,"13188260,27"
OTZ,QNB PORTFÖY TANER SERBEST (DÖVİZ) ÖZEL FON,07.08.2026,"69,42343",4472207.00,4,"310475950,50"
OUB,OSMANLI PORTFÖY ÜÇÜNCÜ SERBEST (TL) FON,07.08.2026,"7,021565",124960731.00,14,"877419894,18"
OUD,OSMANLI PORTFÖY ATLANTİK SERBEST (DÖVİZ) FON,07.08.2026,"66,351827",2209395.00,120,"146597394,36"
OUN,AK PORTFÖY ONÜÇÜNCÜ SERBEST (DÖVİZ) FON,07.08.2026,"53,502943",4321321.00,317,"231203392,87"
OUR,OSMANLI PORTFÖY PASİFİK SERBEST (DÖVİZ) FON,07.08.2026,"83,472291",375508.00,11,"31344513,11"
OUY,ASTRA PORTFÖY BİRİNCİ SERBEST (DÖVİZ) ÖZEL FON,07.08.2026,"65,149215",25452185.00,2,"1658189865,15"
OVD,QNB PORTFÖY EMTİA FON SEPETİ FONU,07.08.2026,"3,23574",210648113.00,2981,"681602497,90"
OVR,QNB PORTFÖY FAGİ SERBEST (DÖVİZ) ÖZEL FON,07.08.2026,"67,82525",7132953.00,1,"483794321,93"
OYL,OYAK PORTFÖY BİRİNCİ PARA PİYASASI (TL) FONU,07.08.2026,"0,159394",20066682867.00,8302,"3198517676,75"
OYS,OYAK PORTFÖY ÜÇÜNCÜ SERBEST (TL) FON,07.08.2026,"10,428806",1635513894.00,11,"17056456306,73"
OYT,OYAK PORTFÖY BİRİNCİ SERBEST FON,07.08.2026,"0,135784",12873561083.00,64,"1748023690,41"
OZC,ASTRA PORTFÖY BİRİNCİ HİSSE SENEDİ SERBEST ÖZEL FON (HİSSE SENEDİ YOĞUN FON),07.08.2026,"2,896344",385488835.00,1,"1116508168,28"
P1A,A1 CAPİTAL PORTFÖY PARA PİYASASI (TL) SERBEST FON,07.08.2026,"1,50501",388447136.00,357,"584616667,42"
PA2,PUSULA PORTFÖY ALTIN KATILIM FONU,07.08.2026,"1,066197",30034696.00,275,"32022909,35"
PAB,A1 CAPİTAL PORTFÖY PARA PİYASASI (TL) FONU,07.08.2026,"1,38833",84554166.00,627,"117389045,38"
PAC,AZİMUT PORTFÖY AC HİSSE SENEDİ SERBEST ÖZEL FON (HİSSE SENEDİ YOĞUN FON),07.08.2026,"3,119878",256267233.00,1,"799522608,07"
PAF,PARDUS PORTFÖY ALTIN FONU,07.08.2026,"3,440032",83339323.00,3369,"286689913,73"
PAI,AK PORTFÖY ING ÖZEL BANKACILIK VE PLATINUM MUTLAK GETİRİ HEDEFLİ DEĞİŞKEN ÖZEL FON,07.08.2026,"6,282074",70152958.00,503,"440706063,99"
PAL,AK PORTFÖY ALTINCI SERBEST(DÖVİZ) FON,07.08.2026,"56,552519",2846786966.00,32052,"160992974905,87"
PAO,PARDUS PORTFÖY ANADOLU HİSSE SENEDİ SERBEST FON (HİSSE SENEDİ YOĞUN FON),07.08.2026,"1,183887",23942323.00,251,"28345008,49"
PAU,GARANTİ PORTFÖY SERBEST (DÖVİZ-POUND) FON,07.08.2026,"67,040975",164631646.00,3832,"11037066022,80"
PBE,PUSULA PORTFÖY BATI SERBEST FON,07.08.2026,"5,846303",9247213.00,11,"54062008,98"
PBF,PHİLLİP PORTFÖY BİRİNCİ SERBEST ÖZEL FON,07.08.2026,"1,572794",954233191.00,2,"1500811827,00"
PBH,PUSULA PORTFÖY BİRİNCİ HİSSE SENEDİ SERBEST (TL) FON (HİSSE SENEDİ YOĞUN FON),07.08.2026,"1,184341",2393298628.00,12,"2834480561,03"
PBI,PARDUS PORTFÖY BİRİNCİ FON SEPETİ FONU,07.08.2026,"2,263879",46369181.00,604,"104974198,36"
PBK,ASTRA PORTFÖY BİRİNCİ KATILIM SERBEST (DÖVİZ) FON,07.08.2026,"57,754946",2003088.00,118,"115688239,69"
PBN,PİRAMİT PORTFÖY BİRİNCİ HİSSE SENEDİ SERBEST FON (HİSSE SENEDİ YOĞUN FON),07.08.2026,"1,592004",351861035.00,800,"560164108,97"
PBR,PUSULA PORTFÖY BİRİNCİ DEĞİŞKEN FON,07.08.2026,"5,482976",5014668181.00,70356,"27495305201,77"
PBS,AZİMUT PORTFÖY BOĞAZİÇİ SERBEST (DÖVİZ) FON,07.08.2026,"68,813004",5658894.00,22,"389405496,44"
PBY,PARDUS PORTFÖY BIST 100 DIŞI ŞİRKETLER HİSSE SENEDİ SERBEST (TL) FON (HİSSE SENEDİ YOĞUN FON),07.08.2026,"1,269565",134217223.00,55,"170397518,91"
PCE,PARDUS PORTFÖY İNCİ SERBEST FON,07.08.2026,"1,270746",98874269.00,159,"125644081,32"
PCH,PARDUS PORTFÖY CAPİTAL HİSSE SENEDİ SERBEST FON (HİSSE SENEDİ YOĞUN FON),07.08.2026,"3,949599",226628711.00,57,"895092463,64"
PCN,PERFORM PORTFÖY ÜÇÜNCÜ SERBEST (DÖVİZ)  FON,07.08.2026,"65,045665",8605496.00,12,"559750206,78"
PCS,PUSULA PORTFÖY ÜÇÜNCÜ HİSSE SENEDİ SERBEST FON (HİSSE SENEDİ YOĞUN FON),07.08.2026,"7,617428",10863160734.00,30,"82749341858,40"
PDC,PUSULA PORTFÖY DÖRDÜNCÜ HİSSE SENEDİ SERBEST (TL) FON (HİSSE SENEDİ YOĞUN FON),07.08.2026,"0,36716",1083898739.00,13,"397964176,48"
PDD,ASTRA PORTFÖY KATILIM FONU,07.08.2026,"5,87916",145991216.00,177,"858305729,83"
PDE,PUSULA PORTFÖY DENGE KATILIM SERBEST FON,07.08.2026,"1,632969",9705472914.00,14,"15848741083,56"
PDF,ASTRA PORTFÖY BİRİNCİ SERBEST (DÖVİZ) FON,07.08.2026,"59,927297",7892706.00,57,"472988534,65"
PDG,PUSULA PORTFÖY DOĞU HİSSE SENEDİ SERBEST (TL) FON (HİSSE SENEDİ YOĞUN FON),07.08.2026,"0,63879",1193066487.00,12,"762119435,24"
PDH,PARDUS PORTFÖY DOĞU HİSSE SENEDİ SERBEST FON (HİSSE SENEDİ YOĞUN FON),07.08.2026,"20,004182",281905511.00,79,"5639289090,70"
PDR,PHİLLİP PORTFÖY SÜRDÜRÜLEBİLİRLİK SERBEST ÖZEL FON,07.08.2026,"1,012062",2249115622.00,2,"2276244034,17"
PDS,PARDUS PORTFÖY DÖRDÜNCÜ SERBEST FON,07.08.2026,"0,470445",270091631.00,41,"127063365,55"
PEA,PERFORM PORTFÖY ALTIN FONU,07.08.2026,"1,414506",47234686.00,101,"66813755,32"
PFO,PHİLLİP PORTFÖY FON SEPETİ FONU,07.08.2026,"2,275689",32613017.00,288,"74217070,42"
PFS,ATLAS PORTFÖY FON SEPETİ FONU,07.08.2026,"2,908521",5229775.00,92,"15210910,63"
PGD,ASTRA PORTFÖY AGRESİF DEĞİŞKEN FON,07.08.2026,"1,752067",114497465.00,164,"200607197,77"
PGE,PARDUS PORTFÖY GÜNEY HİSSE SENEDİ SERBEST FON (HİSSE SENEDİ YOĞUN FON),07.08.2026,"24,909257",403828407.00,45,"10059065642,31"
PGH,PUSULA PORTFÖY GÜNEY HİSSE SENEDİ SERBEST (TL) FON (HİSSE SENEDİ YOĞUN FON),07.08.2026,"22,275318",1310913157.00,12,"29201007196,04"
PGS,AZİMUT PORTFÖY PAY GERİ ALIMI YAPAN ŞİRKETLER HİSSE SENEDİ FONU (HİSSE SENEDİ YOĞUN FON),07.08.2026,"1,283173",133384357.00,447,"171155233,34"
PHB,PUSULA PORTFÖY BEŞİNCİ HİSSE SENEDİ SERBEST (TL) FON (HİSSE SENEDİ YOĞUN FON),07.08.2026,"2,102849",5884495352.00,14,"12374204667,45"
PHE,PUSULA PORTFÖY HİSSE SENEDİ FONU (HİSSE SENEDİ YOĞUN FON),07.08.2026,"3,851426",11978757248.00,134555,"46135293160,94"
PHF,PİRAMİT PORTFÖY BİST 50 DIŞI ŞİRKETLER HİSSE SENEDİ SERBEST FON (HİSSE SENEDİ YOĞUN FON),07.08.2026,"0,910609",294016510.00,12,"267734221,01"
PHI,PİRAMİT PORTFÖY HİSSE SENEDİ FONU (HİSSE SENEDİ YOĞUN FON),07.08.2026,"1,575458",46673816.00,125,"73532624,18"
PHK,PHİLLİP PORTFÖY KATILIM HİSSE SENEDİ FONU (HİSSE SENEDİ YOĞUN FON),07.08.2026,"1,554024",52540615.00,254,"81649352,93"
PHN,PUSULA PORTFÖY İKİNCİ HİSSE SENEDİ SERBEST FON (HİSSE SENEDİ YOĞUN FON),07.08.2026,"926,23969",8910249.00,16,"8253026271,85"
PHS,PERFORM PORTFÖY İKİNCİ HİSSE SENEDİ SERBEST FON (HİSSE SENEDİ YOĞUN FON),07.08.2026,"4,405116",52016361.00,17,"229138092,62"
PHY,PARDUS PORTFÖY BATI HİSSE SENEDİ SERBEST FON (HİSSE SENEDİ YOĞUN FON),07.08.2026,"5,063335",129821983.00,45,"657332203,27"
PID,PİRAMİT PORTFÖY DEĞİŞKEN FON,07.08.2026,"1,863931",28863568.00,115,"53799692,91"
PIL,ROTA PORTFÖY PİL TEKNOLOJİLERİ VE ENERJİ FON SEPETİ FONU,07.08.2026,"3,906607",128770061.00,7868,"503054010,35"
PIP,GARANTİ PORTFÖY İKİNCİ PARA PİYASASI SERBEST (TL) FON,07.08.2026,"1,658739",21577487605.00,393,"35791412624,38"
PIR,PİRAMİT PORTFÖY ALTIN FONU,07.08.2026,"1,619885",69980941.00,930,"113361083,68"
PIS,PARDUS PORTFÖY İKİNCİ KISA VADELİ SERBEST (TL) FON,07.08.2026,"1,435227",663234970.00,204,"951892679,00"
PJL,PHİLLİP PORTFÖY PARA PİYASASI FONU,07.08.2026,"5,123402",226871200.00,2377,"1162352269,89"
PJP,PERFORM PORTFÖY BİRİNCİ SERBEST (DÖVİZ) FON,07.08.2026,"49,456322",8904881.00,16,"440402658,57"
PK1,AHLATCI PORTFÖY PARA PİYASASI KATILIM (TL) FONU,07.08.2026,"1,031904",47168510.00,108,"48673384,39"
PKD,PUSULA PORTFÖY İKİNCİ KATILIM HİSSE SENEDİ SERBEST FON (HİSSE SENEDİ YOĞUN FON),07.08.2026,"0,921263",19543619.00,85,"18004808,82"
PKF,ATA PORTFÖY ALTIN KATILIM FONU,07.08.2026,"4,543061",84414115.00,1565,"383498488,38"
PKH,DENİZ PORTFÖY POYRAZ KATILIM HİSSE SENEDİ SERBEST FON (HİSSE SENEDİ YOĞUN FON),07.08.2026,"0,932167",133181696.00,11,"124147611,63"
PKL,PUSULA PORTFÖY KATILIM SERBEST (TL) FON,07.08.2026,"2,460781",1551096096.00,13,"3816907803,24"
PKM,PUSULA PORTFÖY PARA PİYASASI KATILIM (TL) FONU,07.08.2026,"1,053355",425766452.00,506,"448483370,15"
PKN,PİRAMİT PORTFÖY İKİNCİ HİSSE SENEDİ SERBEST FON (HİSSE SENEDİ YOĞUN FON),07.08.2026,"2,626432",24323600.00,12,"63884284,28"
PKP,ATA PORTFÖY PARA PİYASASI KATILIM SERBEST FON,07.08.2026,"1,238535",291256386.00,95,"360731294,33"
PKR,ROTA PORTFÖY PARA PİYASASI KATILIM FONU,07.08.2026,"1,514286",380286113.00,211,"575861854,24"
PKT,YAPI KREDİ PORTFÖY PARA PİYASASI KATILIM SERBEST (TL) FON,07.08.2026,"1,571027",8484667057.00,1113,"13329637328,74"
PKU,PARDUS PORTFÖY KUZEY HİSSE SENEDİ SERBEST FON (HİSSE SENEDİ YOĞUN FON),07.08.2026,"14,157256",745479059.00,45,"10553937619,09"
PKV,PARDUS PORTFÖY KISA VADELİ SERBEST (TL) FON,07.08.2026,"2,023123",6740520215.00,3119,"13636899788,68"
PKZ,PUSULA PORTFÖY KUZEY HİSSE SENEDİ SERBEST (TL) FON (HİSSE SENEDİ YOĞUN FON),07.08.2026,"11,127561",4103768315.00,14,"45664933404,98"
PLA,YAPI KREDİ PORTFÖY PLAY FON SEPETİ ÖZEL FONU,07.08.2026,"1,256543",580318.00,116,"729194,58"
PLR,OSMANLI PORTFÖY PARA PİYASASI FONU,07.08.2026,"1,646206",526616095.00,879,"866918481,54"
PLS,DENİZ PORTFÖY LARA SERBEST (DÖVİZ) ÖZEL FON,07.08.2026,"26,338753",34834729.00,7,"917503318,74"
PMG,İŞ PORTFÖY MG HİSSE SENEDİ SERBEST ÖZEL FON (HİSSE SENEDİ YOĞUN FON),07.08.2026,"1,575956",874681642.00,1,"1378460177,81"
PMH,PARDUS PORTFÖY MARMARA HİSSE SENEDİ SERBEST FON (HİSSE SENEDİ YOĞUN FON),07.08.2026,"0,00783",3375438180.00,44,"26429856,76"
PMP,PARDUS PORTFÖY MODEL PORTFÖY HİSSE SENEDİ SERBEST FON (HİSSE SENEDİ YOĞUN FON),07.08.2026,"0,871669",21936338.00,447,"19121232,82"
PNU,PUSULA PORTFÖY İKİNCİ PARA PİYASASI (TL) FONU,07.08.2026,"1,211957",25399194652.00,20395,"30782728292,05"
PO7,PARDUS PORTFÖY ONYEDİNCİ HİSSE SENEDİ SERBEST FON (HİSSE SENEDİ YOĞUN FON),07.08.2026,"1,053587",2897818029.00,43,"3053104794,52"
PO8,PARDUS PORTFÖY ONSEKİZİNCİ HİSSE SENEDİ SERBEST FON (HİSSE SENEDİ YOĞUN FON),07.08.2026,"2,675423",114850420.00,49,"307273476,72"
PO9,PARDUS PORTFÖY ONDOKUZUNCU HİSSE SENEDİ SERBEST FON (HİSSE SENEDİ YOĞUN FON),07.08.2026,"0,788775",260006785.00,142,"205086866,81"
POB,PARDUS PORTFÖY ONBİRİNCİ HİSSE SENEDİ SERBEST (TL) FON (HİSSE SENEDİ YOĞUN FON),07.08.2026,"3,902264",1035033740.00,45,"4038975315,01"
POD,DENİZ PORTFÖY ONBEŞİNCİ SERBEST (DÖVİZ-POUND) FON,07.08.2026,"68,071853",65209969.00,1413,"4438963446,02"
POF,PARDUS PORTFÖY ONALTINCI HİSSE SENEDİ SERBEST (TL) FON (HİSSE SENEDİ YOĞUN FON),07.08.2026,"3,069711",1016437906.00,45,"3120171086,83"
POH,PİRAMİT PORTFÖY ÖZGÜN HİSSE SENEDİ SERBEST ÖZEL FON (HİSSE SENEDİ YOĞUN FON),07.08.2026,"1,052625",1711421252.00,4,"1801484722,33"
POI,PARDUS PORTFÖY ONİKİNCİ HİSSE SENEDİ SERBEST (TL) FON (HİSSE SENEDİ YOĞUN FON),07.08.2026,"0,063561",4556187591.00,42,"289594821,64"
POS,PARDUS PORTFÖY ONBEŞİNCİ HİSSE SENEDİ SERBEST (TL) FON (HİSSE SENEDİ YOĞUN FON),07.08.2026,"1,312176",71629834.00,456,"93990926,17"
POU,PARDUS PORTFÖY ONÜÇÜNCÜ HİSSE SENEDİ SERBEST (TL) FON (HİSSE SENEDİ YOĞUN FON),07.08.2026,"2,316932",2743929812.00,72,"6357498326,28"
PP1,PARDUS PORTFÖY BİRİNCİ KATILIM FONU,07.08.2026,"1,639064",20962644.00,275,"34359115,05"
PPB,PHİLLİP PORTFÖY BİRİNCİ HİSSE SENEDİ FONU (HİSSE SENEDİ YOĞUN FON),07.08.2026,"10,004935",38041836.00,1577,"380606114,08"
PPD,PERFORM PORTFÖY HİSSE SENEDİ SERBEST FON (HİSSE SENEDİ YOĞUN FON),07.08.2026,"34,232182",67597838.00,109,"2314021477,08"
PPE,PHİLLİP PORTFÖY SERBEST (DÖVİZ) FON,07.08.2026,"62,205674",11968087.00,67,"744482922,45"
PPF,AZİMUT PORTFÖY AKÇE SERBEST FON,07.08.2026,"5,108349",106984833.00,22,"546515888,31"
PPG,ALBARAKA PORTFÖY PARA PİYASASI KATILIM FONU,07.08.2026,"1,433944",1684088430.00,1657,"2414888745,83"
PPH,PARDUS PORTFÖY BIST 100 DIŞI ŞİRKETLER HİSSE SENEDİ (TL) FONU (HİSSE SENEDİ YOĞUN FON),07.08.2026,"1,661152",41470010.00,2615,"68887995,54"
PPI,YAPI KREDİ PORTFÖY ÜÇÜNCÜ PARA PİYASASI (TL) FONU,07.08.2026,"2,248488",1833317387.00,2769,"4122192744,47"
PPJ,AK PORTFÖY İKİNCİ PARA PİYASASI SERBEST (TL) FON,07.08.2026,"1,823664",42787112738.00,6765,"78029328720,19"
PPK,QNB PORTFÖY PARA PİYASASI KATILIM (TL) FONU,07.08.2026,"2,217528",2569609653.00,3064,"5698181994,43"
PPM,PİRAMİT PORTFÖY MUTLAK GETİRİ HEDEFLİ HİSSE SENEDİ SERBEST FON (HİSSE SENEDİ YOĞUN FON),07.08.2026,"2,15609",65918936.00,153,"142127174,25"
PPN,NUROL PORTFÖY PARA PİYASASI (TL) FONU,07.08.2026,"5,683676",2132137886.00,13592,"12118381317,29"
PPO,PARDUS PORTFÖY ONDÖRDÜNCÜ HİSSE SENEDİ SERBEST (TL) FON (HİSSE SENEDİ YOĞUN FON),07.08.2026,"2,861524",61183744.00,44,"175078775,10"
PPP,PERFORM PORTFÖY PARA PİYASASI (TL) FONU,07.08.2026,"3,077979",2683752190.00,374,"8260533156,92"
PPS,PHİLLİP PORTFÖY BİRİNCİ SERBEST FON,07.08.2026,"3,159419",309112527.00,2741,"976615986,81"
PPT,ATLAS PORTFÖY PARA PİYASASI (TL) FONU,07.08.2026,"3,226694",770433377.00,3802,"2485952642,89"
PPU,PARDUS PORTFÖY ÜÇÜNCÜ SERBEST FON,07.08.2026,"1,628795",160242555.00,44,"261002238,35"
PPV,AKTİF PORTFÖY PARA PİYASASI SERBEST (TL) FON,07.08.2026,"1,134059",6479384179.00,167,"7348002231,31"
PPZ,AZİMUT PORTFÖY PARA PİYASASI (TL) FONU,07.08.2026,"6,490497",2040409784.00,8216,"13243272672,83"
PRD,PİRAMİT PORTFÖY PARA PİYASASI (TL) FONU,07.08.2026,"2,304437",219678379.00,609,"506234921,48"
PRF,AZİMUT PORTFÖY IRF SERBEST (DÖVİZ) ÖZEL FON,07.08.2026,"68,217348",2904999.00,2,"198171326,86"
PRH,AURA PORTFÖY PARA PİYASASI (TL) FONU,07.08.2026,"2,158383",302858916.00,310,"653685644,75"
PRR,INVEO PORTFÖY PARA PİYASASI KATILIM (TL) FONU,07.08.2026,"1,315105",586139642.00,144,"770835116,79"
PRU,ALLBATROSS PORTFÖY KISA VADELİ SERBEST (TL) FON,07.08.2026,"3,599197",844928667.00,1604,"3041064476,85"
PRV,ASTRA PORTFÖY PARA PİYASASI SERBEST FON,07.08.2026,"1,325633",3014456789.00,85,"3996063585,55"
PRY,PUSULA PORTFÖY PARA PİYASASI (TL) FONU,07.08.2026,"3,111519",36466358115.00,51842,"113465777138,00"
PSD,İŞ PORTFÖY PERAS SERBEST (DÖVİZ) ÖZEL FON,07.08.2026,"53,214406",50962165.00,1,"2711921336,88"
PSE,ATLAS PORTFÖY PARA PİYASASI SERBEST FON,07.08.2026,"1,841873",15066188713.00,6470,"27750006435,06"
PSG,AZİMUT PORTFÖY 9.0 SERBEST FON,07.08.2026,"8,85781",45983627.00,16,"407314225,06"
PSH,DENİZ PORTFÖY PERAKENDE SEKTÖRÜ HİSSE SENEDİ (TL) FONU (HİSSE SENEDİ YOĞUN FON),07.08.2026,"1,024015",17925768.00,397,"18356260,81"
PSL,AZİMUT PORTFÖY 8.0 SERBEST FON,07.08.2026,"8,395855",40286918.00,54,"338243124,38"
PSO,İŞ PORTFÖY PERAS SERBEST ÖZEL FON,07.08.2026,"0,425976",2046269480.00,1,"871661853,96"
PSR,PARDUS PORTFÖY SANAYİ ŞİRKETLERİ HİSSE SENEDİ SERBEST FON (HİSSE SENEDİ YOĞUN FON),07.08.2026,"2,963114",413862688.00,45,"1226322382,16"
PSS,AZİMUT PORTFÖY SARAY SERBEST FON,07.08.2026,"5,917444",45070052.00,11,"266699525,38"
PST,PARDUS PORTFÖY SANAYİ SEKTÖRÜ DIŞI ŞİRKETLER HİSSE SENEDİ SERBEST FON (HİSSE SENEDİ YOĞUN FON),07.08.2026,"0,016478",4222198269.00,48,"69571957,91"
PTC,PERFORM PORTFÖY İKİNCİ SERBEST (DÖVİZ) FON,07.08.2026,"65,232331",15944003.00,16,"1040064475,40"
PTE,TEB PORTFÖY BİRİNCİ PARA PİYASASI SERBEST (TL) FON,07.08.2026,"1,674611",27028808561.92,4740,"45262753254,91"
PTF,QNB PORTFÖY TREND SERBEST FON,07.08.2026,"1,421112",585008765.00,285,"831363241,46"
PTG,AZİMUT PORTFÖY KZY SERBEST (DÖVİZ) ÖZEL FON,07.08.2026,"63,183916",1820000.00,1,"114994727,02"
PTL,TEB PORTFÖY İKİNCİ PARA PİYASASI (TL) FONU,07.08.2026,"1,839852",409510519.00,1618,"753438573,20"
PTN,PHİLLİP PORTFÖY ALTIN FONU,07.08.2026,"1,568626",374101273.00,827,"586824988,17"
PTO,PARDUS PORTFÖY TEMETTÜ ÖDEYEN ŞİRKETLER HİSSE SENEDİ FONU (HİSSE SENEDİ YOĞUN FON),07.08.2026,"1,819025",213421423.00,3582,"388218901,37"
PTP,AHLATCI PORTFÖY PARA PİYASASI (TL) FONU,07.08.2026,"1,177946",88389753.00,306,"104118387,81"
PTS,QNB PORTFÖY PARA PİYASASI SERBEST (TL) FON,07.08.2026,"1,578231",5241894510.00,937,"8272920893,73"
PUA,AZİMUT PORTFÖY ADEMİR SERBEST (TL) ÖZEL FON,07.08.2026,"9,69639",497271653.00,1,"4821739799,70"
PUC,AK PORTFÖY BİRİNCİ KISA VADELİ SERBEST (TL)  FON,07.08.2026,"7,276816",107272877.00,736,"780604963,44"
PUH,PERFORM PORTFÖY ÜÇÜNCÜ HİSSE SENEDİ SERBEST (TL) FON (HİSSE SENEDİ YOĞUN FON),07.08.2026,"1,588382",230003361.00,25,"365333310,08"
PUK,PUSULA PORTFÖY KATILIM HİSSE SENEDİ (TL) FONU (HİSSE SENEDİ YOĞUN FON),07.08.2026,"1,176203",1147399281.00,9618,"1349574629,52"
PUR,AK PORTFÖY BİRİNCİ PARA PİYASASI SERBEST (TL) FON,07.08.2026,"10,289536",12276806287.00,40133,"126322637987,12"
PUT,AK PORTFÖY ÖPY BEŞİNCİ SERBEST ÖZEL FON,07.08.2026,"7,873551",877787362.00,1,"6911303876,85"
PUV,AK PORTFÖY PRUVA SERBEST (DÖVİZ) ÖZEL FON,07.08.2026,"56,609345",21349833.00,1,"1208600054,23"
PVK,ALBARAKA PORTFÖY KISA VADELİ KATILIM SERBEST (TL) FON,07.08.2026,"5,690579",6369240567.00,8333,"36244668827,71"
PYB,TEB PORTFÖY ALTERNATİFBANK PARA PİYASASI (TL) FON,07.08.2026,"1,839186",519722106.00,1103,"955865856,81"
PYD,PARDUS PORTFÖY YİRMİBİRİNCİ HİSSE SENEDİ SERBEST FON (HİSSE SENEDİ YOĞUN FON),07.08.2026,"0,334491",182531201.00,44,"61054991,61"
PYF,AZİMUT PORTFÖY YONCA SERBEST ÖZEL FON,07.08.2026,"10,371528",147900791.00,10,"1533957148,50"
PYH,AZİMUT PORTFÖY 10.0 KATILIM SERBEST FON,07.08.2026,"6,933938",574897031.00,11,"3986300579,62"
PYI,PARDUS PORTFÖY YİRMİİKİNCİ HİSSE SENEDİ SERBEST FON (HİSSE SENEDİ YOĞUN FON),07.08.2026,"12,933592",341946134.00,44,"4422591630,23"
PYL,AZİMUT PORTFÖY 11.0 SERBEST FON,07.08.2026,"9,635202",58061461.00,33,"559433882,62"
PYR,PARDUS PORTFÖY YİRMİNCİ HİSSE SENEDİ SERBEST FON (HİSSE SENEDİ YOĞUN FON),07.08.2026,"1,443827",51293713.00,1214,"74059235,64"
PYS,YAPI KREDİ PORTFÖY PY HARBİYE SERBEST (DÖVİZ) ÖZEL FON,07.08.2026,"59,116576",19245659.00,43,"1137737464,01"
RAF,ROTA PORTFÖY ALTINCI SERBEST FON,07.08.2026,"3,647604",30913474.00,13,"112760117,38"
RAI,ROTA PORTFÖY ABİS HİSSE SENEDİ SERBEST ÖZEL FON (HİSSE SENEDİ YOĞUN FON),07.08.2026,"2,196481",2611267131.00,1,"5735597999,05"
RAN,İŞ PORTFÖY RANA SERBEST (DÖVİZ) ÖZEL FON,07.08.2026,"58,102923",18581754.00,1,"1079654215,11"
RAV,ROTA PORTFÖY ALEV SERBEST FON,07.08.2026,"1,499522",735373680.00,12,"1102709299,55"
RAY,ROTA PORTFÖY RAY SİGORTA SERBEST (TL) ÖZEL FON,07.08.2026,"4,080779",436793424.00,1,"1782457365,19"
RBA,ALBARAKA PORTFÖY BEREKET VAKFI NA DESTEK ALTIN KATILIM FONU,07.08.2026,"20,671707",88389775.00,5406,"1827167520,04"
RBB,RE-PIE PORTFÖY BİRİNCİ BORÇLANMA ARAÇLARI (TL) FONU,07.08.2026,"1,633029",9646528.00,38,"15753063,60"
RBE,ROTA PORTFÖY BEŞİNCİ SERBEST (TL) FON,07.08.2026,"4,211806",701887559.00,16,"2956214402,42"
RBF,ROTA PORTFÖY BİRİNCİ BORÇLANMA ARAÇLARI FONU,07.08.2026,"1,743716",10541771.00,84,"18381857,32"
RBH,ALBARAKA PORTFÖY KATILIM HİSSE SENEDİ FONU (HİSSE SENEDİ YOĞUN FON),07.08.2026,"33,095864",29952021.00,5015,"991288028,40"
RBI,RE-PIE PORTFÖY BİRİNCİ SERBEST (DÖVİZ) FON,07.08.2026,"55,686878",1301106.00,93,"72454531,58"
RBK,ALBARAKA PORTFÖY KATILIM FONU,07.08.2026,"8,698137",6107050.00,1110,"53119957,63"
RBL,QNB PORTFÖY ROBOTİK VE BLOCKCHAİN TEKNOLOJİLERİ SERBEST FON,07.08.2026,"1,772237",180973823.00,845,"320728501,30"
RBN,RE-PIE PORTFÖY BEŞİNCİ HİSSE SENEDİ SERBEST (TL) FON (HİSSE SENEDİ YOĞUN FON),07.08.2026,"1,498239",28805490.00,151,"43157515,32"
RBP,RE-PIE PORTFÖY BİRİNCİ PARA PİYASASI (TL) FONU,07.08.2026,"2,230558",1122905220.00,1043,"2504705074,65"
RBR,RE-PIE  PORTFÖY BİRİNCİ KATILIM SERBEST FON,07.08.2026,"3,689792",19593883.00,675,"72297343,28"
RBT,ALBARAKA PORTFÖY KİRA SERTİFİKALARI  KATILIM FONU,07.08.2026,"6,473409",204558518.00,2729,"1324190919,43"
RBV,ALBARAKA PORTFÖY KISA VADELİ KİRA SERTİFİKALARI KATILIM (TL) FONU,07.08.2026,"6,810261",1066956339.00,16955,"7266250622,01"
RCL,ROTA PORTFÖY CELO SERBEST (DÖVİZ) ÖZEL FON,07.08.2026,"61,083311",2685011.00,1,"164009362,58"
RCS,ROTA PORTFÖY CS SERBEST ÖZEL FON,07.08.2026,"4,827395",459159.00,1,"2216541,95"
RCV,AZİMUT PORTFÖY BİRİNCİ ÇOKLU VARLIK KATILIM FONU,07.08.2026,"1,724544",35066839.00,96,"60474289,29"
RD1,ROTA PORTFÖY BİRİNCİ DEĞİŞKEN FON,07.08.2026,"1,890661",34649439.00,151,"65510348,05"
RDF,ROTA PORTFÖY DOKUZUNCU HİSSE SENEDİ SERBEST FON (HİSSE SENEDİ YOĞUN FON),07.08.2026,"1,567776",254579880.00,731,"399124125,66"
RDH,RE-PIE PORTFÖY DÖRDÜNCÜ HİSSE SENEDİ SERBEST (TL) FON (HİSSE SENEDİ YOĞUN FON),07.08.2026,"6,074364",261206263.00,16,"1586661835,50"
RDK,ROTA PORTFÖY ESİN HİSSE SENEDİ SERBEST ÖZEL FON (HİSSE SENEDİ YOĞUN FON),07.08.2026,"1,221406",1073118.00,2,"1310712,65"
RDS,ROTA PORTFÖY DÖRDÜNCÜ SERBEST (DÖVİZ) FON,07.08.2026,"22,209799",10700400.00,1,"237653735,93"
RDT,PHİLLİP PORTFÖY RODOSTO SERBEST FON,07.08.2026,"0,892525",80674717.00,53,"72004171,27"
RDZ,ROTA PORTFÖY ONDOKUZUNCU SERBEST (DÖVİZ) FON,07.08.2026,"49,881371",13204342.00,119,"658650679,79"
RE6,RE-PIE PORTFÖY ALTINCI HİSSE SENEDİ SERBEST (TL) FON (HİSSE SENEDİ YOĞUN FON),07.08.2026,"1,31242",270273128.00,11,"354711880,29"
RE7,RE-PIE PORTFÖY YEDİNCİ HİSSE SENEDİ SERBEST (TL) FON (HİSSE SENEDİ YOĞUN FON),07.08.2026,"0,685107",139912.00,13,"95854,71"
RE8,RE-PIE PORTFÖY SEKİZİNCİ HİSSE SENEDİ SERBEST (TL) FON (HİSSE SENEDİ YOĞUN FON),07.08.2026,"3,338453",382532399.00,13,"1277066358,21"
RFM,ROTA PORTFÖY ENERJİ VE METAL FON SEPETİ FONU,07.08.2026,"1,045833",19343426.00,248,"20229988,71"
RGD,RE-PIE PORTFÖY AGRESİF DEĞİŞKEN FON,07.08.2026,"1,098232",25970596.00,122,"28521733,97"
RGH,RE-PIE PORTFÖY MUTLAK GETİRİ HEDEFLİ HİSSE SENEDİ SERBEST FON (HİSSE SENEDİ YOĞUN FON),07.08.2026,"1,137663",34407538.00,23,"39144173,65"
RHD,ROTA PORTFÖY HEDEF SERBEST FON,07.08.2026,"1,934236",77630222.00,12,"150155191,90"
RHI,RE-PIE PORTFÖY BİRİNCİ HİSSE SENEDİ (TL) FONU (HİSSE SENEDİ YOĞUN FON),07.08.2026,"1,661103",25038301.00,451,"41591197,05"
RHS,ROTA PORTFÖY HİSSE SENEDİ (TL) FON (HİSSE SENEDİ YOĞUN FON),07.08.2026,"7,318056",110666748.00,1571,"809865451,11"
RIA,ROTA PORTFÖY İSTATİSTİKSEL ARBİTRAJ HİSSE SENEDİ SERBEST FON (HİSSE SENEDİ YOĞUN FON),07.08.2026,"1,364285",14803392.00,48,"20196047,54"
RIH,RE-PIE PORTFÖY İKİNCİ HİSSE SENEDİ SERBEST FON (HİSSE SENEDİ YOĞUN FON),07.08.2026,"12,293361",16147539.00,1532,"198507520,46"
RIK,RE-PIE PORTFÖY İKİNCİ DEĞİŞKEN FON,07.08.2026,"5,565543",138243833.00,4509,"769401975,23"
RJG,RE-PIE PORTFÖY ALTIN KATILIM FONU,07.08.2026,"3,32525",25599900.00,556,"85126057,69"
RKC,ROTA PORTFÖY İKİNCİ DEĞİŞKEN FON,07.08.2026,"1,721988",18876078.00,275,"32504387,56"
RKH,RE-PIE PORTFÖY KATILIM HİSSE SENEDİ SERBEST (TL) FON (HİSSE SENEDİ YOĞUN FON),07.08.2026,"1,028142",8258736.00,75,"8491154,02"
RKL,AZİMUT PORTFÖY ALARKO YATIRIM BİRİNCİ SERBEST (TL) ÖZEL FON,07.08.2026,"2,725814",782602250.00,1,"2133228486,74"
RKS,ROTA PORTFÖY KİRA SERTİFİKALARI KATILIM FONU,07.08.2026,"2,00523",44469003.00,160,"89170578,97"
RKV,RE-PIE PORTFÖY KISA VADELİ KATILIM SERBEST (TL) FON,07.08.2026,"2,563073",186064451.00,239,"476896723,39"
RLH,ROTA PORTFÖY YİRMİNCİ SERBEST FON,07.08.2026,"1,668136",132959965.00,31,"221795277,47"
RO1,ROTA PORTFÖY BİRİNCİ PARA PİYASASI SERBEST FON,07.08.2026,"1,273404",173583065.00,22,"221041424,83"
ROD,ROTA PORTFÖY ODEABANK BİRİNCİ SERBEST (DÖVİZ) ÖZEL FON,07.08.2026,"55,377876",30990843.00,615,"1716207063,29"
ROF,ROTA PORTFÖY ONUNCU HİSSE SENEDİ SERBEST FON (HİSSE SENEDİ YOĞUN FON),07.08.2026,"3,188856",160490890.00,512,"511782382,04"
ROY,ROTA PORTFÖY BİRİNCİ KATILIM SERBEST FON,07.08.2026,"1,382592",482774528.00,13,"667480113,26"
RPC,ROTA PORTFÖY İKLİM DEĞİŞİKLİĞİ ÇÖZÜMLERİ DEĞİŞKEN FON,07.08.2026,"5,342695",4448127.00,550,"23764985,49"
RPD,RE-PIE PORTFÖY BİRİNCİ DEĞİŞKEN FON,07.08.2026,"14,740411",19234191.00,1938,"283519884,45"
RPE,ROTA PORTFÖY EGE SERBEST ÖZEL FON,07.08.2026,"0,00",0.00,0,"94,47"
RPG,ROTA PORTFÖY ALTIN FONU,07.08.2026,"5,981724",145326635.00,1458,"869303796,86"
RPI,ROTA PORTFÖY KATILIM HİSSE SENEDİ FONU (HİSSE SENEDİ YOĞUN FON),07.08.2026,"1,440539",9490060.00,341,"13670797,14"
RPK,ROTA PORTFÖY TGK KAR PAYI ÖDEYEN SERBEST (DÖVİZ) ÖZEL FON,07.08.2026,"63,523931",1790726.00,5,"113753954,51"
RPL,RE-PIE PORTFÖY ALGORİTMİK STRATEJİLER SERBEST FON,07.08.2026,"1,722954",71898849.00,21,"123878385,98"
RPM,ROTA PORTFÖY İLAÇ VE MEDİKAL TEKNOLOJİLERİ DEĞİŞKEN FON,07.08.2026,"4,275147",18456100.00,2826,"78902534,46"
RPN,ROTA PORTFÖY NEV SERBEST FON,07.08.2026,"5,281179",159059117.00,23,"840019677,75"
RPO,ROTA PORTFÖY FORTİS SERBEST (TL) ÖZEL FON,07.08.2026,"6,46492",242983168.00,3,"1570866642,19"
RPP,ROTA PORTFÖY PARA PİYASASI (TL) FONU,07.08.2026,"4,889721",1336405298.00,7912,"6534649377,31"
RPS,ROTA PORTFÖY BİRİNCİ SERBEST (DÖVİZ) FON,07.08.2026,"63,080479",2750135.00,98,"173479832,60"
RPT,ROTA PORTFÖY İKİNCİ SERBEST (TL) FON,07.08.2026,"5,09385",236506835.00,182,"1204730231,99"
RPU,ALBARAKA PORTFÖY ÜÇÜNCÜ KISA VADELİ KATILIM SERBEST (TL) FON,07.08.2026,"3,609269",721125459.00,12,"2602735588,30"
RPX,ROTA PORTFÖY ÜÇÜNCÜ SERBEST (DÖVİZ) FON,07.08.2026,"62,452264",9825186.00,129,"613605114,38"
RRA,ROTA PORTFÖY PARA PİYASASI SERBEST FON,07.08.2026,"1,479665",2239648592.00,222,"3313929952,28"
RRP,RE-PIE PORTFÖY PARA PİYASASI KATILIM (TL) FON,07.08.2026,"1,62198",491605679.00,84,"797374508,91"
RS1,ROTA PORTFÖY BİRİNCİ KISA VADELİ SERBEST FON,07.08.2026,"1,590268",538939526.00,125,"857058451,42"
RSF,ATA PORTFÖY İKİNCİ İSTATİSTİKSEL ARBİTRAJ SERBEST FON,07.08.2026,"4,321692",272159966.00,12,"1176191537,97"
RSK,ROTA PORTFÖY ONSEKİZİNCİ SERBEST FON,07.08.2026,"1,935821",168961809.00,337,"327079750,39"
RSY,TACİRLER PORTFÖY REGULUS SERBEST FON,07.08.2026,"1,036016",147444770.00,12,"152755148,28"
RSZ,AHLATCI PORTFÖY İKİNCİ HİSSE SENEDİ SERBEST FON (HİSSE SENEDİ YOĞUN FON),07.08.2026,"15,287312",213189701.00,25,"3259097557,42"
RTA,ROTA PORTFÖY ONİKİNCİ HİSSE SENEDİ SERBEST FON (HİSSE SENEDİ YOĞUN FON),07.08.2026,"2,210645",1836519143.00,15,"4059892108,14"
RTB,ROTA PORTFÖY ONÜÇÜNCÜ SERBEST FON,07.08.2026,"2,648812",243430573.00,11,"644801848,21"
RTD,RE-PIE PORTFÖY TEKNOLOJİ DEĞİŞKEN FON,07.08.2026,"2,04898",13051380.00,399,"26742013,87"
RTG,ATA PORTFÖY ROBOTİK TEKNOLOJİLERİ DEĞİŞKEN FON,07.08.2026,"5,698075",45249612.00,4949,"257835682,84"
RTH,RE-PIE PORTFÖY BİRİNCİ HİSSE SENEDİ SERBEST FON (HİSSE SENEDİ YOĞUN FON),07.08.2026,"6,025086",3826238.00,265,"23053413,67"
RTI,ALBARAKA PORTFÖY ALBARAKA TÜRK İKİNCİ KISA VADELİ KATILIM SERBEST (TL) FON,07.08.2026,"3,331276",7936443268.00,63,"26438481498,85"
RTP,RE-PIE PORTFÖY BİRİNCİ SERBEST FON,07.08.2026,"12,077512",26224862.00,1538,"316731075,64"
RUH,RE-PIE PORTFÖY ÜÇÜNCÜ HİSSE SENEDİ SERBEST FON (HİSSE SENEDİ YOĞUN FON),07.08.2026,"5,042325",10284016.00,15,"51855349,04"
RUT,BV PORTFÖY ROBOTİK VE UZAY TEKNOLOJİLERİ DEĞİŞKEN FON,07.08.2026,"2,496559",75727274.00,4596,"189057625,96"
RVI,ROTA PORTFÖY ONALTINCI SERBEST FON,07.08.2026,"1,278574",15019044.00,11,"19202953,54"
RVS,ROTA PORTFÖY ONBEŞİNCİ HİSSE SENEDİ SERBEST FON (HİSSE SENEDİ YOĞUN FON),07.08.2026,"2,874205",1368030245.00,19,"3931999414,51"
RYA,SPARTA PORTFÖY ARYA HİSSE SENEDİ SERBEST ÖZEL FON (HİSSE SENEDİ YOĞUN FON),07.08.2026,"1,199014",300626629.00,1,"360455490,88"
RYB,ROTA PORTFÖY YİRMİBİRİNCİ SERBEST (DÖVİZ) FON,07.08.2026,"46,505508",100035.00,11,"4652178,49"
RYD,ROTA PORTFÖY YİRMİDÖRDÜNCÜ SERBEST FON,07.08.2026,"1,424357",220975082.00,13,"314747327,68"
RYF,ROTA PORTFÖY YEDİNCİ HİSSE SENEDİ SERBEST (TL) FON (HİSSE SENEDİ YOĞUN FON),07.08.2026,"12,587679",32601102.00,33,"410372217,67"
RYU,ROTA PORTFÖY YİRMİÜÇÜNCÜ SERBEST (DÖVİZ) FON,07.08.2026,"48,507226",10526984.00,57,"510634796,40"
RZR,ROTA PORTFÖY RZR SERBEST ÖZEL FON,07.08.2026,"4,346772",3538238.00,2,"15379912,95"
SAP,AK PORTFÖY ŞEKERBANK PARA PİYASASI (TL) FONU,07.08.2026,"1,822744",208826235.00,372,"380636775,08"
SAR,İŞ PORTFÖY SARDUNYA SERBEST (DÖVİZ) ÖZEL FON,07.08.2026,"52,256503",16963803.00,9,"886469030,67"
SAS,AK PORTFÖY SABANCI TOPLULUĞU ŞİRKETLERİ ENDEKSİ HİSSE SENEDİ (TL) FONU (HİSSE SENEDİ YOĞUN FON),07.08.2026,"1,553308",611785968.00,42337,"950291872,57"
SAT,AZİMUT PORTFÖY RASAT HİSSE SENEDİ SERBEST ÖZEL FON (HİSSE SENEDİ YOĞUN FON),07.08.2026,"233,051566",7952624.00,4,"1853371476,32"
SBH,SPARTA PORTFÖY BİRİNCİ HİSSE SENEDİ SERBEST (TL) FON (HİSSE SENEDİ YOĞUN FON),07.08.2026,"1,846395",263437036.00,894,"486408737,47"
SBI,STRATEJİ PORTFÖY BİRİNCİ SERBEST (TL) FON,07.08.2026,"3,623419",9446347.00,15,"34228075,20"
SBR,STRATEJİ PORTFÖY BİRİNCİ SERBEST FON,07.08.2026,"1,292379",11528980.00,25,"14899815,37"
SBS,STRATEJİ PORTFÖY BAŞAK SERBEST (DÖVİZ) ÖZEL FON,07.08.2026,"71,014235",3424595.00,1,"243194994,68"
SCZ,AK PORTFÖY SEKİZİNCİ SERBEST FON,07.08.2026,"1,532811",53433622.00,167,"81903638,62"
SD1,SPARTA PORTFÖY BİRİNCİ DEĞİŞKEN FON,07.08.2026,"0,994746",28040421.00,63,"27893087,36"
SDA,AK PORTFÖY 2026 SERBEST (DÖVİZ) FON,07.08.2026,"50,003249",129411271.00,1096,"6470984000,23"
SEH,A1 CAPİTAL PORTFÖY SANAYİ SEKTÖRÜ HİSSE SENEDİ SERBEST (TL) FON (HİSSE SENEDİ YOĞUN FON),07.08.2026,"1,348125",69903497.00,45,"94238620,63"
SER,AK PORTFÖY 2028 SERBEST (DÖVİZ) FON,07.08.2026,"57,189281",125163073.00,829,"7157986170,25"
SFA,STATECH PORTFÖY ALPHA HİSSE SENEDİ SERBEST FON (HİSSE SENEDİ YOĞUN FON),07.08.2026,"22,76264",51814838.00,18,"1179442486,31"
SFS,AZİMUT PORTFÖY AGRESİF FON SEPETİ FONU,07.08.2026,"1,381465",22115858.00,76,"30552294,05"
SGT,GARANTİ PORTFÖY SİBER GÜVENLİK TEKNOLOJİLERİ DEĞİŞKEN FON,07.08.2026,"1,904823",98044437.00,2387,"186757298,45"
SHC,STRATEJİ PORTFÖY İKİNCİ HİSSE SENEDİ FONU (HİSSE SENEDİ YOĞUN FON),07.08.2026,"1,02091",54289700.00,104,"55424878,09"
SHE,TEB PORTFÖY ÖNCE KADIN DEĞİŞKEN FON,07.08.2026,"3,530069",14970935.00,649,"52848428,49"
SHI,PARDUS PORTFÖY SEKİZİNCİ HİSSE SENEDİ SERBEST (TL) FON (HİSSE SENEDİ YOĞUN FON),07.08.2026,"0,163891",4139493610.00,46,"678427325,98"
SHU,SPARTA PORTFÖY ÜÇÜNCÜ HİSSE SENEDİ SERBEST (TL) FON (HİSSE SENEDİ YOĞUN FON),07.08.2026,"1,347476",82647262.00,16,"111365207,72"
SIA,SPARTA PORTFÖY BİRİNCİ İSTATİSTİKSEL ARBİTRAJ HİSSE SENEDİ SERBEST (TL) FON (HİSSE SENEDİ YOĞUN FON),07.08.2026,"0,943777",145605063.00,12,"137418751,24"
SIS,SPARTA PORTFÖY İKİNCİ HİSSE SENEDİ SERBEST (TL) FON (HİSSE SENEDİ YOĞUN FON),07.08.2026,"0,283394",124501353.00,11,"35282938,71"
SJP,STRATEJİ PORTFÖY KAR PAYI ÖDEYEN İKİNCİ SERBEST (DÖVİZ) FON,07.08.2026,"61,499215",5222274.00,29,"321165751,85"
SKL,TEB PORTFÖY ŞEKERBANK PARA PİYASASI (TL) FONU,07.08.2026,"2,003777",73478851.00,749,"147235200,56"
SKO,STRATEJİ PORTFÖY KAR PAYI ÖDEYEN HİSSE SENEDİ FONU (HİSSE SENEDİ YOĞUN FON),07.08.2026,"1,648849",136040223.00,3473,"224309805,63"
SKS,İŞ PORTFÖY ASKA SERBEST (DÖVİZ) ÖZEL FON,07.08.2026,"50,51058",25000000.00,3,"1262764510,85"
SKT,FİBA PORTFÖY ŞEKERBANK KISA VADELİ BORÇLANMA ARAÇLARI FONU,07.08.2026,"0,11509",312439496.00,2021,"35958707,61"
SKZ,NEO PORTFÖY SEKİZİNCİ SERBEST FON,07.08.2026,"0,997812",122770755.00,805,"122502093,86"
SLF,ROTA PORTFÖY ŞEKERBANK PARA PİYASASI (TL) FONU,07.08.2026,"11,146634",109152992.00,6853,"1216688489,30"
SLG,QNB PORTFÖY ALGORİTMİK STRATEJİLER HİSSE SENEDİ FONU (HİSSE SENEDİ YOĞUN FON),07.08.2026,"1,369988",343585581.00,793,"470708152,82"
SLR,QNB PORTFÖY SOLARİS SERBEST ÖZEL FON,07.08.2026,"0,366519",3796699149.00,5,"1391563600,63"
SLS,ALLBATROSS PORTFÖY SELEN SERBEST FON,07.08.2026,"0,615316",602678.00,12,"370837,42"
SMP,İŞ PORTFÖY SOMPO SİGORTA KAR PAYI ÖDEYEN SERBEST (TL) ÖZEL FON,07.08.2026,"1,028469",1400000000.00,1,"1439857143,28"
SNY,ATLAS PORTFÖY SANAYİ SEKTÖRÜ HİSSE SENEDİ SERBEST FON (HİSSE SENEDİ YOĞUN FON),07.08.2026,"1,393546",357157654.00,542,"497715716,82"
SOS,HEDEF PORTFÖY SAĞLIK SEKTÖRÜ DEĞİŞKEN FON,07.08.2026,"1,536758",12007325.00,293,"18452353,07"
SPA,AZIMUT PORTFÖY 6.0 SERBEST (DÖVIZ) FON,07.08.2026,"69,267358",44879629.00,200,"3108693312,42"
SPD,AZIMUT PORTFÖY BEG SERBEST (DÖVIZ) ÖZEL FON,07.08.2026,"81,302942",4234300.00,1,"344261047,75"
SPE,AZIMUT PORTFÖY 5.0 SERBEST (DÖVIZ) FON,07.08.2026,"106,848793",38106824.00,1219,"4071668142,17"
SPN,AZİMUT PORTFÖY İSTATİSTİKSEL ARBİTRAJ HİSSE SENEDİ SERBEST FON (HİSSE SENEDİ YOĞUN FON),07.08.2026,"9,86876",158812007.00,391,"1567277644,00"
SPP,SPARTA PORTFÖY BİRİNCİ PARA PİYASASI (TL) FONU,07.08.2026,"1,573618",396173967.00,767,"623426390,84"
SPR,BV PORTFÖY SPOR ENDÜSTRİSİ DEĞİŞKEN FON,07.08.2026,"1,341126",7051980.00,164,"9457593,63"
SPT,AKTİF PORTFÖY KATILIM FON SEPETİ FONU,07.08.2026,"2,123617",46007199.00,810,"97701651,08"
SRA,AZİMUT PORTFÖY ASERVA SERBEST ÖZEL FON,07.08.2026,"16,049495",140896981.00,1,"2261325417,89"
SRE,AZİMUT PORTFÖY SİRİUS SERBEST (DÖVİZ) ÖZEL FON,07.08.2026,"62,746461",15651197.00,1,"982057229,59"
SRL,PARDUS PORTFÖY SÜRDÜRÜLEBİLİRLİK HİSSE SENEDİ (TL) FONU (HİSSE SENEDİ YOĞUN FON),07.08.2026,"1,775666",149910453.00,3962,"266190941,11"
SRO,AZİMUT PORTFÖY SKY HİSSE SENEDİ SERBEST ÖZEL FON (HİSSE SENEDİ YOĞUN FON),07.08.2026,"27,737787",278754881.00,6,"7732043622,59"
SSD,İŞ PORTFÖY SET SERBEST (DÖVİZ) ÖZEL FON,07.08.2026,"53,357259",10332627.00,1,"551320650,14"
SSE,ATLAS PORTFÖY İKİNCİ SERBEST FON,07.08.2026,"0,003391",31489377264.00,11,"106787595,56"
SSF,INVEO PORTFÖY SEKİZİNCİ SERBEST FON,07.08.2026,"0,957115",1293647.00,15,"1238168,97"
SSK,DENİZ PORTFÖY SAĞLIK SEKTÖRÜ DEĞİŞKEN FON,07.08.2026,"1,698466",27946347.00,580,"47465906,31"
SSN,DENİZ PORTFÖY 880 SERBEST (DÖVİZ) ÖZEL FON,07.08.2026,"58,621594",13048469.00,4,"764922048,55"
SSO,AK PORTFÖY AK SANDIK SERBEST ÖZEL FON,07.08.2026,"14,705083",509878048.00,1,"7497799111,32"
SSS,YAPI KREDİ PORTFÖY SAVUNMA SANAYİİ ŞİRKETLERİ ENDEKSİ HİSSE SENEDİ FONU (HİSSE SENEDİ YOĞUN FON),07.08.2026,"1,397787",186607256.00,5168,"260837109,76"
SST,STRATEJİ PORTFÖY İSTATİSTİKSEL ARBİTRAJ SERBEST FON,07.08.2026,"1,595359",5900512.00,22,"9413437,61"
ST1,STRATEJİ PORTFÖY BİRİNCİ HİSSE SENEDİ FONU (HİSSE SENEDİ YOĞUN FON),07.08.2026,"184,948178",3477265.66,2546,"643113949,45"
STI,ATLAS PORTFÖY SENTİMENT SERBEST FON,07.08.2026,"1,226926",145219887.00,70,"178174059,26"
STM,ALLBATROSS PORTFÖY ALGORİTMİK STRATEJİLER SERBEST FON,07.08.2026,"3,20472",119351.00,12,"382486,54"
STS,STRATEJİ PORTFÖY BİRİNCİ SERBEST (DÖVİZ) FON,07.08.2026,"85,133559",4867215.00,27,"414363336,58"
STZ,STRATEJİ PORTFÖY HİSSE SENEDİ SERBEST FON (HİSSE SENEDİ YOĞUN FON),07.08.2026,"23,832248",21705953.00,83,"517301659,69"
SUA,ÜNLÜ PORTFÖY BİRİNCİ DEĞİŞKEN FON,07.08.2026,"0,584939",3875509527.00,1182,"2266935322,07"
SUB,ÜNLÜ PORTFÖY İKİNCİ DEĞİŞKEN FON,07.08.2026,"0,384859",278704747.00,769,"107261951,69"
SUC,ÜNLÜ PORTFÖY ÜÇÜNCÜ DEĞIŞKEN FON,07.08.2026,"22,706032",26737517.00,511,"607102927,01"
SUR,EMAA BLUE PORTFÖY SÜRDÜRÜLEBİLİRLİK HİSSE SENEDİ FONU (HİSSE SENEDİ YOĞUN FON),07.08.2026,"1,117398",187652687.00,89,"209682648,46"
SVB,STRATEJİ PORTFÖY AGRESİF DEĞİŞKEN FON,07.08.2026,"9,201351",26690969.00,1356,"245592978,70"
SVS,AZİMUT PORTFÖY SVS SERBEST ÖZEL FON,07.08.2026,"2,641211",414228781.00,1,"1094065415,84"
SVY,DENİZ PORTFÖY TTSVY HİSSE SENEDİ SERBEST ÖZEL FON (HİSSE SENEDİ YOĞUN FON),07.08.2026,"2,146145",2121497923.00,2,"4553041311,08"
SYF,AZİMUT PORTFÖY KLM HİSSE SENEDİ SERBEST ÖZEL FON (HİSSE SENEDİ YOĞUN FON),07.08.2026,"225,507139",7466854.00,6,"1683828885,68"
SYL,AZİMUT PORTFÖY SYH HİSSE SENEDİ SERBEST ÖZEL FON (HİSSE SENEDİ YOĞUN FON),07.08.2026,"4636,120577",276806.00,1,"1283305992,30"
SYR,AZİMUT PORTFÖY 25.0 SERBEST (DÖVİZ) FON,07.08.2026,"49,228914",6200862.00,22,"305261703,11"
SYS,YAPI KREDİ PORTFÖY ŞUBAT 2028 KAR PAYI ÖDEYEN SERBEST (DÖVİZ) FON,07.08.2026,"48,628215",36065007.00,121,"1753776914,09"
T3B,TERA PORTFÖY ÜÇÜNCÜ  HİSSE SENEDİ SERBEST (TL) FON (HİSSE SENEDİ YOĞUN),07.08.2026,"0,104259",111334926835.00,16,"11607632810,47"
TAL,ATLAS PORTFÖY ALTIN KATILIM FONU,07.08.2026,"2,644559",12710623.00,729,"33613996,27"
TAO,TEB PORTFÖY ALARKO GRUBU DEĞİŞKEN ÖZEL FON,07.08.2026,"20,87855",52856435.00,1,"1103565708,57"
TAR,AK PORTFÖY TARIM VE GIDA TEKNOLOJİLERİ DEĞİŞKEN FON,07.08.2026,"2,53968",53893201.00,6873,"136871503,11"
TAU,İŞ PORTFÖY BIST BANKA ENDEKSİ HİSSE SENEDİ (TL) FONU (HİSSE SENEDİ YOĞUN FON),07.08.2026,"0,604255",3824622948.00,35545,"2311046136,73"
TAZ,AZİMUT PORTFÖY TAF HİSSE SENEDİ SERBEST ÖZEL FON (HİSSE SENEDİ YOĞUN FON),07.08.2026,"2,415831",471518068.00,2,"1139108158,36"
TB9,TEB PORTFÖY DOKUZUNCU SERBEST (DÖVİZ) FON,07.08.2026,"52,871641",754754653.00,10790,"39905117270,67"
TBP,İŞ PORTFÖY PRİVİA BANKACILIK FON SEPETİ ÖZEL FONU,07.08.2026,"0,27766",1663154129.00,200,"461791037,22"
TBT,TEB PORTFÖY BORÇLANMA ARAÇLARI FONU,07.08.2026,"52,601304",7338709.52,2462,"386025686,84"
TBV,İŞ PORTFÖY ÖZEL SEKTÖR BORÇLANMA ARAÇLARI (TL) FONU,07.08.2026,"0,404378",3019475452.00,7890,"1221008066,09"
TCA,ZİRAAT PORTFÖY ALTIN KATILIM FONU,07.08.2026,"0,752603",17759593041.44,45786,"13365921796,51"
TCB,TACİRLER PORTFÖY PARA PİYASASI FONU,07.08.2026,"0,231343",13645098472.00,4699,"3156703187,64"
TCC,TACİRLER PORTFÖY SERBEST ( DÖVİZ ) FON,07.08.2026,"0,079705",5514071293.00,337,"439499722,01"
TCD,TACİRLER PORTFÖY DEĞIŞKEN FON,07.08.2026,"48,286747",30354288.00,11889,"1465709815,44"
TCF,TEB PORTFÖY ÜÇÜNCÜ FON SEPETİ FONU,07.08.2026,"4,47128",756082435.00,2774,"3380656641,67"
TCG,TEB PORTFÖY CEMAY HİSSE SENEDİ SERBEST ÖZEL FON (HİSSE SENEDİ YOĞUN FON),07.08.2026,"1,313892",141657132.00,1,"186122127,30"
TCH,TACİRLER PORTFÖY TAÇ SERBEST FON,07.08.2026,"2,209863",107830926.00,60,"238291544,54"
TCI,TACİRLER PORTFÖY İSTATİSTİKSEL ARBİTRAJ SERBEST FON,07.08.2026,"11,320439",121429349.00,15,"1374633481,06"
TCS,TACİRLER PORTFÖY SİRİUS HİSSE SENEDİ SERBEST FON (HİSSE SENEDİ YOĞUN FON),07.08.2026,"42,241684",33987356.00,44,"1435683149,75"
TDG,İŞ PORTFÖY YABANCI BORÇLANMA ARAÇLARI FONU,07.08.2026,"0,523488",1380263155.00,2073,"722551260,64"
TDP,TEB PORTFÖY İKİNCİ SERBEST (DÖVİZ) FON,07.08.2026,"59,331432",5459727.00,44,"323933423,74"
TE3,TEB PORTFÖY MUTLAK GETİRİ HEDEFLİ DEĞİŞKEN FON,07.08.2026,"39,422352",28003324.00,2855,"1103956884,72"
TE4,TEB PORTFÖY BİRİNCİ DEĞİŞKEN FON,07.08.2026,"6,434562",265425112.00,1443,"1707894317,16"
TEJ,AZİMUT PORTFÖY TEKNOLOJİ FON SEPETİ FONU,07.08.2026,"2,698587",257440798.00,1287,"694726284,50"
TFE,AKTİF PORTFÖY TÜRKİYE FİNANS ALA BANKACILIK KATILIM ÖZEL FONU,07.08.2026,"2,791088",12171657.00,110,"33972160,97"
TFF,TEB PORTFÖY AMERİKA TEKNOLOJİ YABANCI BYF FON SEPETİ FONU,07.08.2026,"42,883584",32040570.00,8840,"1374014476,16"
TFU,İŞ PORTFÖY TÜFEYE ENDEKSLİ BORÇLANMA ARAÇLARI (TL) FONU,07.08.2026,"1,276368",412783514.00,1432,"526863567,83"
TGA,GARANTİ PORTFÖY AGRESİF DEĞİŞKEN FON,07.08.2026,"0,476695",1724186139.00,6284,"821910087,30"
TGE,İŞ PORTFÖY EMTİA YABANCI BYF FON SEPETİ FONU,07.08.2026,"0,280364",10823411008.00,37358,"3034491948,67"
TGN,TEB PORTFÖY ING BANK PARA PİYASASI SERBEST (TL) ÖZEL FON,07.08.2026,"1,428156",1891107923.00,2087,"2700797912,30"
TGR,AK PORTFÖY TURİZM VE SEYAHAT SEKTÖRÜ DEĞİŞKEN FON,07.08.2026,"7,032834",16776914.00,5794,"117989250,85"
TGT,GARANTİ PORTFÖY KISA VADELİ BORÇLANMA ARAÇLARI FONU,07.08.2026,"0,117917",27252371556.00,61066,"3213519524,46"
TGV,TACİRLER PORTFÖY KG SERBEST ÖZEL FON,07.08.2026,"12,750498",636256656.00,13,"8112589356,10"
TGZ,TACİRLER PORTFÖY SPİCA SERBEST (TL) FON,07.08.2026,"6,069334",181628509.00,12,"1102364044,27"
THD,TRIVE PORTFÖY BİRİNCİ HİSSE SENEDİ (TL) FON (HİSSE SENEDİ YOĞUN FON),07.08.2026,"2,680506",3223034.00,206,"8639362,41"
THF,TERA PORTFÖY HİSSE SENEDİ (TL) FONU (HİSSE SENEDİ YOĞUN FON),07.08.2026,"2,218714",758158848.00,7728,"1682137900,30"
THG,TACİRLER PORTFÖY ODEABANK SERBEST ÖZEL FON,07.08.2026,"7,062777",24267117.00,178,"171393238,76"
THH,DENİZ PORTFÖY CCO HİSSE SENEDİ SERBEST ÖZEL FON (HİSSE SENEDİ YOĞUN FON),07.08.2026,"118,28291",12758502.00,1,"1509112738,33"
THO,AZİMUT PORTFÖY 20.0 SERBEST (DÖVİZ) FON,07.08.2026,"49,946621",95641072.00,12,"4776948360,58"
THS,AZİMUT PORTFÖY AEB SERBEST (DÖVİZ) ÖZEL FON,07.08.2026,"63,045102",6560674.00,1,"413618360,24"
THT,TRİVE PORTFÖY HİSSE SENEDİ SERBEST FON (HİSSE SENEDİ YOĞUN FON),07.08.2026,"0,191241",33262202.00,329,"6361081,85"
THV,ATA PORTFÖY BARBAROS HİSSE SENEDİ SERBEST (TL) FON (HİSSE SENEDİ YOĞUN FON),07.08.2026,"58,307748",45097776.00,17,"2629549766,06"
TI1,İŞ PORTFÖY PARA PİYASASI (TL) FONU,07.08.2026,"1641,190162",134639835.65,239045,"220969573723,98"
TI2,İŞ PORTFÖY HİSSE SENEDİ (TL) FONU (HİSSE SENEDİ YOĞUN FON),07.08.2026,"0,126116",27257518873.00,20914,"3437602426,75"
TI3,İŞ PORTFÖY İŞ BANKASI İŞTİRAKLERİ ENDEKSİ HİSSE SENEDİ (TL) FONU (HİSSE SENEDİ YOĞUN FON),07.08.2026,"0,11359",18262498013.00,22173,"2074436249,91"
TI4,İŞ PORTFÖY TEMKİNLİ DEĞİŞKEN FON,07.08.2026,"0,063964",31525972911.00,14178,"2016521310,33"
TI6,İŞ PORTFÖY BORÇLANMA ARAÇLARI (TL) FONU,07.08.2026,"0,052736",10108973937.00,4774,"533111683,52"
TI7,İŞ PORTFÖY DENGELİ DEĞİŞKEN FON,07.08.2026,"77,299305",15183917.00,9776,"1173706238,79"
TIE,İŞ PORTFÖY BIST 30 ENDEKSİ HİSSE SENEDİ (TL) FONU (HİSSE SENEDİ YOĞUN FON),07.08.2026,"0,722406",2341489788.00,18768,"1691505199,99"
TIL,İŞ PORTFÖY KATILIM HİSSE SENEDİ (TL) FONU (HİSSE SENEDİ YOĞUN FON),07.08.2026,"1,352134",66365083.00,1685,"89734458,59"
TIP,TEB PORTFÖY ING BANK ÖZEL BANKACILIK VE PLATİNUM SERBEST (DÖVİZ) ÖZEL FON,07.08.2026,"49,463258",945970.00,5,"46790758,40"
TIV,İŞ PORTFÖY KISA VADELİ BORÇLANMA ARAÇLARI (TL) FONU,07.08.2026,"52,170959",390021635.11,112193,"20347802668,95"
TJB,TACİRLER PORTFÖY BDR SERBEST ÖZEL FON,07.08.2026,"9,732296",81702428.00,1,"795152231,71"
TJF,TEB PORTFÖY SÜRDÜRÜLEBİLİRLİK FON SEPETİ FONU,07.08.2026,"5,259825",10215215.00,550,"53730240,56"
TJI,TEB PORTFÖY İKİNCİ FON SEPETİ FONU,07.08.2026,"6,269934",92474567.00,924,"579809389,47"
TJL,AZİMUT PORTFÖY TAYD HİSSE SENEDİ SERBEST ÖZEL FON (HİSSE SENEDİ YOĞUN FON),07.08.2026,"22,825061",67991041.00,4,"1551899656,48"
TJT,TEB PORTFÖY ALTINCI SERBEST (DÖVİZ-AVRO) FON,07.08.2026,"67,469759",34074395.00,1865,"2298991202,27"
TKF,TACİRLER PORTFÖY HİSSE SENEDİ FONU (HİSSE SENEDİ YOĞUN FON),07.08.2026,"67,116613",14414868.00,4337,"967477109,89"
TKH,AZIMUT PORTFÖY TKS SERBEST (TL) ÖZEL FON,07.08.2026,"2,148982",204228599.00,1,"438883556,84"
TKK,İŞ PORTFÖY KUMBARA HESABI FON SEPETİ ÖZEL FON,07.08.2026,"1,74611",1036297800.00,113571,"1809489842,13"
TKM,TEB PORTFÖY PARA PİYASASI (TL) FONU,07.08.2026,"0,212158",339707873572.00,505918,"72071819380,58"
TLC,TEB PORTFÖY ALTERNATİFBANK DEĞİŞKEN ÖZEL FON,07.08.2026,"1,034299",274391781.00,215,"283803021,68"
TLE,AURA PORTFÖY YABANCI BORÇLANMA ARAÇLARI FONU,07.08.2026,"27,976606",18781758.00,939,"525449841,33"
TLH,AURA PORTFÖY HİSSE SENEDİ FONU (HİSSE SENEDİ YOĞUN FON),07.08.2026,"26,93182",4779217.00,341,"128713011,06"
TLK,AKTİF PORTFÖY PARA PİYASASI KATILIM (TL) FONU,07.08.2026,"1,74232",1972218195.00,1023,"3436234329,74"
TLT,TEB PORTFÖY YAHŞİ SERBEST (DÖVİZ) ÖZEL FON,07.08.2026,"70,188401",5663669.00,1,"397523868,52"
TLU,TEB PORTFÖY ONİKİNCİ SERBEST (DÖVİZ) FON,07.08.2026,"53,048525",166311216.00,518,"8822564722,83"
TLV,TERA PORTFÖY PARA PİYASASI KATILIM (TL) FONU,07.08.2026,"1,342683",2822499205.00,9813,"3789722406,24"
TLY,TERA PORTFÖY BİRİNCİ SERBEST FON,07.08.2026,"8333,53283",30157892.00,99770,"251321783060,45"
TLZ,ATA PORTFÖY KATILIM HİSSE SENEDİ (TL) FONU (HİSSE SENEDİ YOĞUN FON),07.08.2026,"18,97656",3572384.00,879,"67791559,99"
TMC,İŞ PORTFÖY TEMA DEĞİŞKEN FON,07.08.2026,"0,162682",988277619.00,11763,"160774623,08"
TMG,İŞ PORTFÖY YABANCI HİSSE SENEDİ FONU,07.08.2026,"1,452598",3392028775.00,34070,"4927253849,84"
TMH,ALLBATROSS PORTFÖY ATMACA HİSSE SENEDİ SERBEST FON (HİSSE SENEDİ YOĞUN FON),07.08.2026,"0,00",0.00,12,"0,00"
TMM,TERA PORTFÖY İKİNCİ SERBEST (DÖVİZ) FON,07.08.2026,"71,317523",12561441.00,1305,"895850861,54"
TMR,TEB PORTFÖY MAKRO SERBEST ÖZEL FON,07.08.2026,"7,448166",1200475000.00,1,"8941337398,84"
TMS,TACİRLER PORTFÖY MARATON SERBEST FON,07.08.2026,"2,058907",188911191.00,86,"388950590,96"
TMU,AZİMUT PORTFÖY TEMKİNLİ FON SEPETİ FONU,07.08.2026,"1,403152",42636399.00,93,"59825344,39"
TMV,TERA PORTFÖY ALGORİTMİK STRATEJİLER SERBEST FON,07.08.2026,"8,819486",3502081563.00,10236,"30886559808,24"
TMZ,İŞ PORTFÖY SÜRDÜRÜLEBİLİRLİK VE TARIM FON SEPETİ FONU,07.08.2026,"1,932549",25971368.00,2546,"50190953,91"
TNB,TEB PORTFÖY ING BANK KAR PAYI ÖDEYEN SERBEST (DÖVİZ) ÖZEL FON,07.08.2026,"49,825493",14235255.00,82,"709278597,45"
TND,İŞ PORTFÖY TTF TENİSE DESTEK DEĞİŞKEN FON,07.08.2026,"1,481106",129403647.00,477,"191660572,82"
TNF,TEB PORTFÖY ONUNCU SERBEST (TL) ÖZEL FON,07.08.2026,"4,189622",1216123947.00,3,"5095099407,72"
TNH,TACİRLER PORTFÖY REAL CAPİTAL SERBEST ÖZEL FON,07.08.2026,"12,409108",85000.00,2,"1054774,18"
TNI,TEB PORTFÖY ING BANK ÖZEL BANKACILIK VE PLATİNUM DEĞİŞKEN ÖZEL FON,07.08.2026,"11,123344",702493345.00,2671,"7814074962,60"
TNK,TEB PORTFÖY KISA VADELİ BORÇLANMA ARAÇLARI (TL) FONU,07.08.2026,"33,296443",104956537.00,74211,"3494679328,30"
TNS,TACİRLER PORTFÖY NAR SERBEST FON,07.08.2026,"12,728141",7290358.00,16,"92792706,75"
TO8,TEB PORTFÖY ONSEKİZİNCİ SERBEST (DÖVİZ-AVRO) FON,07.08.2026,"55,872192",12561096.00,100,"701815965,10"
TOK,TEB PORTFÖY ONBİRİNCİ SERBEST (DÖVİZ - AVRO) FON,07.08.2026,"58,357591",413136944.00,7025,"24109676712,48"
TOT,TEB PORTFÖY ÖZEL SEKTÖR BORÇLANMA ARAÇLARI FONU,07.08.2026,"939,090537",123962.00,647,"116411541,15"
TP1,TEB PORTFÖY UYUM SERBEST (DÖVİZ) ÖZEL FON,07.08.2026,"67,408046",5611179.00,1,"378238612,51"
TP2,TERA PORTFÖY PARA PİYASASI (TL) FONU,07.08.2026,"2,13159",86531307150.00,147119,"184449228222,55"
TPC,TEB PORTFÖY KIYMETLİ MADENLER FON SEPETİ FONU,07.08.2026,"12,798199",464113883.00,12854,"5939821789,16"
TPE,İŞ PORTFÖY PY EUROBOND BORÇLANMA ARAÇLARI (DÖVİZ) ÖZEL FONU,07.08.2026,"0,54377",4397847583.00,34,"2391418477,07"
TPF,TACİRLER PORTFÖY BORÇLANMA ARAÇLARI FONU,07.08.2026,"10,904549",11259605.00,518,"122780918,38"
TPJ,TEB PORTFÖY BİRİNCİ SERBEST (DÖVİZ) FON,07.08.2026,"77,579347",31471221.00,1484,"2441516778,05"
TPL,TEB PORTFÖY EUROBOND (DÖVİZ) BORÇLANMA ARAÇLARI FONU,07.08.2026,"20,996544",23802236.01,1520,"499764690,91"
TPO,İŞ PORTFÖY PY ÖZEL SEKTÖR BORÇLANMA ARAÇLARI (TL) ÖZEL FONU,07.08.2026,"0,178455",585531154.00,3,"104491103,15"
TPP,TEB PORTFÖY PUSULA SERBEST FON,07.08.2026,"75,268507",24183000.00,389,"1820218307,09"
TPR,İŞ PORTFÖY PY HİSSE SENEDİ (TL) ÖZEL FONU (HİSSE SENEDİ YOĞUN FON),07.08.2026,"0,467503",40865644.00,1,"19104818,61"
TPV,AURA PORTFÖY İKİNCİ DEĞİŞKEN FON,07.08.2026,"10,524008",759589.00,44,"7993920,67"
TPZ,TEB PORTFÖY KİRA SERTİFİKALARI (DÖVİZ) KATILIM FONU,07.08.2026,"28,182667",4224681.00,1505,"119062776,73"
TRJ,TERA PORTFÖY BİRİNCİ BORÇLANMA ARAÇLARI (TL) FONU,07.08.2026,"2,127086",999733222.00,3920,"2126518090,36"
TRN,AZİMUT PORTFÖY CO HİSSE SENEDİ SERBEST ÖZEL FON (HİSSE SENEDİ YOĞUN FON),07.08.2026,"1,056565",1829123080.00,1,"1932587275,35"
TRO,TRIVE PORTFÖY ALTIN FONU,07.08.2026,"2,43202",11853596.00,393,"28828176,66"
TRR,TEB PORTFÖY BEŞİNCİ SERBEST (TL) FONU,07.08.2026,"6,340688",374720878.00,461,"2375988196,95"
TRU,TERA PORTFÖY KATILIM SERBEST (DÖVİZ) FON,07.08.2026,"1,49757",195994990.00,248,"293516303,03"
TSI,İŞ PORTFÖY MAKSİMUM HESAP KISA VADELİ BORÇLANMA ARAÇLARI (TL) FONU,07.08.2026,"0,203831",111375889318.00,79292,"22701849576,47"
TSP,AZİMUT PORTFÖY TESA SERBEST (DÖVİZ) ÖZEL FON,07.08.2026,"70,022796",24536763.00,5,"1718132754,17"
TTA,İŞ PORTFÖY ALTIN FONU,07.08.2026,"0,602791",42791739710.00,221762,"25794459723,30"
TTE,İŞ PORTFÖY BIST TEKNOLOJİ AĞIRLIK SINIRLAMALI ENDEKSİ HİSSE SENEDİ (TL) FONU (HİSSE SENEDİ YOĞUN FON),07.08.2026,"1,704416",2293777617.00,45471,"3909551835,84"
TTL,TACİRLER PORTFÖY KARTOPU SERBEST FON,07.08.2026,"38,210993",7920040.00,382,"302632596,84"
TTP,TEB PORTFÖY ÜÇÜNCÜ SERBEST (DÖVİZ) FON,07.08.2026,"51,020441",17213905.00,106,"878261028,61"
TTS,TEB PORTFÖY DÖRDÜNCÜ SERBEST (DÖVİZ) ÖZEL FON,07.08.2026,"69,347742",31086506.00,1,"2155779001,96"
TTV,TACİRLER PORTFÖY VEGA SERBEST (TL)  FON,07.08.2026,"8,666043",331486303.00,33,"2872674541,35"
TTZ,DENİZ PORTFÖY EGE HİSSE SENEDİ SERBEST ÖZEL FON (HİSSE SENEDİ YOĞUN FON),07.08.2026,"3,656663",64074841.00,7,"234300077,40"
TUA,TEB PORTFÖY ALTIN FONU,07.08.2026,"1,402494",10525041904.21,31745,"14761306604,31"
TVE,EMAA BLUE PORTFÖY TARIM VE GIDA SEKTÖRÜ KATILIM FONU,07.08.2026,"1,113676",252566658.00,292,"281277414,01"
TVN,TRIVE PORTFÖY BİRİNCİ FON SEPETİ FONU,07.08.2026,"2,850432",2752506.00,527,"7845831,79"
TYH,TEB PORTFÖY HİSSE SENEDİ FONU (HİSSE SENEDİ YOĞUN FON),07.08.2026,"2,015294",555298530.84,6369,"1119089583,54"
TZC,ZİRAAT PORTFÖY BÜYÜYEN ÇOCUKLARA YÖNELİK DEĞİŞKEN ÖZEL FON,07.08.2026,"0,303104",99711388.00,1137,"30222931,31"
TZD,ZİRAAT PORTFÖY HİSSE SENEDİ FONU (HİSSE SENEDİ YOĞUN FON),07.08.2026,"2,451429",270569899.05,7886,"663282919,66"
TZH,ZİRAAT PORTFÖY TZH SERBEST ÖZEL FON,07.08.2026,"8,303834",7195513139.00,1,"59750346102,83"
TZL,ZİRAAT PORTFÖY PARA PİYASASI (TL) FONU,07.08.2026,"0,136104",691797150432.17,181212,"94156455679,11"
TZP,TACİRLER PORTFÖY RİGEL SERBEST ÖZEL FON,07.08.2026,"13,999759",79087453.00,14,"1107205269,54"
TZT,ZİRAAT PORTFÖY BORÇLANMA ARAÇLARI (TL) FONU,07.08.2026,"0,16616",1835384026.04,5789,"304967925,06"
TZV,ZİRAAT PORTFÖY KISA VADELİ BORÇLANMA ARAÇLARI (TL) FONU,07.08.2026,"934,061586",25647896.50,133017,"23956714883,67"
UAB,ÜNLÜ PORTFÖY BONCUK SERBEST (DÖVİZ) ÖZEL FON,07.08.2026,"5,373382",118042548.00,2,"634287719,57"
UAP,ÜNLÜ PORTFÖY ALTINCI SERBEST (DÖVİZ) ÖZEL FON,07.08.2026,"70,188237",6566450.00,1,"460887548,16"
UCN,AK PORTFÖY FNM HİSSE SENEDİ SERBEST ÖZEL FON (HİSSE SENEDİ YOĞUN FON),07.08.2026,"1,986356",544929973.00,2,"1082424659,18"
UCP,AK PORTFÖY ÜÇÜNCÜ PARA PİYASASI SERBEST (TL) FON,07.08.2026,"1,305608",21052612546.00,25,"27486465972,43"
UFH,AZİMUT PORTFÖY EE SERBEST (DÖVİZ) ÖZEL FON,07.08.2026,"72,163343",3676299.00,1,"265294026,13"
UHL,AZİMUT PORTFÖY ARUNA SERBEST (DÖVİZ) ÖZEL FON,07.08.2026,"72,781978",35723760.00,1,"2600045924,23"
UHS,ATLAS PORTFÖY ÜÇÜNCÜ HİSSE SENEDİ SERBEST FON (HİSSE SENEDİ YOĞUN FON),07.08.2026,"6,945474",53811937.00,13,"373749398,99"
ULH,ÜNLÜ PORTFÖY ONUNCU SERBEST FON,07.08.2026,"6,682266",196657787.00,245,"1314119735,03"
ULL,QNB PORTFÖY SEKİZİNCİ SERBEST (DÖVİZ) ÖZEL FON,07.08.2026,"70,176073",4096995.00,3,"287511020,29"
UNT,İŞ PORTFÖY ÜÇÜNCÜ SERBEST (TL) FON,07.08.2026,"1,541608",13087967884.00,262,"20176513922,93"
UP1,ÜNLÜ PORTFÖY ALTIN FONU,07.08.2026,"6,017162",218259695.00,1477,"1313303920,01"
UP2,ÜNLÜ PORTFÖY PARA PİYASASI SERBEST FON,07.08.2026,"4,156729",631012752.14,301,"2622949065,63"
UPD,ÜNLÜ PORTFÖY DÖRDÜNCÜ SERBEST (DÖVIZ) FON,07.08.2026,"21,824383",117229802.00,259,"2558468111,65"
UPH,ÜNLÜ PORTFÖY HİSSE SENEDİ (TL) FONU(HİSSE SENEDİ YOĞUN FON),07.08.2026,"29,887085",5916147.00,532,"176816386,05"
UPP,ÜNLÜ PORTFÖY PARA PİYASASI (TL) FONU,07.08.2026,"6,929491",382194767.00,912,"2648415132,62"
UPS,ÜNLÜ PORTFÖY SESA SERBEST ÖZEL FON,07.08.2026,"4,91788",211105000.00,1,"1038188986,60"
URA,ATA PORTFÖY ENERJİ DEĞİŞKEN FON,07.08.2026,"1,852723",380338439.00,9685,"704661879,30"
URC,AK PORTFÖY ONUNCU SERBEST (DÖVİZ) FON,07.08.2026,"55,223073",2940572.00,151,"162387422,37"
URD,ALBARAKA PORTFÖY ÜÇÜNCÜ KATILIM SERBEST (DÖVİZ-ABD DOLARI) FON,07.08.2026,"49,668621",218638822.00,12,"10859488887,56"
URG,AK PORTFÖY BİRİNCİ SERBEST (DÖVİZ) ÖZEL FON,07.08.2026,"75,282249",7502752.00,1,"564824046,58"
URM,AK PORTFÖY ÖPY ALTINCI SERBEST (DÖVİZ) ÖZEL FON,07.08.2026,"48,474499",93969560.00,5,"4555127306,15"
URS,AK PORTFÖY ORKİDE SERBEST ÖZEL FON,07.08.2026,"3,66363",262089128.00,1,"960197489,26"
URV,AK PORTFÖY GELİNCİK SERBEST ÖZEL FON,07.08.2026,"3,226433",2685399860.00,2,"8664263770,72"
USS,AZİMUT PORTFÖY UNİCO SİGORTA SERBEST (TL) ÖZEL FON,07.08.2026,"3,792918",1084034643.00,1,"4111654221,36"
UST,İŞ PORTFÖY ÜÇÜNCÜ SERBEST (TL) ÖZEL FON,07.08.2026,"4,147408",468839001.00,1,"1944466470,07"
USY,ÜNLÜ PORTFÖY DEĞER YATIRIMLARI SERBEST FON,07.08.2026,"0,25629",5555427624.00,398,"1423798876,64"
UYH,ÜNLÜ PORTFÖY DOKUZUNCU SERBEST (TL) FON,07.08.2026,"4,989623",136548376.00,12,"681324875,25"
UZY,ÜNLÜ PORTFÖY İKİNCİ İSTATİSTİKSEL ARBİTRAJ SERBEST FON,07.08.2026,"9,098264",27679707.00,39,"251837270,66"
VAY,AK PORTFÖY DEĞER ODAKLI 100 ŞİRKETLERİ HİSSE SENEDİ (TL) FONU (HİSSE SENEDİ YOĞUN FON),07.08.2026,"1,54832",25845428.00,3043,"40017004,21"
VCD,AZİMUT PORTFÖY İKİNCİ SERBEST FON,07.08.2026,"6,220188",616644961.00,12,"3835647683,06"
VCG,AZİMUT PORTFÖY DÖRDÜNCÜ SERBEST (TL) FON,07.08.2026,"5,651158",346619500.00,14,"1958801646,08"
VCY,AK PORTFÖY ELEKTRİKLİ VE OTONOM ARAÇ TEKNOLOJİLERİ DEĞİŞKEN FON,07.08.2026,"3,436462",50539663.00,12134,"173677650,53"
VFK,ZİRAAT PORTFÖY İKİNCİ KISA VADELİ KİRA SERTİFİKALARI KATILIM (TL) FONU,07.08.2026,"5,386449",570827115.00,5569,"3074730950,95"
VFO,V PORTFÖY ALTIN KATILIM FONU,07.08.2026,"0,970777",64537212.00,1906,"62651208,96"
VFS,AZİMUT PORTFÖY AVF SERBEST ÖZEL FON,07.08.2026,"1,9545",3220695.00,1,"6294849,48"
VHS,VAKIF KATILIM PORTFÖY KATILIM HİSSE SENEDİ FONU (HİSSE SENEDİ YOĞUN FON),07.08.2026,"0,963612",45268650.00,376,"43621433,73"
VK6,V PORTFÖY VAKIFBANK PARA PİYASASI (TL) FONU,07.08.2026,"4,092246",20563102593.99,158665,"84149269531,09"
VKI,ALBARAKA PORTFÖY VAKIF KATILIM İKİNCİ KISA VADELİ KATILIM SERBEST (TL) FON,07.08.2026,"3,063692",1364907447.00,369,"4181656138,50"
VKK,VAKIF KATILIM PORTFÖY KİRA SERTİFİKALARI KATILIM FONU,07.08.2026,"1,067837",47440983.00,335,"50659217,88"
VKT,V PORTFÖY VAKIFBANK KISA VADELİ BORÇLANMA ARAÇLARI (TL) FONU,07.08.2026,"0,119928",31724296484.96,42836,"3804635697,07"
VKV,VAKIF KATILIM PORTFÖY KISA VADELİ KİRA SERTİFİKALARI KATILIM FONU,07.08.2026,"1,068166",250790407.00,727,"267885666,67"
VLT,VAKIF KATILIM PORTFÖY ALTIN KATILIM FONU,07.08.2026,"0,976139",64598117.00,412,"63056728,05"
VMV,VEGA PORTFÖY MAVİ SERBEST FON,07.08.2026,"2,744069",2488096185.00,152,"6827506436,65"
VNK,VEGA PORTFÖY ANKA SERBEST FON,07.08.2026,"2,366847",1688249361.00,265,"3995828448,26"
VPA,VAKIF KATILIM PORTFÖY PARA PİYASASI KATILIM FONU,07.08.2026,"1,094132",10051643039.00,2873,"10997826756,69"
VPP,VEGA PORTFÖY PARLA SERBEST (DÖVİZ) FON,07.08.2026,"52,971193",25983003.00,544,"1376350678,48"
VPS,VEGA PORTFÖY SALUR HİSSE SENEDİ SERBEST (TL) FON (HİSSE SENEDİ YOĞUN FON),07.08.2026,"0,833452",1632630047.00,6319,"1360718855,01"
VRK,DENİZ PORTFÖY ÇOKLU VARLIK KATILIM FONU,07.08.2026,"1,275823",34988253.00,145,"44638818,04"
VTF,AZİMUT PORTFÖY VİTA SERBEST ÖZEL FON,07.08.2026,"2,246341",191149460.00,1,"429386878,01"
VTL,V PORTFÖY KISA VADELİ KİRA SERTİFİKALARI KATILIM (TL) FONU,07.08.2026,"1,091783",2135621019.00,6857,"2331635307,28"
YA1,YAPI KREDİ PORTFÖY BİRİNCİ SERBEST FON,07.08.2026,"1,401865",12002498603.00,22,"16825888669,84"
YAC,YAPI KREDİ PORTFÖY İKİNCİ FON SEPETİ FONU,07.08.2026,"14,253745",377232690.00,9882,"5376978651,27"
YAE,YAPI KREDİ PORTFÖY TLREF'E ENDEKSLİ BORÇLANMA ARAÇLARI (TL) FONU,07.08.2026,"1,165141",58850815.00,586,"68569503,42"
YAK,YAPI KREDİ PORTFÖY KARMA FON,07.08.2026,"5,063509",219471129.41,108275,"1111293940,99"
YAN,YAPI KREDİ PORTFÖY BİRİNCİ FON SEPETİ FONU,07.08.2026,"14,294089",129140960.00,3580,"1845952414,27"
YAR,İŞ PORTFÖY RESAN DEĞİŞKEN ÖZEL FON,07.08.2026,"27,162131",28000000.00,1,"760539662,66"
YAS,YAPI KREDİ PORTFÖY KOÇ HOLDİNG İŞTİRAK VE HİSSE SENEDİ FONU(HİSSE SENEDİ YOĞUN FON),07.08.2026,"14,060006",441622018.00,63246,"6209208050,14"
YAY,YAPI KREDİ PORTFÖY YABANCI TEKNOLOJİ SEKTÖRÜ HİSSE SENEDİ FONU,07.08.2026,"1807,602349",7246978.00,43794,"13099654456,05"
YBE,YAPI KREDİ PORTFÖY EUROBOND (DOLAR) BORÇLANMA ARAÇLARI FONU,07.08.2026,"1,829546",2716779350.00,13999,"4970474015,31"
YBH,YAPI KREDİ PORTFÖY 5-15 YIL VADELİ SERBEST (DÖVİZ) FON,07.08.2026,"53,520538",12766841.00,615,"683288204,49"
YBJ,DENİZ PORTFÖY AYBÜKE SERBEST (DÖVİZ) ÖZEL FON,07.08.2026,"58,031253",33065444.00,1,"1918829158,08"
YBP,YAPI KREDİ PORTFÖY PY BİRİNCİ DEĞİŞKEN ÖZEL FON,07.08.2026,"12,508938",74901488.00,55,"936938089,55"
YBR,İŞ PORTFÖY YİRMİBİRİNCİ SERBEST (DÖVİZ) FON,07.08.2026,"54,884737",107891126.00,2502,"5921576046,05"
YBS,YAPI KREDİ PORTFÖY ÖZEL SEKTÖR BORÇLANMA ARAÇLARI FONU,07.08.2026,"0,143438",13735735938.00,11689,"1970230942,67"
YCG,YAPI KREDİ PORTFÖY KARŞIYAKA SERBEST (DÖVİZ) ÖZEL FON,07.08.2026,"60,218209",3330205.00,4,"200538981,06"
YCH,YAPI KREDİ PORTFÖY ODEABANK AYRICALIKLI VE ÖZEL BANKACILIK FON SEPETİ ÖZEL FONU,07.08.2026,"2,636968",40779728.00,116,"107534827,01"
YCK,YAPI KREDİ PORTFÖY CİHANGİR SERBEST FON,07.08.2026,"4,499078",88375509.00,153,"397608286,91"
YCL,ATA PORTFÖY BEŞİNCİ SERBEST FON,07.08.2026,"10,205929",20005253.00,11,"204172182,08"
YCP,YAPI KREDİ PORTFÖY BANKACILIK SEKTÖRÜ HİSSE SENEDİ SERBEST FON (HİSSE SENEDİ YOĞUN FON),07.08.2026,"8,067494",119795026.00,2034,"966445624,60"
YCY,İSTANBUL PORTFÖY KATILIM FON SEPETİ FONU,07.08.2026,"4,027941",65917028.00,272,"265509918,82"
YDH,AK PORTFÖY YEDİNCİ SERBEST FON,07.08.2026,"1,073482",3624151715.00,1,"3890460016,08"
YDI,YAPI KREDİ PORTFÖY MODEL PORTFÖY HİSSE SENEDİ FONU (HİSSE SENEDİ YOĞUN FON),07.08.2026,"0,458225",2422449646.00,6974,"1110025849,02"
YDK,YAPI KREDİ PORTFÖY ÇALIŞAN HESAP KISA VADELİ BORÇLANMA ARAÇLARI FONU,07.08.2026,"0,117896",1236505684.00,48532,"145779332,66"
YDL,YAPI KREDİ PORTFÖY ADALAR SERBEST (DÖVİZ) ÖZEL FON,07.08.2026,"59,225815",20936234.00,8,"1239965511,56"
YDM,AZİMUT PORTFÖY 24.0 SERBEST ÖZEL FON,07.08.2026,"1,826046",678686262.00,2,"1239312386,88"
YDP,YAPI KREDİ PORTFÖY BİRİNCİ DEĞİŞKEN FON,07.08.2026,"2,17333",165572190.00,2433,"359843080,78"
YDZ,YAPI KREDİ PORTFÖY ODEABANK DÖRDÜNCÜ SERBEST (DÖVİZ) ÖZEL FON,07.08.2026,"54,511952",209220369.00,2919,"11405010645,46"
YEF,YAPI KREDİ PORTFÖY BIST 30 ENDEKSİ HİSSE SENEDİ FONU (HİSSE SENEDİ YOĞUN FON),07.08.2026,"0,925277",1884423066.01,13420,"1743614098,26"
YFV,YAPI KREDİ PORTFÖY KİRA SERTİFİKALARI KATILIM FONU,07.08.2026,"0,103632",8479697671.00,7399,"878770415,12"
YGM,YAPI KREDİ PORTFÖY EMTİA SERBEST FON,07.08.2026,"3,201245",169239548.00,1971,"541777294,89"
YHB,YAPI KREDİ PORTFÖY BIST 100 DIŞI ŞİRKETLER HİSSE SENEDİ FONU (HİSSE SENEDİ YOĞUN FON),07.08.2026,"2,244919",117500531.00,7136,"263779173,54"
YHI,YAPI KREDİ PORTFÖY İNŞAAT SEKTÖRÜ HİSSE SENEDİ SERBEST (TL) FON (HİSSE SENEDİ YOĞUN FON),07.08.2026,"1,464846",39522504.00,251,"57894382,19"
YHK,YAPI KREDİ PORTFÖY KATILIM HİSSE SENEDİ FONU (HİSSE SENEDİ YOĞUN FON),07.08.2026,"1,991166",625915976.00,6895,"1246302682,29"
YHP,YAPI KREDİ PORTFÖY KADIKÖY SERBEST FON,07.08.2026,"4,468112",390000000.00,1,"1742563524,73"
YHS,YAPI KREDİ PORTFÖY BİRİNCİ HİSSE SENEDİ FONU (HİSSE SENEDİ YOĞUN FON),07.08.2026,"25,741855",116050453.00,8477,"2987353968,69"
YHT,YAPI KREDİ PORTFÖY KISA VADELİ BORÇLANMA ARAÇLARI (TL) FONU,07.08.2026,"0,407179",5187985118.89,85772,"2112439985,95"
YHY,INVEO PORTFÖY YEDİNCİ HİSSE SENEDİ SERBEST FON (HİSSE SENEDİ YOĞUN FON),07.08.2026,"1,036112",182319880.00,18,"188903874,67"
YHZ,YAPI KREDİ PORTFÖY BIST TEKNOLOJİ AĞIRLIK SINIRLAMALI ENDEKSİ HİSSE SENEDİ FONU ( HİSSE SENEDİ YOĞUN FON),07.08.2026,"9,556771",134869130.00,16462,"1288913375,44"
YIK,YAPI KREDİ PORTFÖY İKİNCİ PARA PİYASASI SERBEST (TL) FON,07.08.2026,"1,513121",15691838564.00,1433,"23743645935,90"
YIS,YAPI KREDİ PORTFÖY İKİNCİ SERBEST ÖZEL FON,07.08.2026,"1,400786",740269500.00,1,"1036959323,10"
YIT,GARANTİ PORTFÖY YARI İLETKEN TEKNOLOJİLERİ DEĞİŞKEN FON,07.08.2026,"2,664878",915607699.00,17164,"2439982462,09"
YIV,YAPI KREDİ PORTFÖY ALLİANZ DEĞİŞKEN ÖZEL FON,07.08.2026,"3,535451",1596898432.00,2,"5645756946,77"
YJA,YAPI KREDİ PORTFÖY PY ALSANCAK SERBEST ( DÖVİZ) ÖZEL FON,07.08.2026,"66,876678",5986933.00,4,"400386187,67"
YJH,YAPI KREDİ PORTFÖY TEMİZ ENERJİ DEĞİŞKEN FONU,07.08.2026,"3,885595",51911450.00,4188,"201706883,16"
YJK,YAPI KREDİ PORTFÖY ROBOTİK VE YARI İLETKEN TEKNOLOJİLERİ FON SEPETİ FONU,07.08.2026,"5,715843",181862184.00,13820,"1039495673,45"
YJU,YAPI KREDİ PORTFÖY PY ULUDAĞ SERBEST (DÖVİZ) ÖZEL FON,07.08.2026,"65,704439",6657607.00,1,"437434333,61"
YJY,YAPI KREDİ PORTFÖY YENİKÖY SERBEST (DÖVİZ) FON,07.08.2026,"57,411292",1338203011.00,8993,"76827963797,63"
YKS,YAPI KREDİ PORTFÖY İSTANBUL SERBEST FON,07.08.2026,"0,343092",1731377744.00,357,"594021960,51"
YKT,YAPI KREDİ PORTFÖY ALTIN FONU,07.08.2026,"0,852442",37917744875.00,86999,"32322662533,50"
YLB,YAPI KREDİ PORTFÖY PARA PİYASASI FONU,07.08.2026,"1,792325",58320088266.00,350516,"104528536733,24"
YLC,ATA PORTFÖY TARIM VE GIDA DEĞİŞKEN FON,07.08.2026,"3,85912",22098303.00,1373,"85280001,12"
YLE,YAPI KREDİ PORTFÖY BIST SÜRDÜRÜLEBİLİRLİK ENDEKSİ HİSSE SENEDİ FONU (HİSSE SENEDİ YOĞUN FON),07.08.2026,"8,432904",35885985.00,2304,"302623081,60"
YLO,YAPI KREDİ PORTFÖY ELEKTRİKLİ ARAÇLAR DEĞİŞKEN FON,07.08.2026,"5,613916",45960576.00,5158,"258018791,25"
YLR,YAPI KREDİ PORTFÖY AKATLAR SERBEST (DÖVİZ) ÖZEL FON,07.08.2026,"2,527556",4898.00,4,"12379,97"
YLY,YAPI KREDİ PORTFÖY KAR PAYI ÖDEYEN HİSSE SENEDİ (TL) FON (HİSSE SENEDİ YOĞUN FON),07.08.2026,"2,199884",16469275.00,846,"36230492,85"
YLZ,BULLS PORTFÖY YILDIZ PAZAR ŞİRKETLERİ HİSSE SENEDİ SERBEST FON (HİSSE SENEDİ YOĞUN FON),07.08.2026,"3,639999",1129270817.00,14,"4110544423,62"
YMD,YAPI KREDİ PORTFÖY MASLAK SERBEST (DÖVİZ- ABD DOLARI) FON,07.08.2026,"56,188851",136083565.00,1463,"7646379162,08"
YMH,YAPI KREDİ PORTFÖY MUTLAK GETİRİ HEDEFLİ HİSSE SENEDİ SERBEST FON (HİSSE SENEDİ YOĞUN FON),07.08.2026,"1,570563",290777569.00,327,"456684619,02"
YMP,QNB PORTFÖY YMK PARA PİYASASI (TL) ÖZEL FON,07.08.2026,"1,140341",364736374.00,99,"415923932,08"
YNF,AK PORTFÖY AKBANK YENİ NESİL FON SEPETİ ÖZEL FONU,07.08.2026,"1,0048",9262.00,11,"9306,46"
YNK,YAPI KREDİ PORTFÖY NİŞANTAŞI KAR PAYI ÖDEYEN SERBEST (DÖVİZ) FON,07.08.2026,"47,670985",412485126.00,1166,"19663572394,43"
YNL,YAPI KREDİ PORTFÖY CADDEBOSTAN SERBEST (DÖVİZ) ÖZEL FON,07.08.2026,"54,911816",3981930.00,1,"218655006,60"
YOA,YAPI KREDİ PORTFÖY PY BORÇLANMA ARAÇLARI (DÖVİZ) ÖZEL FONU,07.08.2026,"88,83413",21440209.00,140,"1904622310,72"
YOS,YAPI KREDİ PORTFÖY ODEABANK SERBEST (DÖVİZ-AVRO) ÖZEL FON,07.08.2026,"55,986709",21727369.00,274,"1216443877,15"
YOT,YAPI KREDİ PORTFÖY BORÇLANMA ARAÇLARI FONU,07.08.2026,"39,523922",45561043.06,9803,"1800751131,17"
YOZ,DENİZ PORTFÖY YAKAMOZ SERBEST (DÖVİZ) FON,07.08.2026,"49,150999",924162207.00,1960,"45423495632,02"
YP1,YAPI KREDİ PORTFÖY PY GÜMÜŞSUYU SERBEST (DÖVIZ) ÖZEL FON,07.08.2026,"63,832987",3412953.00,3,"217858983,86"
YP2,YAPI KREDİ PORTFÖY PERA SERBEST (DÖVİZ) ÖZEL FON,07.08.2026,"72,852367",18589148.00,1,"1354263425,09"
YP4,YAPI KREDİ PORTFÖY FERİKÖY SERBEST (DÖVİZ) FON,07.08.2026,"54,006948",2467995493.00,29634,"133288903998,05"
YPC,YAPI KREDİ PORTFÖY SÜRDÜRÜLEBİLİRLİK DEĞİŞKEN FON,07.08.2026,"5,491325",9455565.00,2376,"51923580,99"
YPD,YAPI KREDİ PORTFÖY ALARA SERBEST (DÖVİZ) ÖZEL FON,07.08.2026,"67,766163",1468661.00,2,"99525520,69"
YPF,YAPI KREDİ PORTFÖY ALFA SERBEST FON,07.08.2026,"9,98237",145688870.00,511,"1454320234,89"
YPI,YAPI KREDİ PORTFÖY PY GÖZTEPE SERBEST (DÖVİZ) ÖZEL FON,07.08.2026,"56,033477",36293607.00,61,"2033657000,75"
YPK,YAPI KREDİ PORTFÖY GALATA SERBEST FON,07.08.2026,"14,151313",14586535.00,229,"206418615,53"
YPL,YAPI KREDİ PORTFÖY BALAT SERBEST (DÖVİZ) FON,07.08.2026,"72,97646",183734773.00,1565,"13408313361,06"
YPN,İŞ PORTFÖY YİRMİNCİ SERBEST (DÖVİZ- POUND) FON,07.08.2026,"66,853843",51256493.00,1000,"3426693533,04"
YPP,YAPI KREDİ PORTFÖY PY KUZGUNCUK SERBEST ÖZEL FON,07.08.2026,"24,28113",187058807.00,1,"4541999223,49"
YPR,AZİMUT PORTFÖY YILDIZ PAZAR ŞİRKETLERİ HİSSE SENEDİ FONU (HİSSE SENEDİ YOĞUN FON),07.08.2026,"1,651983",48019293.00,344,"79327076,03"
YPT,YAPI KREDİ PORTFÖY PARA PİYASASI SERBEST (TL) FON,07.08.2026,"4,080014",31613249852.00,19585,"128982511227,45"
YPU,YAPI KREDİ PORTFÖY SERBEST (DÖVİZ-POUND) FON,07.08.2026,"65,878589",72541336.00,1875,"4778920864,12"
YPV,YAPI KREDİ PORTFÖY ÜÇÜNCÜ FON SEPETİ FONU,07.08.2026,"7,614198",708103352.00,3386,"5391639202,86"
YRZ,YAPI KREDİ PORTFÖY ŞUBAT 2027 KAR PAYI ÖDEYEN SERBEST (DÖVİZ) FON,07.08.2026,"48,391197",16463480.00,157,"796687503,65"
YSA,YAPI KREDİ PORTFÖY SUADİYE SERBEST (DÖVİZ) FON,07.08.2026,"48,695196",6435316.00,294,"313368976,26"
YSH,YAPI KREDİ PORTFÖY BÜYÜK ÖLÇEKLİ ŞİRKETLER DEĞİŞKEN FON,07.08.2026,"0,959879",54233012.00,334,"52057140,00"
YSL,YAPI KREDİ PORTFÖY KAR PAYI ÖDEYEN KİRA SERTİFİKALARI KATILIM SERBEST (DÖVİZ) FON,07.08.2026,"43,395837",15617480.00,384,"677733612,33"
YSO,YAPI KREDİ PORTFÖY SAĞLIK SEKTÖRÜ SERBEST FON,07.08.2026,"1,500059",49863898.00,346,"74798781,38"
YSU,YAPI KREDİ PORTFÖY ÜÇÜNCÜ DEĞİŞKEN FON,07.08.2026,"0,170977",1416375745.00,6141,"242167066,98"
YTD,YAPI KREDİ PORTFÖY YABANCI FON SEPETİ FONU,07.08.2026,"0,925397",1844181320.00,14919,"1706600587,04"
YTJ,YAPI KREDİ PORTFÖY DUDULLU SERBEST (DÖVİZ) ÖZEL FON,07.08.2026,"69,422937",17568640.00,1,"1219666582,11"
YTO,YAPI KREDİ PORTFÖY TOPHANE PARK SERBEST (DÖVİZ) ÖZEL FON,07.08.2026,"53,106681",13213103.00,4,"701704040,26"
YTR,YAPI KREDİ PORTFÖY LARA SERBEST (DÖVİZ-AVRO) ÖZEL FON,07.08.2026,"79,125844",7745398.00,2,"612861156,38"
YTV,YAPI KREDİ PORTFÖY TARIM DEĞİŞKEN FON,07.08.2026,"3,048005",72189757.00,2287,"220034738,86"
YTY,YAPI KREDİ PORTFÖY TARABYA SERBEST (DÖVİZ-AVRO) FON,07.08.2026,"58,483357",1893315332.00,20690,"110727436194,24"
YUB,YAPI KREDİ PORTFÖY KARAKÖY HİSSE SENEDİ SERBEST FON (HİSSE SENEDİ YOĞUN FON),07.08.2026,"5,142358",73556127.00,593,"378251924,68"
YUD,YAPI KREDİ PORTFÖY BODRUM SERBEST [DÖVİZ] ÖZEL FON,07.08.2026,"74,828841",3403000.00,2,"254642545,03"
YUI,YAPI KREDİ PORTFÖY PY BEYKOZ SERBEST ÖZEL FON,07.08.2026,"1,871759",479200096.00,7,"896946878,93"
YUK,YAPI KREDİ PORTFÖY ÜSKÜDAR KAR PAYI ÖDEYEN SERBEST (DÖVİZ) FON,07.08.2026,"49,927022",27176980.00,147,"1356865679,93"
YUN,YAPI KREDİ PORTFÖY İSTİNYE SERBEST (DÖVİZ) FON,07.08.2026,"58,065809",54263506.00,583,"3150854392,56"
YUY,YAPI KREDİ PORTFÖY ALLİANZ KAR PAYI ÖDEYEN SERBEST (TL) ÖZEL FON,07.08.2026,"1,008786",990361196.00,2,"999062902,44"
YVB,YAPI KREDİ PORTFÖY UZUN VADELİ BORÇLANMA ARAÇLARI FONU,07.08.2026,"1,341081",76729484.00,631,"102900463,60"
YVD,YAPI KREDİ PORTFÖY İKİNCİ PARA PİYASASI (TL) FONU,07.08.2026,"4,350573",9501432554.00,81000,"41336671412,69"
YVF,YAPI KREDİ PORTFÖY ETİLER SERBEST (DÖVİZ) ÖZEL FON,07.08.2026,"73,021596",12953276.00,4,"945868890,59"
YVG,YAPI KREDİ PORTFÖY SARIYER SERBEST (DÖVİZ-AVRO) FON,07.08.2026,"62,567471",93982401.00,1226,"5880241144,59"
YVO,YAPI KREDİ PORTFÖY NİLÜFER SERBEST (DÖVİZ) ÖZEL FON,07.08.2026,"69,614318",10482636.00,2,"729741560,42"
YVS,YAPI KREDİ PORTFÖY BEYOĞLU SERBEST (DÖVİZ) ÖZEL FON,07.08.2026,"75,545964",5777712.00,6,"436482820,72"
YZC,YAPI KREDİ PORTFÖY FİNTECH VE BLOCKCHAİN TEKNOLOJİLERİ DEĞİŞKEN FON,07.08.2026,"4,91333",127405305.00,12445,"625984309,51"
YZF,YAPI KREDİ PORTFÖY PY ERENKÖY  SERBEST (DÖVIZ) ÖZEL FON,07.08.2026,"99,731345",4750000.00,1,"473723888,25"
YZG,YAPI KREDİ PORTFÖY GÜMÜŞ FON SEPETİ FONU,07.08.2026,"12,327677",847717734.00,61492,"10450390553,64"
YZH,TEB PORTFÖY BIST BANKA ENDEKSİ HİSSE SENEDİ FONU (HİSSE SENEDİ YOĞUN),07.08.2026,"10,380559",59886320.00,5712,"621653485,21"
YZK,YAPI KREDİ PORTFÖY KALAMIŞ SERBEST FON,07.08.2026,"7,805925",27125743.00,194,"211741528,26"
YZL,YAPI KREDİ PORTFÖY PY ÇAMLICA SERBEST ÖZEL FON,07.08.2026,"5,325694",98449062.00,59,"524309554,06"
YZT,AK PORTFÖY YAPAY ZEKA TEKNOLOJİLERİ ŞİRKETLERİ DEĞİŞKEN FON,07.08.2026,"0,946315",297194492.00,5993,"281239664,68"
ZA2,KUVEYT TÜRK PORTFÖY İKİNCİ SEPET HESAP PARA PİYASASI KATILIM FONU,07.08.2026,"2,016821",2263350522.00,665,"4564772825,48"
ZAD,KUVEYT TÜRK PORTFÖY SEPET HESAP KATILIM SERBEST (DÖVİZ) FON,07.08.2026,"46,080273",331461.00,45,"15273813,25"
ZAV,ZİRAAT PORTFÖY BAŞAK SERBEST (DÖVİZ-AVRO) FON,07.08.2026,"56,71801",1112043210.00,4883,"63072877787,90"
ZAY,KUVEYT TÜRK PORTFÖY SEPET HESAP PARA PİYASASI KATILIM (TL) FONU,07.08.2026,"6,322447",248071279.00,3403,"1568417585,83"
ZBD,ZİRAAT PORTFÖY DENGELİ DEĞİŞKEN FON,07.08.2026,"664,519474",1376526.39,2069,"914728599,28"
ZBI,ZİRAAT PORTFÖY TEMKİNLİ KATILIM FONU,07.08.2026,"2,238233",90633178.00,1788,"202858142,81"
ZBJ,ZİRAAT PORTFÖY BAŞAK PARA PİYASASI (TL) FONU,07.08.2026,"5,100333",12624043379.58,19973,"64386821897,86"
ZBN,ZİRAAT PORTFÖY HİSSE SENEDİ SERBEST (TL) FON (HİSSE SENEDİ YOĞUN FON),07.08.2026,"23,351959",6441230.00,171,"150415336,87"
ZBO,ZİRAAT PORTFÖY MUTLAK GETİRİ HEDEFLİ HİSSE SENEDİ SERBEST FON (HİSSE SENEDİ YOĞUN FON),07.08.2026,"3,259062",140381545.00,230,"457512210,67"
ZBZ,ZİRAAT PORTFÖY GÜLLÜ SERBEST (DÖVİZ) ÖZEL FON,07.08.2026,"67,038384",5249835.00,1,"351940456,22"
ZCA,ZİRAAT PORTFÖY ÖPY BİRİNCİ SERBEST (TL) ÖZEL FON,07.08.2026,"8,483494",7535598.00,1,"63928203,46"
ZCB,ZİRAAT PORTFÖY MGN SERBEST (DÖVİZ) ÖZEL FON,07.08.2026,"74,15166",89041.00,3,"6602537,92"
ZCC,ZİRAAT PORTFÖY DURUSU SERBEST (DÖVİZ) ÖZEL FON,07.08.2026,"78,972913",5285255.00,2,"417391985,02"
ZCD,ZİRAAT PORTFÖY ALTINCI SERBEST (TL) FON,07.08.2026,"4,56427",286899469.00,497,"1309486516,70"
ZCE,ZİRAAT PORTFÖY TÜRK ALTIN SERBEST (TL) ÖZEL FON,07.08.2026,"4,617778",2807733694.00,1,"12965490281,49"
ZCF,ZİRAAT PORTFÖY MKA SERBEST (TL) ÖZEL FON,07.08.2026,"4,009354",460998205.00,1,"1848304894,38"
ZCG,ZİRAAT PORTFÖY DOKUZUNCU SERBEST (TL) FON,07.08.2026,"6,62172",126391062.00,164,"836926222,67"
ZCH,ZİRAAT PORTFÖY ODAK SERBEST ÖZEL FON,07.08.2026,"2,446518",2057994652.00,1,"5034921543,37"
ZCK,ZİRAAT PORTFÖY AGRESİF KATILIM FONU,07.08.2026,"1,757981",203356362.00,2180,"357496549,15"
ZCN,ZİRAAT PORTFÖY EMTİA FON SEPETİ FONU,07.08.2026,"3,844145",144514400.00,6625,"555534377,83"
ZDD,ZİRAAT PORTFÖY TEMKİNLİ DEĞİŞKEN FON,07.08.2026,"7,348395",68157452.00,1383,"500847859,04"
ZDK,ZİRAAT PORTFÖY ÖPY DÖRDÜNCÜ KATILIM SERBEST (DÖVİZ-ABD DOLARI) ÖZEL FON,07.08.2026,"15,697182",209538.00,1,"3289156,21"
ZDZ,ZİRAAT PORTFÖY AGRESİF DEĞİŞKEN FON,07.08.2026,"12,421628",79262485.00,8660,"984569124,88"
ZFB,AK PORTFÖY FİNTEK VE BLOKZİNCİRİ TEKNOLOJİLERİ DEĞİŞKEN FON,07.08.2026,"7,201491",144126501.00,15384,"1037925692,94"
ZFZ,ZİRAAT PORTFÖY ANKARA SERBEST (DÖVİZ) ÖZEL FON,07.08.2026,"69,353107",321427105.00,3,"22291968517,88"
ZHH,ZİRAAT PORTFÖY HALKBANK SÜRDÜRÜLEBİLİRLİK 30 ŞİRKETLERİ HİSSE SENEDİ FONU (HİSSE SENEDİ YOĞUN FON),07.08.2026,"1,430755",58340893.00,1055,"83471520,77"
ZJB,ZİRAAT PORTFÖY BİRİNCİ SERBEST (TL) FON,07.08.2026,"9,610122",807993071.00,1777,"7764911892,68"
ZJH,ZİRAAT PORTFÖY V10 SERBEST (DÖVİZ) ÖZEL FON,07.08.2026,"61,270303",3385999.00,1,"207461183,41"
ZJI,ZİRAAT PORTFÖY İKİNCİ SERBEST (TL) FON,07.08.2026,"9,986099",633774947.00,1746,"6328939322,40"
ZJL,ZİRAAT PORTFÖY BIST 100 DIŞI ŞİRKETLER HİSSE SENEDİ FONU (HİSSE SENEDİ YOĞUN FON),07.08.2026,"14,555137",27722300.00,2644,"403501864,12"
ZJR,ZİRAAT PORTFÖY TÜRK REASÜRANS HİSSE SENEDİ SERBEST ÖZEL FON (HİSSE SENEDİ YOĞUN FON),07.08.2026,"55,530425",3577.00,1,"198632,33"
ZJT,ZİRAAT PORTFÖY DURU SERBEST (DÖVİZ) ÖZEL FON,07.08.2026,"67,589832",19895159.00,1,"1344710448,41"
ZJV,ZİRAAT PORTFÖY BIST 30 DIŞI YILDIZ PAZAR ŞİRKETLERİ HİSSE SENEDİ FONU (HİSSE SENEDİ YOĞUN FON),07.08.2026,"10,508559",62885600.00,1358,"660837019,06"
ZK1,ZİRAAT PORTFÖY BAŞAK KATILIM SERBEST (DÖVİZ-AMERİKAN DOLARI) FON,07.08.2026,"50,152888",44874953.00,108,"2250608469,82"
ZK2,ZİRAAT PORTFÖY BAŞAK KATILIM SERBEST (DÖVİZ-AVRO) FON,07.08.2026,"57,565253",29440301.00,73,"1694738389,98"
ZKK,ZİRAAT PORTFÖY ESSA KATILIM SERBEST (DÖVİZ-AVRO) ÖZEL FON,07.08.2026,"24,868283",93667474.00,1,"2329349220,01"
ZLB,TEB PORTFÖY TEB ÖZEL BANKACILIK SERBEST (DÖVİZ) ÖZEL FON,07.08.2026,"49,84265",9922940.00,49,"494585621,98"
ZLG,AK PORTFÖY MARAL SERBEST (DÖVİZ) ÖZEL FON,07.08.2026,"64,107708",16832812.00,1,"1079112988,91"
ZLH,ZİRAAT PORTFÖY BIST 100-30 ŞİRKETLERİ HİSSE SENEDİ FONU ( HİSSE SENEDİ YOĞUN FON),07.08.2026,"11,488418",39326500.00,3407,"451799260,81"
ZMT,AZİMUT PORTFÖY 22.0 SERBEST (DÖVİZ-AVRO) FON,07.08.2026,"62,39077",26287558.00,307,"1640100974,30"
ZMU,AZİMUT PORTFÖY 23.0 HİSSE SENEDİ SERBEST FON (HİSSE SENEDİ YOĞUN FON),07.08.2026,"0,210892",90283015.00,14,"19040003,66"
ZMY,ZİRAAT PORTFÖY METAVERSE VE YENİ TEKNOLOJİLER DEĞİŞKEN FON,07.08.2026,"6,469934",29782300.00,2781,"192689517,96"
ZNF,ZİRAAT PORTFÖY BDEM SERBEST (DÖVİZ-AVRO) ÖZEL FON,07.08.2026,"54,50336",15219818.00,1,"829531225,06"
ZOS,ZİRAAT PORTFÖY ONBEŞİNCİ SERBEST FON,07.08.2026,"1,865544",306521428.00,11,"571829331,44"
ZP1,ZİRAAT PORTFÖY ANTALYA SERBEST (DÖVİZ) ÖZEL FON,07.08.2026,"62,827468",1013938.00,2,"63703157,28"
ZP2,ZİRAAT PORTFÖY İKİNCİ İSTATİSTİKSEL ARBİTRAJ SERBEST (TL) ÖZEL FON,07.08.2026,"5,70501",106786382.00,1,"609217381,55"
ZP3,ZİRAAT PORTFÖY ÜÇÜNCÜ İSTATİSTİKSEL ARBİTRAJ SERBEST (TL) ÖZEL FON,07.08.2026,"4,33471",111821825.00,1,"484715127,58"
ZP6,ZİRAAT PORTFÖY SEDEF KATILIM SERBEST (DÖVİZ - AMERİKAN DOLARI) FON,07.08.2026,"58,057734",108616097.00,1530,"6306004452,41"
ZP7,ZİRAAT PORTFÖY TE4 SERBEST (DÖVİZ) ÖZEL FON,07.08.2026,"67,286808",18886273.00,1,"1270797024,62"
ZP8,ZİRAAT PORTFÖY KEHRİBAR PARA PİYASASI KATILIM SERBEST (TL) FON,07.08.2026,"4,017497",14152720460.00,4438,"56858518089,87"
ZP9,ZİRAAT PORTFÖY AKİK KATILIM SERBEST (DÖVİZ-AVRO) FON,07.08.2026,"59,947505",35881737.00,799,"2151020606,84"
ZPA,ZİRAAT PORTFÖY SERBEST (DÖVİZ) FON,07.08.2026,"66,409361",55240201.00,875,"3668466452,39"
ZPC,ZİRAAT PORTFÖY FON SEPETİ FONU,07.08.2026,"18,910971",165287486.00,2793,"3125746798,85"
ZPE,ZİRAAT PORTFÖY KATILIM HİSSE SENEDİ FONU (HİSSE SENEDİ YOĞUN FON),07.08.2026,"33,356663",35931374.84,7024,"1198550760,22"
ZPF,ZİRAAT PORTFÖY KATILIM FONU (DÖVİZ),07.08.2026,"22,998355",32225969.00,3360,"741144277,86"
ZPG,ZİRAAT PORTFÖY KİRA SERTİFİKALARI (SUKUK) KATILIM FONU,07.08.2026,"10,523474",150810530.43,6224,"1587050715,12"
ZPH,ZİRAAT PORTFÖY PAYLAŞIMLI HESAP PARA PİYASASI KATILIM SERBEST (TL) FON,07.08.2026,"1,492321",236235200.00,56,"352538655,88"
ZPJ,ZİRAAT PORTFÖY KATILIM HİSSE SENEDİ SERBEST (TL) FON (HİSSE SENEDİ YOĞUN FON),07.08.2026,"10,902985",10839680.00,336,"118184869,41"
ZPK,ZİRAAT PORTFÖY KISA VADELİ KİRA SERTİFİKASI KATILIM (TL) FONU,07.08.2026,"8,286277",2200639438.00,29114,"18235108637,70"
ZPN,ZİRAAT PORTFÖY BUDİN SERBEST (DÖVİZ) ÖZEL FON,07.08.2026,"71,861466",27303765.00,1,"1962088589,07"
ZPO,ZİRAAT PORTFÖY PARA PİYASASI KATILIM FONU,07.08.2026,"1,024474",1528808078.00,942,"1566224871,93"
ZPR,ZİRAAT PORTFÖY PARA PİYASASI SERBEST FON,07.08.2026,"1,520045",16505244501.00,889,"25088712238,31"
ZR2,ZİRAAT PORTFÖY YEŞİLKÖY SERBEST ÖZEL FON,07.08.2026,"1,3863",946669725.00,1,"1312368042,86"
ZR3,ZİRAAT PORTFÖY ONÜÇÜNCÜ SERBEST (TL) FON,07.08.2026,"0,592276",313114438.00,145,"185450234,22"
ZSB,ZİRAAT PORTFÖY İKİNCİ İSTATİSTİKSEL ARBİTRAJ SERBEST FON,07.08.2026,"11,731007",299315692.00,24,"3511274525,15"
ZSF,ZİRAAT PORTFÖY S&P/OIC COMCEC (İSEDAK) 50 SHARİAH ŞİRKETLERİ YABANCI HİSSE SENEDİ FONU,07.08.2026,"52,419937",774386.00,1590,"40593265,69"
ZSG,ZİRAAT PORTFÖY ESG SÜRDÜRÜLEBİLİRLİK FON SEPETİ FONU,07.08.2026,"4,268165",11411300.00,936,"48705312,58"
ZSK,ZİRAAT PORTFÖY SSA KATILIM SERBEST (DÖVİZ) ÖZEL FON,07.08.2026,"58,018193",43521430.00,1,"2525034724,43"
ZSN,ZİRAAT PORTFÖY ÖPY BEŞİNCİ SERBEST (DÖVİZ-ABD DOLARI) ÖZEL FON,07.08.2026,"56,284032",54460061.00,2,"3065231808,80"
ZTF,ZİRAAT PORTFÖY BİRİNCİ İSTATİSTİKSEL ARBİTRAJ SERBEST (TL) ÖZEL FON,07.08.2026,"7,455121",274862095.00,1,"2049130297,38"
ZTG,ZİRAAT PORTFÖY TARIM VE GIDA FON SEPETİ FONU,07.08.2026,"1,288689",32155203.00,1025,"41438051,26"
ZUD,ZİRAAT PORTFÖY THE SERBEST ÖZEL FON,07.08.2026,"4,128244",207749576.00,1,"857641018,08"
ZUE,ZİRAAT PORTFÖY TS SERBEST ÖZEL FON,07.08.2026,"5,079605",1530193061.00,1,"7772775866,39"
ZUS,ZİRAAT PORTFÖY BAŞAK SERBEST (DÖVİZ-AMERİKAN DOLARI) FON,07.08.2026,"50,092341",1192512281.00,3373,"59735731914,62"
ZVB,ATLAS PORTFÖY SERBEST (TL) FON,07.08.2026,"96,024086",2514834.00,11,"241484637,23"
ZVO,ZİRAAT PORTFÖY ÜÇÜNCÜ SERBEST (TL) FON,07.08.2026,"3,671674",230674086.00,338,"846960143,39"
ZYC,ZİRAAT PORTFÖY TS SERBEST (TL) ÖZEL FON,07.08.2026,"4,855602",1833786550.00,1,"8904137878,48"
ZYD,ZİRAAT PORTFÖY THE SERBEST (TL) ÖZEL FON,07.08.2026,"4,829016",1844187892.00,1,"8905613340,56"
ZZL,ZİRAAT PORTFÖY ONDÖRDÜNCÜ SERBEST FON,07.08.2026,"82,951066",509319.00,15,"42248553,90"