Dışa Aktarım Tarihi:,14.08.2026 17:47:01
Toplam Kayıt Sayısı:,2032

Fon Kodu,Fon Adı,Tarih,Fiyat,Tedavüldeki Pay Sayısı,Kişi Sayısı,Fon Toplam Değer
AAL,ATA PORTFÖY PARA PİYASASI (TL) FONU,14.08.2026,"3,461718",609844589.00,4468,"2111110055,37"
AAS,ATA PORTFÖY FON SEPETİ SERBEST FONU,14.08.2026,"12,767215",1338264.00,145,"17085904,07"
AAV,ATA PORTFÖY İKİNCİ HİSSE SENEDİ (TL) FONU (HİSSE SENEDİ YOĞUN FON),14.08.2026,"61,481448",1970499.00,2017,"121149131,24"
ABG,ATLAS PORTFÖY DÖRDÜNCÜ SERBEST (TL) FON,14.08.2026,"108,019907",131259679.00,197,"14178658352,01"
ABJ,ALLBATROSS PORTFÖY BENZ HİSSE SENEDİ SERBEST (TL) ÖZEL FON (HİSSE SENEDİ YOĞUN FON),14.08.2026,"0,739224",1337341991.00,3,"988595602,40"
ABU,AK PORTFÖY BİREBİR BANKACILIK DEĞİŞKEN ÖZEL FON,14.08.2026,"0,104107",580303972.00,37,"60413728,22"
AC1,PARDUS PORTFÖY KISA VADELİ KATILIM SERBEST FONU,14.08.2026,"3,203707",70776232.00,193,"226746332,54"
AC2,PARDUS PORTFÖY İKİNCİ SERBEST FON,14.08.2026,"2,62504",2478712996.00,44,"6506721224,29"
AC3,PARDUS PORTFÖY ÜÇÜNCÜ SERBEST (DÖVİZ) FON,14.08.2026,"63,265611",2090562.00,14,"132260683,18"
AC4,PARDUS PORTFÖY PARA PİYASASI (TL) FON,14.08.2026,"3,974183",587371202.00,4037,"2334320800,87"
AC5,PARDUS PORTFÖY İSTATİSTİKSEL ARBİTRAJ HİSSE SENEDİ SERBEST (TL) FON (HİSSE SENEDİ YOĞUN FON),14.08.2026,"3,708205",6040690.00,148,"22400117,12"
AC6,PARDUS PORTFÖY DÖRDÜNCÜ SERBEST (DÖVİZ) FON,14.08.2026,"57,136034",1301409.00,86,"74357348,52"
AC7,PARDUS PORTFÖY BİRİNCİ HİSSE SENEDİ SERBEST (TL) FON (HİSSE SENEDİ YOĞUN FON),14.08.2026,"5,053063",645100145.00,44,"3259731710,81"
AC8,PARDUS PORTFÖY İKİNCİ HİSSE SENEDİ SERBEST (TL) FON (HİSSE SENEDİ YOĞUN FON),14.08.2026,"200,217654",15183901.00,96,"3040085030,63"
ACC,İSTANBUL PORTFÖY DÖRDÜNCÜ HİSSE SENEDİ FONU (HİSSE SENEDİ YOĞUN),14.08.2026,"44,313226",4026226.00,1334,"178415061,70"
ACD,İSTANBUL PORTFÖY İKİNCİ DEĞİŞKEN FON,14.08.2026,"5,909629",57738850.97,1502,"341215205,44"
ACN,İSTANBUL PORTFÖY LİDYA SERBEST (DÖVİZ) FON,14.08.2026,"12,514755",51336945.00,16,"642469313,09"
ACU,İSTANBUL PORTFÖY URARTU SERBEST (DÖVİZ) FON,14.08.2026,"56,67357",25285755.00,158,"1433034006,72"
ADE,AK PORTFÖY MUTLAK GETİRİ HEDEFLİ DEĞİŞKEN FON,14.08.2026,"0,884117",812535178.00,25744,"718376426,01"
ADP,AK PORTFÖY BIST BANKA ENDEKSİ HİSSE SENEDİ (TL) FONU (HİSSE SENEDİ YOĞUN FON),14.08.2026,"1,226006",3046566568.00,21345,"3735107572,78"
AED,ATA PORTFÖY BİRİNCİ DEĞİŞKEN FON,14.08.2026,"114,353774",552927.09,1372,"63229299,44"
AES,AK PORTFÖY PETROL YABANCI BYF FON SEPETİ FONU,14.08.2026,"0,172952",7726423991.00,35152,"1336297068,90"
AEV,ALLBATROSS PORTFÖY SANAYİ ŞİRKETLERİ HİSSE SENEDİ (TL) FONU (HİSSE SENEDİ YOĞUN FON),14.08.2026,"2,107944",4297815.00,433,"9059554,50"
AFA,AK PORTFÖY AMERİKA YABANCI HİSSE SENEDİ FONU,14.08.2026,"1,290593",4323170243.00,46030,"5579455184,93"
AFO,AK PORTFÖY ALTIN FONU,14.08.2026,"1,321664",14774936890.00,81476,"19527506999,34"
AFS,AK PORTFÖY SAĞLIK SEKTÖRÜ YABANCI HİSSE SENEDİ FONU,14.08.2026,"0,349187",2502063966.00,27998,"873688682,84"
AFT,AK PORTFÖY YENİ TEKNOLOJİLER YABANCI HİSSE SENEDİ FONU,14.08.2026,"1,005931",19863301692.00,137784,"19981108266,40"
AFV,AK PORTFÖY AVRUPA YABANCI HİSSE SENEDİ FONU,14.08.2026,"0,611907",2220105303.00,14950,"1358498841,69"
AGC,AK PORTFÖY İKİNCİ DEĞİŞKEN FON,14.08.2026,"9,337886",13065225.00,2473,"122001579,42"
AHH,AZİMUT PORTFÖY DİNAMİK DAĞIMLI SERBEST FON,14.08.2026,"10,798622",21370610.00,15,"230773138,97"
AHI,ATLAS PORTFÖY BİRİNCİ HİSSE SENEDİ FONU(HİSSE SENEDİ YOĞUN),14.08.2026,"36,147625",3255666.00,2644,"117684592,93"
AHN,ATLAS PORTFÖY SERBEST(DÖVİZ)FON,14.08.2026,"69,134411",452520.00,101,"31284703,63"
AHU,ATLAS PORTFÖY BİRİNCİ ÖZEL SEKTÖR BORÇLANMA ARAÇLARI FONU,14.08.2026,"11,311443",12537448.00,592,"141816632,40"
AHV,AZİMUT PORTFÖY DENGELİ FON SEPETİ FONU,14.08.2026,"21,435874",6011908.00,184,"128870504,01"
AHZ,AZİMUT PORTFÖY ATAK FON SEPETİ SERBEST FON,14.08.2026,"31,064817",1749021.00,13,"54333016,65"
AI1,ATA PORTFÖY BİRİNCİ İSTATİSTİKSEL ARBİTRAJ SERBEST FON,14.08.2026,"1,239453",48917698.00,17,"60631177,56"
AIH,AK PORTFÖY RTH HİSSE SENEDİ SERBEST ÖZEL FON (HİSSE SENEDİ YOĞUN FON),14.08.2026,"17,676939",9643754.00,4,"170472053,75"
AII,AZİMUT PORTFÖY ÇINAR SERBEST (DÖVİZ) ÖZEL FON,14.08.2026,"95,912279",3942000.00,3,"378086204,89"
AIM,AK PORTFÖY MİMKA HİSSE SENEDİ SERBEST ÖZEL FON (HİSSE SENEDİ YOĞUN FON),14.08.2026,"26,223396",2162287.00,1,"56702508,25"
AIR,AZİMUT PORTFÖY ESİN SERBEST (DÖVİZ) ÖZEL FON,14.08.2026,"164,894894",8958187.00,3,"1477159294,33"
AIS,AK PORTFÖY PARA PİYASASI KATILIM FONU,14.08.2026,"0,106629",135910495094.00,21139,"14492030073,04"
AJ1,A1 CAPİTAL PORTFÖY İSTATİSTİKSEL ARBİTRAJ HİSSE SENEDİ SERBEST FON (HİSSE SENEDİ YOĞUN FON),14.08.2026,"1,320122",7706498.00,86,"10173521,27"
AJE,AK PORTFÖY ÜÇÜNCÜ SERBEST ( DÖVİZ ) FON,14.08.2026,"63,025202",45814165.00,980,"2887447001,57"
AJK,AK PORTFÖY 0-5 YIL VADELİ SERBEST (DÖVİZ) FON,14.08.2026,"64,273799",1947432.00,131,"125168852,93"
AJL,AK PORTFÖY BEŞİNCİ SERBEST (DÖVİZ) FON,14.08.2026,"64,039989",73724022.00,1315,"4721285561,61"
AJN,AK PORTFÖY DÖRDÜNCÜ SERBEST (DÖVIZ) FON,14.08.2026,"61,498356",6850939.00,272,"421321486,81"
AK2,AK PORTFÖY UZUN VADELİ BORÇLANMA ARAÇLARI FONU,14.08.2026,"0,537285",309794323.00,9086,"166447866,61"
AK3,AK PORTFÖY HİSSE SENEDİ (TL) FONU (HİSSE SENEDİ YOĞUN FON),14.08.2026,"52,322668",152686468.00,20410,"7988963305,01"
AKE,AK PORTFÖY EUROBOND (AMERİKAN DOLARI) BORÇLANMA ARAÇLARI FONU,14.08.2026,"0,525911",1976928504.00,13411,"1039687965,92"
AKU,AK PORTFÖY BIST 30 ENDEKSİ HİSSE SENEDİ (TL) FONU (HİSSE SENEDİ YOĞUN FON),14.08.2026,"0,949702",2388933984.00,16926,"2268775276,22"
AL4,ALBARAKA PORTFÖY ALBARAKA TÜRK KISA VADELİ KATILIM SERBEST (TL) FON,14.08.2026,"3,959313",318546011.00,12,"1261223273,45"
AL5,ALBARAKA PORTFÖY KATILIM SERBEST (DÖVİZ) FON,14.08.2026,"53,742108",258599945.00,2362,"13897706206,84"
AL6,ALBARAKA PORTFÖY VAKIF KATILIM KISA VADELİ KATILIM SERBEST (TL) FON,14.08.2026,"3,877185",1426593054.00,12,"5531165865,02"
AL7,ALBARAKA PORTFÖY İKİNCİ KISA VADELİ KATILIM SERBEST (TL) FON,14.08.2026,"3,737297",2209205810.00,109,"8256458585,28"
ALC,AK PORTFÖY KAR PAYI ÖDEYEN ŞİRKETLER HİSSE SENEDİ (TL) FONU (HİSSE SENEDİ YOĞUN FON),14.08.2026,"0,36846",4338636291.00,24988,"1598615694,77"
ALE,AK PORTFÖY PARA PİYASASI (TL) FONU,14.08.2026,"13,411666",6537413530.00,144972,"87677603598,21"
AN1,STRATEJİ PORTFÖY BİRİNCİ DEĞİŞKEN FON,14.08.2026,"111,253649",12142378.25,2698,"1350883886,21"
ANL,AK PORTFÖY ALTERNATİF BANK PARA PİYASASI (TL)FONU,14.08.2026,"37,201787",15482196.00,3669,"575965355,01"
ANZ,ATA PORTFÖY DÖRDÜNCÜ SERBEST (DÖVİZ) FON,14.08.2026,"21,771784",11826017.00,160,"257473484,01"
AOJ,ALLBATROSS PORTFÖY İNŞAAT SEKTÖRÜ HİSSE SENEDİ SERBEST (TL) FON (HİSSE SENEDİ YOĞUN FON),14.08.2026,"1,566073",12487611.00,202,"19556509,11"
AOY,AK PORTFÖY ALTERNATİF ENERJİ YABANCI HİSSE SENEDİ FONU,14.08.2026,"0,373073",3013198863.00,36235,"1124142455,97"
AP2,ATLAS PORTFÖY BEŞİNCİ SERBEST (TL) FON,14.08.2026,"2,844498",286997151.00,35,"816362902,46"
AP4,ATLAS PORTFÖY DÖRDÜNCÜ HİSSE SENEDİ SERBEST FON (HİSSE SENEDİ YOĞUN FON),14.08.2026,"1,070227",249218342.00,11,"266720116,42"
AP5,ATLAS PORTFÖY BEŞİNCİ HİSSE SENEDİ SERBEST FON (HİSSE SENEDİ YOĞUN FON),14.08.2026,"0,833441",1028353.00,12,"857071,22"
AP6,PARDUS PORTFÖY ALTINCI HİSSE SENEDİ SERBEST (TL) FON (HİSSE SENEDİ YOĞUN FON),14.08.2026,"7,777543",95325057.00,45,"741394774,73"
AP7,PARDUS PORTFÖY ALGO ETNA İSTATİSTİKSEL ARBİTRAJ SERBEST FON,14.08.2026,"2,649647",99228005.00,482,"262919206,10"
APJ,AK PORTFÖY BIST ŞİRKETLERİ FON SEPETİ FONU,14.08.2026,"6,718271",12372244.00,2915,"83120093,30"
APP,AK PORTFÖY P1 SERBEST ÖZEL FON,14.08.2026,"33,505199",6415502.00,2,"214952670,37"
APT,AK PORTFÖY ORTA VADELI BORÇLANMA ARAÇLARI FONU,14.08.2026,"0,15976",1753877101.00,13026,"280200205,41"
ARE,İSTANBUL PORTFÖY YABANCI HİSSE SENEDİ FONU,14.08.2026,"0,252647",198563477.00,1983,"50166399,56"
ARF,AK PORTFÖY ÖPY İKİNCİ SERBEST (TL) ÖZEL FON,14.08.2026,"8,781733",90349894.00,1,"793428648,43"
ARL,AK PORTFÖY BİRİNCİ FON SEPETİ FONU,14.08.2026,"16,018016",251925851.00,7425,"4035352226,51"
ARM,AK PORTFÖY İKİNCİ FON SEPETİ FONU,14.08.2026,"18,462911",172766669.00,5122,"3189775557,18"
ARP,AK PORTFÖY ÖPY BİRİNCİ SERBEST ÖZEL FON,14.08.2026,"41,073369",75563996.00,1,"3103667901,53"
AS1,ALLBATROSS PORTFÖY BİRİNCİ SERBEST (DÖVİZ) FON,14.08.2026,"45,335018",150456.00,40,"6820925,47"
AS3,ALLBATROSS PORTFÖY ATLAS SERBEST FON,14.08.2026,"0,739844",225848060.00,16,"167092379,46"
ASJ,AKTİF PORTFÖY HİSSE SENEDİ (TL) FONU (HİSSE SENEDİ YOĞUN FON),14.08.2026,"3,858975",15775554.00,759,"60877469,79"
ATJ,AZİMUT PORTFÖY İKİNCİ DEĞİŞKEN FON,14.08.2026,"22,531368",45294433.00,9,"1020545556,49"
AU1,A1 CAPİTAL PORTFÖY ALTIN FONU,14.08.2026,"1,191001",39232368.00,784,"46725780,11"
AUV,AK PORTFÖY UZUN VADELİ SERBEST (DÖVİZ) FON,14.08.2026,"50,071341",12691432.00,561,"635477018,32"
AVC,ATA PORTFÖY İKİNCİ SERBEST (TL) FON,14.08.2026,"135,596719",2028702.00,12,"275085335,23"
AVT,AK PORTFÖY KISA VADELİ BORÇLANMA ARAÇLARI (TL) FONU,14.08.2026,"224,813168",17848527.00,19715,"4012583902,65"
AVZ,AK PORTFÖY EMS SERBEST ( DÖVİZ ) ÖZEL FON,14.08.2026,"94,201545",2302470.00,1,"216896231,06"
AY6,AZİMUT PORTFÖY 26.0 SERBEST FON,14.08.2026,"1,373115",78262194.00,11,"107463026,08"
AY7,AZİMUT PORTFÖY 27.0 SERBEST FON,14.08.2026,"1,653477",189103512.00,12,"312678346,38"
AYA,ATA PORTFÖY KAR PAYI ÖDEYEN HİSSE SENEDİ (TL) FONU (HİSSE SENEDİ YOĞUN FON),14.08.2026,"18,725866",58955379.00,9791,"1103990538,94"
AYR,AK PORTFÖY ÖZEL SEKTÖR BORÇLANMA ARAÇLARI (TL) FONU,14.08.2026,"0,13904",11802009989.00,13109,"1640946727,54"
AZF,AK PORTFÖY PY ÖZEL SEKTÖR BORÇLANMA ARAÇLARI (TL) ÖZEL FONU,14.08.2026,"0,18444",3325162435.00,4,"613291487,72"
AZJ,AZİMUT PYŞ STRATEJİ-1 SERBEST FON,14.08.2026,"20,794777",74499045.00,62,"1549191060,33"
AZV,AZİMUT PORTFÖY BKS SERBEST (DÖVİZ) ÖZEL FON,14.08.2026,"27,137229",167557260.00,5,"4547039781,14"
AZZ,AK PORTFÖY ÖPY MUTLAK GETİRİ HEDEFLİ SERBEST (DÖVİZ) ÖZEL FON,14.08.2026,"63,478678",396560996.00,6,"25173167711,42"
BA1,GLOBAL MD PORTFÖY BİRİNCİ SERBEST FON,14.08.2026,"1,831717",202298264.00,27,"370553094,75"
BAC,ATLAS PORTFÖY BİRİNCİ HİSSE SENEDİ SERBEST FON (HİSSE SENEDİ YOĞUN FON),14.08.2026,"2,578987",854692790.00,12,"2204241618,48"
BAG,BULLS PORTFÖY ATAK DEĞIŞKEN FON,14.08.2026,"1,03813",89560776.00,175,"92975699,98"
BAI,BV PORTFÖY ALTIN KATILIM FONU,14.08.2026,"1,086056",40747353.00,67,"44253891,47"
BAL,QNB PORTFÖY BALY SERBEST (DÖVİZ) ÖZEL FON,14.08.2026,"49,740504",21974290.00,1,"1093012249,08"
BAO,AZİMUT PORTFÖY BARKIN SERBEST (TL) ÖZEL FON,14.08.2026,"3,021268",23497385.00,4,"70991908,56"
BAS,İŞ PORTFÖY BAŞAK SERBEST (DÖVİZ) ÖZEL FON,14.08.2026,"53,659984",28610784.00,1,"1535254198,49"
BBF,PARDUS PORTFÖY BİRİNCİ BORÇLANMA ARAÇLARI (TL) FONU,14.08.2026,"3,56882",38455718.00,876,"137241541,41"
BBI,ALLBATROSS PORTFÖY BİANCO SERBEST (TL) FON,14.08.2026,"1,297955",679926.00,11,"882513,38"
BBN,BULLS PORTFÖY BİRİNCİ HİSSE SENEDİ SERBEST (TL) FON (HİSSE SENEDİ YOĞUN FON),14.08.2026,"0,59684",2300561650.00,13,"1373066637,01"
BBO,BULLS PORTFÖY BANKACILIK SEKTÖRÜ DIŞI ŞİRKETLER HİSSE SENEDİ SERBEST FON (HİSSE SENEDİ YOĞUN FON),14.08.2026,"1,109223",346308033.00,11,"384132863,24"
BBP,ALLBATROSS PORTFÖY BİRİNCİ BORÇLANMA ARAÇLARI FONU,14.08.2026,"2,23764",9869105.00,618,"22083502,21"
BBS,BULLS PORTFÖY BİRİNCİ SERBEST (TL) FON,14.08.2026,"1,602224",908571876.00,809,"1455736071,36"
BCC,ASTRA PORTFÖY BCC SERBEST (DÖVİZ) ÖZEL FON,14.08.2026,"76,455771",41712119.00,3,"3189132208,29"
BCK,DENİZ PORTFÖY BLOCKCHAİN VE FINTECH TEKNOLOJİLERİ DEĞİŞKEN FON,14.08.2026,"2,024448",58261999.00,2286,"117948368,95"
BCO,BULLS PORTFÖY ÇOKLU VARLIK KATILIM FONU,14.08.2026,"1,862857",21058085.00,549,"39228208,30"
BDA,YAPI KREDİ PORTFÖY BİRİNCİ KATILIM SERBEST (DÖVİZ-AVRO) FON,14.08.2026,"56,158473",109588820.00,773,"6154340841,18"
BDC,AURA PORTFÖY BODRUM SERBEST FON,14.08.2026,"8,905651",39069115.00,32,"347935890,08"
BDI,PARDUS PORTFÖY BIST 50 DIŞI ŞİRKETLER HİSSE SENEDİ SERBEST (TL) FON (HİSSE SENEDİ YOĞUN FON),14.08.2026,"0,000237",1078899892204.00,72,"255289981,75"
BDO,BULLS PORTFÖY DÖRDÜNCÜ HİSSE SENEDİ SERBEST FON (HİSSE SENEDİ YOĞUN FON),14.08.2026,"3,01509",1196356226.00,11,"3607121848,62"
BDS,PARDUS PORTFÖY BIST 30 DIŞI ŞİRKETLER HİSSE SENEDİ (TL) FONU (HİSSE SENEDİ YOĞUN FON),14.08.2026,"2,132477",116465681.00,8046,"248360384,04"
BDY,AK PORTFÖY BIST 100 DIŞI ŞİRKETLER HİSSE SENEDİ (TL) FONU (HİSSE SENEDİ YOĞUN FON),14.08.2026,"1,690632",56631147.00,2290,"95742449,40"
BFE,ALLBATROSS PORTFÖY BİRİNCİ FON SEPETİ FONU,14.08.2026,"1,792606",5209163.00,57,"9337976,28"
BFO,İŞ PORTFÖY BFO1 SERBEST (DÖVİZ) ÖZEL FON,14.08.2026,"53,72177",203562943.00,1,"10935761667,24"
BFS,BULLS PORTFÖY EMTİA FON SEPETİ FONU,14.08.2026,"1,000755",18497928.00,222,"18511885,57"
BFT,AZİMUT PORTFÖY BANKA VE FİNANS SEKTÖRÜ HİSSE SENEDİ FONU (HİSSE SENEDİ YOĞUN FON),14.08.2026,"1,131082",223190559.00,544,"252446904,92"
BGH,AZİMUT PORTFÖY BGN HİSSE SENEDİ SERBEST ÖZEL FON (HİSSE SENEDİ YOĞUN FON),14.08.2026,"2,216297",470029440.00,1,"1041725025,77"
BGP,AK PORTFÖY ÜÇÜNCÜ PARA PİYASASI (TL) FONU,14.08.2026,"6,487138",9663141014.00,29226,"62686125227,90"
BGR,AK PORTFÖY BIST GYO ENDEKSİ HİSSE SENEDİ (TL) FONU (HİSSE SENEDİ YOĞUN FON),14.08.2026,"1,008295",30435433.00,88,"30687880,41"
BHA,BULLS PORTFÖY HİSSE SENEDİ (TL) FONU (HİSSE SENEDİ YOĞUN FON),14.08.2026,"1,688748",50881417.00,736,"85925874,81"
BHE,AK PORTFÖY BİRİNCİ HİSSE SENEDİ SERBEST FON (HİSSE SENEDİ YOĞUN FON),14.08.2026,"1,905564",19591446.00,67,"37332752,47"
BHF,PARDUS PORTFÖY BİRİNCİ DEĞİŞKEN FON,14.08.2026,"3,042138",63308505.00,1594,"192593220,16"
BHH,PARDUS PORTFÖY BEŞİNCİ HİSSE SENEDİ SERBEST (TL) FON (HİSSE SENEDİ YOĞUN FON),14.08.2026,"0,182401",1937513182.00,71,"353403815,39"
BHI,BV PORTFÖY MUTLAK GETİRİ HEDEFLİ HİSSE SENEDİ SERBEST (TL) FON (HİSSE SENEDİ YOĞUN FON),14.08.2026,"2,339842",902894082.00,434,"2112629811,01"
BHL,İŞ PORTFÖY BİRİNCİ HİSSE SENEDİ SERBEST FON (HİSSE SENEDİ YOĞUN FON),14.08.2026,"1,300673",74831870.00,805,"97331807,64"
BHN,A1 CAPİTAL PORTFÖY BANKACILIK SEKTÖRÜ DIŞI ŞİRKETLER HİSSE SENEDİ SERBEST (TL) FON (HİSSE SENEDİ YOĞUN FON),14.08.2026,"1,29074",472181135.00,41,"609462972,97"
BHO,AZİMUT PORTFÖY BİRİNCİ PY HİSSE SENEDİ SERBEST ÖZEL FON (HİSSE SENEDİ YOĞUN FON),14.08.2026,"1,199767",1224797601.00,1,"1469471194,57"
BI5,BULLS PORTFÖY BIST 50 DIŞI ŞİRKETLER HİSSE SENEDİ SERBEST FON (HİSSE SENEDİ YOĞUN FON),14.08.2026,"1,096931",90618026.00,14,"99401764,64"
BIA,TRİVE PORTFÖY İSTATİSTİKSEL ARBİTRAJ HİSSE SENEDİ SERBEST FON (HİSSE SENEDİ YOĞUN FON),14.08.2026,"0,221656",3732290.00,18,"827283,06"
BID,QNB PORTFÖY BIST 100 DIŞI ŞİRKETLER HİSSE SENEDİ (TL) FONU (HİSSE SENEDİ YOĞUN FON),14.08.2026,"3,210259",70642826.00,2028,"226781753,61"
BIG,YAPI KREDİ PORTFÖY ÜÇÜNCÜ HİSSE SENEDİ FONU (HİSSE SENEDİ YOĞUN FON),14.08.2026,"1,401986",369855290.00,3293,"518531989,30"
BIH,PARDUS PORTFÖY BİRİNCİ HİSSE SENEDİ (TL) FONU (HİSSE SENEDİ YOĞUN FON),14.08.2026,"8,751317",99740311.00,533,"872859078,20"
BIK,BULLS PORTFÖY İKİNCİ HİSSE SENEDİ SERBEST (TL) FON (HİSSE SENEDİ YOĞUN FON),14.08.2026,"1,293902",2326034321.00,15,"3009660880,43"
BIO,İŞ PORTFÖY SÜRDÜRÜLEBİLİRLİK HİSSE SENEDİ (TL) FONU (HİSSE SENEDİ YOĞUN FON),14.08.2026,"2,363823",380648437.00,10305,"899785345,95"
BIP,İSTANBUL PORTFÖY BİRİNCİ PARA PİYASASI SERBEST (TL) FON,14.08.2026,"1,626658",3373545498.00,228,"5487603706,16"
BIS,BV PORTFÖY BİRİNCİ SERBEST FON,14.08.2026,"1,77206",445163442.00,60,"788856329,51"
BIY,AZİMUT PORTFÖY BIST 100 DIŞI ŞİRKETLER HİSSE SENEDİ FONU (HİSSE SENEDİ YOĞUN FON),14.08.2026,"1,390302",60431766.00,333,"84018406,22"
BJD,AZİMUT PORTFÖY 13.0 SERBEST (DÖVİZ) FON,14.08.2026,"53,025215",14906612.00,111,"790426302,68"
BKO,AZİMUT PORTFÖY BİRİNCİ KATILIM SERBEST ÖZEL FON,14.08.2026,"1,272476",1000918213.00,1,"1273644685,64"
BKY,YAPI KREDİ PORTFÖY BİRİNCİ KATILIM SERBEST (DÖVİZ) FON,14.08.2026,"49,559286",138749745.00,960,"6876338240,04"
BLA,BULLS PORTFÖY ALGORİTMİK HİSSE SENEDİ SERBEST (TL) FON (HİSSE SENEDİ YOĞUN FON),14.08.2026,"5,074181",935298004.00,15,"4745871456,02"
BLD,DENİZ PORTFÖY BALEV EĞİTİME DESTEK SERBEST FON,14.08.2026,"1,656077",309922777.00,738,"513256137,31"
BLT,BULLS PORTFÖY ALTIN FONU,14.08.2026,"1,857691",194965934.00,3070,"362186424,25"
BMU,BULLS PORTFÖY MUTLAK GETİRİ HEDEFLİ HİSSE SENEDİ SERBEST FON (HİSSE SENEDİ YOĞUN FON),14.08.2026,"2,972458",153788315.00,4412,"457129252,75"
BNC,AK PORTFÖY BEŞİNCİ SERBEST FON,14.08.2026,"2,165606",284139305.00,243,"615333843,03"
BNH,İSTANBUL PORTFÖY BANKACILIK SEKTÖRÜ HİSSE SENEDİ SERBEST (TL) FON (HİSSE SENEDİ YOĞUN FON),14.08.2026,"1,179541",47751607.00,178,"56324958,77"
BOH,BULLS PORTFÖY BIST 30 DIŞI ŞİRKETLER HİSSE SENEDİ SERBEST FON (HİSSE SENEDİ YOĞUN FON),14.08.2026,"0,802079",250569682.00,11,"200976574,61"
BOL,AKTİF PORTFÖY BORÇLANMA ARAÇLARI FONU,14.08.2026,"1,680364",59959550.00,237,"100753872,59"
BON,A1 CAPİTAL PORTFÖY BORÇLANMA ARAÇLARI FONU,14.08.2026,"1,407039",39346137.00,283,"55361545,12"
BOP,İŞ PORTFÖY ÖPY BİRİNCİ SERBEST (DÖVİZ) ÖZEL FON,14.08.2026,"49,44078",26607885.00,11,"1315514576,73"
BOS,BULLS PORTFÖY ALTINCI HİSSE SENEDİ SERBEST FON (HİSSE SENEDİ YOĞUN FON),14.08.2026,"1,656739",1606981202.00,970,"2662348920,90"
BP5,BULLS PORTFÖY BEŞİNCİ HİSSE SENEDİ SERBEST FON (HİSSE SENEDİ YOĞUN FON),14.08.2026,"1,738266",35573439.00,11,"61836102,31"
BPD,BULLS PORTFÖY BİRİNCİ SERBEST (DÖVİZ) FON,14.08.2026,"55,117061",2748429.00,11,"151485329,93"
BPZ,BULLS PORTFÖY PARA PİYASASI (TL) FONU,14.08.2026,"1,576999",323673441.00,1181,"510432841,56"
BRB,BULLS PORTFÖY ARENA SERBEST FON,14.08.2026,"0,981555",571381465.00,11,"560842517,40"
BRC,RE-PIE PORTFÖY BİRİNCİ İSTATİSTİKSEL ARBİTRAJ HİSSE SENEDİ SERBEST FON (HİSSE SENEDİ YOĞUN FON),14.08.2026,"1,343881",101770246.00,39,"136767118,38"
BRF,DENİZ PORTFÖY BİRİNCİ FON SEPETİ FONU,14.08.2026,"1,589256",52396202.00,1060,"83270957,05"
BRG,TEB PORTFÖY BURGAN BANK PARA PİYASASI (TL) FONU,14.08.2026,"5,080208",356488050.00,1602,"1811033365,38"
BRH,İSTANBUL PORTFÖY BİRİNCİ HİSSE SENEDİ SERBEST FON (HİSSE SENEDİ YOĞUN FON),14.08.2026,"6,786298",805206408.00,15,"5464370564,70"
BRR,AK PORTFÖY İKİNCİ KISA VADELİ BORÇLANMA ARAÇLARI (TL) FONU,14.08.2026,"1,646383",54437877.00,310,"89625588,53"
BRT,PARDUS PORTFÖY BEREKET HİSSE SENEDİ SERBEST FON (HİSSE SENEDİ YOĞUN FON),14.08.2026,"0,912356",17917893.00,361,"16347503,11"
BRZ,TEB PORTFÖY BURGAZ SERBEST (DÖVİZ) ÖZEL FON,14.08.2026,"54,832791",28212700.00,5,"1546981094,93"
BS1,AHLATCI PORTFÖY BİRİNCİ SERBEST (TL) FON,14.08.2026,"1,242078",7612635.00,133,"9455485,04"
BSA,İŞ PORTFÖY BAŞAK SERBEST ÖZEL FON,14.08.2026,"0,430511",2039522977.00,1,"878036843,86"
BSC,A1 CAPİTAL PORTFÖY BİRİNCİ SERBEST FON,14.08.2026,"0,134399",957331903.00,41,"128664278,71"
BSD,BV PORTFÖY SERBEST (DÖVİZ) FON,14.08.2026,"1,187416",292943877.00,90,"347846218,46"
BSE,PARDUS PORTFÖY BIST 30 DIŞI ŞİRKETLER HİSSE SENEDİ SERBEST (TL) FON (HİSSE SENEDİ YOĞUN FON),14.08.2026,"0,481285",699706398.00,65,"336758049,24"
BSF,İŞ PORTFÖY BİRİNCİ SERBEST ÖZEL FON,14.08.2026,"1,247153",5653503590.00,1,"7050784332,61"
BSH,ATLAS PORTFÖY BANKACILIK SEKTÖRÜ HİSSE SENEDİ SERBEST FON (HİSSE SENEDİ YOĞUN FON),14.08.2026,"0,98002",7249535.00,130,"7104687,49"
BSM,GLOBAL MD PORTFÖY BERRAK SERBEST FON,14.08.2026,"1,743659",1327738269.00,2892,"2315122238,37"
BSN,BULLS PORTFÖY SANAYİ ŞİRKETLERİ HİSSE SENEDİ SERBEST FON (HİSSE SENEDİ YOĞUN FON),14.08.2026,"0,916915",757705538.00,18,"694751401,00"
BST,PARDUS PORTFÖY BANKACILIK SEKTÖRÜ DIŞI ŞİRKETLER HİSSE SENEDİ SERBEST (TL) FON (HİSSE SENEDİ YOĞUN FON),14.08.2026,"10,414949",4141428.00,573,"43132759,69"
BTE,BV PORTFÖY OYUN VE TEKNOLOJİ DEĞİŞKEN FON,14.08.2026,"5,170687",43633982.00,993,"225617665,59"
BTJ,ATLAS PORTFÖY İSTATİSTİKSEL ARBİTRAJ HİSSE SENEDİ SERBEST FON (HİSSE SENEDİ YOĞUN FON),14.08.2026,"1,361264",9128277.00,57,"12425991,49"
BTK,BV PORTFÖY TEKNOLOJİ KATILIM FONU,14.08.2026,"1,694909",177990039.00,1898,"301676975,03"
BTP,TRİVE PORTFÖY PARA PİYASASI SERBEST FON,14.08.2026,"0,588126",2417076028.00,23,"1421546286,83"
BTY,İŞ PORTFÖY BTY SERBEST (DÖVİZ) ÖZEL FON,14.08.2026,"58,981795",10669894.00,2,"629329497,49"
BTZ,ATLAS PORTFÖY BIST 30 DIŞI ŞİRKETLER HİSSE SENEDİ FONU (HİSSE SENEDİ YOĞUN FON),14.08.2026,"1,216281",6174401.00,191,"7509804,54"
BUB,BULLS PORTFÖY BİRİNCİ FON SEPETİ FONU,14.08.2026,"1,240571",109492860.00,2921,"135833642,95"
BUC,BULLS PORTFÖY ÜÇÜNCÜ HİSSE SENEDİ SERBEST (TL) FON (HİSSE SENEDİ YOĞUN FON),14.08.2026,"0,793305",207068257.00,24,"164268213,80"
BUP,AZİMUT PORTFÖY BUPA SERBEST (TL) ÖZEL FON,14.08.2026,"4,145957",3354777076.00,1,"13908761963,81"
BUT,AZİMUT PORTFÖY BULUT HİSSE SENEDİ SERBEST ÖZEL FON (HİSSE SENEDİ YOĞUN FON),14.08.2026,"1,886002",113374641.00,4,"213824757,50"
BUV,BULLS PORTFÖY VOLTRAN SERBEST (TL) FON,14.08.2026,"1,231935",12825360.00,269,"15800009,49"
BUY,AK PORTFÖY BÜYÜYEN ŞİRKETLER HİSSE SENEDİ (TL) FONU (HİSSE SENEDİ YOĞUN FON),14.08.2026,"1,784945",196915962.00,16802,"351484069,97"
BV1,BV PORTFÖY BİRİNCİ HİSSE SENEDİ (TL) FON (HİSSE SENEDİ YOĞUN FON),14.08.2026,"1,666597",51345324.00,496,"85571953,97"
BVB,AK PORTFÖY ÖPY YEDİNCİ SERBEST (TL) ÖZEL FON,14.08.2026,"4,56394",1075003028.00,1,"4906249683,64"
BVC,AK PORTFÖY BİRİNCİ SERBEST (TL) ÖZEL FON,14.08.2026,"4,324696",1621342207.00,1,"7011812124,03"
BVD,BV PORTFÖY BİRİNCİ DEĞİŞKEN FON,14.08.2026,"1,404922",196776862.00,362,"276456097,30"
BVF,BV PORTFÖY PARA PİYASASI (TL) FON,14.08.2026,"1,402747",1295025724.00,534,"1816593044,84"
BVH,BV PORTFÖY BİRİNCİ HİSSE SENEDİ SERBEST (TL) FON (HİSSE SENEDİ YOĞUN FON),14.08.2026,"2,054629",67831653.00,13,"139368896,02"
BVI,BV PORTFÖY İKİNCİ HİSSE SENEDİ SERBEST FON (HİSSE SENEDİ YOĞUN FON),14.08.2026,"2,884343",101063959.00,28,"291503144,60"
BVK,BULLS PORTFÖY VOLTRAN KATILIM SERBEST (TL) FON,14.08.2026,"1,260363",133539.00,23,"168307,65"
BVM,ALLBATROSS PORTFÖY BİRİNCİ HİSSE SENEDİ SERBEST (TL) FON (HİSSE SENEDİ YOĞUN FON),14.08.2026,"1,299039",10434242.00,127,"13554483,88"
BVT,AZİMUT PORTFÖY GÜNEY SERBEST ÖZEL FON,14.08.2026,"5,468451",3745267.00,10,"20480810,40"
BVV,BV PORTFÖY TEKNOLOJİ DEĞİŞKEN FON,14.08.2026,"3,605876",54814252.00,1041,"197653416,53"
BVZ,BV PORTFÖY İSTATİSTİKSEL ARBİTRAJ SERBEST (TL) FON,14.08.2026,"4,466604",624040219.00,650,"2787340396,92"
BYZ,A1 CAPİTAL PORTFÖY BIST 100 DIŞI ŞİRKETLER HİSSE SENEDİ SERBEST (TL) FON (HİSSE SENEDİ YOĞUN FON),14.08.2026,"0,784048",82142873.00,40,"64403933,28"
CAH,A1 CAPİTAL PORTFÖY HİSSE SENEDİ SERBEST FON (HİSSE SENEDİ YOĞUN FON),14.08.2026,"1,360972",27053415.00,256,"36818927,89"
CBD,A1 CAPİTAL PORTFÖY BIST 30 DIŞI ŞİRKETLER HİSSE SENEDİ SERBEST FON (HİSSE SENEDİ YOĞUN FON),14.08.2026,"0,220813",257529869.00,15,"56865846,90"
CBN,QNB PORTFÖY CBN SERBEST (DÖVİZ) ÖZEL FON,14.08.2026,"46,965679",12786581.00,6,"600530453,42"
CBO,AZİMUT PORTFÖY HCBO HİSSE SENEDİ SERBEST ÖZEL FON (HİSSE SENEDİ YOĞUN FON),14.08.2026,"239,480852",7235254.00,3,"1732704793,69"
CEY,ROTA PORTFÖY CEY SERBEST (DÖVİZ) ÖZEL FON,14.08.2026,"66,439807",3314435.00,3,"220210420,09"
CFO,ROTA PORTFÖY İKİNCİ PARA PİYASASI FONU,14.08.2026,"2,499551",825355155.00,479,"2063017283,16"
CGD,DENİZ PORTFÖY ÇAĞDAŞ SERBEST (DÖVİZ) ÖZEL FON,14.08.2026,"58,021024",11069534.00,2,"642265699,37"
CHY,A1 CAPİTAL PORTFÖY İKİNCİ HİSSE SENEDİ SERBEST (TL) FON (HİSSE SENEDİ YOĞUN FON),14.08.2026,"0,135237",962732214.00,42,"130197144,99"
CIN,AKTİF PORTFÖY BİRİNCİ SERBEST FON,14.08.2026,"1,733601",12500595.00,525,"21671040,16"
CJD,AK PORTFÖY SEKİZİNCİ SERBEST (DÖVİZ) FON,14.08.2026,"50,690892",1627775.00,27,"82513366,35"
CJF,AK PORTFÖY ADOC SERBEST (DÖVİZ) ÖZEL FON,14.08.2026,"64,85118",29532817.00,3,"1915238026,43"
CJG,AK PORTFÖY SDSD SERBEST (DÖVİZ) ÖZEL FON,14.08.2026,"65,731699",30293734.00,1,"1991258598,10"
CJH,AK PORTFÖY DOKUZUNCU SERBEST (DÖVİZ-AVRO) FON,14.08.2026,"61,311409",50406002.00,1728,"3090463003,96"
CKF,ALBARAKA PORTFÖY ÇOKLU VARLIK KATILIM FONU,14.08.2026,"2,119167",312290996.00,2479,"661796801,16"
CKL,YAPI KREDİ PORTFÖY ÇOKLU VARLIK DEĞİŞKEN FON,14.08.2026,"1,549784",466858719.00,968,"723529953,59"
CKS,İŞ PORTFÖY BİRİNCİ KATILIM SERBEST (DÖVİZ) FON,14.08.2026,"60,751644",89111891.00,2347,"5413693884,06"
COT,AK PORTFÖY 2030 SERBEST (DÖVİZ-AVRO) FON,14.08.2026,"58,89866",9262349.00,194,"545539944,43"
CPT,ROTA PORTFÖY ÇİP TEKNOLOJİLERİ DEĞİŞKEN FON,14.08.2026,"3,953916",285776834.00,14524,"1129937687,75"
CPU,AKTİF PORTFÖY TEKNOLOJİ KATILIM FONU,14.08.2026,"3,913016",418336758.00,17042,"1636958408,75"
CRL,YAPI KREDİ PORTFÖY ACARLAR SERBEST (DÖVİZ) ÖZEL FON,14.08.2026,"49,004423",21500000.00,3,"1053595098,50"
CSD,İŞ PORTFÖY CANO SERBEST (DÖVİZ) ÖZEL FON,14.08.2026,"64,242658",10420749.00,1,"669456619,23"
CSH,PARDUS PORTFÖY ÜÇÜNCÜ HİSSE SENEDİ SERBEST FON (HİSSE SENEDİ YOĞUN FON),14.08.2026,"6,909156",1582322649.00,54,"10932513822,70"
CTF,İŞ PORTFÖY ASSG SERBEST (DÖVİZ) ÖZEL FON,14.08.2026,"9,278193",37371557.00,1,"346740508,30"
CTG,İŞ PORTFÖY FEFON SERBEST ÖZEL FON,14.08.2026,"7,5725",2166304.00,1,"16404338,06"
CTM,İŞ PORTFÖY KEFON SERBEST ÖZEL FON,14.08.2026,"6,353491",2582372.00,1,"16407076,01"
CTP,İŞ PORTFÖY AAF SERBEST (DÖVİZ) ÖZEL FON,14.08.2026,"62,614077",9051870.00,1,"566774484,15"
CTV,İŞ PORTFÖY MHA SERBEST (DÖVİZ) ÖZEL FON,14.08.2026,"10,819981",18940772.00,4,"204938801,13"
CVA,AK PORTFÖY ÜÇÜNCÜ KAMU BORÇLANMA ARAÇLARI (TL) ÖZEL FONU,14.08.2026,"4,115169",2310971747.00,1,"9510039510,68"
CVB,AK PORTFÖY İKİNCİ SERBEST (TL) ÖZEL FON,14.08.2026,"4,197154",473115896.00,5,"1985740401,44"
CVC,AK PORTFÖY ÖPY KAR PAYI ÖDEYEN SERBEST ÖZEL FON,14.08.2026,"2,862282",251125767.00,2,"718792776,11"
CVD,AK PORTFÖY GİFON SERBEST (DÖVİZ) ÖZEL FON,14.08.2026,"63,808667",17084592.00,2,"1090145042,63"
CVE,AK PORTFÖY BİRİNCİ KAMU BORÇLANMA ARAÇLARI (TL) ÖZEL FONU,14.08.2026,"2,737916",110022256.00,1,"301231709,28"
CVF,AK PORTFÖY SÜRDÜRÜLEBİLİRLİK SERBEST (TL) ÖZEL FON,14.08.2026,"4,724651",206783109.00,1,"976977929,07"
CVK,INVEO PORTFÖY ÇOKLU VARLIK KATILIM FONU,14.08.2026,"5,041745",123109616.00,1914,"620687330,01"
CVL,A1 CAPİTAL PORTFÖY ÇOKLU VARLIK KATILIM FONU,14.08.2026,"1,347645",12277316.00,137,"16545468,22"
CYD,AK PORTFÖY 2027 SERBEST (DÖVİZ-AVRO) FON,14.08.2026,"57,322026",23964395.00,404,"1373687662,66"
DA1,A1 CAPİTAL PORTFÖY SERBEST (DÖVİZ) FON,14.08.2026,"48,774728",228384.00,45,"11139367,43"
DAC,DENİZ PORTFÖY BORİS SERBEST (DÖVİZ) ÖZEL FON,14.08.2026,"72,80927",7102353.00,1,"517117135,46"
DAE,DENİZ PORTFÖY ARBAU HİSSE SENEDİ SERBEST ÖZEL FON (HİSSE SENEDİ YOĞUN FON),14.08.2026,"2,634392",375205792.00,1,"988439028,53"
DAH,DENİZ PORTFÖY HİSSE SENEDİ FONU (HİSSE SENEDİ YOĞUN FON),14.08.2026,"3,600945",164303500.00,2573,"591647883,98"
DAI,DENİZ PORTFÖY ARTI SERBEST (DÖVİZ) ÖZEL FON,14.08.2026,"95,947228",3849385.00,4,"369337819,81"
DAL,DENİZ PORTFÖY SU SERBEST (DÖVİZ) ÖZEL FON,14.08.2026,"72,235079",9596335.00,1,"693192019,93"
DAP,DESTEK PORTFÖY PARA PİYASASI FONU,14.08.2026,"1,009123",40090000.00,1,"40455722,53"
DAS,DENİZ PORTFÖY ONİKİNCİ SERBEST (DÖVİZ) FON,14.08.2026,"54,914985",2111579733.31,25553,"115957369597,18"
DAT,DENİZ PORTFÖY ARMUT SERBEST (DÖVİZ) ÖZEL FON,14.08.2026,"97,874313",2782588.00,6,"272343888,75"
DAV,DENİZ PORTFÖY 2026 SERBEST (DÖVİZ-AVRO) FON,14.08.2026,"57,527883",20092669.00,212,"1155888713,44"
DAZ,DENİZ PORTFÖY TÜRKİZ SERBEST(DÖVİZ) ÖZEL FON,14.08.2026,"13,357943",24646884.00,4,"329231675,40"
DB2,NUROL PORTFÖY İKİNCİ KISA VADELİ SERBEST FON,14.08.2026,"2,079353",5152822.00,12,"10714535,46"
DBA,DENİZ PORTFÖY ALTIN FONU,14.08.2026,"0,742124",13406606789.00,25391,"9949368345,53"
DBB,DENİZ PORTFÖY BORÇLANMA ARAÇLARI FONU,14.08.2026,"0,112",2221565338.85,1934,"248814613,88"
DBG,DENİZ PORTFÖY BEYAZ SERBEST ÖZEL FONU,14.08.2026,"0,663071",4113931849.00,3,"2727828246,44"
DBH,DENİZ PORTFÖY EUROBOND (DÖVİZ) BORÇLANMA ARAÇLARI FONU,14.08.2026,"0,381435",2620297800.00,8715,"999472867,81"
DBK,DENİZ PORTFÖY KISA VADELİ BORÇLANMA ARAÇLARI (TL) FONU,14.08.2026,"0,120156",6637568606.00,85327,"797544235,36"
DBP,DENİZ PORTFÖY BİRİNCİ DEĞİŞKEN FON,14.08.2026,"0,49817",326327800.00,1054,"162566620,03"
DBZ,DENİZ PORTFÖY ÖZEL SEKTÖR BORÇLANMA ARAÇLARI FONU,14.08.2026,"0,139577",5172746500.00,2926,"721997556,61"
DCB,DENİZ PORTFÖY PARA PİYASASI SERBEST (TL) FON,14.08.2026,"4,733573",27477878263.00,22435,"130068542934,75"
DCD,DENİZ PORTFÖY SKA SERBEST (DÖVİZ) ÖZEL FON,14.08.2026,"65,730671",3783175.00,1,"248670631,19"
DCE,DENİZ PORTFÖY BAKHAM SERBEST (DÖVİZ) ÖZEL FON,14.08.2026,"73,587018",17399399.00,3,"1280369888,36"
DCN,DENİZ PORTFÖY ÜÇÜNCÜ PARA PİYASASI (TL) FONU,14.08.2026,"1,427934",510889874.00,1854,"729517028,67"
DCP,YAPI KREDİ PORTFÖY CÖMERT SERBEST (DÖVİZ) ÖZEL FON,14.08.2026,"71,582332",3518482.00,3,"251861145,19"
DCV,DENİZ PORTFÖY KAR PAYI ÖDEYEN SERBEST (DÖVİZ) FON,14.08.2026,"47,471477",789367.00,23,"37472417,46"
DDA,DENİZ PORTFÖY BANKACILIK SEKTÖRÜ HİSSE SENEDİ SERBEST FON (HİSSE SENEDİ YOĞUN FON),14.08.2026,"12,281972",16606307.00,1034,"203958204,56"
DDC,DENİZ PORTFÖY GÜN DOĞUSU HİSSE SENEDİ SERBEST (TL) FON (HİSSE SENEDİ YOĞUN FON),14.08.2026,"17,676989",335460632.00,11,"5929933963,44"
DDE,DENİZ PORTFÖY BADE SERBEST (DÖVİZ) ÖZEL FON,14.08.2026,"75,494512",5515073.00,1,"416357743,92"
DDF,DENİZ PORTFÖY DİNAMO HİSSE SENEDİ SERBEST (TL) FON (HİSSE SENEDİ YOĞUN FON),14.08.2026,"12,7046",8994317.00,611,"114269197,03"
DDP,DENİZ PORTFÖY SK SERBEST (DÖVİZ) ÖZEL FON,14.08.2026,"73,331307",1046042.00,1,"76707626,80"
DEF,ALLBATROSS PORTFÖY DEFNE SERBEST FON,14.08.2026,"2,703711",25928926.00,92,"70104310,06"
DEI,ALLBATROSS PORTFÖY DEMİR KISA VADELİ KATILIM SERBEST (TL) FON,14.08.2026,"0,03734",173196936.00,13,"6467144,21"
DFC,DENİZ PORTFÖY TARIM VE GIDA DEĞİŞKEN FON,14.08.2026,"3,110895",65593815.00,1542,"204055446,16"
DFD,DENİZ PORTFÖY EMTİA SERBEST FON,14.08.2026,"2,650895",52562553.00,445,"139337818,26"
DFI,ATLAS PORTFÖY SERBEST FON,14.08.2026,"5,438083",6333080689.00,52065,"34439819908,21"
DFO,AZİMUT PORTFÖY DLS SERBEST ÖZEL FON,14.08.2026,"3,849945",294965626.00,2,"1135601327,15"
DGF,A1 CAPİTAL PORTFÖY DEĞİŞKEN FON,14.08.2026,"1,405834",15954560.00,257,"22429459,12"
DGH,ATA PORTFÖY PARA PİYASASI SERBEST (TL) FON,14.08.2026,"10,707056",370859076.00,261,"3970808979,80"
DHI,PARDUS PORTFÖY DOKUZUNCU HİSSE SENEDİ SERBEST (TL) FON (HİSSE SENEDİ YOĞUN FON),14.08.2026,"0,556919",5008123066.00,46,"2789120315,05"
DHJ,DENİZ PORTFÖY TEKNOLOJİ ŞİRKETLERİ HİSSE SENEDİ FONU (HİSSE SENEDİ YOĞUN FON),14.08.2026,"7,077611",30798224.00,2957,"217977864,18"
DHM,DENİZ PORTFÖY ESG-SÜRDÜRÜLEBİLİRLİK FON SEPETİ FONU,14.08.2026,"5,324435",5059844.00,1166,"26940811,66"
DHP,DENİZ PORTFÖY PERİFER HİSSE SENEDİ SERBEST ÖZEL FON (HİSSE SENEDİ YOĞUN FON),14.08.2026,"4,254765",1887493.00,1,"8030839,41"
DHS,DENİZ PORTFÖY CC HİSSE SENEDİ SERBEST ÖZEL FON (HİSSE SENEDİ YOĞUN FON),14.08.2026,"266,243857",13205338.00,1,"3515840127,80"
DHT,DENİZ PORTFÖY HAVACILIK VE SAVUNMA TEKNOLOJİLERİ DEĞİŞKEN FON,14.08.2026,"1,220222",61855903.00,688,"75477910,42"
DHV,DENİZ PORTFÖY BİRİNCİ HİSSE SENEDİ SERBEST (TL) FON (HİSSE SENEDİ YOĞUN FON),14.08.2026,"2,740097",238602505.00,746,"653794057,34"
DID,DENİZ PORTFÖY İKİNCİ DEĞİŞKEN FON,14.08.2026,"1,486155",18508242.00,150,"27506117,63"
DIH,DENİZ PORTFÖY İKİNCİ HİSSE SENEDİ SERBEST (TL) FON (HİSSE SENEDİ YOĞUN FON),14.08.2026,"1,755059",76257782.00,11,"133836889,66"
DIM,DENİZ PORTFÖY İMRAL SERBEST (DÖVİZ) ÖZEL FON,14.08.2026,"49,592446",2287508.00,1,"113443116,18"
DIP,DENİZ PORTFÖY İKİNCİ PARA PİYASASI SERBEST (TL) FON,14.08.2026,"1,567512",43918328698.00,1939,"68842505539,00"
DK1,KUVEYT TÜRK PORTFÖY DÜNYA KATILIM BANKASI KISA VADELİ KATILIM SERBEST FON,14.08.2026,"1,468378",2186721220.00,61,"3210932782,98"
DKA,DENİZ PORTFÖY KAR PAYI ÖDEYEN DOKUZUNCU SERBEST (DÖVİZ) FON,14.08.2026,"47,820922",50978831.00,239,"2437854706,11"
DKC,DENİZ PORTFÖY İKİNCİ SERBEST FON,14.08.2026,"0,600383",17586692.00,23,"10558758,47"
DKH,DENİZ PORTFÖY KATILIM HİSSE SENEDİ (TL) FONU (HİSSE SENEDİ YOĞUN FON),14.08.2026,"3,711056",57113985.00,1432,"211953189,40"
DKL,DENİZ PORTFÖY BİRİNCİ KATILIM SERBEST (DÖVİZ) FON,14.08.2026,"50,424966",7457178.00,101,"376027944,69"
DKP,QNB PORTFÖY KAR PAYI ÖDEYEN DOKUZUNCU SERBEST (DÖVİZ) FON,14.08.2026,"47,937093",86320000.00,629,"4137929870,20"
DKR,DENİZ PORTFÖY ONDÖRDÜNCÜ SERBEST FON,14.08.2026,"0,967893",464480674.00,2562,"449567759,01"
DKS,DENİZ PORTFÖY KUZEYYILDIZI SERBEST (DÖVİZ) ÖZEL FON,14.08.2026,"72,314471",3207930.00,2,"231979761,31"
DKY,DENİZ PORTFÖY KAR PAYI ÖDEYEN ONÜÇÜNCÜ SERBEST (DÖVİZ) FON,14.08.2026,"47,88726",56318233.00,228,"2696925872,59"
DL2,DENİZ PORTFÖY İKİNCİ PARA PİYASASI (TL) FONU,14.08.2026,"2,460315",8921013277.00,659,"21948503497,83"
DLD,DENİZ PORTFÖY SÜRDÜRÜLEBİLİRLİK HİSSE SENEDİ FONU (HİSSE SENEDİ YOĞUN FON),14.08.2026,"7,579334",8071885.00,573,"61179510,17"
DLG,DENİZ PORTFÖY ESG SÜRDÜRÜLEBİLİRLİK SERBEST FON,14.08.2026,"1,252052",3743195.00,40,"4686674,83"
DLN,AURA PORTFÖY DOLUNAY SERBEST FON,14.08.2026,"2,451338",1916441640.00,40,"4697847171,79"
DLY,DENİZ PORTFÖY PARA PİYASASI (TL) FONU,14.08.2026,"6,03052",14814132549.00,309761,"89336921028,25"
DLZ,DENİZ PORTFÖY ALİZE HİSSE SENEDİ SERBEST (TL) FON (HİSSE SENEDİ YOĞUN FON),14.08.2026,"0,501598",21362169.00,44,"10715230,78"
DMG,DENİZ PORTFÖY GÜMÜŞ FON SEPETİ FONU,14.08.2026,"6,790525",447049468.00,15062,"3035700502,43"
DMR,ZİRAAT PORTFÖY DEMİRAY SERBEST (DÖVİZ) ÖZEL FON,14.08.2026,"58,821692",296469134.00,1,"17438816028,17"
DMV,DENİZ PORTFÖY SMART SERBEST (DÖVİZ) ÖZEL FON,14.08.2026,"70,340111",4806366.00,2,"338080319,16"
DMZ,DENİZ PORTFÖY ZEYTİN SERBEST (DÖVİZ) ÖZEL FON,14.08.2026,"64,231516",10000000.00,5,"642315158,00"
DNA,DENİZ PORTFÖY ANATOLİA HİSSE SENEDİ SERBEST ÖZEL FON (HİSSE SENEDİ YOĞUN FON),14.08.2026,"14,151395",199023445.00,5,"2816459298,11"
DNF,A1 CAPİTAL PORTFÖY DİNAMİK FON SEPETİ FONU,14.08.2026,"1,287126",26894117.00,110,"34616124,30"
DNH,DENİZ PORTFÖY İNŞAAT SEKTÖRÜ HİSSE SENEDİ SERBEST (TL) FON (HİSSE SENEDİ YOĞUN FON),14.08.2026,"1,125401",15812238.00,64,"17795106,32"
DNK,TACİRLER PORTFÖY DENGE KATILIM SERBEST FON,14.08.2026,"1,697672",380067809.00,134,"645230360,62"
DNL,DENİZ PORTFÖY NEKO SERBEST (DÖVİZ) ÖZEL FON,14.08.2026,"55,34351",3984706.00,1,"220527615,44"
DNM,QNB PORTFÖY DİNAMİK DAĞILIMLI SERBEST (DÖVİZ) FON,14.08.2026,"52,372785",25822413.00,1009,"1352391691,48"
DNP,DENİZ PORTFÖY PARA PİYASASI KATILIM SERBEST (TL) FON,14.08.2026,"1,424229",972548098.00,294,"1385131667,91"
DNU,DENİZ PORTFÖY KAR PAYI ÖDEYEN ONBEŞİNCİ SERBEST (DÖVİZ) FON,14.08.2026,"47,388792",822105.00,15,"38958562,62"
DOC,DENİZ PORTFÖY KAR PAYI ÖDEYEN ONİKİNCİ SERBEST (DÖVIZ) FON,14.08.2026,"47,902296",102203272.00,174,"4895771365,50"
DOD,AZİMUT PORTFÖY 14.0 SERBEST (DÖVİZ) FON,14.08.2026,"69,48007",206437881.00,159,"14343318355,26"
DOH,TERA PORTFÖY DÖRDÜNCÜ HİSSE SENEDİ SERBEST (TL) FON (HİSSE SENEDİ YOĞUN FON),14.08.2026,"1,862239",655559585.00,2427,"1220808437,75"
DOL,AKTİF PORTFÖY ÜÇÜNCÜ AKTİF SERBEST (DÖVİZ) FON,14.08.2026,"52,532024",100399129.00,384,"5274169419,96"
DOR,AZİMUT PORTFÖY OKSİJEN SERBEST (DÖVİZ) ÖZEL FON,14.08.2026,"72,879275",7202062.00,1,"524881055,87"
DOS,DENİZ PORTFÖY OLMİ SERBEST (DÖVİZ) ÖZEL FON,14.08.2026,"67,943873",30462164.00,3,"2069717390,64"
DOV,DENİZ PORTFÖY ONÜÇÜNCÜ SERBEST (DÖVİZ-AVRO) FON,14.08.2026,"59,998915",1190603141.00,17217,"71434896952,36"
DP1,DENİZ PORTFÖY DELTA SERBEST ÖZEL FON,14.08.2026,"17,884725",284576837.00,7,"5089578382,54"
DP2,DENİZ PORTFÖY ÖZER SERBEST (DÖVİZ) ÖZEL FON,14.08.2026,"66,086395",5550704.00,11,"366826019,67"
DP3,DENİZ PORTFÖY DUMAN SERBEST (DÖVİZ) ÖZEL FON,14.08.2026,"70,366424",4680779.00,4,"329369682,08"
DP4,DENİZ PORTFÖY GİZEM SERBEST (DÖVİZ) ÖZEL FON,14.08.2026,"73,948974",7358618.00,3,"544162249,73"
DP5,DENİZ PORTFÖY MER SERBEST (DÖVİZ) ÖZEL FON,14.08.2026,"83,87223",21656874.00,1,"1816410322,02"
DP6,DENİZ PORTFÖY KAR PAYI ÖDEYEN BEŞİNCİ SERBEST (DÖVİZ) FON,14.08.2026,"47,92672",40182585.00,212,"1925819519,79"
DP7,DENİZ PORTFÖY DEMİR SERBEST (DÖVİZ) ÖZEL FON,14.08.2026,"60,91106",9001782.00,3,"548308083,67"
DP8,DENİZ PORTFÖY KAR PAYI ÖDEYEN ALTINCI SERBEST (DÖVİZ) FON,14.08.2026,"47,949698",8256483.00,49,"395895866,17"
DP9,DENİZ PORTFÖY KAR PAYI ÖDEYEN YEDİNCİ SERBEST (DÖVİZ) FON,14.08.2026,"47,907142",126389046.00,155,"6054937942,84"
DPB,DENİZ PORTFÖY SERBEST (DÖVİZ) FON,14.08.2026,"24,185095",515458574.00,3214,"12466414817,68"
DPC,DENİZ PORTFÖY FRS SERBEST (DÖVİZ) ÖZEL FON,14.08.2026,"98,866377",3342303.00,1,"330441389,85"
DPE,DENİZ PORTFÖY EGE SERBEST (DÖVİZ) ÖZEL FON,14.08.2026,"22,654586",65456679.00,1,"1482893965,07"
DPG,DENİZ PORTFÖY REYHAN SERBEST (DÖVİZ) ÖZEL FON,14.08.2026,"100,757294",5734193.00,2,"577761770,80"
DPI,DENİZ PORTFÖY İSTATİSTİKSEL ARBİTRAJ HİSSE SENEDİ SERBEST FON (HİSSE SENEDİ YOĞUN FON),14.08.2026,"8,809203",42657340.00,124,"375777166,82"
DPK,DENİZ PORTFÖY KİRA SERTİFİKALARI KATILIM (TL) FONU,14.08.2026,"8,560426",103551411.00,1349,"886444202,01"
DPL,DENİZ PORTFÖY NİL SERBEST (DÖVİZ) ÖZEL FON,14.08.2026,"101,462029",22490084.00,1,"2281889559,74"
DPN,DENİZ PORTFÖY NEVA SERBEST (DÖVİZ) ÖZEL FON,14.08.2026,"58,085515",39240.00,1,"2279275,61"
DPP,DENİZ PORTFÖY HLC SERBEST (DÖVİZ) ÖZEL FON,14.08.2026,"151,966677",1349932.00,2,"205144679,89"
DPT,DENİZ PORTFÖY BİST TEMETTÜ 25 ENDEKSİ HİSSE SENEDİ FONU ( HİSSE SENEDİ YOĞUN FON ),14.08.2026,"17,413261",16704612.00,5053,"290881762,88"
DPZ,DENİZ PORTFÖY YAZ SERBEST (DÖVİZ) ÖZEL FON,14.08.2026,"82,49358",1481286.00,1,"122196585,64"
DRA,NEO PORTFÖY DORA SERBEST FON,14.08.2026,"1,279548",34272977.00,42,"43853903,13"
DRD,DENİZ PORTFÖY KAR PAYI ÖDEYEN ONBİRİNCİ SERBEST (DÖVİZ-AVRO) FON,14.08.2026,"55,212641",30898398.00,149,"1705982167,78"
DRH,PARDUS PORTFÖY DÖRDÜNCÜ HİSSE SENEDİ SERBEST (TL) FON (HİSSE SENEDİ YOĞUN FON),14.08.2026,"1,754002",368721818.00,71,"646738839,48"
DRT,DENİZ PORTFÖY ROBOTİK TEKNOLOJİLERİ DEĞİŞKEN FON,14.08.2026,"1,246463",32557447.00,477,"40581659,97"
DSC,DENİZ PORTFÖY RÜ SERBEST (DÖVİZ) ÖZEL FON,14.08.2026,"66,660222",14860108.00,1,"990578091,91"
DSD,DENİZ PORTFÖY İKİNCİ SERBEST (DÖVİZ_AVRO) FON,14.08.2026,"71,272344",48891810.00,1428,"3484633908,83"
DSH,AK PORTFÖY DÖRDÜNCÜ SERBEST FON,14.08.2026,"2,210698",1607618363.00,1267,"3553958793,43"
DSP,DENİZ PORTFÖY DENGELİ FON SEPETİ FONU,14.08.2026,"14,769575",9551270.00,1032,"141068201,91"
DSV,DENİZ PORTFÖY 2028 SERBEST (DÖVİZ) FON,14.08.2026,"49,080397",36784336.00,45,"1805389826,95"
DTH,EMAA BLUE PORTFÖY DÖNÜŞÜM TEKNOLOJİLERİ HİSSE SENEDİ (TL) FONU (HİSSE SENEDİ YOĞUN FON),14.08.2026,"1,373483",174270181.00,232,"239357103,76"
DTL,DENİZ PORTFÖY BIST 100 DIŞI ŞİRKETLER HİSSE SENEDİ (TL) FONU (HİSSE SENEDİ YOĞUN FON),14.08.2026,"4,115691",39317398.00,3287,"161818268,07"
DTM,DENİZ PORTFÖY TEMETTÜ ÖDEYEN ŞİRKETLER DEĞİŞKEN FON,14.08.2026,"1,42849",42806256.00,2716,"61148302,62"
DTO,DENİZ PORTFÖY KAR PAYI ÖDEYEN ONDÖRDÜNCÜ SERBEST (DÖVİZ) FON,14.08.2026,"47,569687",2484690.00,131,"118195926,44"
DTP,AZİMUT PORTFÖY ADATEPE SERBEST ÖZEL FON,14.08.2026,"1,836397",905970033.00,4,"1663720408,76"
DTV,DENİZ PORTFÖY CEY SERBEST (DÖVİZ) ÖZEL FON,14.08.2026,"69,15128",60375603.00,4,"4175050232,39"
DTZ,AK PORTFÖY ROBOTİK TEKNOLOJİLER DEĞİŞKEN FON,14.08.2026,"5,655118",93125400.00,8135,"526635119,79"
DUC,DENİZ PORTFÖY ÜÇÜNCÜ HİSSE SENEDİ SERBEST (TL) FON (HİSSE SENEDİ YOĞUN FON),14.08.2026,"0,423252",346361.00,12,"146597,87"
DUD,DENİZ PORTFÖY UZUN VADELİ SERBEST (DÖVİZ) FON,14.08.2026,"52,642173",6865600.00,278,"361420105,73"
DUH,HEDEF PORTFÖY UFUK HİSSE SENEDİ SERBEST FON (HİSSE SENEDİ YOĞUN FON),14.08.2026,"0,884822",344876625.00,209,"305154372,34"
DUT,DENİZ PORTFÖY KAR PAYI ÖDEYEN DÖRDÜNCÜ SERBEST (DÖVİZ) FON,14.08.2026,"47,395633",18467855.00,244,"875295679,44"
DUV,DENİZ PORTFÖY UZUN VADELİ BORÇLANMA ARAÇLARI FONU,14.08.2026,"1,290363",43449267.00,185,"56065318,73"
DVC,DENİZ PORTFÖY LİYA SERBEST (DÖVİZ) ÖZEL FON,14.08.2026,"68,470227",825000.00,1,"56487937,33"
DVI,DENİZ PORTFÖY OLBA SERBEST (DÖVİZ) ÖZEL FON,14.08.2026,"77,215293",2522899.00,2,"194806386,50"
DVN,DENİZ PORTFÖY G2B SERBEST (DÖVİZ) ÖZEL FON,14.08.2026,"65,137427",4789538.00,1,"311978183,81"
DVO,DENİZ PORTFÖY BİRİNCİ SERBEST (TL) ÖZEL FON,14.08.2026,"5,292379",6407587.00,1,"33911379,42"
DVS,DENİZ PORTFÖY KISA VADELİ SERBEST (TL) FON,14.08.2026,"1,559261",207458092.00,318,"323481273,06"
DVT,DENİZ PORTFÖY METAVERSE VE DİJİTAL YAŞAM TEKNOLOJİLERİ DEĞİŞKEN FON,14.08.2026,"9,838624",88991667.00,11100,"875555579,19"
DVU,AZİMUT PORTFÖY 17.0 SERBEST ÖZEL FON,14.08.2026,"8,469043",167311605.00,5,"1416969110,54"
DVZ,DENİZ PORTFÖY EFES SERBEST (DÖVİZ) ÖZEL FON,14.08.2026,"66,438705",21011556.00,1,"1395980572,39"
DXP,DENİZ PORTFÖY İHRACATÇI ŞİRKETLER HİSSE SENEDİ FONU (HİSSE SENEDİ YOĞUN FON),14.08.2026,"1,891539",25815958.00,1053,"48831882,66"
DYJ,DENİZ PORTFÖY KAR PAYI ÖDEYEN ÜÇÜNCÜ SERBEST (DÖVİZ) FON,14.08.2026,"48,128561",23490997.00,154,"1130587892,32"
DYN,DENİZ PORTFÖY ELEKTRİKLİ VE OTONOM ARAÇ TEKNOLOJİLERİ DEĞİŞKEN FON,14.08.2026,"4,53062",12980992.00,1642,"58811944,39"
DYS,DENİZ PORTFÖY SAM YELİ SERBEST FON,14.08.2026,"1,649489",11610791.00,13,"19151870,04"
DZ2,DENİZ PORTFÖY İKİNCİ SERBEST ÖZEL FON,14.08.2026,"1,384492",8901825523.00,2,"12324503892,40"
DZE,DENİZ PORTFÖY BIST 100 ENDEKSİ HİSSE SENEDİ FONU(HİSSE SENEDİ YOĞUN FON),14.08.2026,"0,995035",197330400.00,2843,"196350605,96"
DZM,DENİZ PORTFÖY BEŞİNCİ SERBEST (DÖVİZ) FON,14.08.2026,"85,988639",146985959.00,4187,"12639122623,50"
DZP,AZİMUT PORTFÖY DENİZ SERBEST (DÖVİZ) ÖZEL FON,14.08.2026,"60,463233",7580400.00,2,"458335492,39"
DZS,AK PORTFÖY DOKUZUNCU SERBEST FON,14.08.2026,"1,55159",33610556.00,125,"52149792,02"
EBD,GLOBAL MD PORTFÖY İKİNCİ DEĞİŞKEN FON,14.08.2026,"0,26302",304533269.00,606,"80098269,66"
EBI,EMAA BLUE PORTFÖY İKİNCİ SERBEST (DÖVİZ-AVRO) FON,14.08.2026,"56,427545",13830091.00,23,"780398078,15"
EBS,EMAA BLUE PORTFÖY BİRİNCİ SERBEST (DÖVİZ-ABD DOLARI) FON,14.08.2026,"48,949272",90567977.00,35,"4433236563,48"
EC2,GLOBAL MD PORTFÖY BİRİNCİ HİSSE SENEDİ FONU(HİSSE SENEDİ YOĞUN FON),14.08.2026,"82,519938",761702.80,2004,"62855667,83"
ECA,GLOBAL MD PORTFÖY BİRİNCİ DEĞİŞKEN FON,14.08.2026,"1,990592",148301607.00,541,"295207947,20"
ECB,GLOBAL MD PORTFÖY PARA PİYASASI (TL) FONU,14.08.2026,"53,070506",17048727.00,3144,"904784560,37"
ECV,GLOBAL MD PORTFÖY KISA VADELİ BORÇLANMA ARAÇLARI (TL) FONU,14.08.2026,"0,484863",196557549.18,2416,"95303410,45"
EDD,QNB PORTFÖY ENPARA DENGELİ DEĞİŞKEN ÖZEL FON,14.08.2026,"1,129",18586134.00,773,"20983745,17"
EDN,EMAA BLUE PORTFÖY DENGELİ DEĞİŞKEN FON,14.08.2026,"1,022691",259998753.00,34,"265898508,56"
EDP,NEO PORTFÖY KORUNCUK EĞİTİME DESTEK PARA PİYASASI SERBEST FON,14.08.2026,"1,159248",56709234.00,50,"65740045,59"
EDT,DENİZ PORTFÖY TED EĞİTİME DESTEK SERBEST FON,14.08.2026,"2,242369",435294820.00,652,"976091717,39"
EDU,İŞ PORTFÖY TEV EĞİTİME DESTEK DEĞİŞKEN FON,14.08.2026,"3,579794",101254035.00,663,"362468622,74"
EES,ROTA PORTFÖY EE SERBEST (DÖVİZ) ÖZEL FON,14.08.2026,"50,959505",7970042.00,1,"406149394,33"
EGP,GARANTİ PORTFÖY EKİM 2028 SÜRDÜRÜLEBİLİRLİK SERBEST (DÖVİZ-ABD DOLARI) FON,14.08.2026,"57,30245",4563359.00,49,"261491651,32"
EGR,EMAA BLUE PORTFÖY AGRESİF DEĞİŞKEN FON,14.08.2026,"1,019241",243984474.00,80,"248678989,07"
EHS,AZİMUT PORTFÖY ERCİYES HİSSE SENEDİ SERBEST ÖZEL FON (HİSSE SENEDİ YOĞUN FON),14.08.2026,"2,635449",235938967.00,3,"621805143,90"
EIB,ASTRA PORTFÖY DEĞİŞKEN FON,14.08.2026,"0,672473",449693698.00,524,"302406828,95"
EID,ASTRA PORTFÖY HİSSE SENEDİ FONU (HİSSE YOĞUN FON),14.08.2026,"1,898522",47192766.00,1885,"89596487,25"
EIL,ASTRA PORTFÖY PARA PİYASASI (TL) FONU,14.08.2026,"5,238896",196364825.00,1498,"1028734971,78"
EJG,AZİMUT PORTFÖY İNAN SERBEST (TL) ÖZEL FON,14.08.2026,"9,516",68419205.00,1,"651077164,28"
EKF,ASTRA PORTFÖY KİRA SERTİFİKASI KATILIM (TL) FONU,14.08.2026,"0,135572",12266239076.00,5145,"1662957406,36"
EKL,KUVEYT TÜRK PORTFÖY EMLAK KATILIM BANKASI PARA PİYASASI KATILIM FONU,14.08.2026,"1,810198",1458819918.00,1365,"2640753209,72"
ELZ,ASTRA PORTFÖY KATILIM HİSSE SENEDİ FONU (HİSSE SENEDİ YOĞUN FON),14.08.2026,"13,434837",21141037.00,726,"284026394,90"
EME,STRATEJİ PORTFÖY EMERALD HİSSE SENEDİ SERBEST FON (HİSSE SENEDİ YOĞUN FON),14.08.2026,"1,133214",33406495.00,17,"37856708,15"
EML,AK PORTFÖY EMLAK SEKTÖRÜ DEĞİŞKEN FON,14.08.2026,"1,247113",34807936.00,969,"43409417,14"
ENA,QNB PORTFÖY ENPARA ATAK DEĞİŞKEN ÖZEL FON,14.08.2026,"1,126111",24886616.00,1455,"28025089,84"
ENJ,AKTİF PORTFÖY ENERJİ ŞİRKETLERİ HİSSE SENEDİ (TL) FONU (HİSSE SENEDİ YOĞUN FON),14.08.2026,"1,359138",42950330.00,699,"58375424,64"
ENO,QNB PORTFÖY ENPARA SERBEST (DÖVİZ) FON,14.08.2026,"48,245763",1382802.00,106,"66714338,12"
ENR,QNB PORTFÖY ENPARA PARA PİYASASI (TL) FONU,14.08.2026,"1,19504",1351673878.00,11572,"1615304065,95"
ENS,QNB PORTFÖY ENPARA DEĞİŞKEN ÖZEL FON,14.08.2026,"1,212385",34523525.00,1731,"41855800,62"
EP1,EMLAK KATILIM PORTFÖY PARA PİYASASI KATILIM (TL) FONU,14.08.2026,"1,060337",12685695027.00,1538,"13451111091,61"
EPA,EMAA BLUE PORTFÖY PARA PİYASASI KATILIM (TL) FONU,14.08.2026,"1,367528",398302611.00,155,"544689831,40"
EPI,EMAA BLUE PORTFÖY İNŞAAT SEKTÖRÜ KATILIM FONU,14.08.2026,"1,117271",251324508.00,293,"280797518,68"
EPK,EMAA BLUE PORTFÖY KIYMETLİ MADENLER KATILIM FON SEPETİ FONU,14.08.2026,"1,351882",182134476.00,1580,"246224317,58"
EPO,İŞ PORTFÖY EXPLORER SERBEST (DÖVİZ) ÖZEL FON,14.08.2026,"61,925398",7389995.00,1,"457628381,12"
EPP,EMAA BLUE PORTFÖY PARA PİYASASI SERBEST FON,14.08.2026,"1,46922",1368463074.00,48,"2010573442,53"
EPT,EMAA BLUE PORTFÖY PARA PİYASASI (TL) FONU,14.08.2026,"1,325649",958325025.00,71,"1270402874,82"
ESG,AKTİF PORTFÖY ESG SÜRDÜRÜLEBİLİRLİK SERBEST FON,14.08.2026,"4,041697",2703000.00,81,"10924707,15"
ESN,ALLBATROSS PORTFÖY ESİN SERBEST FON,14.08.2026,"1,71373",23511812.00,12,"40292900,39"
ESP,AURA PORTFÖY EMTİA SERBEST FON,14.08.2026,"0,383131",72226724.00,290,"27672314,19"
EUN,GARANTİ PORTFÖY İKİNCİ SERBEST (DÖVİZ-AVRO) FON,14.08.2026,"63,416655",97286933.00,3489,"6169611908,47"
EUZ,GARANTİ PORTFÖY SERBEST (DÖVİZ-AVRO) FON,14.08.2026,"62,172365",2262409841.00,38766,"140659369514,30"
EVM,DENİZ PORTFÖY ENERJİ VE MADENCİLİK SEKTÖRÜ DEĞİŞKEN FON,14.08.2026,"1,131045",34559816.00,542,"39088723,09"
EYT,AKTİF PORTFÖY İKİNCİ FON SEPETİ FONU,14.08.2026,"3,025768",14627239.00,502,"44258628,06"
EZM,KUVEYT TÜRK PORTFÖY EZM KATILIM SERBEST (DÖVİZ) ÖZEL FON,14.08.2026,"44,359577",100000.00,1,"4435957,68"
FAK,FONMAP PORTFÖY ALTIN KATILIM FONU,14.08.2026,"1,296514",17459572.00,360,"22636586,51"
FAL,ONE PORTFÖY ALTIN FONU,14.08.2026,"1,241193",267545320.00,669,"332075389,67"
FBC,ONE PORTFÖY KAR PAYI ÖDEYEN KATILIM FONU,14.08.2026,"2,037547",88346259.00,5939,"180009621,34"
FBI,FİBA PORTFÖY BİRİNCİ SERBEST (DÖVİZ) FON,14.08.2026,"52,805451",277535233.00,5019,"14655373236,35"
FBN,FİBA PORTFÖY SAFİR SERBEST FON,14.08.2026,"5,400299",40408496.00,33,"218217968,84"
FBV,İŞ PORTFÖY MODEL SERBEST FON,14.08.2026,"7,63061",84149615.00,1957,"642112898,53"
FBZ,FİBA PORTFÖY TEKNOLOJİ SERBEST FON,14.08.2026,"4,809573",62329095.00,392,"299776343,20"
FCK,ONE PORTFÖY ÇOKLU VARLIK KATILIM FONU,14.08.2026,"1,852092",163937827.00,582,"303627935,09"
FCS,FİBA PORTFÖY İKİNCİ SERBEST FON,14.08.2026,"2,314555",1146356729.00,200,"2653305560,04"
FD1,ONE PORTFÖY BİRİNCİ DEĞİŞKEN FON,14.08.2026,"1,970014",9551319.00,149,"18816230,85"
FDE,QNB PORTFÖY KAR PAYI ÖDEYEN BEŞİNCİ SERBEST (DÖVİZ) FON,14.08.2026,"47,859929",91460000.00,881,"4377269089,60"
FDG,FONMAP PORTFÖY BİRİNCİ DEĞİŞKEN FON,14.08.2026,"2,661735",29090955.00,878,"77432415,62"
FDO,QNB PORTFÖY SULTAN SERBEST (DÖVİZ) ÖZEL FON,14.08.2026,"61,132824",4737363.00,1,"289608376,25"
FDV,AZİMUT PORTFÖY DMR SERBEST FON,14.08.2026,"5,931986",245000000.00,1,"1453336465,59"
FDZ,AZİMUT PORTFÖY 16.0 HİSSE SENEDİ SERBEST FON (HİSSE SENEDİ YOĞUN FON),14.08.2026,"0,35019",737329526.00,11,"258205169,51"
FFD,FİBA PORTFÖY ÜÇÜNCÜ PARA PİYASASI (TL) FONU,14.08.2026,"0,050662",13759488186.00,521,"697086321,60"
FFF,QNB PORTFÖY BERİL SERBEST (DÖVİZ) ÖZEL FON,14.08.2026,"64,621192",16462779.00,1,"1063844410,28"
FFH,QNB PORTFÖY ÇOKLU VARLIK KATILIM FONU,14.08.2026,"8,572348",181408221.00,1996,"1555094394,97"
FFO,QNB PORTFÖY SER SERBEST (DÖVİZ) ÖZEL FON,14.08.2026,"58,916022",1801854.00,7,"106158069,41"
FFP,QNB PORTFÖY FON SEPETİ FONU,14.08.2026,"7,665967",257723151.00,2342,"1975697139,73"
FHI,FONMAP PORTFÖY İKİNCİ HİSSE SENEDİ SERBEST FON (HİSSE SENEDİ YOĞUN FON),14.08.2026,"1,454789",48974090.00,11,"71246990,23"
FHP,FİBA PORTFÖY ÖPY PARA PİYASASI SERBEST (TL) ÖZEL FON,14.08.2026,"3,376262",3842146852.00,49,"12972092783,81"
FHZ,QNB PORTFÖY HUZUR SERBEST (DÖVİZ) ÖZEL FON,14.08.2026,"64,966244",11372709.00,3,"738842188,19"
FI3,QNB PORTFÖY BORÇLANMA ARAÇLARI FONU,14.08.2026,"785,195394",1982477.80,9691,"1556632439,60"
FI5,QNB PORTFÖY PARA PİYASASI (TL) FONU,14.08.2026,"736,75131",152841582.00,52854,"112606235795,92"
FIB,FİBA PORTFÖY ALTIN FONU,14.08.2026,"0,501447",10060097524.58,12451,"5044605490,26"
FID,FİBA PORTFÖY ÇOKLU VARLIK İKİNCİ DEĞİŞKEN FON,14.08.2026,"1,017746",854614108.00,1691,"869779986,90"
FIL,FİBA PORTFÖY PARA PİYASASI (TL) FONU,14.08.2026,"0,369006",36514901221.00,20875,"13474200247,31"
FIT,FİBA PORTFÖY BORÇLANMA ARAÇLARI (TL) FONU,14.08.2026,"0,227659",841232214.00,542,"191513703,55"
FJB,FİBA PORTFÖY BLOK ZİNCİRİ TEKNOLOJİLERİ SERBEST FON,14.08.2026,"7,302614",54721405.00,761,"399609318,85"
FJC,FİBA PORTFÖY MELTEM ÜÇÜNCÜ SERBEST (DÖVİZ) FON,14.08.2026,"59,851328",21340711.00,96,"1277269904,43"
FJM,FİBA PORTFÖY MELTEM SERBEST (DÖVİZ) FON,14.08.2026,"57,540695",145035456.00,1639,"8345440955,21"
FJN,FİBA PORTFÖY MELTEM İKİNCİ SERBEST (DÖVİZ) FON,14.08.2026,"57,328087",87279529.00,1222,"5003568402,58"
FJZ,FİBA PORTFÖY FIRTINA SERBEST (DÖVİZ) FON,14.08.2026,"66,154222",22414227.00,814,"1482795747,57"
FKE,QNB PORTFÖY KRİSTAL SERBEST (DÖVİZ-AVRO) FON,14.08.2026,"58,771205",836075077.00,12186,"49137139497,24"
FKV,QNB PORTFÖY KAR PAYI ÖDEYEN YEDİNCİ SERBEST (DÖVİZ) FON,14.08.2026,"47,967166",47890000.01,475,"2297147584,40"
FLS,YAPI KREDİ PORTFÖY FLORYA SERBEST (DÖVİZ-AVRO) FON,14.08.2026,"62,234891",64565080.00,2225,"4018200697,94"
FLY,AKTİF PORTFÖY HAVACILIK VE SAVUNMA TEKNOLOJİLERİ DEĞİŞKEN FON,14.08.2026,"1,7341",64828597.00,2218,"112419302,01"
FMG,QNB PORTFÖY GÜMÜŞ SERBEST FON,14.08.2026,"3,330774",3750273433.00,10634,"12491314759,52"
FMS,QNB PORTFÖY SABİHA SERBEST (DÖVİZ) ÖZEL FON,14.08.2026,"54,970771",11051517.00,1,"607510410,71"
FMV,DENİZ PORTFÖY FMV IŞIK ÜNİVERSİTESİ EĞİTİME DESTEK SERBEST FON,14.08.2026,"1,411281",114908087.00,32,"162167609,62"
FNN,QNB PORTFÖY KAR PAYI ÖDEYEN ONUNCU SERBEST (DÖVİZ) FON,14.08.2026,"0,00",0.00,1,"0,00"
FNO,QNB PORTFÖY BİRİNCİ DEĞİŞKEN FON,14.08.2026,"0,202759",52649252278.04,6573,"10675128052,25"
FNT,HEDEF PORTFÖY MODEL HİSSE SENEDİ SERBEST (TL) FON (HİSSE SENEDİ YOĞUN FON),14.08.2026,"2,196955",266477057.00,1809,"585438204,16"
FP4,ONE PORTFÖY DÖRDÜNCÜ HİSSE SENEDİ SERBEST FON (HİSSE SENEDİ YOĞUN FON),14.08.2026,"0,833269",169385132.00,141,"141143384,76"
FPE,FİBA PORTFÖY EUROBOND BORÇLANMA ARAÇLARI (DÖVİZ) FONU,14.08.2026,"76,280871",4441770.00,1436,"338822084,19"
FPG,FİBA PORTFÖY GÜMÜŞ SERBEST FON,14.08.2026,"2,188301",388221919.00,2083,"849546581,80"
FPH,FİBA PORTFÖY HİSSE SENEDİ (TL) FONU (HİSSE SENEDİ YOĞUN FON),14.08.2026,"33,873921",37208490.00,4543,"1260397455,88"
FPI,FONMAP PORTFÖY BİRİNCİ PARA PİYASASI (TL) FONU,14.08.2026,"2,618822",28282913.00,158,"74067920,67"
FPK,FİBA PORTFÖY KISA VADELİ BORÇLANMA ARAÇLARI (TL) FONU,14.08.2026,"0,097504",2942248228.00,1204,"286880377,80"
FPR,STRATEJİ PORTFÖY FOREST HİSSE SENEDİ SERBEST FON (HİSSE SENEDİ YOĞUN FON),14.08.2026,"10,93077",15083801.00,28,"164877558,79"
FPZ,QNB PORTFÖY BİRİNCİ SERBEST (DÖVİZ) FON,14.08.2026,"68,818694",1892807701.00,19264,"130260553630,34"
FR1,ONE PORTFÖY BİRİNCİ SERBEST FON,14.08.2026,"0,766635",265396484.00,20,"203462360,02"
FRA,AZİMUT PORTFÖY MAB SERBEST FON,14.08.2026,"32,219194",16346222.00,2,"526662089,95"
FRC,FONMAP PORTFÖY BİRİNCİ HİSSE SENEDİ SERBEST FON (HİSSE SENEDİ YOĞUN FON),14.08.2026,"1,471879",51626456.00,227,"75987898,91"
FRZ,AZİMUT PORTFÖY FRZ SERBEST ÖZEL FON,14.08.2026,"14,918285",17900643.00,2,"267046897,61"
FS1,ONE PORTFÖY BİRİNCİ HİSSE SENEDİ SERBEST FON (HİSSE SENEDİ YOĞUN FON),14.08.2026,"1,672062",94452739.00,241,"157930844,30"
FS2,ONE PORTFÖY İKİNCİ HİSSE SENEDİ SERBEST FON (HİSSE SENEDİ YOĞUN FON),14.08.2026,"2,16747",21503948.00,26,"46609152,75"
FS3,ONE PORTFÖY KATILIM HİSSE SENEDİ SERBEST FON (HİSSE SENEDİ YOĞUN FON),14.08.2026,"1,371796",848905511.00,21,"1164525020,71"
FS4,ONE PORTFÖY ÜÇÜNCÜ HİSSE SENEDİ SERBEST FON (HİSSE SENEDİ YOĞUN FON),14.08.2026,"2,780275",513376841.00,20,"1427328757,81"
FS5,ONE PORTFÖY BİRİNCİ İSTATİSTİKSEL ARBİTRAJ HİSSE SENEDİ SERBEST FON (HİSSE SENEDİ YOĞUN FON),14.08.2026,"2,02998",4871508.00,8,"9889062,79"
FS6,ONE PORTFÖY İKİNCİ İSTATİSTİKSEL ARBİTRAJ SERBEST FON,14.08.2026,"1,873191",62907356.00,370,"117837467,99"
FSF,FİBA PORTFÖY PARA PİYASASI SERBEST (TL) FON,14.08.2026,"6,866111",1743002031.00,7801,"11967644553,59"
FSG,FİBA PORTFÖY BİRİNCİ HİSSE SENEDİ SERBEST FON (HİSSE SENEDİ YOĞUN FON),14.08.2026,"3,67199",183936157.00,750,"675411715,23"
FSH,FİBA PORTFÖY FON SEPETİ SERBEST FON,14.08.2026,"4,886756",78250229.00,550,"382389768,98"
FSK,QNB PORTFÖY İKİNCİ PARA PİYASASI (TL) FONU,14.08.2026,"6,068028",1186479857.00,2518,"7199593090,73"
FSM,ONE PORTFÖY BEŞİNCİ HİSSE SENEDİ SERBEST FON (HİSSE SENEDİ YOĞUN FON),14.08.2026,"2,42725",134201596.00,20,"325740782,79"
FSP,FONMAP PORTFÖY SERBEST (DÖVİZ) FON,14.08.2026,"20,836465",6605.00,23,"137624,85"
FSR,FİBA PORTFÖY İKİNCİ SERBEST (DÖVİZ-AVRO) FON,14.08.2026,"47,141284",100222618.00,2455,"4724622920,59"
FSU,TERA PORTFÖY FON SEPETİ FONU,14.08.2026,"1,307937",597190990.00,4146,"781088077,86"
FSV,QNB PORTFÖY KAR PAYI ÖDEYEN SEKİZİNCİ SERBEST (DÖVİZ-AVRO) FON,14.08.2026,"55,156679",184210000.01,1658,"10160411876,58"
FTL,ONE PORTFÖY PARA PİYASASI KATILIM FONU,14.08.2026,"1,520283",178221327.00,243,"270946868,40"
FTY,QNB PORTFÖY KAR PAYI ÖDEYEN SERBEST (DÖVİZ) FON,14.08.2026,"47,833725",165640000.00,1240,"7923178204,20"
FUA,AK PORTFÖY İHRACATÇI ŞİRKETLER HİSSE SENEDİ (TL) FONU (HİSSE SENEDİ YOĞUN FON),14.08.2026,"5,375138",60254543.00,4790,"323876480,37"
FUB,QNB PORTFÖY EUROBOND (DÖVİZ) BORÇLANMA ARAÇLARI FONU,14.08.2026,"0,754046",1213678981.00,2173,"915169337,77"
FUM,AK PORTFÖY ALESTA SERBEST (DÖVİZ) ÖZEL FON,14.08.2026,"62,594701",7191032.00,2,"450120497,94"
FUN,FİBA PORTFÖY ÜÇÜNCÜ SERBEST (DÖVİZ) FON,14.08.2026,"1,582416",721291379.00,70,"1141383370,35"
FUP,QNB PORTFÖY BAYSAN SERBEST (DÖVİZ) ÖZEL FON,14.08.2026,"98,663137",2979353.00,2,"293952312,73"
FVL,FİBA PORTFÖY BİRİNCİ SERBEST (TL) FON,14.08.2026,"4,91954",284458242.00,55,"1399403728,78"
FYA,İSTANBUL PORTFÖY ARK II SERBEST FON,14.08.2026,"0,052484",28971233035.69,147,"1520521342,73"
FYB,AZİMUT PORTFÖY EB SERBEST (DÖVİZ) ÖZEL FON,14.08.2026,"100,147346",1995663.00,9,"199860353,09"
FYD,QNB PORTFÖY BİRİNCİ HİSSE SENEDİ FONU (HİSSE SENEDİ YOĞUN FON),14.08.2026,"11,414361",278665723.19,5309,"3180791161,08"
FYF,STRATEJİ PORTFÖY MUTLAK GETİRİ HEDEFLİ HİSSE SENEDİ SERBEST FON(HİSSE SENEDİ YOĞUN),14.08.2026,"0,108931",350708449.00,11,"38203081,71"
FYG,AZİMUT PORTFÖY ÖPY SERBEST ( DÖVİZ ) ÖZEL FON,14.08.2026,"16,680974",5760069.00,2,"96083563,98"
FYH,AZİMUT PYŞ SERBEST ( DÖVİZ ) FON,14.08.2026,"85,274528",7170832.00,21,"611489315,23"
FYI,AZİMUT PORTFÖY 4.0 SERBEST FON,14.08.2026,"10,069133",4250065.00,203,"42794471,59"
FYM,AZİMUT PORTFÖY ÜÇÜNCÜ SERBEST (DÖVİZ) FON,14.08.2026,"0,440899",755254621.00,15,"332991305,82"
FYO,QNB PORTFÖY ÖZEL SEKTÖR BORÇLANMA ARAÇLARI FONU,14.08.2026,"1,178267",1597729831.01,1522,"1882552972,98"
FYT,QNB PORTFÖY KISA VADELİ BORÇLANMA ARAÇLARI (TL) FONU,14.08.2026,"0,362944",8605892131.00,96914,"3123455260,07"
FYZ,AZİMUT PORTFÖY AS HİSSE SENEDİ SERBEST ÖZEL FON (HİSSE SENEDİ YOĞUN FON),14.08.2026,"6,0071",43416680.00,2,"260808359,05"
FZJ,FİBA PORTFÖY BİRİNCİ FON SEPETİ FONU,14.08.2026,"5,630963",206687626.63,2139,"1163850394,57"
FZP,FİBA PORTFÖY SERBEST FON,14.08.2026,"6,595358",129672099.00,574,"855233909,45"
GA1,GARANTİ PORTFÖY BORÇLANMA ARAÇLARI FONU,14.08.2026,"1,975349",161961518.00,1477,"319930560,46"
GAC,GARANTİ PORTFÖY YİRMİBİRİNCİ SERBEST (DÖVİZ) ÖZEL FON,14.08.2026,"76,829227",5527677.00,1,"424687151,09"
GAE,GARANTİ PORTFÖY BİST30 ENDEKSİ HİSSE SENEDİ (TL) FONU (HİSSE SENEDİ YOĞUN FON),14.08.2026,"0,448823",3109854592.00,14752,"1395775331,60"
GAF,INVEO PORTFÖY BİRİNCİ HİSSE SENEDİ FONU (HİSSE SENEDİ YOĞUN FON),14.08.2026,"1,636448",116150978.00,1579,"190075082,69"
GAG,INVEO PORTFÖY BİRİNCİ SERBEST (DÖVIZ)  FON,14.08.2026,"18,044559",44941590.00,228,"810951183,67"
GAH,GARANTİ PORTFÖY MUTLAK GETİRİ HEDEFLİ DEĞİŞKEN FON,14.08.2026,"12,622233",30051032.00,2714,"379311125,45"
GAJ,GARANTİ PORTFÖY YİRMİÜÇÜNCÜ SERBEST (DÖVİZ) ÖZEL FON,14.08.2026,"63,340741",7935068.00,1,"502613083,83"
GAL,GARANTİ PORTFÖY İKİNCİ PARA PİYASASI (TL) FONU,14.08.2026,"406,279295",158642543.00,58097,"64453180522,19"
GAN,INVEO PORTFÖY ALFON SERBEST FON,14.08.2026,"7,962181",2693060.00,11,"21442631,15"
GAS,GARANTİ PORTFÖY ÜÇÜNCÜ SERBEST(DÖVİZ) FON,14.08.2026,"0,317103",10304505018.00,2263,"3267591185,64"
GAU,GARANTİ PORTFÖY YİRMİNCİ SERBEST (DÖVİZ) ÖZEL FON,14.08.2026,"66,50272",32360328.00,5,"2152049831,02"
GAV,GARANTİ PORTFÖY YİRMİİKİNCİ SERBEST (DÖVİZ) ÖZEL FON,14.08.2026,"62,454857",3941000.00,1,"246134590,13"
GBC,AZİMUT PORTFÖY YABANCI HİSSE SENEDİ FONU,14.08.2026,"0,317179",835646955.48,1671,"265049407,62"
GBG,INVEO PORTFÖY G-20 ÜLKELERİ YABANCI HİSSE SENEDİ FONU,14.08.2026,"0,604429",347100579.00,3899,"209797787,40"
GBH,GARANTİ PORTFÖY BİRİNCİ HİSSE SENEDİ SERBEST FON (HİSSE SENEDİ YOĞUN FON),14.08.2026,"4,148726",514393222.00,2798,"2134076627,27"
GBJ,GARANTİ PORTFÖY BANKACILIK SEKTÖRÜ HİSSE SENEDİ SERBEST FON (HİSSE SENEDİ YOĞUN FON),14.08.2026,"1,429353",450180269.00,1832,"643466506,41"
GBL,AZİMUT PYŞ KISA VADELİ BORÇLANMA ARAÇLARI FONU,14.08.2026,"0,862118",2982009195.97,1686,"2570842384,12"
GBN,GARANTİ PORTFÖY BEŞİNCİ (TL) SERBEST FON,14.08.2026,"6,817905",920256370.00,398,"6274220853,91"
GBP,GARANTİ PORTFÖY YİRMİALTINCI SERBEST (DÖVİZ-AVRO) ÖZEL FON,14.08.2026,"70,370022",53983981.00,2,"3798853917,57"
GBV,GARANTİ PORTFÖY BLOCKCHAİN TEKNOLOJİLERİ DEĞİŞKEN FON,14.08.2026,"13,287658",189099099.00,22673,"2512684173,36"
GBZ,AZİMUT PORTFÖY EMTİA FON SEPETİ FONU,14.08.2026,"3,455361",320622605.00,3273,"1107866718,66"
GCA,GARANTİ PORTFÖY HM SERBEST (DÖVİZ) ÖZEL FON,14.08.2026,"70,591567",11533344.00,2,"814156825,81"
GCC,GARANTİ PORTFÖY YİRMİSEKİZİNCİ SERBEST ÖZEL FON,14.08.2026,"6,488251",222060386.00,2,"1440783558,47"
GCD,ATLAS PORTFÖY UFUK HİSSE SENEDİ SERBEST FON (HİSSE SENEDİ YOĞUN FON),14.08.2026,"3,921102",236303286.00,18,"926569373,58"
GCI,GARANTİ PORTFÖY KARŞIYAKA SERBEST (DÖVİZ) ÖZEL FON,14.08.2026,"64,270232",3425896.00,3,"220183129,74"
GCZ,GARANTİ PORTFÖY ZM SERBEST (DÖVİZ) ÖZEL FON,14.08.2026,"60,737761",194715.00,1,"11826553,15"
GDJ,GARANTİ PORTFÖY DÖRTLÜ SERBEST (DÖVİZ) ÖZEL FON,14.08.2026,"61,487886",8101428.00,4,"498139681,63"
GDP,GARANTİ PORTFÖY DOKUZUNCU SERBEST (DÖVİZ) ÖZEL FON,14.08.2026,"66,387868",23236050.00,1,"1542591809,86"
GEC,GARANTİ PORTFÖY SOYKAN SERBEST (DÖVİZ) ÖZEL FON,14.08.2026,"76,101797",2099501.00,2,"159775798,67"
GEI,INVEO PORTFÖY EVEREST SERBEST FON,14.08.2026,"32,270115",37387728.00,11,"1206506296,35"
GEZ,GARANTİ PORTFÖY ERN SERBEST (DÖVİZ) ÖZEL FON,14.08.2026,"60,968433",6634456.00,1,"404492383,63"
GFB,GARANTİ PORTFÖY MISIRLI SERBEST (DÖVİZ) ÖZEL FON,14.08.2026,"69,965845",5961167.00,4,"417078087,67"
GFD,GARANTİ PORTFÖY BAL SERBEST (DÖVİZ) ÖZEL FON,14.08.2026,"70,203223",1555160.00,2,"109177244,63"
GFI,GARANTİ PORTFÖY YKT SERBEST (DÖVİZ) ÖZEL FON,14.08.2026,"53,549853",30698413.00,3,"1643895490,71"
GFL,GARANTİ PORTFÖY MİA SERBEST ÖZEL FON,14.08.2026,"11,79357",29486927.00,1,"347756131,23"
GFN,GARANTİ PORTFÖY DAPEİ SERBEST  (DÖVİZ) ÖZEL FON,14.08.2026,"80,254669",11573436.00,3,"928822273,96"
GFY,GARANTİ PORTFÖY OL SERBEST (DÖVİZ) ÖZEL FON,14.08.2026,"70,259437",5822807.00,3,"409107143,84"
GGA,GARANTİ PORTFÖY YEDİNCİ SERBEST (DÖVİZ) ÖZEL FON,14.08.2026,"66,984754",123364230.00,3,"8263522579,84"
GGC,AK PORTFÖY KIYI HİSSE SENEDİ SERBEST ÖZEL FON (HİSSE SENEDİ YOĞUN FON),14.08.2026,"5,190066",35132999.00,5,"182342583,22"
GGD,GARANTİ PORTFÖY SEKİZİNCİ SERBEST (DÖVİZ) ÖZEL FON,14.08.2026,"65,620039",90240169.00,2,"5921563369,55"
GGK,INVEO PORTFÖY ALTIN FON,14.08.2026,"13,811362",184694895.00,12091,"2550888143,64"
GGM,GARANTİ PORTFÖY GMS SERBEST ÖZEL FON,14.08.2026,"8,415003",342290935.00,1,"2880379094,42"
GGN,GARANTİ PORTFÖY AYDOĞAN SERBEST(DÖVİZ) ÖZEL FON,14.08.2026,"69,065758",6963426.00,4,"480934297,53"
GGP,GARANTİ PORTFÖY ALTINCI SERBEST (DÖVİZ) ÖZEL FON,14.08.2026,"11,241304",6927.00,1,"77868,51"
GGR,GARANTİ PORTFÖY ONİKİNCİ SERBEST (DÖVİZ) ÖZEL FON,14.08.2026,"67,967874",23597904.00,3,"1603899371,78"
GHS,GARANTİ PORTFÖY HİSSE SENEDİ (TL) FONU (HİSSE SENEDİ YOĞUN FON),14.08.2026,"39,492395",76884148.00,14771,"3036339157,78"
GID,GARANTİ PORTFÖY İNŞAAT SEKTÖRÜ HİSSE SENEDİ FONU (HİSSE SENEDİ YOĞUN FON),14.08.2026,"1,651926",27172742.00,1960,"44887346,17"
GIE,GARANTİ PORTFÖY GARANTİ BBVA İKLİM ENDEKSİ HİSSE SENEDİ (TL) FONU (HİSSE SENEDİ YOĞUN FON),14.08.2026,"3,561502",21225079.00,4642,"75593169,15"
GIH,ALLBATROSS PORTFÖY GIDA VE İÇECEK SEKTÖRÜ HİSSE SENEDİ FONU (HİSSE SENEDİ YOĞUN FON),14.08.2026,"2,299151",4592969.00,689,"10559929,93"
GJA,GARANTİ PORTFÖY ONYEDİNCİ SERBEST (DÖVİZ) ÖZEL FON,14.08.2026,"66,548538",14263356.00,3,"949205495,81"
GJB,INVEO PORTFÖY BİRİNCİ FON SEPETİ FONU,14.08.2026,"10,596057",7347295.00,987,"77852358,01"
GJD,GARANTİ PORTFÖY ORTAS SERBEST (DÖVİZ) ÖZEL FON,14.08.2026,"63,962053",6334853.00,3,"405190205,25"
GJE,GARANTİ PORTFÖY ECZ SERBEST (DÖVİZ) ÖZEL FON,14.08.2026,"63,801383",2316713.00,2,"147809494,22"
GJF,GARANTİ PORTFÖY BEREKET SERBEST (DÖVİZ) ÖZEL FON,14.08.2026,"63,971473",3663843.00,2,"234381434,90"
GJH,GARANTİ PORTFÖY PARA PİYASASI SERBEST (TL) FON,14.08.2026,"3,905692",39545267038.00,25256,"154451630684,92"
GJM,GLOBAL MD PORTFÖY ADA SERBEST FON,14.08.2026,"42,907415",10192647.00,69,"437340135,74"
GJO,GARANTİ PORTFÖY ONALTINCI SERBEST (DÖVİZ) ÖZEL FON,14.08.2026,"59,734197",9779449.00,1,"584167534,81"
GKE,GARANTİ PORTFÖY KAR PAYI ÖDEYEN EKİM 2025 SERBEST (DÖVİZ) FON,14.08.2026,"0,00",0.00,0,"0,01"
GKF,GLOBAL MD PORTFÖY KATILIM FONU,14.08.2026,"4,488085",9341975.00,697,"41927582,15"
GKG,GARANTİ PORTFÖY KAR PAYI ÖDEYEN HİSSE SENEDİ (TL) FONU (HİSSE SENEDİ YOĞUN FON),14.08.2026,"1,398794",32493594.00,1821,"45451858,78"
GKH,GARANTİ PORTFÖY PARA PİYASASI KATILIM SERBEST (TL) FON,14.08.2026,"4,450184",1439081761.00,1870,"6404178274,39"
GKK,GARANTİ PORTFÖY ONDÖRDÜNCÜ SERBEST (DÖVİZ) ÖZEL FON,14.08.2026,"65,838665",30617607.00,2,"2015822374,88"
GKL,GARANTİ PORTFÖY YF HİSSE SENEDİ SERBEST ÖZEL FON (HİSSE SENEDİ YOĞUN FON),14.08.2026,"15,160738",56249207.00,4,"852779476,24"
GKM,GARANTİ PORTFÖY KAR PAYI ÖDEYEN EKİM 2026 SERBEST (DÖVİZ) FON,14.08.2026,"48,23952",2703620.00,14,"130421331,30"
GKO,GARANTİ PORTFÖY KAR PAYI ÖDEYEN OCAK 2026 SERBEST (DÖVİZ) FON,14.08.2026,"0,00",0.00,0,"0,01"
GKV,GARANTİ PORTFÖY KATILIM HİSSE SENEDİ (TL) FONU (HİSSE SENEDİ YOĞUN FON),14.08.2026,"8,34929",43117244.00,4138,"359998387,75"
GL1,AZİMUT PYŞ BİRİNCİ HİSSE SENEDİ FONU (HİSSE SENEDİ YOĞUN FON),14.08.2026,"1492,922885",926145.00,916,"1382663065,49"
GLC,AKTİF PORTFÖY ÜÇÜNCÜ FON SEPETİ FONU,14.08.2026,"4,29911",3869752.00,69,"16636490,87"
GLG,AKTİF PORTFÖY CAPİTAL HİSSE SENEDİ SERBEST FON (HİSSE SENEDİ YOĞUN FON),14.08.2026,"7,784079",3477739.00,358,"27070994,52"
GLM,ATLAS PORTFÖY ÜÇÜNCÜ SERBEST (TL) FON,14.08.2026,"0,444199",10132926.00,11,"4501035,03"
GLP,GARANTİ PORTFÖY PRUVA SERBEST (DÖVİZ) ÖZEL FON,14.08.2026,"68,25815",8202021.00,4,"559854780,19"
GLS,AZİMUT PORTFÖY  KİRA SERTİFİKALARI (SUKUK) KATILIM FONU,14.08.2026,"0,169271",2321883611.00,1421,"393026973,59"
GLV,GLOBAL MD PORTFÖY NEHİR SERBEST FON,14.08.2026,"8,165089",13590646.00,23,"110968832,48"
GMA,AZİMUT PORTFÖY BİRİNCİ DEĞİŞKEN FON,14.08.2026,"2,111703",1208428184.56,1504,"2551841440,07"
GMC,TEB PORTFÖY GÜMÜŞ FON SEPETİ FONU,14.08.2026,"7,758069",540246437.00,21279,"4191268912,99"
GMD,GLOBAL MD PORTFÖY BİRİNCİ FON SEPETİ FONU,14.08.2026,"2,730134",1181608.00,107,"3225947,72"
GME,İŞ PORTFÖY EGE SERBEST ÖZEL FON,14.08.2026,"27,844378",14109179.00,2,"392861318,02"
GMI,AK PORTFÖY GÜMÜŞ SERBEST FON,14.08.2026,"1,356487",503169840.00,5252,"682543500,74"
GMM,GARANTİ PORTFÖY KAR PAYI ÖDEYEN MART 2027 SERBEST (DÖVİZ) FON,14.08.2026,"47,966232",9269281.00,26,"444612483,63"
GMN,GLOBAL MD PORTFÖY BİRİNCİ PARA PİYASASI SERBEST (TL) FON,14.08.2026,"1,353689",58478661.00,27,"79161928,15"
GMO,AZİMUT PORTFÖY G MOBİLİTE HİSSE SENEDİ SERBEST ÖZEL FON (HİSSE SENEDİ YOĞUN FON),14.08.2026,"3,390702",795254932.00,4,"2696472465,81"
GMP,GARANTİ PORTFÖY GM SERBEST (DÖVİZ) ÖZEL FON,14.08.2026,"62,837975",25599906.00,1,"1608646261,56"
GMR,INVEO PORTFÖY BIST 30 DIŞI ŞİRKETLER HİSSE SENEDİ FONU (HİSSE SENEDİ YOĞUN FON),14.08.2026,"1,390883",137704134.00,4661,"191530402,34"
GMV,GARANTİ PORTFÖY OCAK 2026 SERBEST (DÖVİZ-ABD DOLARI) FON,14.08.2026,"0,00",0.00,0,"0,01"
GMZ,İŞ PORTFÖY MZ SERBEST ÖZEL FON,14.08.2026,"13,652329",27222587.79,2,"371651733,73"
GNH,GLOBAL MD PORTFÖY ALGORİTMİK MODEL HİSSE SENEDİ FONU (HİSSE SENEDİ YOĞUN FON),14.08.2026,"1,44373",4868833.00,193,"7029279,27"
GNK,AZİMUT PORTFÖY SARPAY SERBEST (DÖVİZ) ÖZEL FON,14.08.2026,"68,951346",7000683.00,1,"482706514,59"
GNL,GARANTİ PORTFÖY UNL SERBEST (DÖVİZ) ÖZEL FON,14.08.2026,"60,905951",29495736.00,4,"1796465849,08"
GNP,GARANTİ PORTFÖY NEMA PARA PİYASASI (TL) FONU,14.08.2026,"1,461986",1831657123.00,6204,"2677857408,46"
GNS,GARANTİ PORTFÖY ENERJİ ŞİRKETLERİ HİSSE SENEDİ (TL) FONU (HİSSE SENEDİ YOĞUN FON),14.08.2026,"1,547542",45919626.00,1579,"71062543,61"
GNZ,AK PORTFÖY ING Z KUŞAĞI FON SEPETİ ÖZEL FONU,14.08.2026,"1,606698",1233088.00,476,"1981199,62"
GO1,ONE PORTFÖY BİRİNCİ FON SEPETİ FONU,14.08.2026,"4,726793",16720995.00,761,"79036679,14"
GO2,ONE PORTFÖY KATILIM FON SEPETİ FONU,14.08.2026,"4,915756",5299184.00,458,"26049495,94"
GO3,ONE PORTFÖY ÜÇÜNCÜ FON SEPETİ FONU,14.08.2026,"4,903727",7433826.00,461,"36453450,53"
GO4,ONE PORTFÖY DÖRDÜNCÜ FON SEPETİ FONU,14.08.2026,"5,310924",9407402.00,750,"49961994,98"
GO6,ONE PORTFÖY PARA PİYASASI (TL) FONU,14.08.2026,"4,225112",1293985632.00,4073,"5467234115,29"
GO9,ONE PORTFÖY BİRİNCİ HİSSE SENEDİ FONU (HİSSE SENEDİ YOĞUN FON),14.08.2026,"2,74949",173743409.00,1778,"477705807,73"
GOF,GARANTİ PORTFÖY OTUZİKİNCİ SERBEST (DÖVİZ) FON,14.08.2026,"54,025342",7108257.00,299,"384026013,57"
GOH,GARANTİ PORTFÖY BIST 100 DIŞI ŞİRKETLER HİSSE SENEDİ (TL) FONU (HİSSE SENEDİ YOĞUN FON),14.08.2026,"16,096373",37688588.00,8962,"606649564,87"
GOL,GARANTİ PORTFÖY ALTIN KATILIM FONU,14.08.2026,"2,795219",1612133888.00,11896,"4506266877,38"
GOP,GOLDEN GLOBAL PORTFÖY PARA PİYASASI KATILIM FONU,14.08.2026,"1,208181",1692474185.00,1654,"2044814839,45"
GP1,AZİMUT PORTFÖY AEB SERBEST (TL) ÖZEL FON,14.08.2026,"3,97506",45715125.00,1,"181720349,52"
GP3,GARANTİ PORTFÖY ÜÇÜNCÜ SERBEST (DÖVİZ-AVRO) FON,14.08.2026,"64,495398",11319859.00,445,"730078815,04"
GPA,GARANTİ PORTFÖY EUROBOND BORÇLANMA ARAÇLARI (DÖVİZ) FONU,14.08.2026,"23,261079",34593768.00,5419,"804688374,88"
GPB,GARANTİ PORTFÖY BİRİNCİ DEĞİŞKEN FON,14.08.2026,"12,049678",102694583.00,9529,"1237436621,64"
GPC,GARANTİ PORTFÖY İKİNCİ SERBEST ( DÖVİZ ) FON,14.08.2026,"72,030918",94199899.00,3582,"6785305208,17"
GPF,GARANTİ PORTFÖY ÇOKLU VARLIK KATILIM FONU,14.08.2026,"9,014854",70268005.00,2887,"633455810,86"
GPG,INVEO PORTFÖY BİRİNCİ DEĞİŞKEN FON,14.08.2026,"17,30794",62876069.00,3064,"1088255204,39"
GPH,GARANTİ PORTFÖY ONSEKİZİNCİ SERBEST (DÖVİZ) ÖZEL FON,14.08.2026,"45,124482",58637.00,1,"2645964,23"
GPI,GARANTİ PORTFÖY İKİNCİ DEĞİŞKEN FON,14.08.2026,"18,457839",40193061.00,2816,"741877030,99"
GPJ,GARANTİ PORTFÖY PORTAKAL SERBEST (DÖVİZ) ÖZEL FON,14.08.2026,"57,832364",14772170.00,2,"854309509,88"
GPL,GARANTİ PORTFÖY BİRİNCİ SERBEST (DÖVİZ) FON,14.08.2026,"52,966923",1856128111.00,37562,"98313394292,87"
GPM,GARANTİ PORTFÖY MİB SERBEST (DÖVİZ) ÖZEL FON,14.08.2026,"61,901108",20837078.00,2,"1289838213,21"
GPN,GARANTİ PORTFÖY PARA PİYASASI KATILIM (TL) FONU,14.08.2026,"1,380629",3669825510.00,4702,"5066669262,94"
GPT,AKTİF PORTFÖY ROBOTİK TEKNOLOJİLERİ DEĞİŞKEN FON,14.08.2026,"2,842146",39766439.00,3197,"113022007,27"
GPU,GARANTİ PORTFÖY ÜÇÜNCÜ DEĞİŞKEN FON,14.08.2026,"21,100684",16788159.00,2459,"354241634,03"
GPV,YAPI KREDİ PORTFÖY URLA SERBEST (DÖVİZ-AVRO) ÖZEL FON,14.08.2026,"66,486062",8573000.00,1,"569985013,62"
GPZ,GARANTİ PORTFÖY ÜÇÜNCÜ PARA PİYASASI FONU,14.08.2026,"1,946536",1844996795.00,164,"3591352074,34"
GRL,QNB PORTFÖY AGRESİF SERBEST FON,14.08.2026,"1,800993",317159236.00,286,"571201502,09"
GRO,GARANTİ PORTFÖY OTUZUNCU SERBEST (DÖVİZ) FON,14.08.2026,"53,98135",3556648348.00,27240,"191992678128,49"
GRT,GARANTİ PORTFÖY TEKNOLOJİ ŞİRKETLERİ HİSSE SENEDİ (TL) FONU (HİSSE SENEDİ YOĞUN FON),14.08.2026,"1,677066",76165421.00,1970,"127734450,57"
GSE,AZİMUT PORTFÖY 7.0 SERBEST (DÖVİZ) FON,14.08.2026,"64,735048",21192171.00,108,"1371876200,84"
GSG,AZİMUT PORTFÖY GÜREL SERBEST (DÖVİZ) ÖZEL FON,14.08.2026,"70,738879",1232892.00,1,"87213398,08"
GSL,AZİMUT PORTFÖY GIPTA SERBEST ÖZEL FON,14.08.2026,"3,425207",30393796.00,1,"104105037,78"
GSO,GARANTİ PORTFÖY ÖPY SERBEST ÖZEL FON,14.08.2026,"15,193458",22904394.00,5,"347996951,93"
GSP,AZİMUT PYŞ KAR PAYI ÖDEYEN HİSSE SENEDİ FONU (HİSSE SENEDİ YOĞUN FON),14.08.2026,"0,559219",7439834756.00,14326,"4160493284,08"
GSR,GARANTİ PORTFÖY EGL SERBEST (DÖVİZ) ÖZEL FON,14.08.2026,"56,975412",4643160.00,2,"264545954,78"
GSU,GARANTİ PORTFÖY KAR PAYI ÖDEYEN ŞUBAT 2026 SERBEST (DÖVİZ) FON,14.08.2026,"0,00",0.00,0,"0,01"
GTA,GARANTİ PORTFÖY ALTIN FONU,14.08.2026,"1,592058",15151868631.00,74991,"24122657303,09"
GTF,AZİMUT PYŞ BİRİNCİ BORÇLANMA ARAÇLARI FONU,14.08.2026,"14,762997",9901076.20,516,"146169554,27"
GTH,GARANTİ PORTFÖY İHRACATÇI ŞİRKETLER HİSSE SENEDİ (TL) FONU (HİSSE SENEDİ YOĞUN FON),14.08.2026,"1,5167",21451655.00,831,"32535735,09"
GTK,GARANTİ PORTFÖY KAMU BORÇLANMA ARAÇLARI ÖZEL FONU,14.08.2026,"6,967315",4029467144.00,1,"28074568464,14"
GTL,GARANTİ PORTFÖY BİRİNCİ PARA PİYASASI (TL) FONU,14.08.2026,"0,13364",1515787298809.00,346713,"202570123096,60"
GTM,GARANTİ PORTFÖY TEMETTÜ ÖDEYEN ŞİRKETLER HİSSE SENEDİ (TL) FONU (HİSSE SENEDİ YOĞUN FON),14.08.2026,"7,799756",142814288.00,13538,"1113916670,45"
GTN,GARANTİ PORTFÖY GTH SERBEST (DÖVİZ) ÖZEL FON,14.08.2026,"52,134162",28012535.00,2,"1460410029,73"
GTY,GARANTİ PORTFÖY TREND SERBEST FON,14.08.2026,"6,423783",64816259.00,540,"416365587,53"
GTZ,GARANTİ PORTFÖY GÜMÜŞ FON SEPETİ FONU,14.08.2026,"11,65704",1088380116.00,62372,"12687290901,53"
GUA,GARANTİ PORTFÖY BİRİNCİ BORÇLANMA ARAÇLARI ÖZEL FON,14.08.2026,"5,946518",341860798.00,1,"2032881258,81"
GUB,GARANTİ PORTFÖY ÖZEL SEKTÖR BORÇLANMA ARAÇLARI FONU,14.08.2026,"2,547697",1591236574.00,8525,"4053989332,96"
GUC,GARANTİ PORTFÖY ÜÇÜNCÜ PARA PİYASASI SERBEST (TL) ÖZEL FON,14.08.2026,"1,455264",2026698292.00,1,"2949380602,99"
GUF,İŞ PORTFÖY GÜMÜŞ FON SEPETİ FONU,14.08.2026,"0,896323",640542750.00,2476,"574133414,63"
GUH,GARANTİ PORTFÖY YABANCI TEKNOLOJİ HİSSE SENEDİ FONU,14.08.2026,"0,466344",10235761127.00,38252,"4773389092,84"
GUK,GARANTİ PORTFÖY GÜMÜŞ KATILIM SERBEST FON,14.08.2026,"1,406746",802553655.00,2718,"1128988775,78"
GUM,AK PORTFÖY GÜMÜŞ FON SEPETI FONU,14.08.2026,"12,477569",529890609.00,52896,"6611746727,43"
GUV,GARANTİ PORTFÖY UZUN VADELİ BORÇLANMA ARAÇLARI FONU,14.08.2026,"1,711133",322277172.00,1807,"551458991,63"
GVA,GARANTİ PORTFÖY ELEKTRİKLİ VE OTONOM ARAÇLAR DEĞİŞKEN FON,14.08.2026,"4,193664",23661906.00,3478,"99230073,23"
GVB,GARANTİ PORTFÖY ACE SERBEST (DÖVİZ-ABD DOLARI) ÖZEL FON,14.08.2026,"67,567048",52499640.00,3,"3547245681,52"
GVC,GARANTİ PORTFÖY ERG SERBEST (DÖVİZ) ÖZEL FON,14.08.2026,"64,178267",4739268.00,1,"304158008,41"
GVD,GARANTİ PORTFÖY KARABAĞLI SERBEST (DÖVİZ) ÖZEL FON,14.08.2026,"18,495687",22115.00,1,"409032,11"
GVI,GARANTİ PORTFÖY ÜÇÜNCÜ FON SEPETİ FONU,14.08.2026,"5,621169",212150834.00,4636,"1192535737,13"
GVL,GARANTİ  PORTFÖY ZYT SERBEST (DÖVİZ) ÖZEL FON,14.08.2026,"66,365139",7872114.00,3,"522433936,51"
GVZ,GARANTİ PORTFÖY ACE SERBEST (DÖVİZ-AVRO) ÖZEL FON,14.08.2026,"72,740627",5533354.00,2,"402499640,39"
GYC,GARANTİ PORTFÖY YİRMİBEŞİNCİ SERBEST ÖZEL FON,14.08.2026,"4,059404",5020082762.00,1,"20378542678,40"
GYG,GARANTİ PORTFÖY TEKOS SERBEST (DÖVİZ-AVRO) ÖZEL FON,14.08.2026,"70,895645",7093936.00,4,"502929169,33"
GYK,INVEO PORTFÖY BORÇLANMA ARAÇLARI (TL) FONU,14.08.2026,"0,113729",727477747.00,278,"82735389,83"
GYL,INVEO PORTFÖY KISA VADELİ BORÇLANMA ARAÇLARI (TL) FONU,14.08.2026,"14,478453",60968190.57,7395,"882725065,20"
GYN,GARANTİ PORTFÖY HCR SERBEST (DÖVİZ) ÖZEL FON,14.08.2026,"68,602701",20613565.00,1,"1414146240,74"
GYR,GARANTİ PORTFÖY TEKOS SERBEST (DÖVİZ-ABD DOLARI) ÖZEL FON,14.08.2026,"63,137716",9491810.00,5,"599291202,10"
GZB,GARANTİ PORTFÖY ÖPY İKİNCİ SERBEST ÖZEL FON,14.08.2026,"7,412495",190000000.00,1,"1408374018,37"
GZD,GARANTİ PORTFÖY ONÜCÜNCÜ SERBEST (DÖVİZ) ÖZEL FON,14.08.2026,"61,656881",876698.00,3,"54054464,23"
GZE,GARANTİ PORTFÖY EMTİA SERBEST FON,14.08.2026,"7,578166",187251058.00,4185,"1419019569,96"
GZG,GARANTİ PORTFÖY SAĞLIK VE GENETİK TEKNOLOJİLERİ DEĞİŞKEN FON,14.08.2026,"7,37872",60859173.00,4053,"449062812,27"
GZH,GARANTİ PORTFÖY TEMİZ ENERJİ DEĞİŞKEN FON,14.08.2026,"4,994661",80349276.00,5855,"401317397,71"
GZJ,GARANTİ PORTFÖY İKİNCİ FON SEPETİ FONU,14.08.2026,"8,675061",202591047.00,5234,"1757489605,34"
GZL,GARANTİ PORTFÖY TARIM VE GIDA SEKTÖRÜ DEĞİŞKEN FON,14.08.2026,"5,582807",65232945.00,6077,"364182937,23"
GZM,GLOBAL MD PORTFÖY DURU SERBEST FON,14.08.2026,"10,04843",59944858.00,945,"602351725,57"
GZN,GLOBAL MD PORTFÖY BOĞAZİÇİ SERBEST FON,14.08.2026,"50,229455",7660210.00,1103,"384768174,87"
GZO,GARANTİ PORTFÖY ÖZM SERBEST (DÖVİZ) ÖZEL FON,14.08.2026,"69,261313",1210798.00,1,"83861459,13"
GZP,GARANTİ PORTFÖY BİRİNCİ FON SEPETİ FONU,14.08.2026,"7,65533",504219562.00,9882,"3859967244,81"
GZR,GARANTİ PORTFÖY SÜRDÜRÜLEBİLİRLİK HİSSE SENEDİ (TL) FONU (HİSSE SENEDİ YOĞUN FON),14.08.2026,"11,474003",91480348.00,2015,"1049645768,18"
GZU,GARANTİ PORTFÖY EKE SERBEST (DÖVİZ) ÖZEL FON,14.08.2026,"67,418965",6829649.00,2,"460447864,69"
GZV,GARANTİ PORTFÖY ESG SÜRDÜRÜLEBİLİRLİK FON SEPETİ FONU,14.08.2026,"8,775841",11399360.00,1376,"100038975,12"
GZY,GARANTİ PORTFÖY TURİZM VE SEYAHAT SEKTÖRÜ DEĞİŞKEN FON,14.08.2026,"8,023349",9297705.00,2428,"74598730,63"
GZZ,GARANTİ PORTFÖY FİNANSAL TEKNOLOJİLER DEĞİŞKEN FON,14.08.2026,"7,004404",9208708.00,1214,"64501509,89"
HAE,HSBC PORTFÖY EKİM 2026 SERBEST (DÖVİZ) FON,14.08.2026,"55,810636",51818933.00,1237,"2892047590,05"
HAG,GARANTİ PORTFÖY EKİM 2026 SERBEST (DÖVİZ-ABD DOLARI) FON,14.08.2026,"61,809494",6827204.00,45,"421986025,02"
HAI,AHLATCI PORTFÖY ALTIN FONU,14.08.2026,"1,030928",9882375.00,260,"10188015,53"
HAM,HEDEF PORTFÖY ALTIN KATILIM FONU,14.08.2026,"3,080236",507237919.00,7543,"1562412750,55"
HAR,BV PORTFÖY HARMONY SERBEST FON,14.08.2026,"1,106777",36682987.00,67,"40599882,82"
HAT,HEDEF PORTFÖY ATLAS İSTATİSTİKSEL ARBİTRAJ HİSSE SENEDİ SERBEST FON (HİSSE SENEDİ YOĞUN FON),14.08.2026,"1,878162",2240667.00,87,"4208334,98"
HB1,ZİRAAT PORTFÖY HALKBANK SERBEST (DÖVİZ-AMERİKAN DOLARI) FON,14.08.2026,"50,291124",379380380.00,327,"19079465904,27"
HB2,ZİRAAT PORTFÖY HALKBANK SERBEST (DÖVİZ-AVRO) FON,14.08.2026,"57,1169",208684077.00,173,"11919387615,46"
HBF,HSBC PORTFÖY ALTIN FONU,14.08.2026,"50,800239",125318903.00,10982,"6366230242,95"
HBJ,HAS PORTFÖY BİRİNCİ SERBEST FON,14.08.2026,"1,636932",100000.00,1,"163693,19"
HBN,HSBC PORTFÖY BİRİNCİ FON SEPETİ FONU,14.08.2026,"4,319623",128091840.00,1096,"553308506,48"
HBU,HSBC PORTFÖY BİST 30 ENDEKSİ HİSSE SENEDİ FONU (HİSSE SENEDİ YOĞUN FON),14.08.2026,"1,421006",324408421.00,2790,"460986271,71"
HBV,HEDEF PORTFÖY DORUK HİSSE SENEDİ SERBEST (TL) FON (HİSSE SENEDİ YOĞUN FON),14.08.2026,"18,860371",57539930.00,18,"1085224415,47"
HCV,HEDEF PORTFÖY ATAK ÇOKLU VARLIK KATILIM FONU,14.08.2026,"0,990495",156045717.00,487,"154562507,80"
HDA,HEDEF PORTFÖY DÖRDÜNCÜ İSTATİSTİKSEL ARBİTRAJ HİSSE SENEDİ SERBEST (TL) FON (HİSSE SENEDİ YOĞUN FON),14.08.2026,"3,115539",31165055.00,547,"97095933,31"
HDD,AHLATCI PORTFÖY BİRİNCİ DEĞİŞKEN FON,14.08.2026,"1,059626",5562425.00,105,"5894089,75"
HDE,HSBC PORTFÖY BEŞİNCİ SERBEST (DÖVİZ-AVRO) FON,14.08.2026,"56,884491",159576137.00,4444,"9077407295,77"
HDH,HEDEF PORTFÖY DOĞU HİSSE SENEDİ SERBEST (TL) FON (HİSSE SENEDİ YOĞUN FON),14.08.2026,"16994,679203",3698337.00,18,"62852050900,41"
HDJ,HEDEF PORTFÖY ARTI SERBEST (TL) FON,14.08.2026,"6,550915",2479606.00,11,"16243689,01"
HDK,HEDEF PORTFÖY VEGA İSTATİSTİKSEL ARBİTRAJ HİSSE SENEDİ SERBEST FON (HİSSE SENEDİ YOĞUN FON),14.08.2026,"2,99664",4043422.00,128,"12116680,30"
HDS,HEDEF PORTFÖY SERBEST (TL) FON,14.08.2026,"16,846736",91221799.00,13,"1536789578,03"
HDV,HSBC PORTFÖY YEDİNCİ SERBEST (DÖVİZ-POUND) FON,14.08.2026,"65,843307",73895196.00,2237,"4865504101,84"
HEH,HEDEF PORTFÖY ALGO EVEREST İSTATİSTİKSEL ARBİTRAJ HİSSE SENEDİ SERBEST FON (HİSSE SENEDİ YOĞUN FON),14.08.2026,"3,282126",195732242.00,1507,"642417813,37"
HFA,HSBC PORTFÖY ALLİANZ DEĞİŞKEN ÖZEL FON,14.08.2026,"3,099909",1574729725.00,2,"4881518252,51"
HFI,HEDEF PORTFÖY İKİNCİ KATILIM HİSSE SENEDİ SERBEST FON (HİSSE SENEDİ YOĞUN FON),14.08.2026,"1,745669",33740088.00,129,"58899013,01"
HFO,AHLATCI PORTFÖY KATILIM HİSSE SENEDİ (TL) FONU (HİSSE SENEDİ YOĞUN FON),14.08.2026,"1,017652",4577463.00,138,"4658264,04"
HFR,A1 CAPİTAL PORTFÖY HİSSE SENEDİ (TL) FONU (HİSSE SENEDİ YOĞUN FON),14.08.2026,"1,45342",28493849.00,469,"41413536,38"
HFV,HSBC PYŞ ÜÇÜNCÜ SERBEST (DÖVİZ) FON,14.08.2026,"63,48664",137944007.00,3266,"8757601535,29"
HFY,ALBARAKA PORTFÖY HAYAT FİNANS KISA VADELİ KATILIM SERBEST FON,14.08.2026,"1,299163",365993015.00,34,"475484620,22"
HGC,HSBC PORTFÖY MART 2027 SERBEST (DÖVİZ) FON,14.08.2026,"52,77498",8832637.00,285,"466142240,52"
HGH,HEDEF PORTFÖY GÜNEŞ HİSSE SENEDİ SERBEST (TL) FON (HİSSE SENEDİ YOĞUN FON),14.08.2026,"1,770679",33326884.00,21,"59011229,24"
HGJ,HEDEF PORTFÖY GÜNEY HİSSE SENEDİ SERBEST FON (HİSSE SENEDİ YOĞUN FON),14.08.2026,"25,630157",109096943.00,12,"2796171793,00"
HGM,HEDEF PORTFÖY İKİNCİ HİSSE SENEDİ (TL) FONU (HİSSE SENEDİ YOĞUN FON),14.08.2026,"4,02612",38487430.00,1788,"154955015,31"
HGR,HEDEF PORTFÖY ALGORİTMİK STRATEJİLER SERBEST FON,14.08.2026,"1,330307",24580946.00,154,"32700202,94"
HGT,AZİMUT PORTFÖY 15.0 SERBEST (DÖVİZ) FON,14.08.2026,"94,987046",35413354.00,14,"3363809890,19"
HGU,HSBC PORTFÖY GÜÇLÜ SERBEST ÖZEL FON,14.08.2026,"5,018495",561018563.00,2,"2815469117,99"
HGV,HEDEF PORTFÖY BİRİNCİ SERBEST FON,14.08.2026,"4,99919",5097307.00,394,"25482407,56"
HIA,HEDEF PORTFÖY İSTATİSTİKSEL ARBİTRAJ SERBEST FON,14.08.2026,"1,542518",871862584.00,270,"1344863295,48"
HIF,HEDEF PORTFÖY İKİNCİ SERBEST FON,14.08.2026,"0,523362",21181089.00,53,"11085384,10"
HIH,GARANTİ  PORTFÖY HOLDİNGLER VE İŞTİRAKLERİ HİSSE SENEDİ (TL) FONU (HİSSE SENEDİ YOĞUN FON),14.08.2026,"1,399898",160944752.00,4676,"225306220,56"
HII,HSBC PYŞ BİRİNCİ SERBEST (DÖVİZ) ÖZEL FON,14.08.2026,"3,315963",329367203.00,1,"1092169488,66"
HIM,HEDEF PORTFÖY BİRİNCİ İSTATİSTİKSEL ARBİTRAJ HİSSE SENEDİ SERBEST FON (HİSSE SENEDİ YOĞUN FON),14.08.2026,"3,97352",70503026.00,209,"280145212,41"
HIP,HSBC PORTFÖY İKİNCİ PARA PİYASASI (TL) FONU,14.08.2026,"2,155448",988676457.00,1183,"2131040546,92"
HIS,HEDEF PORTFÖY ÜÇÜNCÜ SERBEST FON,14.08.2026,"3,14523",407241.00,12,"1280866,77"
HIZ,AZİMUT PORTFÖY DİNAMİK DEĞİŞKEN FON,14.08.2026,"2,075968",98549134.00,1095,"204584871,94"
HJA,AZİMUT PORTFÖY BİRİNCİ HİSSE SENEDİ SERBEST FON (HİSSE SENEDİ YOĞUN FON),14.08.2026,"28,147749",92852023.00,13,"2613575473,07"
HJB,HEDEF PORTFÖY BİRİNCİ DEĞİŞKEN FON,14.08.2026,"4,559265",25852703.00,1575,"117869318,23"
HKG,ZİRAAT PORTFÖY HALK'IN ÜRETEN KADINLARI DEĞİŞKEN FON,14.08.2026,"1,502725",24599713.00,1004,"36966610,17"
HKH,HEDEF PORTFÖY KATILIM HİSSE SENEDİ (TL) FONU (HİSSE SENEDİ YOĞUN FON),14.08.2026,"8,314801",100665620.00,13735,"837014620,01"
HKJ,HEDEF PORTFÖY PARA PİYASASI SERBEST FON,14.08.2026,"1,391714",9329826461.00,2270,"12984452424,32"
HKM,HEDEF PORTFÖY BAŞAK HİSSE SENEDİ SERBEST (TL) FON (HİSSE SENEDİ YOĞUN FON),14.08.2026,"3,931769",12986821.00,944,"51061180,89"
HKP,HEDEF PORTFÖY KATILIM HİSSE SENEDİ SERBEST (TL) FON (HİSSE SENEDİ YOĞUN FON),14.08.2026,"5,791133",39175139.00,92,"226868452,05"
HKR,HSBC PORTFÖY KIRMIZI HİSSE SENEDİ SERBEST (TL) FON (HİSSE SENEDİ YOĞUN FON),14.08.2026,"3,953092",385327730.00,1547,"1523235971,00"
HKV,ZİRAAT PORTFÖY HALKBANK KISA VADELİ BORÇLANMA ARAÇLARI (TL) FONU,14.08.2026,"586,528077",6764347.00,36768,"3967479437,02"
HLA,NEO PORTFÖY ÜÇÜNCÜ HİSSE SENEDİ SERBEST FON (HİSSE SENEDİ YOĞUN FON),14.08.2026,"2,01633",22182677.00,10,"44727602,30"
HLL,ZİRAAT PORTFÖY HALKBANK PARA PİYASASI (TL) FONU,14.08.2026,"0,379359",130341069963.95,1028971,"49446004075,82"
HLR,HEDEF PORTFÖY ADA HİSSE SENEDİ SERBEST (TL) FON (HİSSE SENEDİ YOĞUN FON),14.08.2026,"111,795967",28595024.00,14,"3196808354,41"
HMC,HEDEF PORTFÖY EKİNOKS SERBEST (TL) FON,14.08.2026,"7,895663",56696710.00,115,"447658139,09"
HME,HSBC PORTFÖY DÖRDÜNCÜ SERBEST (DÖVİZ) FON,14.08.2026,"54,160209",499447187.00,8231,"27050164113,54"
HMG,HSBC PYŞ MUTLAK GETİRİ HEDEFLİ HİSSE SENEDİ SERBEST (TL) FON(HİSSE SENEDİ YOĞUN FON),14.08.2026,"0,068207",103438294741.00,6193,"7055178091,94"
HMK,HEDEF PORTFÖY EGE HİSSE SENEDİ SERBEST (TL) FON (HİSSE SENEDİ YOĞUN FON),14.08.2026,"318,34163",509923.00,60,"162329719,03"
HML,HEDEF PORTFÖY KATILIM SERBEST (DÖVİZ) FON,14.08.2026,"46,912353",323041.00,37,"15154613,28"
HMS,HSBC PORTFÖY SÜRDÜRÜLEBİLİRLİK HİSSE SENEDİ (TL) FONU (HİSSE SENEDİ YOĞUN FON),14.08.2026,"0,094559",3834498199.00,4069,"362586635,30"
HMT,AZİMUT PORTFÖY 12.0 SERBEST FON,14.08.2026,"7,1376",85345075.00,22,"609159016,20"
HMV,HEDEF PORTFÖY MAVİ HİSSE SENEDİ SERBEST (TL) FON (HİSSE SENEDİ YOĞUN FON),14.08.2026,"16,256439",887234531.00,13,"14423274217,85"
HNC,HEDEF PORTFÖY ÜÇÜNCÜ HİSSE SENEDİ FONU (HİSSE SENEDİ YOĞUN FON),14.08.2026,"1,366211",3765379.00,105,"5144302,84"
HNS,HSBC PORTFÖY KAR PAYI ÖDEYEN MAYIS 2029 SERBEST (DÖVİZ) FON,14.08.2026,"47,961048",12494446.00,169,"599246718,10"
HOA,HSBC PORTFÖY TEKNOLOJİ DEĞİŞKEN FON,14.08.2026,"0,250008",8588490438.00,3366,"2147193148,69"
HOY,HSBC PORTFÖY YABANCI BYF FON SEPETI,14.08.2026,"0,368463",3759335989.00,2554,"1385176881,45"
HP3,HEDEF PORTFÖY LİDYA SERBEST (DÖVİZ) FON,14.08.2026,"58,325737",6765924.00,186,"394627505,15"
HPC,ZİRAAT PORTFÖY HEDEF SERBEST ÖZEL FON,14.08.2026,"11,523905",3117286856.00,7,"35923318749,78"
HPD,HSBC PORTFÖY İKİNCİ DEĞİŞKEN FON,14.08.2026,"0,215634",1347929966.00,1457,"290659185,26"
HPF,HEDEF PORTFÖY KUZEY HİSSE SENEDİ SERBEST (TL) FON (HİSSE SENEDİ YOĞUN FON),14.08.2026,"35,883425",43149120.00,12,"1548338202,84"
HPH,HEDEF PORTFÖY PARA PİYASASI KATILIM FONU,14.08.2026,"2,360484",3348038619.00,9584,"7902992957,37"
HPI,HEDEF PORTFÖY İDEAL HİSSE SENEDİ SERBEST (TL) FON (HİSSE SENEDİ YOĞUN FON),14.08.2026,"7,592593",34414080.00,14,"261292114,64"
HPJ,AZİMUT PORTFÖY HP HİSSE SENEDİ SERBEST ÖZEL FON (HİSSE SENEDİ YOĞUN FON),14.08.2026,"3,921306",9174058.00,1,"35974292,11"
HPL,HEDEF PORTFÖY ÇINAR HİSSE SENEDİ SERBEST (TL) FON (HİSSE SENEDİ YOĞUN FON),14.08.2026,"1,241736",291815213.00,24,"362357480,92"
HPO,HSBC PORTFÖY ÇOKLU VARLIK BİRİNCİ DEĞİŞKEN FON,14.08.2026,"0,168904",6705854752.00,2870,"1132645434,67"
HPT,HSBC PORTFÖY KISA VADELİ BORÇLANMA ARAÇLARI (TL) FONU,14.08.2026,"0,112359",27467442820.00,10217,"3086225597,89"
HPV,ZİRAAT PORTFÖY HALKBANK KISA VADELİ KİRA SERTİFİKALARI KATILIM (TL) FONU,14.08.2026,"7,71906",1239212173.00,339298,"9565552758,02"
HPZ,HEDEF PORTFÖY ZEN HİSSE SENEDİ SERBEST (TL) FON (HİSSE SENEDİ YOĞUN),14.08.2026,"526,803395",9742.00,18,"5132118,67"
HRZ,AKTİF PORTFÖY BIST HALKA ARZ ŞİRKETLERİ HİSSE SENEDİ (TL) FONU (HİSSE SENEDİ YOĞUN FON),14.08.2026,"2,299836",146245322.00,7262,"336340229,19"
HSA,HSBC PORTFÖY DEĞİŞKEN (TL) FON,14.08.2026,"1634,292792",2498042.00,2417,"4082532035,28"
HSL,HSBC PORTFÖY PARA PİYASASI (TL) FONU,14.08.2026,"409,663856",63712312.00,24370,"26100631387,16"
HSP,HSBC PORTFÖY KAR PAYI ÖDEYEN OCAK 2030 SERBEST (DÖVİZ) FON,14.08.2026,"47,06443",2201775.00,61,"103625284,75"
HST,HSBC PORTFÖY  BORÇLANMA ARAÇLARI (TL) FONU,14.08.2026,"0,996104",384000435.33,3720,"382504445,81"
HTF,HSBC PORTFÖY PARA PİYASASI SERBEST (TL) FON,14.08.2026,"1,436499",3588709572.00,551,"5155176944,79"
HTJ,HEDEF PORTFÖY TEKNOLOJİ DEĞİŞKEN FON,14.08.2026,"2,003235",16334066.00,215,"32720977,53"
HTK,QNB PORTFÖY HAVACILIK VE SAVUNMA TEKNOLOJİLERİ FON SEPETİ FONU,14.08.2026,"1,102607",119341284.00,806,"131586539,50"
HTS,HSBC PORTFÖY ALTINCI SERBEST (DÖVİZ) FON,14.08.2026,"60,289884",75003927.00,2526,"4521978070,87"
HTZ,HEDEF PORTFÖY TURKUAZ SERBEST FON,14.08.2026,"12,648565",6936066.00,13,"87731279,73"
HUI,AZİMUT PORTFÖY CAN HİSSE SENEDİ SERBEST ÖZEL FON (HİSSE SENEDİ YOĞUN FON),14.08.2026,"91,735928",23599656.00,1,"2164936337,86"
HUS,HEDEF PORTFÖY UĞUR SERBEST FON,14.08.2026,"0,003554",568993837.00,12,"2021932,45"
HVA,HEDEF PORTFÖY ECE HİSSE SENEDİ SERBEST (TL) FON (HİSSE SENEDİ YOĞUN FON),14.08.2026,"373,144971",551204.00,17,"205679000,66"
HVB,HEDEF PORTFÖY PUSULA HİSSE SENEDİ SERBEST (TL) FON (HİSSE SENEDİ YOĞUN FON),14.08.2026,"2,727868",1151128347.00,13,"3140126147,09"
HVC,HEDEF PORTFÖY ROTA HİSSE SENEDİ SERBEST (TL) FON (HİSSE SENEDİ YOĞUN FON),14.08.2026,"25,149089",2727731.00,17,"68599949,93"
HVI,DENİZ PORTFÖY HOLDİNGLER VE İŞTİRAKLERİ HİSSE SENEDİ (TL) FONU (HİSSE SENEDİ YOĞUN FON),14.08.2026,"1,275871",32281977.00,381,"41187637,48"
HVK,HEDEF PORTFÖY BİRİNCİ BORÇLANMA ARAÇLARI (TL) FONU,14.08.2026,"5,252125",111023282.00,1530,"583108112,73"
HVL,HEDEF PORTFÖY POYRAZ SERBEST FON,14.08.2026,"20,608608",140400.00,11,"2893448,50"
HVN,HEDEF PORTFÖY DÖRDÜNCÜ SERBEST FON,14.08.2026,"5,873967",997109.00,12,"5856984,97"
HVS,HSBC PORTFÖY HİSSE SENEDİ (TL) FONU (HİSSE SENEDİ YOĞUN FON),14.08.2026,"1,586821",1717531917.00,10189,"2725416131,30"
HVT,ALLBATROSS PORTFÖY BİRİNCİ PARA PİYASASI (TL) FONU,14.08.2026,"4,688354",141177147.00,1838,"661888455,46"
HVU,ALLBATROSS PORTFÖY BİRİNCİ DEĞİŞKEN FON,14.08.2026,"5,596856",3000590.74,804,"16793873,78"
HVV,AK PORTFÖY HERAKLES SERBEST (DÖVİZ) ÖZEL FON,14.08.2026,"69,144383",45552140.00,1,"3149674613,56"
HVZ,ALLBATROSS PORTFÖY BİRİNCİ HİSSE SENEDİ (TL) FONU (HİSSE SENEDİ YOĞUN FON),14.08.2026,"6,667811",13830904.00,1843,"92221858,40"
HYK,HEDEF PORTFÖY AKDENİZ SERBEST FON,14.08.2026,"11,188051",18292212.00,23,"204654198,28"
HYP,AZİMUT PORTFÖY İVME SERBEST FON,14.08.2026,"10,579063",52495431.00,63,"555352454,05"
HYU,HSBC PORTFÖY KISA VADELİ SERBEST (TL) FON,14.08.2026,"1,784402",497948029.00,237,"888539705,50"
HYV,HEDEF PORTFÖY PARA PİYASASI (TL) FONU,14.08.2026,"6,288766",992300342.00,6715,"6240344436,03"
HYY,AK PORTFÖY HERAKLES HİSSE SENEDİ SERBEST ÖZEL FON (HİSSE SENEDİ YOĞUN FON),14.08.2026,"12,144034",471519535.00,1,"5726149283,60"
HZV,AK PORTFÖY HEZ SERBEST ÖZEL FON,14.08.2026,"6,295064",163794514.00,3,"1031096924,54"
IAC,İŞ PORTFÖY MZS HİSSE SENEDİ SERBEST ÖZEL FON (HİSSE SENEDİ YOĞUN FON),14.08.2026,"5,023543",693419042.00,1,"3483420259,03"
IAE,İSTANBUL PORTFÖY AGRESİF DEĞİŞKEN FON,14.08.2026,"2,121173",130504029.00,451,"276821567,53"
IAI,İŞ PORTFÖY TOROS HİSSE SENEDİ SERBEST ÖZEL FON (HİSSE SENEDİ YOĞUN FON),14.08.2026,"5,955167",11395330.00,1,"67861093,85"
IAJ,INVEO PORTFÖY ALTINCI SERBEST FON,14.08.2026,"0,965399",2114650.00,12,"2041481,77"
IAM,İŞ PORTFÖY AGRESİF FON SEPETİ FONU,14.08.2026,"1,733243",45692930.00,2832,"79196933,34"
IAR,İSTANBUL PORTFÖY DÖRDÜNCÜ SERBEST FON,14.08.2026,"73,243792",1908331.00,23,"139773399,55"
IAS,ASTRA PORTFÖY MUTLAK GETİRİ HEDEFLİ HİSSE SENEDİ SERBEST FON (HİSSE SENEDİ YOĞUN FON),14.08.2026,"2,154953",1612453728.00,17,"3474762127,02"
IAT,İŞ PORTFÖY KİRA SERTİFİKALARI KATILIM (TL) FONU,14.08.2026,"0,195258",9305913352.21,8784,"1817055092,42"
IAU,PARDUS PORTFÖY İKİNCİ İSTATİSTİKSEL ARBİTRAJ HİSSE SENEDİ SERBEST (TL) FON (HİSSE SENEDİ YOĞUN FON),14.08.2026,"2,639255",12972468.00,224,"34237645,23"
IAY,INVEO PORTFÖY ALTIN KATILIM FONU,14.08.2026,"1,494878",31289630.00,192,"46774174,42"
IBB,İŞ PORTFÖY ATAK DEĞİŞKEN FON,14.08.2026,"15,66128",91173132.00,9079,"1427887909,26"
IBC,İŞ PORTFÖY CENOVA SERBEST ÖZEL FON,14.08.2026,"19,315852",21428893.00,5,"413917330,98"
IBE,İSTANBUL PORTFÖY BEŞİNCİ SERBEST FON,14.08.2026,"18,777455",33125727.00,12,"622016862,06"
IBG,AZİMUT PYŞ BİRİNCİ SERBEST FON,14.08.2026,"1,625577",333744116.00,11,"542526906,99"
IBJ,AZİMUT PORTFÖY 18.0 SERBEST (DÖVİZ) FON,14.08.2026,"64,773112",12512793.00,23,"810492539,80"
IBK,İŞ PORTFÖY ÜÇÜNCÜ KISA VADELİ BORÇLANMA ARAÇLARI (TL) FONU,14.08.2026,"0,135389",1674298149.00,120697,"226681869,32"
IBM,İSTANBUL PORTFÖY MUTLAK GETİRİ HEDEFLİ SERBEST FON,14.08.2026,"3,861004",54819341.00,16,"211657714,59"
IBP,İŞ PORTFÖY GED SERBEST (DÖVİZ) ÖZEL FON,14.08.2026,"70,902738",66892567.00,4,"4742866175,45"
IBR,AZİMUT PYŞ MUTLAK GETİRİ HEDEFLİ SERBEST FON,14.08.2026,"0,301392",5658935777.00,81,"1705558723,79"
ICA,TEB PORTFÖY ICBC TURKEY ALTIN FONU,14.08.2026,"0,549749",1106966791.00,2867,"608554339,84"
ICC,TEB PORTFÖY BEŞİNCİ DEĞİŞKEN FON,14.08.2026,"1,333974",21414413.00,262,"28566269,55"
ICD,TEB PORTFÖY DÖRDÜNCÜ DEĞİŞKEN FON,14.08.2026,"133,304732",302258.00,190,"40292421,82"
ICE,TEB PORTFÖY ICBC TURKEY PARA PİYASASI (TL) FONU,14.08.2026,"126,755251",11951645.00,4455,"1514933764,60"
ICF,TEB PORTFÖY BİRİNCİ HİSSE SENEDİ FONU (HİSSE SENEDİ YOĞUN FON),14.08.2026,"191,81964",103162.00,494,"19788497,66"
ICG,İŞ PORTFÖY ARCADİA SERBEST (DÖVİZ) ÖZEL FON,14.08.2026,"70,360494",10027134.00,1,"705514100,29"
ICH,PARDUS PORTFÖY İKİNCİ DEĞİŞKEN FON,14.08.2026,"2,407425",292251788.00,3224,"703574399,81"
ICN,İSTANBUL PORTFÖY ÜÇÜNCÜ İSTATİSTİKSEL ARBİTRAJ SERBEST (TL) FON,14.08.2026,"4,251786",41590644.00,14,"176834508,23"
ICS,TEB PORTFÖY SERBEST (DÖVİZ) FON,14.08.2026,"49,58291",336157.00,54,"16667642,19"
ICV,TEB PORTFÖY ONDOKUZUNCU SERBEST FON,14.08.2026,"5,902844",1201392.00,42,"7091629,68"
ICZ,AK PORTFÖY TEKNOLOJİ ŞİRKETLERİ HİSSE SENEDİ (TL) FONU (HİSSE SENEDİ YOĞUN FON),14.08.2026,"9,86706",111928057.00,22120,"1104400834,98"
IDD,LOGOS PORTFÖY DİNAMİK DAĞIMLI SERBEST FON,14.08.2026,"0,153721",208998786.00,24,"32127439,64"
IDF,İŞ PORTFÖY SERBEST (DÖVİZ) FON,14.08.2026,"76,838993",168349889.00,4340,"12935835859,86"
IDH,İŞ PORTFÖY BIST 100 DIŞI ŞİRKETLER HİSSE SENEDİ (TL) FONU (HİSSE SENEDİ YOĞUN FON),14.08.2026,"12,625965",72604909.00,20364,"916707037,77"
IDI,AZİMUT PORTFÖY İNŞAAT SEKTÖRÜ HİSSE SENEDİ FONU (HİSSE SENEDİ YOĞUN FON),14.08.2026,"1,602683",13541622.00,371,"21702929,37"
IDL,AKTİF PORTFÖY PARA PİYASASI (TL) FONU,14.08.2026,"5,992261",712586174.00,3627,"4270002576,43"
IDO,İŞ PORTFÖY ONDOKUZUNCU SERBEST (DÖVİZ-AVRO) FON,14.08.2026,"57,696534",1311961902.00,15277,"75695654828,89"
IDP,PİRAMİT PORTFÖY SİRİUS HİSSE SENEDİ SERBEST FON (HİSSE SENEDİ YOĞUN FON),14.08.2026,"1,783151",69315905.00,23,"123600691,41"
IDV,İŞ PORTFÖY ACHS SERBEST (DÖVİZ) ÖZEL FON,14.08.2026,"71,132131",7856596.00,2,"558856417,27"
IDY,TEB PORTFÖY İKİNCİ DEĞİŞKEN FON,14.08.2026,"0,234529",3184796386.13,2553,"746927238,69"
IED,İŞ PORTFÖY AGRESİF DEĞİŞKEN FON,14.08.2026,"1,037338",65280195.00,1281,"67717635,26"
IEN,İSTANBUL PORTFÖY İNŞAAT SEKTÖRÜ HİSSE SENEDİ SERBEST (TL) FON (HİSSE SENEDİ YOĞUN FON),14.08.2026,"1,205971",16532884.00,102,"19938183,44"
IEV,İŞ PORTFÖY HAVACILIK VE SAVUNMA TEKNOLOJİLERİ DEĞİŞKEN FON,14.08.2026,"5,467919",15794636.00,3634,"86363793,29"
IEZ,INVEO PORTFÖY ELMA HİSSE SENEDİ SERBEST (TL) ÖZEL FON (HİSSE SENEDİ YOĞUN FON),14.08.2026,"4,505829",20171458.00,3,"90889143,41"
IFD,İŞ PORTFÖY FINDIKLI SERBEST (DÖVİZ) ÖZEL FON,14.08.2026,"60,043921",20000000.00,9,"1200878410,73"
IFN,TEB PORTFÖY SÜRDÜRÜLEBİLİRLİK HİSSE SENEDİ FONU (HİSSE SENEDİ YOĞUN FON),14.08.2026,"9,234347",396216.00,425,"3658796,19"
IFV,TEB PORTFÖY BİRİNCİ KISA VADELİ BORÇLANMA ARAÇLARI (TL) FONU,14.08.2026,"4,621749",3194387.00,172,"14763653,93"
IFY,İSTANBUL PORTFÖY ÖPY BİRİNCİ SERBEST ÖZEL FON,14.08.2026,"7,587221",13000000.00,1,"98633873,08"
IGF,İŞ PORTFÖY GÜZEL SERBEST (DÖVİZ) ÖZEL FON,14.08.2026,"67,978103",21132206.00,2,"1436527269,84"
IGL,TEB PORTFÖY ING BANK PARA PİYASASI (TL) FONU,14.08.2026,"575,147069",8148955.00,16853,"4686847580,11"
IGM,İŞ PORTFÖY ÜNİ SERBEST (DÖVİZ) ÖZEL FON,14.08.2026,"66,020843",19099597.00,3,"1260971496,07"
IGZ,İŞ PORTFÖY ÜNİ HİSSE SENEDİ SERBEST ÖZEL FON (HİSSE SENEDİ YOĞUN FON),14.08.2026,"11,331792",201138551.00,3,"2279260214,96"
IH1,İNCİR PORTFÖY BİRİNCİ HİSSE SENEDİ FONU (HİSSE SENEDİ YOĞUN FON),14.08.2026,"0,909938",188713600.00,60,"171717716,75"
IHA,ALLBATROSS PORTFÖY İKİNCİ HİSSE SENEDİ (TL) FONU (HİSSE SENEDİ YOĞUN FON),14.08.2026,"3,111878",1894731.00,319,"5896171,58"
IHC,INVEO PORTFÖY INTER SERBEST FON,14.08.2026,"8,098348",51431340.00,530,"416508870,07"
IHK,İŞ PORTFÖY İŞ'TE KADIN HİSSE SENEDİ (TL) FONU (HİSSE SENEDİ YOĞUN FON),14.08.2026,"16,516297",98854524.00,29448,"1632710643,49"
IHP,İSTANBUL PORTFÖY İKİNCİ HİSSE SENEDİ SERBEST (TL) FON (HİSSE SENEDİ YOĞUN FON),14.08.2026,"1,826214",37353100.00,275,"68214740,36"
IHT,İŞ PORTFÖY İHRACATÇI ŞİRKETLER HİSSE SENEDİ (TL) FONU (HİSSE SENEDİ YOĞUN FON),14.08.2026,"3,742186",21603820.00,3357,"80845503,20"
IHV,INVEO PORTFÖY BEŞİNCİ HİSSE SENEDİ SERBEST FON (HİSSE SENEDİ YOĞUN FON),14.08.2026,"1,840498",169092859.00,46,"311215008,13"
IHY,BULLS PORTFÖY GMS HİSSE SENEDİ SERBEST ÖZEL FON (HİSSE SENEDİ YOĞUN FON),14.08.2026,"6,848383",33598940.00,1,"230098414,30"
IHZ,ALLBATROSS PORTFÖY İKİNCİ HİSSE SENEDİ SERBEST FON (HİSSE SENEDİ YOĞUN FON),14.08.2026,"0,860749",4719295.00,76,"4062127,64"
IIA,İSTANBUL PORTFÖY ONBİRİNCİ SERBEST (TL) FON,14.08.2026,"4,632261",382831186.00,11,"1773373968,37"
IIC,İSTANBUL PORTFÖY ONÜÇÜNCÜ SERBEST (TL) FON,14.08.2026,"6,705306",730187.00,13,"4896127,17"
IIE,BULLS PORTFÖY İKİNCİ SERBEST FON,14.08.2026,"7,118986",108014325.00,3829,"768952452,56"
IIF,İŞ PORTFÖY İSTATİSTİKSEL ARBİTRAJ SERBEST FON,14.08.2026,"1,541297",321012874.00,13,"494776275,22"
IIH,İSTANBUL PORTFÖY ÜÇÜNCÜ HİSSE SENEDİ FONU (HİSSE SENEDİ YOĞUN FON),14.08.2026,"32,78581",55168958.00,21929,"1808758961,83"
IIN,INVEO PORTFÖY PARA PİYASASI SERBEST (TL) FON,14.08.2026,"1,401126",1018600949.00,189,"1427188443,92"
IIS,İSTANBUL PORTFÖY İKİNCİ SERBEST FON,14.08.2026,"53,830018",31995937.25,149,"1722341893,86"
IJA,INVEO PORTFÖY ATAK DEĞİŞKEN FON,14.08.2026,"13,859854",13381850.47,1237,"185470487,32"
IJB,İŞ PORTFÖY DİJİTAL OYUN SEKTÖRÜ KARMA FON,14.08.2026,"6,534321",33640729.00,6848,"219819318,04"
IJC,İŞ PORTFÖY YARI İLETKEN TEKNOLOJİLERİ DEĞİŞKEN FON,14.08.2026,"16,864629",323583794.00,47435,"5457120661,77"
IJE,İŞ PORTFÖY EFON SERBEST (DÖVİZ) ÖZEL FON,14.08.2026,"68,034578",535671.00,4,"36444150,38"
IJF,AZİMUT PORTFÖY EREN HİSSE SENEDİ SERBEST ÖZEL FON (HİSSE SENEDİ YOĞUN FON),14.08.2026,"9,474257",91781736.00,2,"869563744,22"
IJH,TEB PORTFÖY ICBC TURKEY FON SEPETİ FONU,14.08.2026,"7,199381",6388578.00,405,"45993806,54"
IJI,İSTANBUL PORTFÖY HİSSE SENEDİ SERBEST (TL) FON (HİSSE SENEDİ YOĞUN FON ),14.08.2026,"10,331905",17404058.00,128,"179817077,33"
IJK,İSTANBUL PORTFÖY KEREM SERBEST (DÖVİZ) ÖZEL FON,14.08.2026,"63,712962",4530576.00,3,"288656417,79"
IJL,İSTANBUL PORTFÖY SPİCA SERBEST (DÖVİZ) FON,14.08.2026,"52,999842",6616601.00,12,"350678806,94"
IJP,İŞ PORTFÖY BLOCKCHAİN TEKNOLOJİLERİ KARMA FON,14.08.2026,"9,262838",71213495.00,12799,"659639062,46"
IJT,İŞ PORTFÖY TARIM SERBEST FON,14.08.2026,"7,054058",89198306.00,1649,"629210026,67"
IJV,İSTANBUL PORTFÖY BİRİNCİ PARA PİYASASI (TL) FONU,14.08.2026,"5,589904",488708557.00,2847,"2731833975,13"
IJZ,İŞ PORTFÖY SİBER GÜVENLİK TEKNOLOJİLERİ DEĞİŞKEN FON,14.08.2026,"14,924624",62994308.00,15290,"940166368,50"
IK2,İŞ PORTFÖY KAR PAYI ÖDEYEN İKİNCİ SERBEST (DÖVİZ) FON,14.08.2026,"47,47754",4272023.00,94,"202825143,86"
IKL,İŞ PORTFÖY SAĞLIK ŞİRKETLERİ KARMA FON,14.08.2026,"9,905803",26814079.00,5352,"265614986,15"
IKP,İŞ PORTFÖY YENİLENEBİLİR ENERJİ KARMA FON,14.08.2026,"9,290623",116134845.00,13208,"1078965013,46"
IKV,İŞ PORTFÖY İKİNCİ KISA VADELİ BORÇLANMA ARAÇLARI (TL) FONU,14.08.2026,"1,507626",118316768.00,1212,"178377442,47"
ILC,İŞ PORTFÖY ONÜÇÜNCÜ SERBEST (DÖVİZ) FON,14.08.2026,"50,927121",27801347.01,220,"1415842569,13"
ILE,İŞ PORTFÖY ANADOLU SİGORTA  SERBEST (TL) ÖZEL FON,14.08.2026,"5,145122",2226173174.00,1,"11453933606,78"
ILH,İŞ PORTFÖY BİRİNCİ PARA PİYASASI SERBEST (TL) FON,14.08.2026,"3,97162",42720288869.47,11651,"169668740025,67"
ILI,İŞ PORTFÖY İKİNCİ SERBEST (TL) FON,14.08.2026,"5,80485",133480349.00,15,"774833469,00"
ILM,İSTANBUL PORTFÖY ONUNCU SERBEST FON,14.08.2026,"7,050051",43526148.00,13,"306861552,70"
ILP,İŞ PORTFÖY POLMİNE SERBEST (DÖVİZ) ÖZEL FON,14.08.2026,"62,158043",49766528.00,6,"3093389978,98"
ILU,İSTANBUL PORTFÖY ONALTINCI SERBEST FON,14.08.2026,"1,278764",1687628355.00,5,"2158079084,66"
ILZ,İŞ PORTFÖY TEMKİNLİ FON SEPETİ FONU,14.08.2026,"8,143604",125012796.00,6488,"1018054658,39"
IMB,İSTANBUL PORTFÖY ALGORİTMİK MODEL HİSSE SENEDİ FONU (HİSSE SENEDİ YOĞUN FON),14.08.2026,"1,212673",3576478.00,189,"4337099,86"
IMF,İSTANBUL PORTFÖY MAESTRO SERBEST FON,14.08.2026,"5,577313",66550045.00,19,"371170459,90"
IMG,GARANTİ PORTFÖY ING BANK KAR PAYI ÖDEYEN SERBEST (DÖVİZ) FON,14.08.2026,"49,1892",18263443.00,138,"898364149,60"
IMH,İŞ PORTFÖY ANADOLU HAYAT EMEKLİLİK SERBEST ÖZEL FON,14.08.2026,"6,424569",107389633.00,1,"689932141,41"
IML,İŞ PORTFÖY MODEL PORTFÖY HİSSE SENEDİ (TL) FONU (HİSSE SENEDİ YOĞUN FON),14.08.2026,"1,710724",525112437.00,4799,"898322594,02"
IMO,İŞ PORTFÖY ODAK SERBEST ÖZEL FON,14.08.2026,"5,950543",858797825.00,2,"5110313145,33"
IMS,İŞ PORTFÖY MERMER SERBEST ÖZEL FON,14.08.2026,"15,127875",37173550.00,4,"562356835,83"
IMT,İŞ PORTFÖY TOROS SERBEST (DÖVİZ) ÖZEL FON,14.08.2026,"70,744474",10107479.00,4,"715048289,47"
IMY,İŞ PORTFÖY SKYLARK SERBEST (DÖVİZ) ÖZEL FON,14.08.2026,"74,074023",21469047.00,6,"1590298674,54"
IMZ,İŞ PORTFÖY POYRAZ SERBEST (DÖVİZ) ÖZEL FON,14.08.2026,"74,100474",4147547.00,4,"307335199,96"
INH,GARANTİ PORTFÖY ING BANK ÖZEL BANKACILIK VE PLATİNUM DEĞİŞKEN ÖZEL FON,14.08.2026,"14,793818",16015197.00,376,"236925916,00"
INV,INVEO PORTFÖY İSTATİSTİKSEL ARBİTRAJ KAR PAYI ÖDEYEN SERBEST (TL) ÖZEL FON,14.08.2026,"47,650256",42614927.00,1,"2030612191,54"
INZ,INVEO PORTFÖY İSTATİSTİKSEL ARBİTRAJ SERBEST (TL) FON,14.08.2026,"3,444288",34399857.00,15,"118483016,02"
IOG,İŞ PORTFÖY GÜMÜŞ SERBEST FON,14.08.2026,"13,666043",988820388.00,19304,"13513261564,22"
IOH,İŞ PORTFÖY ONSEKİZİNCİ SERBEST (DÖVİZ) FON,14.08.2026,"52,288782",2705819.10,31,"141483985,10"
IOJ,İŞ PORTFÖY EKİM 2026 SERBEST (DÖVİZ) FON,14.08.2026,"51,582442",3586354.01,39,"184992898,53"
IOL,İŞ PORTFÖY OSK SERBEST (DÖVİZ) ÖZEL FON,14.08.2026,"66,279637",14305212.00,1,"948144264,07"
IOM,İSTANBUL PORTFÖY ONBEŞİNCİ SERBEST FON,14.08.2026,"4,07174",147588046.00,13,"600940168,06"
ION,İSTANBUL PORTFÖY ONİKİNCİ SERBEST FON,14.08.2026,"0,818397",60009826.00,15,"49111851,44"
IOO,İŞ PORTFÖY İKİNCİ PARA PİYASASI (TL) FONU,14.08.2026,"4,562379",4019797380.00,6075,"18339840843,81"
IOP,İŞ PORTFÖY ODEABANK PARA PİYASASI (TL) FONU,14.08.2026,"6,275961",1088415409.00,6487,"6830852775,01"
IOT,AZİMUT PORTFÖY 216 SERBEST (DÖVİZ) ÖZEL FON,14.08.2026,"59,103437",4502540.00,6,"266115589,90"
IOV,İSTANBUL PORTFÖY PAPİRUS SERBEST (DÖVİZ) ÖZEL FON,14.08.2026,"56,761943",9907429.00,1,"562364920,75"
IPA,İŞ PORTFÖY SÜTAŞ HİSSE SENEDİ SERBEST ÖZEL FON (HİSSE SENEDİ YOĞUN FON),14.08.2026,"0,736341",803906870.00,16,"591949316,69"
IPB,İSTANBUL PORTFÖY BİRİNCİ DEĞİŞKEN FON,14.08.2026,"0,892516",1218238529.57,15283,"1087297734,41"
IPC,İŞ PORTFÖY CK SERBEST ÖZEL FON,14.08.2026,"24,919602",575000.00,1,"14328770,94"
IPE,İŞ PORTFÖY ANADOLU SİGORTA SERBEST ÖZEL FON,14.08.2026,"9,518955",416615784.00,3,"3965746909,40"
IPF,PERFORM PORTFÖY İKİNCİ SERBEST FON,14.08.2026,"0,122492",1105011730.00,22,"135355586,17"
IPG,İŞ PORTFÖY ATAK FON SEPETİ FONU,14.08.2026,"9,53286",36822795.00,1757,"351026558,96"
IPJ,İŞ PORTFÖY ELEKTRİKLİ ARAÇLAR KARMA FON,14.08.2026,"20,202271",66605342.00,18862,"1345579174,93"
IPK,İŞ PORTFÖY KOS SERBEST ÖZEL FON,14.08.2026,"57,720227",56970280.00,1,"3288337496,09"
IPO,İŞ PORTFÖY ONUR SERBEST ÖZEL FON,14.08.2026,"47,708631",11026459.00,1,"526057268,69"
IPP,PERFORM PORTFÖY BIRINCI SERBEST FON,14.08.2026,"0,180113",40318397178.00,166,"7261853230,85"
IPR,İŞ PORTFÖY ICARUS SERBEST ÖZEL FON,14.08.2026,"33,86973",615000.00,1,"20829883,84"
IPU,İŞ PORTFÖY AS SERBEST ÖZEL FON,14.08.2026,"49,147319",116663621.00,1,"5733704195,01"
IPV,İŞ PORTFÖY EUROBOND BORÇLANMA ARAÇLARI (DÖVİZ) FONU,14.08.2026,"77,919508",26369814.00,11808,"2054722936,05"
IRB,İSTANBUL PORTFÖY İSTATİSTİKSEL ARBİTRAJ HİSSE SENEDİ SERBEST FON (HİSSE SENEDİ YOĞUN FON),14.08.2026,"1,310076",892321773.00,786,"1169009352,37"
IRE,İŞ PORTFÖY KAR PAYI ÖDEYEN SERBEST (DÖVİZ) FON,14.08.2026,"46,849773",2436163.02,60,"114133683,74"
IRF,İSTANBUL PORTFÖY BİRİNCİ FON SEPETİ FONU,14.08.2026,"7,39143",73455715.00,2004,"542942783,57"
IRL,İSTANBUL PORTFÖY KEY SERBEST FON,14.08.2026,"17,695876",15165905.00,16,"268373971,67"
IRO,İSTANBUL PORTFÖY ROBOTİK TEKNOLOJİLERİ SERBEST FON,14.08.2026,"2,162191",19799563.00,93,"42810441,70"
IRT,INVEO PORTFÖY TEKNOLOJİ DEĞİŞKEN FON,14.08.2026,"8,043682",16200524.00,1526,"130311858,45"
IRV,İSTANBUL PORTFÖY İSTATİSTİKSEL ARBİTRAJ SERBEST FON,14.08.2026,"6,924216",42015927.00,50,"290927338,57"
IRY,INVEO PORTFÖY PARA PİYASASI (TL) FONU,14.08.2026,"3,972036",460637190.00,2329,"1829667606,38"
ISR,İŞ PORTFÖY BİRİNCİ SERBEST (DÖVİZ) ÖZEL FON,14.08.2026,"19,133427",49659665.00,6,"950159567,41"
ISS,İŞ PORTFÖY DEĞER SERBEST ÖZEL FON,14.08.2026,"0,26627",775713881.00,7,"206549279,00"
IST,İSTANBUL PORTFÖY KISA VADELİ BORÇLANMA ARAÇLARI (TL) FONU,14.08.2026,"0,193147",7861289550.89,3061,"1518388003,73"
ITA,İŞ PORTFÖY ARSLAN SERBEST (DÖVİZ) ÖZEL FON,14.08.2026,"72,843725",11221333.00,1,"817403699,36"
ITC,INVEO PORTFÖY TEMETTÜ ÖDEYEN ŞİRKETLER HİSSE SENEDİ (TL) FONU (HİSSE SENEDİ YOĞUN FON),14.08.2026,"1,169708",21438811.00,288,"25077157,42"
ITD,İŞ PORTFÖY TE2 SERBEST (DÖVİZ) ÖZEL FON,14.08.2026,"68,594857",37000272.00,1,"2538028374,84"
ITJ,İSTANBUL PORTFÖY SEKİZİNCİ SERBEST FON,14.08.2026,"10,281479",26517213.00,12,"272636157,18"
ITL,İŞ PORTFÖY ÖPY DELTA SERBEST (TL) ÖZEL FON,14.08.2026,"4,535032",1026267998.00,1,"4654157776,03"
ITP,İŞ PORTFÖY TEKNOLOJİ KARMA FON,14.08.2026,"13,1984",78565336.00,11248,"1036936702,72"
ITR,İŞ PORTFÖY TE1 SERBEST ÖZEL FON,14.08.2026,"4,397479",245568075.00,1,"1079880384,32"
ITV,İŞ PORTFÖY ALTINCI SERBEST (DÖVİZ) FON,14.08.2026,"47,878462",17596116.02,30,"842474978,52"
ITZ,İŞ PORTFÖY ATLAS SERBEST (DÖVİZ) ÖZEL FON,14.08.2026,"60,725013",32561572.00,3,"1977301868,64"
IUA,İSTANBUL PORTFÖY KARYA SERBEST (DÖVİZ) FON,14.08.2026,"67,453309",6419418.00,55,"433010987,33"
IUB,İŞ PORTFÖY EVREN SERBEST (DÖVİZ) ÖZEL FON,14.08.2026,"71,441347",4814710.00,3,"343969366,15"
IUC,INVEO PORTFÖY GEDİK YATIRIM SERBEST (TL) ÖZEL FON,14.08.2026,"2,018302",485353634.00,1,"979590438,17"
IUF,İŞ PORTFÖY YEDİNCİ SERBEST (DÖVİZ-AVRO) FON,14.08.2026,"68,080631",320992725.00,7636,"21853387353,56"
IUH,INVEO PORTFÖY DÖNÜŞTÜRÜCÜ TEKNOLOJİLER FON SEPETİ FONU,14.08.2026,"6,402028",1987688.66,715,"12725239,29"
IUM,İŞ PORTFÖY HK SERBEST (DÖVİZ) ÖZEL FON,14.08.2026,"66,857987",6075558.00,1,"406199580,52"
IUN,İŞ PORTFÖY YELKEN SERBEST (DÖVİZ) ÖZEL FON,14.08.2026,"76,200341",3921916.00,4,"298851336,52"
IUV,İŞ PORTFÖY BEŞİNCİ SERBEST (DÖVİZ)  FON,14.08.2026,"67,053703",320419715.00,6441,"21485328290,01"
IUZ,İŞ PORTFÖY ANADOLUBANK PARA PİYASASI (TL) FONU,14.08.2026,"4,720208",285864974.00,1206,"1349342227,09"
IV2,PHİLLİP PORTFÖY ARİSTA SERBEST FON,14.08.2026,"32,877463",61238989.00,14,"2013382573,81"
IV6,INVEO PORTFÖY TE3 SERBEST (DÖVİZ) ÖZEL FON,14.08.2026,"65,366451",25018090.00,1,"1635343756,16"
IV7,INVEO PORTFÖY BEŞER SERBEST (TL) ÖZEL FON,14.08.2026,"4,982757",109304696.00,1,"544638740,99"
IV8,INVEO PORTFÖY KİRA SERTİFİKALARI KATILIM FONU,14.08.2026,"2,279908",14073260.00,136,"32085742,22"
IVF,İSTANBUL PORTFÖY KATILIM HİSSE SENEDİ (TL) FONU (HİSSE SENEDİ YOĞUN FON),14.08.2026,"6,41395",12594490.00,1281,"80780428,66"
IVS,İSTANBUL PORTFÖY İKİNCİ İSTATİSTİKSEL ARBİTRAJ SERBEST FON,14.08.2026,"5,947173",45771790.29,26,"272212750,59"
IVY,İSTANBUL PORTFÖY BLOCKCHAIN TEKNOLOJİLERİ DEĞİŞKEN FON,14.08.2026,"5,910011",122350210.00,13160,"723091101,43"
IYB,AURA PORTFÖY DEĞİŞKEN FONU,14.08.2026,"5,85975",16022273.00,336,"93886519,77"
IYP,İSTANBUL PORTFÖY YILDIZ SERBEST ÖZEL FON,14.08.2026,"2,826336",766631358.32,2,"2166758149,70"
IYR,İŞ PORTFÖY HEDEF SERBEST FON,14.08.2026,"0,139672",1628477223.00,13,"227452858,82"
IYS,İŞ PORTFÖY SÜTAŞ SERBEST ÖZEL FON,14.08.2026,"1,336381",4370883210.00,16,"5841166596,66"
IYV,İSTANBUL PORTFÖY AŞİYAN SERBEST FON,14.08.2026,"1,103128",171596983.00,66,"189293435,07"
IZA,AZİMUT PORTFÖY İNAN2 SERBEST ÖZEL FON,14.08.2026,"1,976745",243734656.00,1,"481801293,19"
IZB,İSTANBUL PORTFÖY BİRİNCİ FON SEPETİ SERBEST FON,14.08.2026,"10,864379",9133415.00,84,"99228881,28"
IZE,İŞ PORTFÖY ÜÇÜNCÜ SERBEST (DÖVİZ) ÖZEL FON,14.08.2026,"64,777593",4088728.00,1,"264857957,28"
IZL,İŞ PORTFÖY EYLÜL 2027 SERBEST (DÖVİZ) FON,14.08.2026,"51,986748",2048414.11,19,"106490388,23"
IZS,İSTANBUL PORTFÖY ALTINCI SERBEST FON,14.08.2026,"9,859162",8771493.00,33,"86479574,62"
IZV,İSTANBUL PORTFÖY ATLANTİK SERBEST (TL) ÖZEL FON,14.08.2026,"10,277156",10944421.00,2,"112477522,95"
IZY,İŞ PORTFÖY ONYEDİNCİ SERBEST (DÖVİZ) FON,14.08.2026,"48,060699",1033767.01,27,"49683564,80"
JET,ATA PORTFÖY HAVACILIK VE SAVUNMA TEKNOLOJİLERİ DEĞİŞKEN FON,14.08.2026,"2,389396",221993432.00,17149,"530430200,31"
JOT,İŞ PORTFÖY JOTANTA SERBEST (DÖVİZ) ÖZEL FON,14.08.2026,"58,180342",19709609.00,1,"1146711785,62"
JUP,AURA PORTFÖY JÜPİTER SERBEST (DÖVİZ) FON,14.08.2026,"0,534538",101714414.00,56,"54370202,51"
KAC,EMLAK KATILIM PORTFÖY KISA VADELİ KATILIM SERBEST (TL) FON,14.08.2026,"3,878331",5484965832.00,1791,"21272512984,68"
KAN,KUVEYT TÜRK PORTFÖY ALTIN KATILIM SERBEST FON,14.08.2026,"6825,509569",784807.00,37,"5356707688,33"
KAV,KUVEYT TÜRK PORTFÖY ALTINCI KATILIM SERBEST (DÖVİZ-AVRO) FON,14.08.2026,"57,037376",317318808.00,5721,"18099032228,17"
KBJ,STRATEJİ PORTFÖY KİBELE KAR PAYI ÖDEYEN HİSSE SENEDİ SERBEST FON (HİSSE SENEDİ YOĞUN FON),14.08.2026,"4,172851",159674571.00,102,"666298268,41"
KBP,KUVEYT TÜRK PORTFÖY PY KATILIM HİSSE SENEDİ SERBEST ÖZEL FON (HİSSE SENEDİ YOĞUN FON),14.08.2026,"1,701788",189321082.00,5,"322184437,44"
KBZ,KUVEYT TÜRK PORTFÖY SBZ KATILIM SERBEST (DÖVİZ) ÖZEL FON,14.08.2026,"51,84816",3094492.00,1,"160443715,77"
KCL,KARE PORTFÖY ÇOKLU VARLIK KATILIM FONU,14.08.2026,"1,770788",6198814.00,168,"10976782,57"
KCR,AK PORTFÖY KÜLÇE ALTIN KATILIM FONU,14.08.2026,"1,062369",57104121.00,293,"60665640,13"
KCV,KUVEYT TÜRK PORTFÖY ÇOKLU VARLIK KATILIM FONU,14.08.2026,"5,16462",486804530.00,12773,"2514160468,54"
KDE,KUVEYT TÜRK PORTFÖY DENGELİ KATILIM FONU,14.08.2026,"1,75938",338980289.00,3400,"596394972,50"
KDI,KARE PORTFÖY İKİNCİ SERBEST (DÖVİZ) FON,14.08.2026,"57,58521",5926148.00,12,"341258474,80"
KDK,KUVEYT TÜRK PORTFÖY BİRİNCİ KATILIM SERBEST (DÖVİZ-ABD DOLARI) ÖZEL FON,14.08.2026,"15,474648",3147787.00,1,"48710895,01"
KDL,KUVEYT TÜRK PORTFÖY BEŞİNCİ KATILIM SERBEST (DÖVİZ) FON,14.08.2026,"52,376069",487431278.00,7053,"25529734312,07"
KDO,İŞ PORTFÖY KATILIM SERBEST (DÖVİZ-AVRO) FON,14.08.2026,"56,010209",19397510.00,533,"1086458579,55"
KDS,KUVEYT TÜRK PORTFÖY YEDİNCİ KATILIM SERBEST (DÖVİZ) FON,14.08.2026,"54,382865",522293133.00,1381,"28403796909,43"
KDT,GARANTİ PORTFÖY KATILIM SERBEST (DÖVİZ) FON,14.08.2026,"54,444049",60399410.00,1171,"3288388445,31"
KDV,KUVEYT TÜRK PORTFÖY DOKUZUNCU KATILIM SERBEST (DÖVİZ) FON,14.08.2026,"48,599717",467461515.00,201,"22718497349,51"
KDZ,KUVEYT TÜRK PORTFÖY SEKİZINCİ KATILIM SERBEST (DÖVİZ) FON,14.08.2026,"48,806744",89667114.00,826,"4376359850,20"
KEI,KUVEYT TÜRK PORTFÖY KATILIM EMEKLİLİK İKİNCİ KATILIM SERBEST ÖZEL FON,14.08.2026,"1,839923",179618321.00,1,"330483936,24"
KEO,KUVEYT TÜRK PORTFÖY KATILIM EMEKLİLİK BİRİNCİ KATILIM SERBEST ÖZEL FON,14.08.2026,"1,79167",39442409.00,1,"70667763,29"
KEU,KUVEYT TÜRK PORTFÖY ONUNCU KATILIM SERBEST (DÖVİZ-AVRO) FON,14.08.2026,"52,662275",79449195.00,54,"4183975316,16"
KFZ,KUVEYT TÜRK PORTFÖY KFZ KATILIM SERBEST ÖZEL FON,14.08.2026,"4,439397",82683881.00,1,"367066584,43"
KGM,KUVEYT TÜRK PORTFÖY GÜMÜŞ KATILIM FON SEPETİ FONU,14.08.2026,"2,935165",1023681366.00,29177,"3004673799,75"
KH1,AK PORTFÖY KATILIM HİSSE SENEDİ FONU (HİSSE SENEDİ YOĞUN FON),14.08.2026,"1,303655",68695048.00,985,"89554622,94"
KHA,PARDUS PORTFÖY İKİNCİ HİSSE SENEDİ (TL) FONU (HİSSE SENEDİ YOĞUN FON),14.08.2026,"4,270821",922956279.00,27698,"3941781260,05"
KHB,KARE PORTFÖY BIST 100 DIŞI ŞİRKETLER HİSSE SENEDİ FONU (HİSSE SENEDİ YOĞUN FON),14.08.2026,"1,64944",10718389.00,282,"17679336,72"
KHC,PARDUS PORTFÖY KATILIM HİSSE SENEDİ (TL) FONU (HİSSE SENEDİ YOĞUN FON),14.08.2026,"2,116394",33231824.00,1514,"70331626,38"
KHD,ATLAS PORTFÖY İKİNCİ KATILIM HİSSE SENEDİ SERBEST FON (HİSSE SENEDİ YOĞUN FON),14.08.2026,"1,336108",501393238.00,12,"669915389,23"
KHF,ALLBATROSS PORTFÖY KATILIM HİSSE SENEDİ SERBEST FON (HİSSE SENEDİ YOĞUN FON),14.08.2026,"0,116134",7494290.00,13,"870341,68"
KHJ,ATLAS PORTFÖY KATILIM HİSSE SENEDİ FONU (HİSSE SENEDİ YOĞUN FON),14.08.2026,"1,155041",12464810.00,475,"14397361,37"
KHP,KUVEYT TÜRK PORTFÖY PAYLAŞIMLI HESAP PARA PİYASASI KATILIM FONU,14.08.2026,"1,186282",27398056345.00,1840,"32501818035,02"
KHT,ALLBATROSS PORTFÖY KARTAL HİSSE SENEDİ SERBEST (TL) FON (HİSSE SENEDİ YOĞUN FON),14.08.2026,"2,439399",3295394.00,220,"8038780,37"
KHU,KUVEYT TÜRK PORTFÖY BİRİNCİ KATILIM SERBEST (DÖVİZ-AVRO) ÖZEL FON,14.08.2026,"36,339763",95518.00,1,"3471101,51"
KIA,TRIVE PORTFÖY MUTLAK GETİRİ HEDEFLİ DEĞİŞKEN FON,14.08.2026,"4,303404",1364364.00,366,"5871409,34"
KIB,TRIVE PORTFÖY ROBOTİK TEKNOLOJİLERİ DEĞİŞKEN FON,14.08.2026,"4,34022",2484994.00,1044,"10785420,45"
KIE,TRIVE PORTFÖY PARA PİYASASI (TL) FONU,14.08.2026,"4,609069",43622671.00,874,"201059896,91"
KIH,KARE PORTFÖY İSTATİSTİKSEL ARBİTRAJ SERBEST FON,14.08.2026,"1,528839",38712906.00,27,"59185784,16"
KIK,KUVEYT TÜRK PORTFÖY İKİNCİ KATILIM FONU,14.08.2026,"1,478864",116604442.00,1405,"172442082,64"
KIS,ASTRA PORTFÖY KİRA SERTİFİKASI KATILIM (DÖVİZ) FONU,14.08.2026,"0,219678",412806759.00,768,"90684676,09"
KJK,KUVEYT TÜRK PORTFÖY KUVEYT TÜRK YABANCI KATILIM SERBEST ÖZEL FON,14.08.2026,"0,002257",21405755952.00,1,"48313167,07"
KKB,KUVEYT TÜRK PORTFÖY EKAS KATILIM SERBEST (DÖVİZ) ÖZEL FON,14.08.2026,"62,043842",41940.00,1,"2602118,75"
KKC,KARE PORTFÖY KATILIM SERBEST (DÖVİZ-AVRO) FON,14.08.2026,"56,98284",2046792.00,56,"116632020,67"
KKE,KUVEYT TÜRK PORTFÖY USTA KATILIM SERBEST (DÖVİZ) ÖZEL FON,14.08.2026,"51,779668",1726780.00,2,"89412095,81"
KKH,İŞ PORTFÖY DENGELİ FON SEPETİ FONU,14.08.2026,"6,78825",78695904.00,5129,"534207489,56"
KKL,ALLBATROSS PORTFÖY KISA VADELİ KATILIM SERBEST (TL) FON,14.08.2026,"2,469486",1423999665.00,1656,"3516547552,45"
KKO,YAPI KREDİ PORTFÖY KASIM 2026 KAR PAYI ÖDEYEN SERBEST (DÖVİZ) FON,14.08.2026,"48,854529",46203177.00,258,"2257234442,28"
KKP,İŞ PORTFÖY 2028 KAPİTAL KAR PAYI ÖDEYEN SERBEST (DÖVİZ) FON,14.08.2026,"48,740304",88566803.00,331,"4316772938,73"
KKT,KUVEYT TÜRK PORTFÖY İKİNCİ KISA VADELİ KATILIM SERBEST (TL) FON,14.08.2026,"3,101583",2941745961.00,46,"9124070699,99"
KLH,ATLAS PORTFÖY KATILIM HİSSE SENEDİ SERBEST FON (HİSSE SENEDİ YOĞUN FON),14.08.2026,"2,748074",66300665.00,2494,"182199112,59"
KLI,AK PORTFÖY PARA PİYASASI KATILIM SERBEST FON,14.08.2026,"1,301144",229267619.00,155,"298310289,00"
KLL,KUVEYT TÜRK PORTFÖY TLL KATILIM SERBEST (DÖVİZ) ÖZEL FON,14.08.2026,"57,625726",196370.00,1,"11315963,88"
KLM,İŞ PORTFÖY KALAMIŞ SERBEST (DÖVİZ) ÖZEL FON,14.08.2026,"67,393514",14877076.00,1,"1002618429,99"
KLS,ALLBATROSS PORTFÖY KATILIM SERBEST (DÖVİZ) FON,14.08.2026,"41,478317",24981.00,2,"1036169,84"
KLU,KUVEYT TÜRK PORTFÖY PARA PİYASASI KATILIM (TL) FONU,14.08.2026,"4,803391",19863036480.00,105035,"95409924046,66"
KMA,KUVEYT TÜRK PORTFÖY KMA KATILIM SERBEST (DÖVİZ) ÖZEL FON,14.08.2026,"168,279387",74818.00,1,"12590327,14"
KME,KUVEYT TÜRK PORTFÖY TEMKİNLİ KATILIM FONU,14.08.2026,"1,579106",79488359.00,1194,"125520569,88"
KMF,AZİMUT PORTFÖY ALTIN KATILIM FONU,14.08.2026,"3,454828",417446452.00,2214,"1442205526,11"
KMN,YAPI KREDİ PORTFÖY KIYMETLİ MADENLER KATILIM FONU,14.08.2026,"0,942735",437641406.00,4783,"412579842,64"
KMT,KUVEYT TÜRK PORTFÖY KAM KATILIM SERBEST (TL) ÖZEL FON,14.08.2026,"2,749798",24785369.00,1,"68154763,26"
KNC,AK PORTFÖY ÖPY ÜÇÜNCÜ SERBEST (DÖVİZ) ÖZEL FON,14.08.2026,"67,22566",5362076.00,16,"360469100,63"
KNI,AZİMUT PORTFÖY İKİNCİ PARA PİYASASI SERBEST (TL) FON,14.08.2026,"1,364876",12794435753.00,451,"17462815192,96"
KNJ,KUVEYT TÜRK PORTFÖY ENERJİ KATILIM FONU,14.08.2026,"1,999022",343019054.00,13518,"685702561,19"
KNN,İŞ PORTFÖY KANTİTATİF SERBEST (TL) FON,14.08.2026,"1,496125",296218809.00,15,"443180307,76"
KNP,AK PORTFÖY KOR SERBEST (DÖVİZ) ÖZEL FON,14.08.2026,"82,677103",2624909.00,2,"217019873,05"
KNS,KUVEYT TÜRK PORTFÖY NKS KATILIM SERBEST (TL) ÖZEL FON,14.08.2026,"4,448248",1127191620.00,1,"5014027765,99"
KNT,AK PORTFÖY VİRA SERBEST (DÖVİZ) ÖZEL FON,14.08.2026,"60,630308",2865973.00,3,"173764824,45"
KNV,AK PORTFÖY OPERA SERBEST (DÖVİZ) ÖZEL FON,14.08.2026,"71,335665",4490340.00,5,"320321387,99"
KNZ,AK PORTFÖY MNM SERBEST (DÖVİZ) ÖZEL FON,14.08.2026,"69,231622",14736811.00,1,"1020253321,62"
KO4,QNB PORTFÖY KAR PAYI ÖDEYEN ONDÖRDÜNCÜ SERBEST (DÖVİZ-AVRO) FON,14.08.2026,"55,22026",82260000.00,858,"4542418604,10"
KOB,KUVEYT TÜRK PORTFÖY KUVEYT TÜRK KATILIM BANKASI ÖZEL BANKACILIK KATILIM SERBEST ÖZEL FON,14.08.2026,"1,40805",1938109494.00,73,"2728954292,54"
KOD,YAPI KREDİ PORTFÖY KÜÇÜK ÖLÇEKLİ ŞİRKETLER DEĞİŞKEN FON,14.08.2026,"1,005565",56148102.00,707,"56460580,37"
KOP,ASTRA PORTFÖY İKİNCİ SERBEST (DÖVİZ) FON,14.08.2026,"7,792251",2051000.00,14,"15981905,82"
KOT,AZİMUT PORTFÖY KOÇ TOPLULUĞU ŞİRKETLERİ HİSSE SENEDİ FONU (HİSSE SENEDİ YOĞUN FON),14.08.2026,"1,436121",123466903.00,3366,"177313459,98"
KOZ,İŞ PORTFÖY KOZA SERBEST (DÖVİZ) ÖZEL FON,14.08.2026,"64,360607",1118437.00,4,"71983283,90"
KP3,KARE PORTFÖY ÜÇÜNCÜ SERBEST (DÖVİZ) FON,14.08.2026,"52,620525",267344.00,12,"14067781,67"
KPA,KUVEYT TÜRK PORTFÖY KAR PAYI ÖDEYEN KATILIM HİSSE SENEDİ FONU (HİSSE SENEDİ YOĞUN FON),14.08.2026,"1,684812",301350586.00,13756,"507718935,47"
KPB,ROTA PORTFÖY ÖPY BİRİNCİ SERBEST ÖZEL FON,14.08.2026,"6,591145",801428.00,1,"5282328,29"
KPC,KUVEYT TÜRK PORTFÖY KATILIM HİSSE SENEDİ (TL) FONU (HİSSE SENEDİ YOĞUN FON),14.08.2026,"20,844891",213531482.00,22967,"4451040363,99"
KPD,KUVEYT TÜRK PORTFÖY KAR PAYI ÖDEYEN KATILIM SERBEST (DÖVİZ) FON,14.08.2026,"48,641217",6383206.00,548,"310486910,83"
KPF,NEO PORTFÖY MUTLAK GETİRİ HEDEFLİ HİSSE SENEDİ SERBEST FON (HİSSE SENEDİ YOĞUN FON),14.08.2026,"1,76443",750840571.00,297,"1324805315,25"
KPH,İŞ PORTFÖY KAR PAYI ÖDEYEN HİSSE SENEDİ (TL) FONU (HİSSE SENEDİ YOĞUN FON),14.08.2026,"1,235335",432081745.00,11987,"533765769,78"
KPI,İŞ PORTFÖY PARA PİYASASI KATILIM (TL) FONU,14.08.2026,"1,461093",3410096826.00,6260,"4982469286,38"
KPK,İŞ PORTFÖY DURUSU SERBEST (DÖVİZ) ÖZEL FON,14.08.2026,"10,17722",46252674.00,1,"470723649,54"
KPM,KARE PORTFÖY SEKİZİNCİ HİSSE SENEDİ SERBEST FON (HİSSE SENEDİ YOĞUN FON),14.08.2026,"1,036023",1508400.00,16,"1562737,65"
KPP,KARE PORTFÖY PARA PİYASASI FONU,14.08.2026,"3,140612",142850558.00,698,"448638223,21"
KPR,KUVEYT TÜRK PORTFÖY PARA PİYASASI KATILIM SERBEST FON,14.08.2026,"1,86091",40504916394.00,1326,"75375990128,13"
KPU,KUVEYT TÜRK PORTFÖY İKİNCİ KATILIM HİSSE SENEDİ (TL) FONU (HİSSE SENEDİ YOĞUN FON),14.08.2026,"3,948908",149035087.00,6208,"588525815,29"
KRC,KARE PORTFÖY BİRİNCİ BORÇLANMA ARAÇLARI FONU,14.08.2026,"0,144633",203374320.00,146,"29414582,04"
KRF,KARE PORTFÖY BİRİNCİ DEĞİŞKEN FON,14.08.2026,"21,162645",2137304.00,607,"45231005,25"
KRH,PARDUS PORTFÖY KARTAL HİSSE SENEDİ SERBEST FON (HİSSE SENEDİ YOĞUN FON),14.08.2026,"1,659391",1303125470.00,41,"2162394897,97"
KRO,DENİZ PORTFÖY KAR PAYI ÖDEYEN ONUNCU SERBEST (DÖVİZ) FON,14.08.2026,"47,860671",6399481.00,59,"306283454,36"
KRR,İŞ PORTFÖY KARMA FON,14.08.2026,"1,139156",19963300.00,586,"22741310,57"
KRS,KARE PORTFÖY SERBEST (DÖVİZ) FON,14.08.2026,"0,52047",2900805400.00,1136,"1509783112,29"
KRT,KARE PORTFÖY TÜRKİYE ODAKLI SERBEST (DÖVİZ ) FON,14.08.2026,"74,440112",9829248.00,165,"731690319,59"
KRV,QNB PORTFÖY KAR PAYI ÖDEYEN ALTINCI SERBEST (DÖVİZ) FON,14.08.2026,"47,964522",116190000.01,1025,"5572997809,78"
KSA,HEDEF PORTFÖY KISA VADELİ SERBEST (TL) FON,14.08.2026,"4,08018",3190209446.00,3483,"13016630197,76"
KSC,KUVEYT TÜRK PORTFÖY ASC KATILIM SERBEST (DÖVİZ) ÖZEL FON,14.08.2026,"49,321491",495470.00,1,"24437319,14"
KSK,AZİMUT PORTFÖY İKİNCİ PARA PİYASASI KATILIM FONU,14.08.2026,"2,905237",2999329406.38,632,"8713763734,41"
KSL,ALBARAKA PORTFÖY İKİNCİ KATILIM SERBEST (DÖVİZ-AVRO) FON,14.08.2026,"55,866376",4468312.00,118,"249628396,19"
KSM,ALBARAKA PORTFÖY İKİNCİ KATILIM SERBEST (DÖVİZ-ABD DOLARI) FON,14.08.2026,"51,40702",300270102.00,741,"15435991278,77"
KSP,QNB PORTFÖY KAR PAYI ÖDEYEN SERBEST (DÖVİZ-POUND) FON,14.08.2026,"64,3442",25335000.00,361,"1630160295,92"
KSR,KUVEYT TÜRK PORTFÖY SÜRDÜRÜLEBİLİRLİK KATILIM FONU,14.08.2026,"5,202843",38986701.00,3782,"202841680,11"
KST,ALLBATROSS PORTFÖY KATILIM HİSSE SENEDİ (TL) FONU (HİSSE SENEDİ YOĞUN FON),14.08.2026,"2,024429",4619719.00,472,"9352293,87"
KSV,KUVEYT TÜRK PORTFÖY KISA VADELİ KATILIM SERBEST (TL) FON,14.08.2026,"5,693814",5662272972.00,9925,"32239929878,57"
KSY,YAPI KREDİ PORTFÖY PY KANDİLLİ SERBEST ÖZEL FON,14.08.2026,"10,961892",374233509.00,86,"4102307266,45"
KTE,KUVEYT TÜRK PORTFÖY CEYLAN KİRA SERTİFİKALARI KATILIM SERBEST (DÖVİZ) ÖZEL FON,14.08.2026,"45,363668",2415590.00,1,"109580021,95"
KTI,AZİMUT PORTFÖY KATILIM HİSSE SENEDİ FONU (HİSSE SENEDİ YOĞUN FON),14.08.2026,"2,115491",131642989.00,547,"278489574,87"
KTJ,KUVEYT TÜRK PORTFÖY TEKNOLOJİ KATILIM FONU,14.08.2026,"2,70165",643546216.00,19609,"1738636890,80"
KTM,KUVEYT TÜRK PORTFÖY BİRİNCİ KATILIM (TL) FONU,14.08.2026,"22,220428",29940204.00,5703,"665284140,54"
KTN,KUVEYT TÜRK PORTFÖY KİRA SERTİFİKALARI KATILIM (TL) FONU,14.08.2026,"8,006197",56055627.00,4209,"448792379,56"
KTR,KUVEYT TÜRK PORTFÖY BİRİNCİ KATILIM SERBEST (TL) FON,14.08.2026,"10,543491",2301609547.00,645,"24267000063,68"
KTS,KUVEYT TÜRK PORTFÖY KATILIM HİSSE SENEDİ SERBEST FON (HİSSE SENEDİ YOĞUN FON),14.08.2026,"14,740041",8542172.00,717,"125911969,61"
KTT,KUVEYT TÜRK PORTFÖY DÖRDÜNCÜ KATILIM SERBEST (DÖVİZ) FON,14.08.2026,"70,377554",71912127.00,1437,"5060999602,41"
KTU,KUVEYT TÜRK PORTFÖY NEOVA KATILIM SERBEST (TL) ÖZEL FON,14.08.2026,"29,161137",32515349.00,1,"948184562,98"
KTV,KUVEYT TÜRK PORTFÖY KISA VADELİ KİRA SERTİFİKALARI KATILIM (TL) FONU,14.08.2026,"7,635792",3459404757.00,44770,"26415296862,75"
KU3,KUVEYT TÜRK PORTFÖY ÜÇÜNCÜ KATILIM FONU,14.08.2026,"1,149987",224210662.00,2528,"257839456,63"
KUA,KUVEYT TÜRK PORTFÖY AGRESİF KATILIM FONU,14.08.2026,"1,421441",73014981.00,2079,"103786509,82"
KUB,KARE PORTFÖY DEĞİŞKEN  (DÖVİZ) FONU,14.08.2026,"0,748373",814109867.00,3681,"609257930,27"
KUD,KUVEYT TÜRK PORTFÖY DİNAMİK KATILIM FONU,14.08.2026,"1,723814",105066192.00,2126,"181114551,09"
KUP,AK PORTFÖY KAR PAYI ÖDEYEN SERBEST (DÖVİZ) FON,14.08.2026,"49,237658",41542740.00,130,"2045467204,93"
KUT,KUVEYT TÜRK PORTFÖY KIYMETLİ MADENLER KATILIM FONU,14.08.2026,"12,030428",675981723.00,40847,"8132349325,45"
KVA,KUVEYT TÜRK PORTFÖY KTYMD KISA VADELİ KATILIM SERBEST ÖZEL FON,14.08.2026,"1,761887",392570970.00,1,"691665524,02"
KVK,HEDEF PORTFÖY KATILIM İSTATİSTİKSEL ARBİTRAJ SERBEST FON,14.08.2026,"1,268545",433378250.00,140,"549759977,56"
KVR,ATLAS PORTFÖY KISA VADELİ KATILIM SERBEST FON,14.08.2026,"1,284293",98882828.00,50,"126994506,42"
KVS,AZİMUT PORTFÖY KISA VADELİ SERBEST (TL) FON,14.08.2026,"3,783827",7788141156.00,2414,"29468982165,89"
KVT,AK PORTFÖY ENERJİ ŞİRKETLERİ HİSSE SENEDİ (TL) FONU (HİSSE SENEDİ YOĞUN FON),14.08.2026,"1,426813",64469493.00,3019,"91985897,62"
KYA,KARE PORTFÖY HİSSE SENEDİ FONU(HİSSE SENEDİ YOĞUN FON),14.08.2026,"1,203146",57493451.00,1600,"69172992,64"
KYR,BV PORTFÖY ÜÇÜNCÜ HİSSE SENEDİ SERBEST FON (HİSSE SENEDİ YOĞUN FON),14.08.2026,"0,623456",497595647.00,11,"310229104,56"
KYS,KARE PORTFÖY YEDİNCİ SERBEST (DÖVİZ) FON,14.08.2026,"53,734828",207100.00,18,"11128482,85"
KZL,KUVEYT TÜRK PORTFÖY ALTIN KATILIM FONU,14.08.2026,"28,013859",3206812881.00,65079,"89835203072,53"
KZO,AZİMUT PORTFÖY KOİ HİSSE SENEDİ SERBEST ÖZEL FON (HİSSE SENEDİ YOĞUN FON),14.08.2026,"2,134074",517965287.00,3,"1105376229,81"
KZU,KUVEYT TÜRK PORTFÖY İKİNCİ ALTIN KATILIM FONU,14.08.2026,"2,383983",199895915.00,5862,"476548519,09"
LAI,ATLAS PORTFÖY İKİNCİ HİSSE SENEDİ SERBEST FON (HİSSE SENEDİ YOĞUN FON),14.08.2026,"0,962803",252657491.00,38,"243259358,52"
LET,QNB PORTFÖY LETO SERBEST (DÖVİZ) ÖZEL FON,14.08.2026,"54,655855",12722311.00,2,"695348789,16"
LFD,İŞ PORTFÖY AZİM HİSSE SENEDİ SERBEST ÖZEL FON (HİSSE SENEDİ YOĞUN FON),14.08.2026,"8,169212",284627774.00,1,"2325184626,95"
LGK,AZİMUT PORTFÖY İKİNCİ ÖPY SERBEST ÖZEL FON,14.08.2026,"1,408109",1165564073.00,1,"1641241289,51"
LGO,ATLAS PORTFÖY ALGO TOROS HİSSE SENEDİ SERBEST (TL) FON (HİSSE SENEDİ YOĞUN FON),14.08.2026,"6,478985",15062336.00,11,"97588641,98"
LHM,AK PORTFÖY NETA SERBEST (DÖVİZ) ÖZEL FON,14.08.2026,"82,640498",9557641.00,4,"789848213,35"
LHP,AK PORTFÖY YEDİNCİ SERBEST (DÖVİZ) FON,14.08.2026,"56,557567",1476365.00,93,"83499612,95"
LKF,İŞ PORTFÖY ALTIN KATILIM FONU,14.08.2026,"1,032322",87815707.00,546,"90654083,21"
LKT,AKTİF PORTFÖY İKİNCİ PARA PİYASASI (TL) FONU,14.08.2026,"1,86406",93267910.00,389,"173856989,10"
LLA,ALLBATROSS PORTFÖY AYDIN HİSSE SENEDİ SERBEST (TL) FON (HİSSE SENEDİ YOĞUN FON),14.08.2026,"1,169342",24526862.00,787,"28680282,96"
LPH,STATECH PORTFÖY İSTATİSTİKSEL ARBİTRAJ HİSSE SENEDİ SERBEST (TL) FON (HİSSE SENEDİ YOĞUN FON),14.08.2026,"1,449164",2451538242.00,2591,"3552681900,21"
LRT,ATA PORTFÖY ALGORİTMİK STRATEJİLER SERBEST FON,14.08.2026,"3,644697",245457201.00,12,"894617165,29"
LTC,AK PORTFÖY BİRİNCİ İSTATİSTİKSEL ARBİTRAJ HİSSE SENEDİ SERBEST FON (HİSSE SENEDİ YOĞUN FON),14.08.2026,"1,591329",9808405.00,322,"15608397,25"
LTL,AHLATCI PORTFÖY HİSSE SENEDİ (TL) FONU (HİSSE SENEDİ YOĞUN FON),14.08.2026,"1,096839",709335938.00,9192,"778027111,09"
LTS,HEDEF PORTFÖY LOTUS SERBEST FON,14.08.2026,"4,515179",552407334.00,14,"2494218127,23"
LZV,AZİMUT PORTFÖY İLA HİSSE SENEDİ SERBEST (TL) ÖZEL FON (HİSSE SENEDİ YOĞUN FON),14.08.2026,"7,356795",11384074.00,2,"83750299,42"
MAC,MARMARA CAPITAL PORTFÖY HİSSE SENEDİ (TL) FONU (HİSSE SENEDİ YOĞUN FON),14.08.2026,"0,758613",5883966213.00,36740,"4463652139,08"
MAD,MEKSA PORTFÖY BİRİNCİ DEĞİŞKEN FON,14.08.2026,"1,015788",22171928.00,371,"22521985,03"
MAS,MARMARA CAPİTAL PORTFÖY HİSSE SENEDİ SERBEST (TL) FON (HİSSE SENEDİ YOĞUN FON),14.08.2026,"12,555645",63277796.00,161,"794493524,13"
MAV,QNB PORTFÖY ADAMAVİ SERBEST (DÖVİZ) ÖZEL FON,14.08.2026,"57,778283",15648205.00,1,"904126411,08"
MBL,MEKSA PORTFÖY İKİNCİ DEĞİŞKEN FON,14.08.2026,"0,285493",72948173.00,215,"20826205,96"
MBR,MT PORTFÖY BİRİNCİ BORÇLANMA ARAÇLARI FONU,14.08.2026,"1,736283",259440218.00,484,"450461621,08"
MCU,AZİMUT PORTFÖY MUTLAK GETİRİ HEDEFLİ HİSSE SENEDİ SERBEST FON (HİSSE SENEDİ YOĞUN FON),14.08.2026,"1,389916",118758802.00,150,"165064774,76"
MD1,MT PORTFÖY BİRİNCİ DEĞİŞKEN FON,14.08.2026,"2,234455",96974675.00,642,"216685521,06"
MD2,MT PORTFÖY İKİNCİ DEĞİŞKEN FON,14.08.2026,"2,164512",120077399.00,822,"259908954,56"
MDF,FİBA PORTFÖY MODEL EMTİA FON SEPETİ SERBEST FON,14.08.2026,"1,265998",398227072.00,965,"504154759,53"
MET,GARANTİ PORTFÖY METAVERSE VE YENİ TEKNOLOJİLER DEĞİŞKEN FON,14.08.2026,"6,092274",125084207.00,6722,"762047273,25"
MGB,İŞ PORTFÖY MUTLAK GETİRİ HEDEFLİ HİSSE SENEDİ SERBEST FON (HİSSE SENEDİ YOĞUN FON),14.08.2026,"1,49491",46892740.00,488,"70100406,55"
MGD,DENİZ PORTFÖY MGD HİSSE SENEDİ SERBEST ÖZEL FON (HİSSE SENEDİ YOĞUN FON),14.08.2026,"1,002182",672100883.00,1,"673567524,73"
MGE,PARDUS PORTFÖY MUTLAK GETİRİ HEDEFLİ HİSSE SENEDİ SERBEST (TL) FON (HİSSE SENEDİ YOĞUN FON),14.08.2026,"2,326694",656783933.00,67,"1528134958,31"
MGH,TEB PORTFÖY MUTLAK GETİRİ HEDEFLİ HİSSE SENEDİ SERBEST FON (HİSSE SENEDİ YOĞUN FON),14.08.2026,"2,24831",216625820.00,745,"487041906,24"
MHF,MT PORTFÖY BIST HALKA ARZ ŞİRKETLERİ HİSSE SENEDİ FONU (HİSSE SENEDİ YOĞUN FON),14.08.2026,"2,33034",206911404.00,4250,"482173982,80"
MIK,MT PORTFÖY İKİNCİ SERBEST FON,14.08.2026,"3,370928",1404180257.00,13,"4733390855,35"
MJB,AKTİF PORTFÖY BİRİNCİ FON SEPETİ FONU,14.08.2026,"7,763752",6679969.00,774,"51861622,77"
MJE,ALBARAKA PORTFÖY KATILIM SERBEST (DÖVİZ-AVRO) FON,14.08.2026,"57,190173",124871130.00,906,"7141401487,52"
MJG,AKTİF PORTFÖY GÜMÜŞ FON SEPETİ FONU,14.08.2026,"10,874398",90804556.00,7601,"987444866,77"
MJH,AKTİF PORTFÖY FORTUNA SERBEST FON,14.08.2026,"4,478645",6085154.00,29,"27253241,66"
MJK,MEKSA PORTFÖY KARDELEN SERBEST FON,14.08.2026,"35,289538",52332442.00,419,"1846787713,19"
MJL,AKTİF PORTFÖY AKTİF SERBEST (DÖVİZ-AVRO) FON,14.08.2026,"60,736031",14398787.00,588,"874525166,90"
MKA,MARMARA CAPİTAL PORTFÖY KATILIM HİSSE SENEDİ (TL) FONU (HİSSE SENEDİ YOĞUN FON),14.08.2026,"1,285125",69394316.00,1753,"89180363,93"
MKG,AKTİF PORTFÖY ALTIN KATILIM FONU,14.08.2026,"17,493938",93111423.00,8305,"1628885483,76"
MKL,İŞ PORTFÖY MKS SERBEST (DÖVİZ) ÖZEL FON,14.08.2026,"60,482211",12905617.00,1,"780560250,06"
MLS,AKTİF PORTFÖY SİYAH BEYAZ SERBEST ÖZEL FON,14.08.2026,"17,748377",74761834.00,4,"1326901235,93"
MLT,DENİZ PORTFÖY MELTEM HİSSE SENEDİ SERBEST (TL) FON (HİSSE SENEDİ YOĞUN FON),14.08.2026,"1,300563",17846083.00,83,"23209947,44"
MMH,AKTİF PORTFÖY BIST 30 ENDEKSİ HİSSE SENEDİ (TL) FONU (HİSSE SENEDİ YOĞUN FON),14.08.2026,"16,401364",9184334.00,1375,"150635604,88"
MOD,YAPI KREDİ PORTFÖY MODA SERBEST (DÖVİZ) ÖZEL FON,14.08.2026,"60,727324",12114500.00,2,"735681172,27"
MOZ,EMAA BLUE PORTFÖY MOZAİK SERBEST FON,14.08.2026,"1,291963",255836822.00,123,"330531649,14"
MP2,MT PORTFÖY İKİNCİ HİSSE SENEDİ SERBEST FON (HİSSE SENEDİ YOĞUN FON),14.08.2026,"1,601787",2651303752.00,13,"4246823641,16"
MP4,MT PORTFÖY DÖRDÜNCÜ HİSSE SENEDİ SERBEST FON (HİSSE SENEDİ YOĞUN FON),14.08.2026,"1,966296",1800673679.00,15,"3540658180,18"
MPD,AKTİF PORTFÖY AKTİF SERBEST (DÖVİZ) FON,14.08.2026,"60,695582",43227595.00,698,"2623724040,28"
MPE,MT PORTFÖY PARA PİYASASI KATILIM (TL) FONU,14.08.2026,"1,375555",68026426.00,129,"93574062,74"
MPF,AKTİF PORTFÖY KISA VADELİ KİRA SERTİFİKASI KATILIM (TL) FONU,14.08.2026,"8,265633",162718982.04,1943,"1344975320,95"
MPI,MEKSA PORTFÖY İSTATİSTİKSEL ARBİTRAJ SERBEST (TL) FON,14.08.2026,"3,085332",23263002.00,37,"71774095,77"
MPK,AKTİF PORTFÖY KİRA SERTİFİKASI KATILIM (TL) FONU,14.08.2026,"9,825052",29313910.96,1505,"288010694,08"
MPL,MT PORTFÖY PARA PİYASASI (TL) FONU,14.08.2026,"2,00267",377876643.00,1076,"756762057,84"
MPN,AKTİF PORTFÖY İKİNCİ AKTİF SERBEST (DÖVİZ) FON,14.08.2026,"61,29803",6098810.00,303,"373845035,76"
MPP,MEKSA PORTFÖY PRİME SERBEST FON,14.08.2026,"21,664681",17578599.00,1298,"380834737,61"
MPS,AKTİF PORTFÖY KATILIM HİSSE SENEDİ (TL) FONU (HİSSE SENEDİ YOĞUN FON),14.08.2026,"24,074761",6385149.32,2497,"153720943,27"
MRI,TEB PORTFÖY MERİDYEN SERBEST FON,14.08.2026,"1,231104",10751155.00,118,"13235784,76"
MSK,AZİMUT PORTFÖY MSG SERBEST (TL) ÖZEL FON,14.08.2026,"3,921018",299897605.00,1,"1175903795,04"
MSO,ASTRA PORTFÖY MSK SERBEST (DÖVİZ) ÖZEL FON,14.08.2026,"58,758079",8792690.00,1,"516641575,44"
MSR,MEKSA PORTFÖY ALGORİTMİK STRATEJİLER SERBEST FON,14.08.2026,"1,98131",15228050.00,14,"30171480,15"
MT1,MT PORTFÖY BİRİNCİ SERBEST (DÖVİZ) FON,14.08.2026,"45,710059",615614.00,26,"28139752,26"
MT2,MT PORTFÖY PARA PİYASASI SERBEST (TL) FON,14.08.2026,"1,39562",4244954393.00,1789,"5924343505,40"
MT5,MT PORTFÖY BEŞİNCİ HİSSE SENEDİ SERBEST FON (HİSSE SENEDİ YOĞUN FON),14.08.2026,"1,220678",639124957.00,19,"780165999,19"
MT6,MT PORTFÖY ALTINCI HİSSE SENEDİ SERBEST FON (HİSSE SENEDİ YOĞUN FON),14.08.2026,"0,46651",340281329.00,13,"158744685,03"
MT7,MT PORTFÖY YEDİNCİ HİSSE SENEDİ SERBEST FON (HİSSE SENEDİ YOĞUN FON),14.08.2026,"0,385592",130514947.00,15,"50325567,24"
MT8,MT PORTFÖY SEKİZİNCİ HİSSE SENEDİ SERBEST FON (HİSSE SENEDİ YOĞUN FON),14.08.2026,"0,859293",2545956344.00,16,"2187723369,76"
MT9,MT PORTFÖY DOKUZUNCU HİSSE SENEDİ SERBEST FON (HİSSE SENEDİ YOĞUN FON),14.08.2026,"0,422673",3899071054.00,18,"1648032227,53"
MTD,BV PORTFÖY MALZEME TEKNOLOJİLERİ DEĞİŞKEN FON,14.08.2026,"1,279681",113653496.00,1545,"145440163,63"
MTE,MT PORTFÖY BİRİNCİ HİSSE SENEDİ SERBEST FON (HİSSE SENEDİ YOĞUN FON),14.08.2026,"1,229226",61677173.00,17,"75815171,35"
MTF,MT PORTFÖY BİRİNCİ İSTATİSTİKSEL ARBİTRAJ HİSSE SENEDİ SERBEST (TL) FON (HİSSE SENEDİ YOĞUN FON),14.08.2026,"1,405918",53658789.00,43,"75439840,48"
MTG,DENİZ PORTFÖY MUTLAK GETİRİ HEDEFLİ HİSSE SENEDİ SERBEST FON (HİSSE SENEDİ YOGUN FON),14.08.2026,"1,713802",113676501.00,324,"194818988,22"
MTH,MT PORTFÖY BİRİNCİ HİSSE SENEDİ FONU (HİSSE SENEDİ YOĞUN FON),14.08.2026,"2,213246",118438169.00,3136,"262132834,84"
MTI,AZİMUT PORTFÖY METİS SERBEST ÖZEL FON,14.08.2026,"0,018104",255061228.00,2,"4617567,74"
MTK,MT PORTFÖY KATILIM HİSSE SENEDİ (TL) FONU (HİSSE SENEDİ YOĞUN FON),14.08.2026,"1,71544",40010956.00,638,"68636385,12"
MTL,AURA PORTFÖY MUTLAK GETİRİ HEDEFLİ SERBEST FON,14.08.2026,"2,28101",670769405.00,15,"1530031874,57"
MTS,AKTİF PORTFÖY TARIM VE SÜRDÜRÜLEBİLİRLİK FON SEPETİ FONU,14.08.2026,"2,746002",10308376.00,687,"28306820,64"
MTU,MT PORTFÖY ÜÇÜNCÜ HİSSE SENEDİ SERBEST FON (HİSSE SENEDİ YOĞUN FON),14.08.2026,"0,783189",1033653600.00,19,"809545704,51"
MTV,AK PORTFÖY METAVERSE VE DİJİTAL YAŞAM TEKNOLOJİLERİ DEĞİŞKEN FON,14.08.2026,"5,656725",27343692.00,12849,"154675739,01"
MTX,TEB PORTFÖY ÜÇÜNCÜ DEĞİŞKEN FON,14.08.2026,"5,402761",15870144.00,2131,"85742588,71"
MUL,MT PORTFÖY BİRİNCİ SERBEST FON,14.08.2026,"2,755852",94022929.00,12,"259113298,39"
MUT,GARANTİ PORTFÖY MUTLAK GETİRİ HEDEFLİ HİSSE SENEDİ SERBEST FON (HİSSE SENEDİ YOĞUN FON),14.08.2026,"1,954363",444046620.00,1661,"867828076,70"
NAK,NEO PORTFÖY ALTIN KATILIM FONU,14.08.2026,"1,067368",114212110.00,161,"121906298,06"
NAL,NEO PORTFÖY ALTINCI SERBEST FON,14.08.2026,"0,41915",1199204513.00,12,"502646187,33"
NAU,NEO PORTFÖY ALTIN FONU,14.08.2026,"3,095432",758222601.00,9919,"2347026185,73"
NAV,NUROL PORTFÖY NOVA HİSSE SENEDİ SERBEST FON (HİSSE SENEDİ YOĞUN FON),14.08.2026,"1,083781",58874427.00,15,"63806962,39"
NBE,NEO PORTFÖY BEŞİNCİ SERBEST FON,14.08.2026,"1,738937",320658242.00,10,"557604327,98"
NBH,NEO PORTFÖY ALGORİTMİK STRATEJİLER SERBEST FON,14.08.2026,"6,898724",309764095.00,191,"2136976906,32"
NBO,NEO PORTFÖY BORÇLANMA ARACI FONLARI FON SEPETİ FONU,14.08.2026,"1,502399",1326183987.00,409,"1992457668,21"
NBZ,NEO PORTFÖY BİRİNCİ SERBEST (DÖVİZ) FON,14.08.2026,"72,168199",19413543.00,281,"1401040442,36"
NCS,NUROL PORTFÖY ÜÇÜNCÜ SERBEST (DÖVİZ) FON,14.08.2026,"57,424352",145359767.00,1771,"8347190418,67"
NCU,NEO PORTFÖY ÜÇÜNCÜ SERBEST (DÖVİZ) FON,14.08.2026,"54,878346",2334477.00,12,"128112237,41"
NDL,ALLBATROSS PORTFÖY ANADOLU HİSSE SENEDİ SERBEST (TL) ÖZEL FON (HİSSE SENEDİ YOĞUN FON),14.08.2026,"1,972609",5639113.00,1,"11123763,76"
NDS,NEO PORTFÖY DÖRDÜNCÜ SERBEST FON,14.08.2026,"0,945026",641580634.00,13,"606310380,14"
NES,INVEO PORTFÖY DÖRDÜNCÜ SERBEST ÖZEL FON,14.08.2026,"2,140091",999004311.00,2,"2137960029,64"
NFF,NEO PORTFÖY FON SEPETİ SERBEST FON,14.08.2026,"1,342921",1488017833.00,35,"1998290117,96"
NFH,NEO PORTFÖY HİSSE SENEDİ SERBEST FON (HİSSE SENEDİ YOĞUN FON),14.08.2026,"2,078188",55909638.00,48,"116190754,34"
NFK,HEDEF PORTFÖY NEHİR HİSSE SENEDİ SERBEST (TL) FON (HİSSE SENEDİ YOĞUN FON),14.08.2026,"4,948949",288190652.00,81,"1426240715,61"
NHP,NEO PORTFÖY BİRİNCİ FON SEPETİ FONU,14.08.2026,"5,6037",2163797.00,155,"12125268,83"
NHT,DENİZ PORTFÖY NH SERBEST (DÖVİZ) ÖZEL FON,14.08.2026,"66,275832",9915176.00,2,"657136536,13"
NHV,NUROL PORTFÖY BİRİNCİ SERBEST (TL) ÖZEL FON,14.08.2026,"4,395239",1842955034.00,2,"8100228753,57"
NHY,NEO PORTFÖY BİRİNCİ HİSSE SENEDİ (TL) FONU (HİSSE SENEDİ YOĞUN FON),14.08.2026,"5,974492",27491212.00,2086,"164246023,46"
NIG,TRIVE PORTFÖY SERBEST FON,14.08.2026,"1,230948",473323327.00,16,"582636478,90"
NIS,NEO PORTFÖY İSTATİSTİKSEL ARBİTRAJ SERBEST FON,14.08.2026,"1,719596",892567410.00,37,"1534855673,74"
NJF,NUROL PORTFÖY ALTIN KATILIM FONU,14.08.2026,"12,572365",90856977.00,1768,"1142287106,73"
NJG,NUROL PORTFÖY BİRİNCİ SERBEST FON,14.08.2026,"3,045525",1064914900.00,15,"3243225116,40"
NJR,NUROL PORTFÖY BİRİNCİ BORÇLANMA ARAÇLARI FONU,14.08.2026,"5,781901",303375828.00,2521,"1754089146,12"
NJY,NUROL PORTFÖY BİRİNCİ KATILIM FONU,14.08.2026,"7,462615",43299975.00,1403,"323131028,17"
NKA,NEO PORTFÖY KATILIM SERBEST (DÖVİZ) FON,14.08.2026,"49,307331",2655543.00,16,"130937737,92"
NKC,NEO PORTFÖY İKİNCİ HİSSE SENEDİ FONU (HİSSE SENEDİ YOĞUN FON),14.08.2026,"1,2301",302550112.00,1135,"372166767,71"
NKH,NEO PORTFÖY İKİNCİ HİSSE SENEDİ SERBEST FON (HİSSE SENEDİ YOĞUN FON),14.08.2026,"1,682341",92857785.00,12,"156218495,03"
NKJ,ATA PORTFÖY GIG SİGORTA SERBEST (TL) ÖZEL FON,14.08.2026,"15,308221",102638440.00,1,"1571211871,62"
NKK,ATA PORTFÖY YÖNETİMİ A.Ş. SEKİZİNCİ SERBEST FON,14.08.2026,"8,000107",188312373.00,12,"1506519149,69"
NKL,AKTİF PORTFÖY KISA VADELİ SERBEST (TL) FON,14.08.2026,"3,520429",4318003171.00,2254,"15201221429,38"
NKM,NEO PORTFÖY KATILIM HİSSE SENEDİ FONU (HİSSE SENEDİ YOĞUN FON),14.08.2026,"1,011554",52292752.00,476,"52896956,43"
NKP,NEO PORTFÖY KAR PAYI ÖDEYEN DEĞİŞKEN FON,14.08.2026,"1,163023",161317904.00,3387,"187616437,58"
NKS,NUROL PORTFÖY GRANADA SERBEST (TL) FON,14.08.2026,"1,869586",13500100.00,11,"25239603,61"
NKT,NUROL PORTFÖY BİRİNCİ KATILIM HİSSE SENEDİ FONU (HİSSE SENEDİ YOĞUN FON),14.08.2026,"1,499692",44058877.00,474,"66074738,59"
NKV,KUVEYT TÜRK PORTFÖY NKV KATILIM SERBEST ÖZEL FON,14.08.2026,"2,29741",6866499553.00,1,"15775166923,50"
NLC,TEB PORTFÖY ONALTINCI SERBEST (DÖVİZ) FON,14.08.2026,"50,670815",3559908.00,19,"180383440,26"
NLD,AZİMUT PORTFÖY NL-2 SERBEST (DÖVİZ) ÖZEL FON,14.08.2026,"54,143708",26199933.00,1,"1418561520,84"
NLE,NUROL PORTFÖY EMLAK SEKTÖRÜ HİSSE SENEDİ FONU (HİSSE SENEDİ YOĞUN FON),14.08.2026,"1,561421",232443113.00,9624,"362941595,58"
NLK,NUROL PORTFÖY KISA VADELİ SERBEST FON,14.08.2026,"1,871175",2463137142.00,1033,"4608960022,14"
NLL,GLOBAL MD PORTFÖY NİL SERBEST FON,14.08.2026,"5,33224",405852626.00,24,"2164103470,01"
NME,NUROL PORTFÖY MERCAN KATILIM SERBEST (DÖVİZ) FON,14.08.2026,"57,207229",1095388.00,54,"62664111,86"
NMG,NEO PORTFÖY İKİNCİ SERBEST FON,14.08.2026,"134,167538",22953319.00,12,"3079590308,42"
NMP,AK PORTFÖY NEMA PARA PİYASASI (TL) FONU,14.08.2026,"1,008652",1179788255.00,3408,"1189996118,82"
NMU,NUROL PORTFÖY MUTLAK GETİRİ HEDEFLİ HİSSE SENEDİ SERBEST FON (HİSSE SENEDİ YOĞUN FON),14.08.2026,"1,249708",754199579.00,431,"942529282,21"
NNF,HEDEF PORTFÖY BİRİNCİ HİSSE SENEDİ (TL) FONU (HİSSE SENEDİ YOĞUN FON),14.08.2026,"22,990255",96275632.00,18735,"2213401291,58"
NOA,NEO PORTFÖY ALFA SERBEST FON,14.08.2026,"1,389134",380623067.00,11,"528736615,01"
NOI,TACİRLER PORTFÖY NOVA İSTATİSTİKSEL ARBİTRAJ SERBEST FON,14.08.2026,"1,455435",734938635.00,14,"1069655688,13"
NOV,AZİMUT PORTFÖY INOVA AGRO HİSSE SENEDİ SERBEST ÖZEL FON (HİSSE SENEDİ YOĞUN FON),14.08.2026,"51,444194",14121929.00,1,"726491251,97"
NP1,NEO PORTFÖY YASEMİN SERBEST FON,14.08.2026,"5,127887",291932511.00,158,"1496996921,38"
NPH,NUROL PORTFÖY BİRİNCİ HİSSE SENEDİ FONU (HİSSE SENEDİ YOĞUN FON),14.08.2026,"1,542977",139396921.00,774,"215086181,18"
NPK,NEO PORTFÖY İPEKYOLU SERBEST ÖZEL FON,14.08.2026,"1,578229",592973692.00,1,"935848224,87"
NRC,NEO PORTFÖY BİRİNCİ DEĞİŞKEN FON,14.08.2026,"11,481024",20748361.00,3672,"238212429,21"
NRG,NEO PORTFÖY BİRİNCİ PARA PİYASASI FONU,14.08.2026,"5,533466",1421148395.00,3408,"7863876781,85"
NRM,NEO PORTFÖY İKİNCİ SERBEST (DÖVİZ) FON,14.08.2026,"154,372315",2588867.00,11,"399649391,94"
NSA,NEO PORTFÖY PARA PİYASASI KATILIM SERBEST FON,14.08.2026,"2,532769",389671733.00,356,"986948363,33"
NSD,NUROL PORTFÖY DÖRDÜNCÜ SERBEST (DÖVİZ) FON,14.08.2026,"65,009931",214576595.00,177,"13949609529,35"
NSH,NUROL PORTFÖY İSTATİSTİKSEL ARBİTRAJ HİSSE SENEDİ SERBEST FON (HİSSE SENEDİ YOĞUN FON),14.08.2026,"2,188024",927738706.00,1294,"2029914190,89"
NSK,NEO PORTFÖY BİRİNCİ SERBEST FON,14.08.2026,"6,681032",58902771.00,87,"393531270,15"
NSP,NUROL PORTFÖY PARA PİYASASI KATILIM FONU,14.08.2026,"1,831389",757131776.00,2780,"1386603134,61"
NSS,NUROL PORTFÖY SONENBERG KAR PAYI ÖDEYEN SERBEST (DÖVİZ) ÖZEL FON,14.08.2026,"65,158843",16965870.00,1,"1105476466,84"
NST,İŞ PORTFÖY EMLAK SEKTÖRÜ HİSSE SENEDİ FONU (HİSSE SENEDİ YOĞUN FON),14.08.2026,"1,178641",47513523.00,3415,"56001380,59"
NSY,NEO PORTFÖY YEDİNCİ SERBEST FON,14.08.2026,"1,407691",838274261.00,63,"1180031350,65"
NTB,AZİMUT PORTFÖY AVŞAR HİSSE SENEDİ SERBEST FON (HİSSE SENEDİ YOĞUN FON),14.08.2026,"5,627205",550964241.00,1,"3100389002,80"
NTD,ÜNLÜ PORTFÖY UFT HİSSE SENEDİ SERBEST ÖZEL FON (HİSSE SENEDİ YOĞUN FON),14.08.2026,"0,371674",1355423321.00,1,"503775422,05"
NTF,NEO PORTFÖY TEK SERBEST (TL) FON,14.08.2026,"3,11685",82061773.00,11,"255774198,37"
NTI,NEO PORTFÖY TEKNOLOJİ VE İNOVASYON DEĞİŞKEN FON,14.08.2026,"1,632554",225217639.00,1711,"367679922,66"
NTO,NUROL PORTFÖY TRADA SERBEST (DÖVİZ) ÖZEL FON,14.08.2026,"66,105007",54144466.00,1,"3579220284,65"
NTS,NUROL PORTFÖY İKİNCİ SERBEST FON,14.08.2026,"3,066255",73665955.00,33,"225878591,18"
NUB,NUROL PORTFÖY BEŞİNCİ SERBEST (DÖVİZ) FON,14.08.2026,"59,43965",36992174.00,912,"2198801869,23"
NUG,NUROL PORTFÖY ALTINCI SERBEST (DÖVİZ) FON,14.08.2026,"49,028862",486278.00,11,"23841656,99"
NUH,NEO PORTFÖY ÜÇÜNCÜ HİSSE SENEDİ FONU (HİSSE SENEDİ YOĞUN FON),14.08.2026,"1,364153",160225566.00,1180,"218572121,71"
NVB,NEO PORTFÖY İKİNCİ PARA PİYASASI (TL) FON,14.08.2026,"4,789236",1420256563.00,4759,"6801943939,35"
NVC,NEO PORTFÖY VENTO SERBEST FON,14.08.2026,"3,736288",25603134.00,89,"95660684,52"
NVK,INVEO PORTFÖY KATILIM SERBEST (DÖVİZ) FON,14.08.2026,"46,448938",2212664.00,20,"102775892,39"
NVP,NUROL PORTFÖY İKİNCİ SERBEST (DÖVİZ) ÖZEL FON,14.08.2026,"68,06711",896094.00,1,"60994528,73"
NVT,NEO PORTFÖY ÜÇÜNCÜ SERBEST (TL) FON,14.08.2026,"4,622413",92711886.00,48,"428552658,19"
NVZ,NEO PORTFÖY ORSA SERBEST (DÖVİZ) FON,14.08.2026,"57,603261",8844300.00,338,"509460520,90"
NYH,NUROL PORTFÖY İAU SERBEST (DÖVİZ) ÖZEL FON,14.08.2026,"62,142093",17189834.00,1,"1068212259,37"
NZH,NEO PORTFÖY İKİNCİ DEĞİŞKEN FON,14.08.2026,"3,507292",159365747.00,297,"558942242,49"
NZT,NEO PORTFÖY PARA PİYASASI SERBEST FON,14.08.2026,"6,021679",1518727482.00,422,"9145288805,80"
NZU,NUROL PORTFÖY ZÜMRÜT KATILIM SERBEST (DÖVİZ) FON,14.08.2026,"50,779065",974279.00,34,"49472976,82"
OAB,QNB PORTFÖY AYDOĞAN SERBEST (DÖVİZ) ÖZEL FON,14.08.2026,"75,836424",8694657.00,3,"659371698,64"
OAO,TEB PORTFÖY ODEABANK AYRICALIKLI VE ÖZEL BANKACILIK DEĞİŞKEN ÖZEL FON,14.08.2026,"1,002633",24973451.00,38,"25039207,42"
OBI,OYAK PORTFÖY İKİNCİ BORÇLANMA ARAÇLARI (TL) FONU,14.08.2026,"3,132247",99753624.00,470,"312453031,07"
OBN,AK PORTFÖY ONBEŞİNCİ SERBEST (DÖVİZ) FON,14.08.2026,"57,951039",4711354.00,242,"273027859,69"
OBP,OYAK PORTFÖY İKİNCİ DEĞİŞKEN FON,14.08.2026,"0,204033",188687519.00,819,"38498460,67"
OBR,AK PORTFÖY ONBİRİNCİ SERBEST (DÖVİZ) FON,14.08.2026,"53,750675",859378254.00,10626,"46192161383,18"
OCM,QNB PORTFÖY SM SERBEST (DÖVİZ) ÖZEL FON,14.08.2026,"68,802929",7313165.00,2,"503167172,24"
OCN,QNB PORTFÖY SEFA SERBEST (DÖVİZ) ÖZEL FON,14.08.2026,"50,242999",2340705.00,4,"117604039,21"
OCT,QNB PORTFÖY DENİZ YILDIZI SERBEST (DÖVİZ) ÖZEL FON,14.08.2026,"72,384148",6216634.00,5,"449985754,50"
ODD,OYAK PORTFÖY DÖRDÜNCÜ SERBEST FON,14.08.2026,"10,903575",42625854.00,30,"464774203,67"
ODG,ONE PORTFÖY İKİNCİ DEĞİŞKEN FON,14.08.2026,"1,161657",59362564.00,39,"68958931,92"
ODN,AK PORTFÖY ONDÖRDÜNCÜ SERBEST (DÖVİZ) FON,14.08.2026,"57,727094",480609418.00,3447,"27744184848,84"
ODP,OSMANLI PORTFÖY BİRİNCİ SERBEST FON,14.08.2026,"7,282392",42052909.00,151,"306245757,14"
ODS,OYAK PORTFÖY İKİNCİ SERBEST(DÖVİZ) FON,14.08.2026,"69,34341",1661437.00,110,"115209707,14"
ODV,AK PORTFÖY ÜÇÜNCÜ FON SEPETİ FONU,14.08.2026,"19,57781",84063462.00,3875,"1645778504,49"
OFA,OYAK PORTFÖY TÜRKİYE FİNANS KATILIM SERBEST (DÖVİZ-AVRO) FON,14.08.2026,"56,923766",4358461.00,129,"248100015,63"
OFB,OYAK PORTFÖY İSTATİSTİKSEL ARBİTRAJ SERBEST (TL) FON,14.08.2026,"11,270551",88897469.00,13,"1001923431,81"
OFI,OYAK PORTFÖY İKİNCİ FON SEPETİ FONU,14.08.2026,"4,020715",38710549.00,600,"155644066,86"
OFK,OYAK PORTFÖY TÜRKİYE FİNANS KATILIM SERBEST (DÖVİZ-ABD DOLARI) FON,14.08.2026,"51,770424",20128718.00,265,"1042072259,15"
OFO,QNB PORTFÖY JKDK SERBEST (DÖVİZ) ÖZEL FON,14.08.2026,"68,051025",31413804.00,1,"2137741561,35"
OFS,OYAK PORTFÖY BİRİNCİ FON SEPETİ FONU,14.08.2026,"8,142572",22658222.00,433,"184496199,39"
OGD,OYAK PORTFÖY ALTIN KATILIM FONU,14.08.2026,"11,612399",67325190.00,3138,"781806963,80"
OGF,OYAK PORTFÖY OYAK ÜYELERI İLE ÇALIŞANLARıNA YÖNELİK BORÇLANMA ARAÇLARI ÖZEL FONU,14.08.2026,"9,365615",14286867.00,430,"133805292,06"
OGV,QNB PORTFÖY HUNA SERBEST (DÖVİZ) ÖZEL FON,14.08.2026,"71,558692",3942995.00,1,"282155565,64"
OHB,OYAK PORTFÖY BİRİNCİ HİSSE SENEDİ (TL) FONU (HİSSE SENEDİ YOĞUN FON),14.08.2026,"23,521724",59036412.00,1060,"1388638162,27"
OHI,PARDUS PORTFÖY ONUNCU HİSSE SENEDİ SERBEST (TL) FON (HİSSE SENEDİ YOĞUN FON),14.08.2026,"0,092306",14713864339.00,44,"1358171924,28"
OHK,OYAK PORTFÖY KATILIM HİSSE SENEDİ (TL) FONU (HİSSE SENEDİ YOĞUN FON),14.08.2026,"2,819358",9670527.00,1179,"27264678,29"
OIL,OSMANLI PORTFÖY ALTIN FON SEPETİ FONU,14.08.2026,"3,889037",11175169.00,652,"43460641,77"
OIR,OSMANLI PORTFÖY DENGELİ FON SEPETİ FONU,14.08.2026,"5,049407",3755490.00,228,"18962996,41"
OIS,ASTRA PORTFÖY İKİNCİ SERBEST ÖZEL FON,14.08.2026,"3,387135",190643928.00,2,"645736786,75"
OJB,QNB PORTFÖY BEŞİNCİ SERBEST (DÖVİZ) FON,14.08.2026,"53,076917",507865661.00,6789,"26955943534,83"
OJH,ASTRA PORTFÖY BİRİNCİ HİSSE SENEDİ SERBEST FON (HİSSE SENEDİ YOĞUN FON),14.08.2026,"9,512947",2375669.00,27,"22599614,08"
OJK,QNB PORTFÖY ALTIN FONU,14.08.2026,"13,380257",3470102901.00,27825,"46430869085,92"
OJT,QNB PORTFÖY TEKNOLOJİ FON SEPETİ FONU,14.08.2026,"13,209698",367262652.00,11189,"4851428715,09"
OJU,QNB PORTFÖY UFUK SERBEST (DÖVİZ) ÖZEL FON,14.08.2026,"68,510652",805462.00,2,"55182726,94"
OJY,QNB PORTFÖY YALÇIN SERBEST (DÖVİZ) ÖZEL FON,14.08.2026,"71,972617",34418480.00,6,"2477188094,07"
OKD,OYAK PORTFÖY BİRİNCİ DEĞİŞKEN FON,14.08.2026,"0,602703",143283006.00,986,"86357101,48"
OKF,OYAK PORTFÖY KAR PAYI ÖDEYEN BİRİNCİ SERBEST (TL) FON,14.08.2026,"4,689408",1772974341.00,12,"8314199289,84"
OKP,OYAK PORTFÖY BİRİNCİ KISA VADELİ BORÇLANMA ARAÇLARI (TL) FONU,14.08.2026,"6,417861",14402979.00,427,"92436310,05"
OKT,OYAK PORTFÖY BİRİNCİ BORÇLANMA ARAÇLARI FONU,14.08.2026,"0,162389",708555936.00,857,"115061510,71"
OLA,OSMANLI PORTFÖY İKİNCİ SERBEST (DÖVİZ- AVRO) FON,14.08.2026,"53,150269",382593.99,30,"20334973,47"
OLD,QNB PORTFÖY TEMİZ ENERJİ VE SU FON SEPETİ FONU,14.08.2026,"3,240334",46492802.00,5617,"150652193,29"
OLE,OSMANLI PORTFÖY BİRİNCİ FON SEPETİ FONU,14.08.2026,"5,0334",65928470.00,510,"331844368,84"
OMB,ASTRA PORTFÖY MAB SERBEST (DÖVİZ) ÖZEL FON,14.08.2026,"63,871413",3513883.00,3,"224436672,89"
OMC,QNB PORTFÖY ORKİDE SERBEST (DÖVİZ) ÖZEL FON,14.08.2026,"71,862879",5659003.00,2,"406672249,79"
OME,PARDUS PORTFÖY EVREN SERBEST FON,14.08.2026,"24,335778",3376422.00,68,"82167857,10"
OMG,AZİMUT PORTFÖY İKİNCİ HİSSE SENEDİ FONU (HİSSE SENEDİ YOĞUN FON),14.08.2026,"1,823829",719357536.00,727,"1311985151,64"
ONB,TEB PORTFÖY ALTERNATİF BANK SERBEST (DÖVİZ) ÖZEL FON,14.08.2026,"52,240552",108371117.00,588,"5661366933,87"
OND,QNB PORTFÖY KAR PAYI ÖDEYEN ONBİRİNCİ SERBEST (DÖVİZ) FON,14.08.2026,"47,860409",72620000.01,627,"3475622905,59"
ONE,AKTİF PORTFÖY BİRİNCİ HİSSE SENEDİ SERBEST (TL) FON (HİSSE SENEDİ YOĞUN FON),14.08.2026,"1,466664",22016224.48,680,"32290393,15"
ONF,AK PORTFÖY ONALTINCI SERBEST (DÖVİZ-POUND) FON,14.08.2026,"65,649717",47801333.00,825,"3138143990,61"
ONK,AK PORTFÖY ONİKİNCİ SERBEST (DÖVİZ-AVRO) FON,14.08.2026,"59,681188",1689268726.00,22271,"100817564163,39"
ONN,AKTİF PORTFÖY AKTİF ONİKS SERBEST (TL) FON,14.08.2026,"6,384657",202288126.00,579,"1291540372,34"
ONS,İŞ PORTFÖY ONİKİNCİ SERBEST (DÖVİZ) FON,14.08.2026,"53,925954",2943434694.00,23472,"158727523667,71"
ONT,TEB PORTFÖY ONDÖRDÜNCÜ SERBEST (DÖVİZ) FON,14.08.2026,"52,640944",91411125.00,374,"4811967945,01"
ONY,TEB PORTFÖY ONYEDİNCİ SERBEST (DÖVİZ-POUND) FON,14.08.2026,"66,105997",35616263.00,741,"2354448585,06"
OPB,OSMANLI PORTFÖY BİRİNCİ DEĞİŞKEN FON,14.08.2026,"13,446974",3691717.00,414,"49642420,78"
OPD,OSMANLI PORTFÖY ANKA SERBEST FON,14.08.2026,"8,470537",7946103.00,20,"67307758,93"
OPF,OSMANLI PORTFÖY AGRESİF DEĞİŞKEN FON,14.08.2026,"3,257022",136894430.00,1067,"445868184,75"
OPH,OSMANLI PORTFÖY BİRİNCİ HİSSE SENEDİ FONU(HİSSE SENEDİ YOĞUN FON),14.08.2026,"25,817148",35532476.00,2516,"917347195,31"
OPI,OSMANLI PORTFÖY KAR PAYI ÖDEYEN HİSSE SENEDİ (TL) FONU (HİSSE SENEDİ YOĞUN FON),14.08.2026,"22,534637",9650511.00,1552,"217470762,55"
OPJ,QNB PORTFÖY QNB PARA PİYASASI (TL) FONU,14.08.2026,"1,671498",679803494.00,2250,"1136290339,66"
OPL,OSMANLI PORTFÖY İKİNCİ DEĞİŞKEN FON,14.08.2026,"9,584907",3865858.00,511,"37053889,69"
OPZ,AK PORTFÖY ÖPY ALTINCI SERBEST ÖZEL FON,14.08.2026,"5,698651",125156982.00,1,"713225901,30"
ORC,ASTRA PORTFÖY ALFA SERBEST FON,14.08.2026,"1,515913",807855222.00,51,"1224638038,81"
ORI,AZİMUT PORTFÖY ORGANİK SERBEST (DÖVİZ) ÖZEL FON,14.08.2026,"60,714283",27722894.00,5,"1683175638,11"
OSD,OSMANLI PORTFÖY ÖZEL SEKTÖR BORÇLANMA ARAÇLARI FONU,14.08.2026,"14,134153",43088441.00,871,"609018613,74"
OSF,NEO PORTFÖY BALKAN SERBEST FON,14.08.2026,"110,272474",43220160.00,17,"4765993969,30"
OSH,OSMANLI PORTFÖY MİNERVA SERBEST FON,14.08.2026,"0,570185",112798247.00,17,"64315878,20"
OSL,OSMANLI PORTFÖY KISA VADELİ BORÇLANMA ARAÇLARI (TL) FONU,14.08.2026,"0,15473",9357402159.00,4172,"1447872238,20"
OSN,AK PORTFÖY ONUNCU SERBEST FON,14.08.2026,"1,542663",22419759.00,104,"34586140,97"
OTE,QNB PORTFÖY TAYMER SERBEST (DÖVİZ) ÖZEL FON,14.08.2026,"66,256633",2914766.00,2,"193122581,89"
OTF,OYAK PORTFÖY TÜRKİYE FİNANS KISA VADELİ KİRA SERTİFİKASI KATILIM (TL) FONU,14.08.2026,"6,874708",87690800.00,1877,"602848662,91"
OTJ,OYAK PORTFÖY KIYMETLİ MADENLER KATILIM FON SEPETİ FONU,14.08.2026,"7,103068",458540197.00,22667,"3257042378,86"
OTK,OYAK PORTFÖY BİRİNCİ KATILIM SERBEST FON,14.08.2026,"8,345481",581715.00,62,"4854691,29"
OTM,AZİMUT PORTFÖY OTOMOTİV SEKTÖRÜ DEĞİŞKEN FON,14.08.2026,"1,284225",10510412.00,95,"13497735,19"
OTZ,QNB PORTFÖY TANER SERBEST (DÖVİZ) ÖZEL FON,14.08.2026,"69,841316",4472207.00,4,"312344822,53"
OUB,OSMANLI PORTFÖY ÜÇÜNCÜ SERBEST (TL) FON,14.08.2026,"7,062819",124960731.00,14,"882575006,27"
OUD,OSMANLI PORTFÖY ATLANTİK SERBEST (DÖVİZ) FON,14.08.2026,"66,66926",2209398.00,121,"147298929,08"
OUN,AK PORTFÖY ONÜÇÜNCÜ SERBEST (DÖVİZ) FON,14.08.2026,"53,780311",4317850.00,318,"232215314,76"
OUR,OSMANLI PORTFÖY PASİFİK SERBEST (DÖVİZ) FON,14.08.2026,"83,706414",375508.00,11,"31432428,24"
OUY,ASTRA PORTFÖY BİRİNCİ SERBEST (DÖVİZ) ÖZEL FON,14.08.2026,"65,380032",25452185.00,2,"1664064658,68"
OVD,QNB PORTFÖY EMTİA FON SEPETİ FONU,14.08.2026,"3,358433",211995016.00,3022,"711971126,19"
OVR,QNB PORTFÖY FAGİ SERBEST (DÖVİZ) ÖZEL FON,14.08.2026,"68,274651",7132953.00,1,"486999875,43"
OYL,OYAK PORTFÖY BİRİNCİ PARA PİYASASI (TL) FONU,14.08.2026,"0,160599",21881987791.00,8175,"3514225885,09"
OYS,OYAK PORTFÖY ÜÇÜNCÜ SERBEST (TL) FON,14.08.2026,"9,824065",1635513894.00,11,"16067395608,11"
OYT,OYAK PORTFÖY BİRİNCİ SERBEST FON,14.08.2026,"0,136826",11772539064.00,65,"1610790277,87"
OZC,ASTRA PORTFÖY BİRİNCİ HİSSE SENEDİ SERBEST ÖZEL FON (HİSSE SENEDİ YOĞUN FON),14.08.2026,"2,884899",385488835.00,1,"1112096421,12"
P1A,A1 CAPİTAL PORTFÖY PARA PİYASASI (TL) SERBEST FON,14.08.2026,"1,517621",354617919.00,356,"538175559,02"
PA2,PUSULA PORTFÖY ALTIN KATILIM FONU,14.08.2026,"1,094732",31394059.00,359,"34368070,50"
PAB,A1 CAPİTAL PORTFÖY PARA PİYASASI (TL) FONU,14.08.2026,"1,399384",86959412.00,639,"121689588,16"
PAC,AZİMUT PORTFÖY AC HİSSE SENEDİ SERBEST ÖZEL FON (HİSSE SENEDİ YOĞUN FON),14.08.2026,"3,085981",256267233.00,1,"790835855,53"
PAF,PARDUS PORTFÖY ALTIN FONU,14.08.2026,"3,549091",82742217.00,3355,"293659669,77"
PAI,AK PORTFÖY ING ÖZEL BANKACILIK VE PLATINUM MUTLAK GETİRİ HEDEFLİ DEĞİŞKEN ÖZEL FON,14.08.2026,"6,345885",67380045.00,519,"427586019,93"
PAL,AK PORTFÖY ALTINCI SERBEST(DÖVİZ) FON,14.08.2026,"56,810847",2763457093.00,31861,"156994337093,54"
PAO,PARDUS PORTFÖY ANADOLU HİSSE SENEDİ SERBEST FON (HİSSE SENEDİ YOĞUN FON),14.08.2026,"1,112011",23329213.00,244,"25942337,14"
PAU,GARANTİ PORTFÖY SERBEST (DÖVİZ-POUND) FON,14.08.2026,"67,466054",164968336.00,3838,"11129762722,25"
PBE,PUSULA PORTFÖY BATI SERBEST FON,14.08.2026,"6,005264",9247213.00,11,"55531953,16"
PBF,PHİLLİP PORTFÖY BİRİNCİ SERBEST ÖZEL FON,14.08.2026,"1,591984",954233191.00,2,"1519123612,38"
PBH,PUSULA PORTFÖY BİRİNCİ HİSSE SENEDİ SERBEST (TL) FON (HİSSE SENEDİ YOĞUN FON),14.08.2026,"1,358078",2398364628.00,12,"3257165902,78"
PBI,PARDUS PORTFÖY BİRİNCİ FON SEPETİ FONU,14.08.2026,"2,299421",49510853.00,620,"113846294,99"
PBK,ASTRA PORTFÖY BİRİNCİ KATILIM SERBEST (DÖVİZ) FON,14.08.2026,"58,022023",1847328.00,117,"107185708,36"
PBN,PİRAMİT PORTFÖY BİRİNCİ HİSSE SENEDİ SERBEST FON (HİSSE SENEDİ YOĞUN FON),14.08.2026,"1,539526",312504825.00,808,"481109319,45"
PBR,PUSULA PORTFÖY BİRİNCİ DEĞİŞKEN FON,14.08.2026,"5,435587",3319697904.00,62222,"18044506673,81"
PBS,AZİMUT PORTFÖY BOĞAZİÇİ SERBEST (DÖVİZ) FON,14.08.2026,"69,298255",5658894.00,22,"392151481,47"
PBY,PARDUS PORTFÖY BIST 100 DIŞI ŞİRKETLER HİSSE SENEDİ SERBEST (TL) FON (HİSSE SENEDİ YOĞUN FON),14.08.2026,"1,627203",134217214.00,55,"218398674,75"
PCE,PARDUS PORTFÖY İNCİ SERBEST FON,14.08.2026,"1,284676",79623554.00,156,"102290470,74"
PCH,PARDUS PORTFÖY CAPİTAL HİSSE SENEDİ SERBEST FON (HİSSE SENEDİ YOĞUN FON),14.08.2026,"4,068683",226627712.00,57,"922076206,62"
PCN,PERFORM PORTFÖY ÜÇÜNCÜ SERBEST (DÖVİZ)  FON,14.08.2026,"65,461453",8605496.00,12,"563328270,03"
PCS,PUSULA PORTFÖY ÜÇÜNCÜ HİSSE SENEDİ SERBEST FON (HİSSE SENEDİ YOĞUN FON),14.08.2026,"8,316112",11606061800.00,30,"96517307348,34"
PDC,PUSULA PORTFÖY DÖRDÜNCÜ HİSSE SENEDİ SERBEST (TL) FON (HİSSE SENEDİ YOĞUN FON),14.08.2026,"0,315166",1083898739.00,13,"341608412,69"
PDD,ASTRA PORTFÖY KATILIM FONU,14.08.2026,"5,915464",145092862.00,174,"858291669,79"
PDE,PUSULA PORTFÖY DENGE KATILIM SERBEST FON,14.08.2026,"1,586005",9733642462.00,14,"15437603217,45"
PDF,ASTRA PORTFÖY BİRİNCİ SERBEST (DÖVİZ) FON,14.08.2026,"60,269267",7892626.00,59,"475682785,81"
PDG,PUSULA PORTFÖY DOĞU HİSSE SENEDİ SERBEST (TL) FON (HİSSE SENEDİ YOĞUN FON),14.08.2026,"0,6089",1173591734.00,11,"714599858,79"
PDH,PARDUS PORTFÖY DOĞU HİSSE SENEDİ SERBEST FON (HİSSE SENEDİ YOĞUN FON),14.08.2026,"20,828644",279083833.00,79,"5812937724,20"
PDR,PHİLLİP PORTFÖY SÜRDÜRÜLEBİLİRLİK SERBEST ÖZEL FON,14.08.2026,"1,016122",2249115622.00,2,"2285375962,27"
PDS,PARDUS PORTFÖY DÖRDÜNCÜ SERBEST FON,14.08.2026,"0,479052",270090632.00,41,"129387565,38"
PEA,PERFORM PORTFÖY ALTIN FONU,14.08.2026,"1,463842",47240818.00,100,"69153095,69"
PFO,PHİLLİP PORTFÖY FON SEPETİ FONU,14.08.2026,"2,303379",32143237.00,285,"74038072,09"
PFS,ATLAS PORTFÖY FON SEPETİ FONU,14.08.2026,"2,982005",5228662.00,89,"15591895,07"
PGD,ASTRA PORTFÖY AGRESİF DEĞİŞKEN FON,14.08.2026,"1,769624",114437235.00,161,"202510836,66"
PGE,PARDUS PORTFÖY GÜNEY HİSSE SENEDİ SERBEST FON (HİSSE SENEDİ YOĞUN FON),14.08.2026,"24,877046",403828398.00,45,"10046057604,61"
PGH,PUSULA PORTFÖY GÜNEY HİSSE SENEDİ SERBEST (TL) FON (HİSSE SENEDİ YOĞUN FON),14.08.2026,"13,210173",1310913157.00,12,"17317388953,18"
PGS,AZİMUT PORTFÖY PAY GERİ ALIMI YAPAN ŞİRKETLER HİSSE SENEDİ FONU (HİSSE SENEDİ YOĞUN FON),14.08.2026,"1,277164",131690841.00,441,"168190813,32"
PHB,PUSULA PORTFÖY BEŞİNCİ HİSSE SENEDİ SERBEST (TL) FON (HİSSE SENEDİ YOĞUN FON),14.08.2026,"1,832884",5884495352.00,14,"10785594785,23"
PHE,PUSULA PORTFÖY HİSSE SENEDİ FONU (HİSSE SENEDİ YOĞUN FON),14.08.2026,"3,987364",10137608522.00,127409,"40422335951,66"
PHF,PİRAMİT PORTFÖY BİST 50 DIŞI ŞİRKETLER HİSSE SENEDİ SERBEST FON (HİSSE SENEDİ YOĞUN FON),14.08.2026,"0,945871",294016510.00,12,"278101758,39"
PHI,PİRAMİT PORTFÖY HİSSE SENEDİ FONU (HİSSE SENEDİ YOĞUN FON),14.08.2026,"1,576166",46701947.00,126,"73610022,68"
PHK,PHİLLİP PORTFÖY KATILIM HİSSE SENEDİ FONU (HİSSE SENEDİ YOĞUN FON),14.08.2026,"1,560717",52523445.00,248,"81974258,57"
PHN,PUSULA PORTFÖY İKİNCİ HİSSE SENEDİ SERBEST FON (HİSSE SENEDİ YOĞUN FON),14.08.2026,"966,66807",9250903.00,16,"8942552551,67"
PHS,PERFORM PORTFÖY İKİNCİ HİSSE SENEDİ SERBEST FON (HİSSE SENEDİ YOĞUN FON),14.08.2026,"4,407166",41718989.00,16,"183862511,26"
PHY,PARDUS PORTFÖY BATI HİSSE SENEDİ SERBEST FON (HİSSE SENEDİ YOĞUN FON),14.08.2026,"4,803558",129821974.00,45,"623607428,39"
PID,PİRAMİT PORTFÖY DEĞİŞKEN FON,14.08.2026,"1,87427",29066306.00,114,"54478107,49"
PIL,ROTA PORTFÖY PİL TEKNOLOJİLERİ VE ENERJİ FON SEPETİ FONU,14.08.2026,"4,009243",126588423.00,7796,"507523780,66"
PIP,GARANTİ PORTFÖY İKİNCİ PARA PİYASASI SERBEST (TL) FON,14.08.2026,"1,671179",18005734190.00,398,"30090799926,63"
PIR,PİRAMİT PORTFÖY ALTIN FONU,14.08.2026,"1,675831",69044062.00,923,"115706191,00"
PIS,PARDUS PORTFÖY İKİNCİ KISA VADELİ SERBEST (TL) FON,14.08.2026,"1,447357",796821958.00,209,"1153285876,26"
PJL,PHİLLİP PORTFÖY PARA PİYASASI FONU,14.08.2026,"5,161744",226790944.00,2138,"1170636869,14"
PJP,PERFORM PORTFÖY BİRİNCİ SERBEST (DÖVİZ) FON,14.08.2026,"49,728991",8151483.00,15,"405365027,16"
PK1,AHLATCI PORTFÖY PARA PİYASASI KATILIM (TL) FONU,14.08.2026,"1,039478",8838442.00,117,"9187369,73"
PKD,PUSULA PORTFÖY İKİNCİ KATILIM HİSSE SENEDİ SERBEST FON (HİSSE SENEDİ YOĞUN FON),14.08.2026,"0,933808",20432827.00,98,"19080332,67"
PKF,ATA PORTFÖY ALTIN KATILIM FONU,14.08.2026,"4,702702",83531469.00,1554,"392823639,85"
PKH,DENİZ PORTFÖY POYRAZ KATILIM HİSSE SENEDİ SERBEST FON (HİSSE SENEDİ YOĞUN FON),14.08.2026,"0,930082",137764431.00,11,"128132238,72"
PKL,PUSULA PORTFÖY KATILIM SERBEST (TL) FON,14.08.2026,"2,477549",1510654146.00,13,"3742719109,02"
PKM,PUSULA PORTFÖY PARA PİYASASI KATILIM (TL) FONU,14.08.2026,"1,061168",449115231.00,514,"476586692,65"
PKN,PİRAMİT PORTFÖY İKİNCİ HİSSE SENEDİ SERBEST FON (HİSSE SENEDİ YOĞUN FON),14.08.2026,"2,58145",24323600.00,12,"62790159,55"
PKP,ATA PORTFÖY PARA PİYASASI KATILIM SERBEST FON,14.08.2026,"1,247798",326976576.00,97,"408000612,45"
PKR,ROTA PORTFÖY PARA PİYASASI KATILIM FONU,14.08.2026,"1,527107",366536232.00,218,"559740006,46"
PKT,YAPI KREDİ PORTFÖY PARA PİYASASI KATILIM SERBEST (TL) FON,14.08.2026,"1,582721",7774686643.00,1120,"12305162607,57"
PKU,PARDUS PORTFÖY KUZEY HİSSE SENEDİ SERBEST FON (HİSSE SENEDİ YOĞUN FON),14.08.2026,"14,626088",745479050.00,45,"10903442264,20"
PKV,PARDUS PORTFÖY KISA VADELİ SERBEST (TL) FON,14.08.2026,"2,040208",5969115441.00,3090,"12178235737,42"
PKZ,PUSULA PORTFÖY KUZEY HİSSE SENEDİ SERBEST (TL) FON (HİSSE SENEDİ YOĞUN FON),14.08.2026,"13,161849",4161197156.00,16,"54769046998,42"
PLA,YAPI KREDİ PORTFÖY PLAY FON SEPETİ ÖZEL FONU,14.08.2026,"1,265661",664630.00,113,"841196,14"
PLR,OSMANLI PORTFÖY PARA PİYASASI FONU,14.08.2026,"1,658646",543719232.00,894,"901837661,09"
PLS,DENİZ PORTFÖY LARA SERBEST (DÖVİZ) ÖZEL FON,14.08.2026,"26,714057",34834729.00,7,"930576921,37"
PMG,İŞ PORTFÖY MG HİSSE SENEDİ SERBEST ÖZEL FON (HİSSE SENEDİ YOĞUN FON),14.08.2026,"1,584034",874681642.00,1,"1385525360,95"
PMH,PARDUS PORTFÖY MARMARA HİSSE SENEDİ SERBEST FON (HİSSE SENEDİ YOĞUN FON),14.08.2026,"0,00959",3375437181.00,44,"32369806,97"
PMP,PARDUS PORTFÖY MODEL PORTFÖY HİSSE SENEDİ SERBEST FON (HİSSE SENEDİ YOĞUN FON),14.08.2026,"0,852357",21488726.00,440,"18316066,94"
PNU,PUSULA PORTFÖY İKİNCİ PARA PİYASASI (TL) FONU,14.08.2026,"1,223532",29446386156.00,22133,"36028606364,66"
PO7,PARDUS PORTFÖY ONYEDİNCİ HİSSE SENEDİ SERBEST FON (HİSSE SENEDİ YOĞUN FON),14.08.2026,"1,066729",2144500663.00,43,"2287601363,42"
PO8,PARDUS PORTFÖY ONSEKİZİNCİ HİSSE SENEDİ SERBEST FON (HİSSE SENEDİ YOĞUN FON),14.08.2026,"2,740405",114850411.00,49,"314736591,52"
PO9,PARDUS PORTFÖY ONDOKUZUNCU HİSSE SENEDİ SERBEST FON (HİSSE SENEDİ YOĞUN FON),14.08.2026,"0,786261",263563372.00,163,"207229510,36"
POB,PARDUS PORTFÖY ONBİRİNCİ HİSSE SENEDİ SERBEST (TL) FON (HİSSE SENEDİ YOĞUN FON),14.08.2026,"4,17475",1035033731.00,45,"4321007260,03"
POD,DENİZ PORTFÖY ONBEŞİNCİ SERBEST (DÖVİZ-POUND) FON,14.08.2026,"68,506",64749560.00,1406,"4435733327,79"
POF,PARDUS PORTFÖY ONALTINCI HİSSE SENEDİ SERBEST (TL) FON (HİSSE SENEDİ YOĞUN FON),14.08.2026,"2,707095",1058594654.00,45,"2865716276,43"
POH,PİRAMİT PORTFÖY ÖZGÜN HİSSE SENEDİ SERBEST ÖZEL FON (HİSSE SENEDİ YOĞUN FON),14.08.2026,"0,979954",1711421252.00,4,"1677114752,09"
POI,PARDUS PORTFÖY ONİKİNCİ HİSSE SENEDİ SERBEST (TL) FON (HİSSE SENEDİ YOĞUN FON),14.08.2026,"0,06186",4556187582.00,42,"281846916,30"
POS,PARDUS PORTFÖY ONBEŞİNCİ HİSSE SENEDİ SERBEST (TL) FON (HİSSE SENEDİ YOĞUN FON),14.08.2026,"1,2124",76019937.00,513,"92166603,53"
POU,PARDUS PORTFÖY ONÜÇÜNCÜ HİSSE SENEDİ SERBEST (TL) FON (HİSSE SENEDİ YOĞUN FON),14.08.2026,"2,557905",2743929803.00,72,"7018711000,28"
PP1,PARDUS PORTFÖY BİRİNCİ KATILIM FONU,14.08.2026,"1,659906",20279296.00,267,"33661730,40"
PPB,PHİLLİP PORTFÖY BİRİNCİ HİSSE SENEDİ FONU (HİSSE SENEDİ YOĞUN FON),14.08.2026,"10,059066",37829366.00,1555,"380528081,99"
PPD,PERFORM PORTFÖY HİSSE SENEDİ SERBEST FON (HİSSE SENEDİ YOĞUN FON),14.08.2026,"34,299992",65293282.00,108,"2239559053,87"
PPE,PHİLLİP PORTFÖY SERBEST (DÖVİZ) FON,14.08.2026,"62,685287",11971894.00,67,"750461610,02"
PPF,AZİMUT PORTFÖY AKÇE SERBEST FON,14.08.2026,"5,130064",106984833.00,22,"548839020,92"
PPG,ALBARAKA PORTFÖY PARA PİYASASI KATILIM FONU,14.08.2026,"1,444348",1718679454.00,1685,"2482371202,67"
PPH,PARDUS PORTFÖY BIST 100 DIŞI ŞİRKETLER HİSSE SENEDİ (TL) FONU (HİSSE SENEDİ YOĞUN FON),14.08.2026,"1,659627",40617678.00,2566,"67410199,84"
PPI,YAPI KREDİ PORTFÖY ÜÇÜNCÜ PARA PİYASASI (TL) FONU,14.08.2026,"2,266183",3202909269.00,2790,"7258378938,12"
PPJ,AK PORTFÖY İKİNCİ PARA PİYASASI SERBEST (TL) FON,14.08.2026,"1,837596",47194779824.00,6736,"86724930670,78"
PPK,QNB PORTFÖY PARA PİYASASI KATILIM (TL) FONU,14.08.2026,"2,233948",2642829321.00,3104,"5903942858,81"
PPM,PİRAMİT PORTFÖY MUTLAK GETİRİ HEDEFLİ HİSSE SENEDİ SERBEST FON (HİSSE SENEDİ YOĞUN FON),14.08.2026,"2,170809",64287239.00,155,"139555326,13"
PPN,NUROL PORTFÖY PARA PİYASASI (TL) FONU,14.08.2026,"5,727607",2132159107.00,13544,"12212170112,78"
PPO,PARDUS PORTFÖY ONDÖRDÜNCÜ HİSSE SENEDİ SERBEST (TL) FON (HİSSE SENEDİ YOĞUN FON),14.08.2026,"2,828221",61183735.00,44,"173041096,78"
PPP,PERFORM PORTFÖY PARA PİYASASI (TL) FONU,14.08.2026,"3,101198",2657382876.00,373,"8241071335,75"
PPS,PHİLLİP PORTFÖY BİRİNCİ SERBEST FON,14.08.2026,"3,22818",304320470.00,2547,"982401233,36"
PPT,ATLAS PORTFÖY PARA PİYASASI (TL) FONU,14.08.2026,"3,253659",853157230.00,3820,"2775882735,16"
PPU,PARDUS PORTFÖY ÜÇÜNCÜ SERBEST FON,14.08.2026,"1,991512",160242546.00,44,"319125022,33"
PPV,AKTİF PORTFÖY PARA PİYASASI SERBEST (TL) FON,14.08.2026,"1,142585",6212773184.00,148,"7098621851,59"
PPZ,AZİMUT PORTFÖY PARA PİYASASI (TL) FONU,14.08.2026,"6,539176",2060263185.00,8245,"13472423338,93"
PRD,PİRAMİT PORTFÖY PARA PİYASASI (TL) FONU,14.08.2026,"2,322983",208663679.00,604,"484722182,64"
PRF,AZİMUT PORTFÖY IRF SERBEST (DÖVİZ) ÖZEL FON,14.08.2026,"68,553616",2904999.00,2,"199148185,01"
PRH,AURA PORTFÖY PARA PİYASASI (TL) FONU,14.08.2026,"2,174409",290216462.00,314,"631049271,11"
PRR,INVEO PORTFÖY PARA PİYASASI KATILIM (TL) FONU,14.08.2026,"1,324832",613481113.00,152,"812759510,96"
PRU,ALLBATROSS PORTFÖY KISA VADELİ SERBEST (TL) FON,14.08.2026,"3,630776",827349316.00,1559,"3003920012,54"
PRV,ASTRA PORTFÖY PARA PİYASASI SERBEST FON,14.08.2026,"1,335408",3005327023.00,84,"4013338784,11"
PRY,PUSULA PORTFÖY PARA PİYASASI (TL) FONU,14.08.2026,"3,140174",35134945390.00,52183,"110329842887,70"
PSD,İŞ PORTFÖY PERAS SERBEST (DÖVİZ) ÖZEL FON,14.08.2026,"53,504701",50962165.00,1,"2726715401,82"
PSE,ATLAS PORTFÖY PARA PİYASASI SERBEST FON,14.08.2026,"1,857857",13942833868.00,6213,"25903796629,75"
PSG,AZİMUT PORTFÖY 9.0 SERBEST FON,14.08.2026,"8,901035",45983627.00,16,"409301868,70"
PSH,DENİZ PORTFÖY PERAKENDE SEKTÖRÜ HİSSE SENEDİ (TL) FONU (HİSSE SENEDİ YOĞUN FON),14.08.2026,"1,019779",16908161.00,375,"17242587,12"
PSL,AZİMUT PORTFÖY 8.0 SERBEST FON,14.08.2026,"8,440094",32282362.00,55,"272466166,09"
PSO,İŞ PORTFÖY PERAS SERBEST ÖZEL FON,14.08.2026,"0,431072",2046269480.00,1,"882088810,70"
PSR,PARDUS PORTFÖY SANAYİ ŞİRKETLERİ HİSSE SENEDİ SERBEST FON (HİSSE SENEDİ YOĞUN FON),14.08.2026,"3,131982",413862679.00,45,"1296210390,08"
PSS,AZİMUT PORTFÖY SARAY SERBEST FON,14.08.2026,"5,960295",45070052.00,11,"268630825,96"
PST,PARDUS PORTFÖY SANAYİ SEKTÖRÜ DIŞI ŞİRKETLER HİSSE SENEDİ SERBEST FON (HİSSE SENEDİ YOĞUN FON),14.08.2026,"0,013779",4222198260.00,48,"58178602,54"
PTC,PERFORM PORTFÖY İKİNCİ SERBEST (DÖVİZ) FON,14.08.2026,"65,603968",15944003.00,16,"1045989855,13"
PTE,TEB PORTFÖY BİRİNCİ PARA PİYASASI SERBEST (TL) FON,14.08.2026,"1,687261",29912028810.92,4777,"50469394376,61"
PTF,QNB PORTFÖY TREND SERBEST FON,14.08.2026,"1,432579",574937170.00,282,"823643049,40"
PTG,AZİMUT PORTFÖY KZY SERBEST (DÖVİZ) ÖZEL FON,14.08.2026,"63,749559",1820000.00,1,"116024198,06"
PTL,TEB PORTFÖY İKİNCİ PARA PİYASASI (TL) FONU,14.08.2026,"1,853692",497759255.00,1613,"922692162,07"
PTN,PHİLLİP PORTFÖY ALTIN FONU,14.08.2026,"1,619617",433311333.00,877,"701798446,09"
PTO,PARDUS PORTFÖY TEMETTÜ ÖDEYEN ŞİRKETLER HİSSE SENEDİ FONU (HİSSE SENEDİ YOĞUN FON),14.08.2026,"1,831197",199387969.00,3910,"365118669,90"
PTP,AHLATCI PORTFÖY PARA PİYASASI (TL) FONU,14.08.2026,"1,186325",20776588.00,310,"24647778,51"
PTS,QNB PORTFÖY PARA PİYASASI SERBEST (TL) FON,14.08.2026,"1,589997",5448110342.00,939,"8662480678,96"
PUA,AZİMUT PORTFÖY ADEMİR SERBEST (TL) ÖZEL FON,14.08.2026,"9,813381",497271653.00,1,"4879916161,81"
PUC,AK PORTFÖY BİRİNCİ KISA VADELİ SERBEST (TL)  FON,14.08.2026,"7,333086",108018013.00,728,"792105432,40"
PUH,PERFORM PORTFÖY ÜÇÜNCÜ HİSSE SENEDİ SERBEST (TL) FON (HİSSE SENEDİ YOĞUN FON),14.08.2026,"1,602073",217200422.00,23,"347970877,86"
PUK,PUSULA PORTFÖY KATILIM HİSSE SENEDİ (TL) FONU (HİSSE SENEDİ YOĞUN FON),14.08.2026,"1,178849",1073228174.00,9140,"1265173535,40"
PUR,AK PORTFÖY BİRİNCİ PARA PİYASASI SERBEST (TL) FON,14.08.2026,"10,366125",13139065006.00,39864,"136201190776,94"
PUT,AK PORTFÖY ÖPY BEŞİNCİ SERBEST ÖZEL FON,14.08.2026,"7,965163",877787362.00,1,"6991719564,78"
PUV,AK PORTFÖY PRUVA SERBEST (DÖVİZ) ÖZEL FON,14.08.2026,"56,851901",21349833.00,1,"1213778587,59"
PVK,ALBARAKA PORTFÖY KISA VADELİ KATILIM SERBEST (TL) FON,14.08.2026,"5,730768",7072498633.00,8329,"40530850710,60"
PYB,TEB PORTFÖY ALTERNATİFBANK PARA PİYASASI (TL) FON,14.08.2026,"1,852896",510804257.00,1095,"946467026,51"
PYD,PARDUS PORTFÖY YİRMİBİRİNCİ HİSSE SENEDİ SERBEST FON (HİSSE SENEDİ YOĞUN FON),14.08.2026,"0,291905",182530202.00,44,"53281417,94"
PYF,AZİMUT PORTFÖY YONCA SERBEST ÖZEL FON,14.08.2026,"10,457708",235763320.00,10,"2465544040,91"
PYH,AZİMUT PORTFÖY 10.0 KATILIM SERBEST FON,14.08.2026,"6,882617",574897031.00,11,"3956796311,72"
PYI,PARDUS PORTFÖY YİRMİİKİNCİ HİSSE SENEDİ SERBEST FON (HİSSE SENEDİ YOĞUN FON),14.08.2026,"16,656135",341941442.00,44,"5695422814,88"
PYL,AZİMUT PORTFÖY 11.0 SERBEST FON,14.08.2026,"9,47136",58061461.00,33,"549920975,42"
PYR,PARDUS PORTFÖY YİRMİNCİ HİSSE SENEDİ SERBEST FON (HİSSE SENEDİ YOĞUN FON),14.08.2026,"1,423859",51043555.00,1194,"72678839,00"
PYS,YAPI KREDİ PORTFÖY PY HARBİYE SERBEST (DÖVİZ) ÖZEL FON,14.08.2026,"59,430001",19184409.00,43,"1140129441,35"
RAF,ROTA PORTFÖY ALTINCI SERBEST FON,14.08.2026,"3,65439",41879576.00,13,"153044322,70"
RAI,ROTA PORTFÖY ABİS HİSSE SENEDİ SERBEST ÖZEL FON (HİSSE SENEDİ YOĞUN FON),14.08.2026,"2,224537",2611267131.00,1,"5808860719,68"
RAN,İŞ PORTFÖY RANA SERBEST (DÖVİZ) ÖZEL FON,14.08.2026,"58,471448",18581754.00,1,"1086502068,68"
RAV,ROTA PORTFÖY ALEV SERBEST FON,14.08.2026,"1,502923",735373680.00,12,"1105210064,62"
RAY,ROTA PORTFÖY RAY SİGORTA SERBEST (TL) ÖZEL FON,14.08.2026,"4,111847",436793424.00,1,"1796027842,88"
RBA,ALBARAKA PORTFÖY BEREKET VAKFI NA DESTEK ALTIN KATILIM FONU,14.08.2026,"21,434002",88324113.00,5396,"1893139185,72"
RBB,RE-PIE PORTFÖY BİRİNCİ BORÇLANMA ARAÇLARI (TL) FONU,14.08.2026,"1,645844",9637629.00,37,"15862038,18"
RBE,ROTA PORTFÖY BEŞİNCİ SERBEST (TL) FON,14.08.2026,"4,243513",701887559.00,16,"2978468796,39"
RBF,ROTA PORTFÖY BİRİNCİ BORÇLANMA ARAÇLARI FONU,14.08.2026,"1,755856",10921558.00,83,"19176685,78"
RBH,ALBARAKA PORTFÖY KATILIM HİSSE SENEDİ FONU (HİSSE SENEDİ YOĞUN FON),14.08.2026,"33,273329",29198869.00,4989,"971543565,12"
RBI,RE-PIE PORTFÖY BİRİNCİ SERBEST (DÖVİZ) FON,14.08.2026,"55,971212",1264476.00,90,"70774254,21"
RBK,ALBARAKA PORTFÖY KATILIM FONU,14.08.2026,"8,749965",6010682.00,1118,"52593255,27"
RBL,QNB PORTFÖY ROBOTİK VE BLOCKCHAİN TEKNOLOJİLERİ SERBEST FON,14.08.2026,"1,844862",175125569.00,827,"323082480,07"
RBN,RE-PIE PORTFÖY BEŞİNCİ HİSSE SENEDİ SERBEST (TL) FON (HİSSE SENEDİ YOĞUN FON),14.08.2026,"1,524409",28529596.00,148,"43490761,10"
RBP,RE-PIE PORTFÖY BİRİNCİ PARA PİYASASI (TL) FONU,14.08.2026,"2,248933",1454233031.00,1097,"3270472823,88"
RBR,RE-PIE  PORTFÖY BİRİNCİ KATILIM SERBEST FON,14.08.2026,"3,720059",28442725.00,871,"105808623,03"
RBT,ALBARAKA PORTFÖY KİRA SERTİFİKALARI  KATILIM FONU,14.08.2026,"6,524574",204135642.00,2756,"1331898193,79"
RBV,ALBARAKA PORTFÖY KISA VADELİ KİRA SERTİFİKALARI KATILIM (TL) FONU,14.08.2026,"6,858646",1108875390.00,17192,"7605383898,89"
RCL,ROTA PORTFÖY CELO SERBEST (DÖVİZ) ÖZEL FON,14.08.2026,"61,435377",2685011.00,1,"164954663,77"
RCS,ROTA PORTFÖY CS SERBEST ÖZEL FON,14.08.2026,"4,973808",459159.00,1,"2283768,52"
RCV,AZİMUT PORTFÖY BİRİNCİ ÇOKLU VARLIK KATILIM FONU,14.08.2026,"1,780436",35925841.00,113,"63963646,26"
RD1,ROTA PORTFÖY BİRİNCİ DEĞİŞKEN FON,14.08.2026,"1,90475",34823384.00,158,"66329834,94"
RDF,ROTA PORTFÖY DOKUZUNCU HİSSE SENEDİ SERBEST FON (HİSSE SENEDİ YOĞUN FON),14.08.2026,"1,586305",250358881.00,698,"397145550,87"
RDH,RE-PIE PORTFÖY DÖRDÜNCÜ HİSSE SENEDİ SERBEST (TL) FON (HİSSE SENEDİ YOĞUN FON),14.08.2026,"7,14553",261206263.00,16,"1866457180,41"
RDK,ROTA PORTFÖY ESİN HİSSE SENEDİ SERBEST ÖZEL FON (HİSSE SENEDİ YOĞUN FON),14.08.2026,"1,205026",1073118.00,2,"1293135,27"
RDS,ROTA PORTFÖY DÖRDÜNCÜ SERBEST (DÖVİZ) FON,14.08.2026,"22,299564",42798417.00,11,"954386058,53"
RDT,PHİLLİP PORTFÖY RODOSTO SERBEST FON,14.08.2026,"0,89705",81246564.00,55,"72882260,81"
RDZ,ROTA PORTFÖY ONDOKUZUNCU SERBEST (DÖVİZ) FON,14.08.2026,"50,106641",13204396.00,120,"661627928,74"
RE6,RE-PIE PORTFÖY ALTINCI HİSSE SENEDİ SERBEST (TL) FON (HİSSE SENEDİ YOĞUN FON),14.08.2026,"1,391139",151365211.00,11,"210569975,61"
RE7,RE-PIE PORTFÖY YEDİNCİ HİSSE SENEDİ SERBEST (TL) FON (HİSSE SENEDİ YOĞUN FON),14.08.2026,"0,681542",139912.00,13,"95355,94"
RE8,RE-PIE PORTFÖY SEKİZİNCİ HİSSE SENEDİ SERBEST (TL) FON (HİSSE SENEDİ YOĞUN FON),14.08.2026,"3,331174",386411559.00,13,"1287204005,91"
RFM,ROTA PORTFÖY ENERJİ VE METAL FON SEPETİ FONU,14.08.2026,"1,083291",21050224.00,306,"22803515,63"
RGD,RE-PIE PORTFÖY AGRESİF DEĞİŞKEN FON,14.08.2026,"1,118249",24849072.00,121,"27787442,36"
RGH,RE-PIE PORTFÖY MUTLAK GETİRİ HEDEFLİ HİSSE SENEDİ SERBEST FON (HİSSE SENEDİ YOĞUN FON),14.08.2026,"1,143301",34407131.00,24,"39337715,02"
RHD,ROTA PORTFÖY HEDEF SERBEST FON,14.08.2026,"1,922106",77630222.00,12,"149213549,22"
RHI,RE-PIE PORTFÖY BİRİNCİ HİSSE SENEDİ (TL) FONU (HİSSE SENEDİ YOĞUN FON),14.08.2026,"1,677931",23735390.00,442,"39826346,83"
RHS,ROTA PORTFÖY HİSSE SENEDİ (TL) FON (HİSSE SENEDİ YOĞUN FON),14.08.2026,"7,364948",110506541.00,1544,"813874914,39"
RIA,ROTA PORTFÖY İSTATİSTİKSEL ARBİTRAJ HİSSE SENEDİ SERBEST FON (HİSSE SENEDİ YOĞUN FON),14.08.2026,"1,372769",14803452.00,49,"20321716,07"
RIH,RE-PIE PORTFÖY İKİNCİ HİSSE SENEDİ SERBEST FON (HİSSE SENEDİ YOĞUN FON),14.08.2026,"11,74743",17835737.00,1617,"209524074,00"
RIK,RE-PIE PORTFÖY İKİNCİ DEĞİŞKEN FON,14.08.2026,"5,521808",125596067.00,4292,"693517377,08"
RJG,RE-PIE PORTFÖY ALTIN KATILIM FONU,14.08.2026,"3,441104",25531995.00,552,"87858247,87"
RKC,ROTA PORTFÖY İKİNCİ DEĞİŞKEN FON,14.08.2026,"1,748814",17954562.00,267,"31399191,00"
RKH,RE-PIE PORTFÖY KATILIM HİSSE SENEDİ SERBEST (TL) FON (HİSSE SENEDİ YOĞUN FON),14.08.2026,"1,043077",8260019.00,75,"8615832,57"
RKL,AZİMUT PORTFÖY ALARKO YATIRIM BİRİNCİ SERBEST (TL) ÖZEL FON,14.08.2026,"2,785335",782602250.00,1,"2179809251,93"
RKS,ROTA PORTFÖY KİRA SERTİFİKALARI KATILIM FONU,14.08.2026,"2,025065",44565853.00,151,"90248744,33"
RKV,RE-PIE PORTFÖY KISA VADELİ KATILIM SERBEST (TL) FON,14.08.2026,"2,583498",216015077.00,237,"558074525,49"
RLH,ROTA PORTFÖY YİRMİNCİ SERBEST FON,14.08.2026,"1,682552",163017849.00,34,"274286051,55"
RO1,ROTA PORTFÖY BİRİNCİ PARA PİYASASI SERBEST FON,14.08.2026,"1,282807",172439739.00,22,"221206863,84"
ROD,ROTA PORTFÖY ODEABANK BİRİNCİ SERBEST (DÖVİZ) ÖZEL FON,14.08.2026,"55,618301",30990843.00,615,"1723658020,85"
ROF,ROTA PORTFÖY ONUNCU HİSSE SENEDİ SERBEST FON (HİSSE SENEDİ YOĞUN FON),14.08.2026,"3,191491",157791681.00,476,"503590682,16"
ROY,ROTA PORTFÖY BİRİNCİ KATILIM SERBEST FON,14.08.2026,"1,393222",482774528.00,13,"672612332,70"
RPC,ROTA PORTFÖY İKLİM DEĞİŞİKLİĞİ ÇÖZÜMLERİ DEĞİŞKEN FON,14.08.2026,"5,34446",4440657.00,554,"23732915,51"
RPD,RE-PIE PORTFÖY BİRİNCİ DEĞİŞKEN FON,14.08.2026,"14,686265",19134476.00,1917,"281013978,95"
RPE,ROTA PORTFÖY EGE SERBEST ÖZEL FON,14.08.2026,"0,00",0.00,0,"94,47"
RPG,ROTA PORTFÖY ALTIN FONU,14.08.2026,"6,195936",146207566.00,1539,"905892664,21"
RPI,ROTA PORTFÖY KATILIM HİSSE SENEDİ FONU (HİSSE SENEDİ YOĞUN FON),14.08.2026,"1,447774",9322245.00,332,"13496507,01"
RPK,ROTA PORTFÖY TGK KAR PAYI ÖDEYEN SERBEST (DÖVİZ) ÖZEL FON,14.08.2026,"63,869076",1790726.00,5,"114372015,11"
RPL,RE-PIE PORTFÖY ALGORİTMİK STRATEJİLER SERBEST FON,14.08.2026,"1,736227",71905303.00,23,"124843954,38"
RPM,ROTA PORTFÖY İLAÇ VE MEDİKAL TEKNOLOJİLERİ DEĞİŞKEN FON,14.08.2026,"4,426801",19597518.00,2816,"86754318,34"
RPN,ROTA PORTFÖY NEV SERBEST FON,14.08.2026,"5,195872",159059117.00,23,"826450890,05"
RPO,ROTA PORTFÖY FORTİS SERBEST (TL) ÖZEL FON,14.08.2026,"6,438773",242983168.00,3,"1564513380,44"
RPP,ROTA PORTFÖY PARA PİYASASI (TL) FONU,14.08.2026,"4,926785",1322922271.00,7762,"6517753530,05"
RPS,ROTA PORTFÖY BİRİNCİ SERBEST (DÖVİZ) FON,14.08.2026,"63,36281",2746831.00,99,"174046931,55"
RPT,ROTA PORTFÖY İKİNCİ SERBEST (TL) FON,14.08.2026,"5,13179",236472649.00,179,"1213528065,43"
RPU,ALBARAKA PORTFÖY ÜÇÜNCÜ KISA VADELİ KATILIM SERBEST (TL) FON,14.08.2026,"3,635041",721125459.00,12,"2621320514,08"
RPX,ROTA PORTFÖY ÜÇÜNCÜ SERBEST (DÖVİZ) FON,14.08.2026,"62,727901",9834260.00,129,"616882491,43"
RRA,ROTA PORTFÖY PARA PİYASASI SERBEST FON,14.08.2026,"1,491313",1901707377.00,221,"2836039986,65"
RRP,RE-PIE PORTFÖY PARA PİYASASI KATILIM (TL) FON,14.08.2026,"1,633839",507935345.00,86,"829884790,27"
RS1,ROTA PORTFÖY BİRİNCİ KISA VADELİ SERBEST FON,14.08.2026,"1,602433",535483358.00,126,"858076302,90"
RSF,ATA PORTFÖY İKİNCİ İSTATİSTİKSEL ARBİTRAJ SERBEST FON,14.08.2026,"4,353129",272159966.00,12,"1184747407,05"
RSK,ROTA PORTFÖY ONSEKİZİNCİ SERBEST FON,14.08.2026,"1,917224",163069498.00,325,"312640793,42"
RSY,TACİRLER PORTFÖY REGULUS SERBEST FON,14.08.2026,"1,051912",147444770.00,12,"155098914,35"
RSZ,AHLATCI PORTFÖY İKİNCİ HİSSE SENEDİ SERBEST FON (HİSSE SENEDİ YOĞUN FON),14.08.2026,"17,973358",212396701.00,25,"3817481966,15"
RTA,ROTA PORTFÖY ONİKİNCİ HİSSE SENEDİ SERBEST FON (HİSSE SENEDİ YOĞUN FON),14.08.2026,"2,354666",1836519143.00,15,"4324390081,49"
RTB,ROTA PORTFÖY ONÜÇÜNCÜ SERBEST FON,14.08.2026,"2,667884",250957941.00,11,"669526787,65"
RTD,RE-PIE PORTFÖY TEKNOLOJİ DEĞİŞKEN FON,14.08.2026,"2,177425",12076149.00,462,"26294910,16"
RTG,ATA PORTFÖY ROBOTİK TEKNOLOJİLERİ DEĞİŞKEN FON,14.08.2026,"5,926633",45077335.00,4918,"267156798,95"
RTH,RE-PIE PORTFÖY BİRİNCİ HİSSE SENEDİ SERBEST FON (HİSSE SENEDİ YOĞUN FON),14.08.2026,"6,10536",3242534.00,255,"19796837,54"
RTI,ALBARAKA PORTFÖY ALBARAKA TÜRK İKİNCİ KISA VADELİ KATILIM SERBEST (TL) FON,14.08.2026,"3,355677",11627789882.00,63,"39019112831,10"
RTP,RE-PIE PORTFÖY BİRİNCİ SERBEST FON,14.08.2026,"11,788217",25612428.00,1444,"301924866,01"
RUH,RE-PIE PORTFÖY ÜÇÜNCÜ HİSSE SENEDİ SERBEST FON (HİSSE SENEDİ YOĞUN FON),14.08.2026,"4,641226",10284016.00,15,"47730441,74"
RUT,BV PORTFÖY ROBOTİK VE UZAY TEKNOLOJİLERİ DEĞİŞKEN FON,14.08.2026,"2,617637",75818881.00,4638,"198466320,82"
RVI,ROTA PORTFÖY ONALTINCI SERBEST FON,14.08.2026,"1,241841",15019044.00,11,"18651266,23"
RVS,ROTA PORTFÖY ONBEŞİNCİ HİSSE SENEDİ SERBEST FON (HİSSE SENEDİ YOĞUN FON),14.08.2026,"3,042346",1368815305.00,19,"4164410082,03"
RYA,SPARTA PORTFÖY ARYA HİSSE SENEDİ SERBEST ÖZEL FON (HİSSE SENEDİ YOĞUN FON),14.08.2026,"1,203399",300626629.00,1,"361773930,38"
RYB,ROTA PORTFÖY YİRMİBİRİNCİ SERBEST (DÖVİZ) FON,14.08.2026,"46,629655",100035.00,11,"4664597,57"
RYD,ROTA PORTFÖY YİRMİDÖRDÜNCÜ SERBEST FON,14.08.2026,"1,511476",220975082.00,13,"333998526,96"
RYF,ROTA PORTFÖY YEDİNCİ HİSSE SENEDİ SERBEST (TL) FON (HİSSE SENEDİ YOĞUN FON),14.08.2026,"12,260834",35204202.00,42,"431632870,70"
RYU,ROTA PORTFÖY YİRMİÜÇÜNCÜ SERBEST (DÖVİZ) FON,14.08.2026,"48,808769",10527011.00,57,"513810448,96"
RZR,ROTA PORTFÖY RZR SERBEST ÖZEL FON,14.08.2026,"4,343743",3538238.00,2,"15369196,37"
SAP,AK PORTFÖY ŞEKERBANK PARA PİYASASI (TL) FONU,14.08.2026,"1,836439",186149621.00,379,"341852366,74"
SAR,İŞ PORTFÖY SARDUNYA SERBEST (DÖVİZ) ÖZEL FON,14.08.2026,"52,598408",16963803.00,9,"892269030,59"
SAS,AK PORTFÖY SABANCI TOPLULUĞU ŞİRKETLERİ ENDEKSİ HİSSE SENEDİ (TL) FONU (HİSSE SENEDİ YOĞUN FON),14.08.2026,"1,561382",604502600.00,42001,"943859268,29"
SAT,AZİMUT PORTFÖY RASAT HİSSE SENEDİ SERBEST ÖZEL FON (HİSSE SENEDİ YOĞUN FON),14.08.2026,"241,879481",7952624.00,4,"1923576564,22"
SBH,SPARTA PORTFÖY BİRİNCİ HİSSE SENEDİ SERBEST (TL) FON (HİSSE SENEDİ YOĞUN FON),14.08.2026,"1,855801",249193999.00,834,"462454499,77"
SBI,STRATEJİ PORTFÖY BİRİNCİ SERBEST (TL) FON,14.08.2026,"3,616603",9446347.00,15,"34163689,68"
SBR,STRATEJİ PORTFÖY BİRİNCİ SERBEST FON,14.08.2026,"1,294208",11528980.00,25,"14920894,41"
SBS,STRATEJİ PORTFÖY BAŞAK SERBEST (DÖVİZ) ÖZEL FON,14.08.2026,"71,400917",3424595.00,1,"244519223,65"
SCZ,AK PORTFÖY SEKİZİNCİ SERBEST FON,14.08.2026,"1,545663",52824843.00,166,"81649401,72"
SD1,SPARTA PORTFÖY BİRİNCİ DEĞİŞKEN FON,14.08.2026,"1,008097",31672521.00,127,"31928989,22"
SDA,AK PORTFÖY 2026 SERBEST (DÖVİZ) FON,14.08.2026,"50,257919",129415071.00,1096,"6504132156,24"
SEH,A1 CAPİTAL PORTFÖY SANAYİ SEKTÖRÜ HİSSE SENEDİ SERBEST (TL) FON (HİSSE SENEDİ YOĞUN FON),14.08.2026,"1,446847",69902498.00,45,"101138196,37"
SER,AK PORTFÖY 2028 SERBEST (DÖVİZ) FON,14.08.2026,"57,45021",124935872.00,827,"7177592055,15"
SFA,STATECH PORTFÖY ALPHA HİSSE SENEDİ SERBEST FON (HİSSE SENEDİ YOĞUN FON),14.08.2026,"23,268587",52482730.00,18,"1221198972,35"
SFS,AZİMUT PORTFÖY AGRESİF FON SEPETİ FONU,14.08.2026,"1,396249",22282420.00,77,"31111795,97"
SGT,GARANTİ PORTFÖY SİBER GÜVENLİK TEKNOLOJİLERİ DEĞİŞKEN FON,14.08.2026,"2,016179",101025727.00,2494,"203685925,34"
SHC,STRATEJİ PORTFÖY İKİNCİ HİSSE SENEDİ FONU (HİSSE SENEDİ YOĞUN FON),14.08.2026,"1,011809",64768648.00,123,"65533483,00"
SHE,TEB PORTFÖY ÖNCE KADIN DEĞİŞKEN FON,14.08.2026,"3,542064",14944581.00,646,"52934669,53"
SHI,PARDUS PORTFÖY SEKİZİNCİ HİSSE SENEDİ SERBEST (TL) FON (HİSSE SENEDİ YOĞUN FON),14.08.2026,"0,163584",4139493601.00,46,"677155294,20"
SHU,SPARTA PORTFÖY ÜÇÜNCÜ HİSSE SENEDİ SERBEST (TL) FON (HİSSE SENEDİ YOĞUN FON),14.08.2026,"1,368751",114353466.00,19,"156521375,61"
SIA,SPARTA PORTFÖY BİRİNCİ İSTATİSTİKSEL ARBİTRAJ HİSSE SENEDİ SERBEST (TL) FON (HİSSE SENEDİ YOĞUN FON),14.08.2026,"0,947627",113804986.00,11,"107844693,61"
SIS,SPARTA PORTFÖY İKİNCİ HİSSE SENEDİ SERBEST (TL) FON (HİSSE SENEDİ YOĞUN FON),14.08.2026,"0,282198",159553528.00,11,"45025665,66"
SJP,STRATEJİ PORTFÖY KAR PAYI ÖDEYEN İKİNCİ SERBEST (DÖVİZ) FON,14.08.2026,"61,822378",5222274.00,29,"322853399,45"
SKL,TEB PORTFÖY ŞEKERBANK PARA PİYASASI (TL) FONU,14.08.2026,"2,018757",66935021.00,745,"135125574,86"
SKO,STRATEJİ PORTFÖY KAR PAYI ÖDEYEN HİSSE SENEDİ FONU (HİSSE SENEDİ YOĞUN FON),14.08.2026,"1,664617",130561472.00,3377,"217334831,07"
SKS,İŞ PORTFÖY ASKA SERBEST (DÖVİZ) ÖZEL FON,14.08.2026,"50,886264",25000000.00,3,"1272156601,45"
SKT,FİBA PORTFÖY ŞEKERBANK KISA VADELİ BORÇLANMA ARAÇLARI FONU,14.08.2026,"0,116004",307952439.00,2014,"35723799,94"
SKZ,NEO PORTFÖY SEKİZİNCİ SERBEST FON,14.08.2026,"1,008278",122156994.00,765,"123168237,34"
SLF,ROTA PORTFÖY ŞEKERBANK PARA PİYASASI (TL) FONU,14.08.2026,"11,229239",104189781.00,6811,"1169971944,07"
SLG,QNB PORTFÖY ALGORİTMİK STRATEJİLER HİSSE SENEDİ FONU (HİSSE SENEDİ YOĞUN FON),14.08.2026,"1,37688",360925715.00,773,"496951411,12"
SLR,QNB PORTFÖY SOLARİS SERBEST ÖZEL FON,14.08.2026,"0,38058",3796699149.00,5,"1444948137,46"
SLS,ALLBATROSS PORTFÖY SELEN SERBEST FON,14.08.2026,"0,616887",602710.00,13,"371803,84"
SMP,İŞ PORTFÖY SOMPO SİGORTA KAR PAYI ÖDEYEN SERBEST (TL) ÖZEL FON,14.08.2026,"1,032861",1400000000.00,1,"1446005847,30"
SNY,ATLAS PORTFÖY SANAYİ SEKTÖRÜ HİSSE SENEDİ SERBEST FON (HİSSE SENEDİ YOĞUN FON),14.08.2026,"1,418364",348628285.00,517,"494481727,16"
SOS,HEDEF PORTFÖY SAĞLIK SEKTÖRÜ DEĞİŞKEN FON,14.08.2026,"1,605628",11453648.00,287,"18390293,77"
SPA,AZIMUT PORTFÖY 6.0 SERBEST (DÖVIZ) FON,14.08.2026,"69,618909",44861359.00,200,"3123198877,74"
SPD,AZIMUT PORTFÖY BEG SERBEST (DÖVIZ) ÖZEL FON,14.08.2026,"81,783808",4234300.00,1,"346297176,67"
SPE,AZIMUT PORTFÖY 5.0 SERBEST (DÖVIZ) FON,14.08.2026,"107,558361",38807640.00,1229,"4174086143,25"
SPN,AZİMUT PORTFÖY İSTATİSTİKSEL ARBİTRAJ HİSSE SENEDİ SERBEST FON (HİSSE SENEDİ YOĞUN FON),14.08.2026,"9,934246",156622830.00,383,"1555929777,96"
SPP,SPARTA PORTFÖY BİRİNCİ PARA PİYASASI (TL) FONU,14.08.2026,"1,585468",356785651.00,760,"565672122,33"
SPR,BV PORTFÖY SPOR ENDÜSTRİSİ DEĞİŞKEN FON,14.08.2026,"1,340713",6661337.00,167,"8930942,68"
SPT,AKTİF PORTFÖY KATILIM FON SEPETİ FONU,14.08.2026,"2,158096",43577464.00,796,"94044341,44"
SRA,AZİMUT PORTFÖY ASERVA SERBEST ÖZEL FON,14.08.2026,"16,259431",140896981.00,1,"2290904806,95"
SRE,AZİMUT PORTFÖY SİRİUS SERBEST (DÖVİZ) ÖZEL FON,14.08.2026,"63,168864",15651197.00,1,"988668327,17"
SRL,PARDUS PORTFÖY SÜRDÜRÜLEBİLİRLİK HİSSE SENEDİ (TL) FONU (HİSSE SENEDİ YOĞUN FON),14.08.2026,"1,77271",102261952.00,3720,"181280807,40"
SRO,AZİMUT PORTFÖY SKY HİSSE SENEDİ SERBEST ÖZEL FON (HİSSE SENEDİ YOĞUN FON),14.08.2026,"25,812316",278754881.00,6,"7195309003,21"
SSD,İŞ PORTFÖY SET SERBEST (DÖVİZ) ÖZEL FON,14.08.2026,"53,751097",10332627.00,1,"555390034,19"
SSE,ATLAS PORTFÖY İKİNCİ SERBEST FON,14.08.2026,"0,003339",31489377264.00,11,"105145226,56"
SSF,INVEO PORTFÖY SEKİZİNCİ SERBEST FON,14.08.2026,"0,934307",1293647.00,15,"1208663,05"
SSK,DENİZ PORTFÖY SAĞLIK SEKTÖRÜ DEĞİŞKEN FON,14.08.2026,"1,739543",27169622.00,583,"47262731,36"
SSN,DENİZ PORTFÖY 880 SERBEST (DÖVİZ) ÖZEL FON,14.08.2026,"58,995066",13048469.00,4,"769795291,38"
SSO,AK PORTFÖY AK SANDIK SERBEST ÖZEL FON,14.08.2026,"14,823135",509878048.00,1,"7557991321,96"
SSS,YAPI KREDİ PORTFÖY SAVUNMA SANAYİİ ŞİRKETLERİ ENDEKSİ HİSSE SENEDİ FONU (HİSSE SENEDİ YOĞUN FON),14.08.2026,"1,432982",181760266.00,5187,"260459217,71"
SST,STRATEJİ PORTFÖY İSTATİSTİKSEL ARBİTRAJ SERBEST FON,14.08.2026,"1,603444",5900512.00,22,"9461141,52"
ST1,STRATEJİ PORTFÖY BİRİNCİ HİSSE SENEDİ FONU (HİSSE SENEDİ YOĞUN FON),14.08.2026,"185,003635",3467133.66,2508,"641432331,54"
STI,ATLAS PORTFÖY SENTİMENT SERBEST FON,14.08.2026,"1,290647",145147711.00,69,"187334412,23"
STM,ALLBATROSS PORTFÖY ALGORİTMİK STRATEJİLER SERBEST FON,14.08.2026,"3,213147",119351.00,12,"383492,32"
STS,STRATEJİ PORTFÖY BİRİNCİ SERBEST (DÖVİZ) FON,14.08.2026,"85,597834",4867215.00,27,"416623062,33"
STZ,STRATEJİ PORTFÖY HİSSE SENEDİ SERBEST FON (HİSSE SENEDİ YOĞUN FON),14.08.2026,"24,126967",21705953.00,83,"523698801,89"
SUA,ÜNLÜ PORTFÖY BİRİNCİ DEĞİŞKEN FON,14.08.2026,"0,59135",3789185216.00,1170,"2240736099,92"
SUB,ÜNLÜ PORTFÖY İKİNCİ DEĞİŞKEN FON,14.08.2026,"0,392857",278666281.00,763,"109476102,78"
SUC,ÜNLÜ PORTFÖY ÜÇÜNCÜ DEĞIŞKEN FON,14.08.2026,"23,076273",25980773.00,523,"599539414,86"
SUR,EMAA BLUE PORTFÖY SÜRDÜRÜLEBİLİRLİK HİSSE SENEDİ FONU (HİSSE SENEDİ YOĞUN FON),14.08.2026,"1,127103",187654953.00,92,"211506379,26"
SVB,STRATEJİ PORTFÖY AGRESİF DEĞİŞKEN FON,14.08.2026,"9,221114",26691255.00,1355,"246123098,11"
SVS,AZİMUT PORTFÖY SVS SERBEST ÖZEL FON,14.08.2026,"2,670933",414228781.00,1,"1106377471,86"
SVY,DENİZ PORTFÖY TTSVY HİSSE SENEDİ SERBEST ÖZEL FON (HİSSE SENEDİ YOĞUN FON),14.08.2026,"1,742398",2122017742.00,2,"3697399614,10"
SYF,AZİMUT PORTFÖY KLM HİSSE SENEDİ SERBEST ÖZEL FON (HİSSE SENEDİ YOĞUN FON),14.08.2026,"235,923226",7466854.00,6,"1761604281,02"
SYL,AZİMUT PORTFÖY SYH HİSSE SENEDİ SERBEST ÖZEL FON (HİSSE SENEDİ YOĞUN FON),14.08.2026,"4282,672301",276806.00,1,"1185469388,99"
SYR,AZİMUT PORTFÖY 25.0 SERBEST (DÖVİZ) FON,14.08.2026,"49,522232",6200862.00,22,"307080524,85"
SYS,YAPI KREDİ PORTFÖY ŞUBAT 2028 KAR PAYI ÖDEYEN SERBEST (DÖVİZ) FON,14.08.2026,"48,82368",36065007.00,121,"1760826359,06"
T3B,TERA PORTFÖY ÜÇÜNCÜ  HİSSE SENEDİ SERBEST (TL) FON (HİSSE SENEDİ YOĞUN),14.08.2026,"0,112724",111334926835.00,16,"12550134818,35"
TAL,ATLAS PORTFÖY ALTIN KATILIM FONU,14.08.2026,"2,747848",12741704.00,729,"35012267,71"
TAO,TEB PORTFÖY ALARKO GRUBU DEĞİŞKEN ÖZEL FON,14.08.2026,"20,900756",52856435.00,1,"1104739464,17"
TAR,AK PORTFÖY TARIM VE GIDA TEKNOLOJİLERİ DEĞİŞKEN FON,14.08.2026,"2,542824",52514914.00,6809,"133536177,90"
TAU,İŞ PORTFÖY BIST BANKA ENDEKSİ HİSSE SENEDİ (TL) FONU (HİSSE SENEDİ YOĞUN FON),14.08.2026,"0,61581",3823677956.00,35175,"2354659335,65"
TAZ,AZİMUT PORTFÖY TAF HİSSE SENEDİ SERBEST ÖZEL FON (HİSSE SENEDİ YOĞUN FON),14.08.2026,"2,465759",471518068.00,2,"1162649738,80"
TB9,TEB PORTFÖY DOKUZUNCU SERBEST (DÖVİZ) FON,14.08.2026,"53,103606",768195146.00,10774,"40793932686,78"
TBP,İŞ PORTFÖY PRİVİA BANKACILIK FON SEPETİ ÖZEL FONU,14.08.2026,"0,279439",1663080294.00,199,"464729124,09"
TBT,TEB PORTFÖY BORÇLANMA ARAÇLARI FONU,14.08.2026,"52,962006",7244127.52,2444,"383663521,54"
TBV,İŞ PORTFÖY ÖZEL SEKTÖR BORÇLANMA ARAÇLARI (TL) FONU,14.08.2026,"0,407415",3033079936.00,7912,"1235723709,95"
TCA,ZİRAAT PORTFÖY ALTIN KATILIM FONU,14.08.2026,"0,780021",17751773541.44,45925,"13846764195,23"
TCB,TACİRLER PORTFÖY PARA PİYASASI FONU,14.08.2026,"0,233093",13136390001.00,4693,"3062003631,29"
TCC,TACİRLER PORTFÖY SERBEST ( DÖVİZ ) FON,14.08.2026,"0,080776",5669367031.00,359,"457948748,67"
TCD,TACİRLER PORTFÖY DEĞIŞKEN FON,14.08.2026,"49,220265",30138655.00,11817,"1483432577,21"
TCF,TEB PORTFÖY ÜÇÜNCÜ FON SEPETİ FONU,14.08.2026,"4,510128",751145659.00,2774,"3387762904,45"
TCG,TEB PORTFÖY CEMAY HİSSE SENEDİ SERBEST ÖZEL FON (HİSSE SENEDİ YOĞUN FON),14.08.2026,"1,315389",141657132.00,1,"186334273,80"
TCH,TACİRLER PORTFÖY TAÇ SERBEST FON,14.08.2026,"2,223242",107088184.00,57,"238082952,73"
TCI,TACİRLER PORTFÖY İSTATİSTİKSEL ARBİTRAJ SERBEST FON,14.08.2026,"11,397443",121429349.00,15,"1383984137,89"
TCS,TACİRLER PORTFÖY SİRİUS HİSSE SENEDİ SERBEST FON (HİSSE SENEDİ YOĞUN FON),14.08.2026,"42,505774",33987356.00,44,"1444658884,06"
TDG,İŞ PORTFÖY YABANCI BORÇLANMA ARAÇLARI FONU,14.08.2026,"0,5269",1380845352.00,2067,"727566879,19"
TDP,TEB PORTFÖY İKİNCİ SERBEST (DÖVİZ) FON,14.08.2026,"59,59791",5459727.00,44,"325388317,52"
TE3,TEB PORTFÖY MUTLAK GETİRİ HEDEFLİ DEĞİŞKEN FON,14.08.2026,"40,229661",27853515.00,2839,"1120537460,81"
TE4,TEB PORTFÖY BİRİNCİ DEĞİŞKEN FON,14.08.2026,"6,491792",265830541.00,1436,"1725716589,31"
TEJ,AZİMUT PORTFÖY TEKNOLOJİ FON SEPETİ FONU,14.08.2026,"2,80725",261106687.00,1316,"732991787,19"
TFE,AKTİF PORTFÖY TÜRKİYE FİNANS ALA BANKACILIK KATILIM ÖZEL FONU,14.08.2026,"2,810529",12164358.00,109,"34188286,80"
TFF,TEB PORTFÖY AMERİKA TEKNOLOJİ YABANCI BYF FON SEPETİ FONU,14.08.2026,"44,133506",32078646.00,8943,"1415743131,44"
TFU,İŞ PORTFÖY TÜFEYE ENDEKSLİ BORÇLANMA ARAÇLARI (TL) FONU,14.08.2026,"1,281314",401670099.00,1385,"514665497,96"
TGA,GARANTİ PORTFÖY AGRESİF DEĞİŞKEN FON,14.08.2026,"0,478501",1722376841.00,6263,"824158657,76"
TGE,İŞ PORTFÖY EMTİA YABANCI BYF FON SEPETİ FONU,14.08.2026,"0,289574",10757084639.00,37324,"3114977288,98"
TGN,TEB PORTFÖY ING BANK PARA PİYASASI SERBEST (TL) ÖZEL FON,14.08.2026,"1,438843",1894611118.00,2034,"2726047084,69"
TGR,AK PORTFÖY TURİZM VE SEYAHAT SEKTÖRÜ DEĞİŞKEN FON,14.08.2026,"7,078971",16585112.00,5757,"117405520,64"
TGT,GARANTİ PORTFÖY KISA VADELİ BORÇLANMA ARAÇLARI FONU,14.08.2026,"0,118795",26710037807.00,60963,"3173010811,90"
TGV,TACİRLER PORTFÖY KG SERBEST ÖZEL FON,14.08.2026,"12,087028",636256656.00,13,"7690452301,70"
TGZ,TACİRLER PORTFÖY SPİCA SERBEST (TL) FON,14.08.2026,"6,115342",181628509.00,12,"1110720400,59"
THD,TRIVE PORTFÖY BİRİNCİ HİSSE SENEDİ (TL) FON (HİSSE SENEDİ YOĞUN FON),14.08.2026,"2,686545",3194817.00,204,"8583019,66"
THF,TERA PORTFÖY HİSSE SENEDİ (TL) FONU (HİSSE SENEDİ YOĞUN FON),14.08.2026,"2,370104",2813221640.00,18979,"6667628561,39"
THG,TACİRLER PORTFÖY ODEABANK SERBEST ÖZEL FON,14.08.2026,"7,115522",24230356.00,177,"172411626,80"
THH,DENİZ PORTFÖY CCO HİSSE SENEDİ SERBEST ÖZEL FON (HİSSE SENEDİ YOĞUN FON),14.08.2026,"124,23261",12758502.00,1,"1585022004,90"
THO,AZİMUT PORTFÖY 20.0 SERBEST (DÖVİZ) FON,14.08.2026,"50,310488",95641072.00,12,"4811748959,11"
THS,AZİMUT PORTFÖY AEB SERBEST (DÖVİZ) ÖZEL FON,14.08.2026,"63,334094",6560674.00,1,"415514344,90"
THT,TRİVE PORTFÖY HİSSE SENEDİ SERBEST FON (HİSSE SENEDİ YOĞUN FON),14.08.2026,"0,203509",13798093.00,345,"2808031,48"
THV,ATA PORTFÖY BARBAROS HİSSE SENEDİ SERBEST (TL) FON (HİSSE SENEDİ YOĞUN FON),14.08.2026,"55,338066",45101206.00,17,"2495813492,64"
TI1,İŞ PORTFÖY PARA PİYASASI (TL) FONU,14.08.2026,"1653,508407",131200310.65,238903,"216940816668,37"
TI2,İŞ PORTFÖY HİSSE SENEDİ (TL) FONU (HİSSE SENEDİ YOĞUN FON),14.08.2026,"0,124885",27033793403.00,20904,"3376103001,91"
TI3,İŞ PORTFÖY İŞ BANKASI İŞTİRAKLERİ ENDEKSİ HİSSE SENEDİ (TL) FONU (HİSSE SENEDİ YOĞUN FON),14.08.2026,"0,11349",18096731349.00,21966,"2053790761,43"
TI4,İŞ PORTFÖY TEMKİNLİ DEĞİŞKEN FON,14.08.2026,"0,064428",31090600870.00,14091,"2003107432,01"
TI6,İŞ PORTFÖY BORÇLANMA ARAÇLARI (TL) FONU,14.08.2026,"0,053204",9953484120.00,4737,"529564562,80"
TI7,İŞ PORTFÖY DENGELİ DEĞİŞKEN FON,14.08.2026,"77,954837",15113944.00,9729,"1178205034,42"
TIE,İŞ PORTFÖY BIST 30 ENDEKSİ HİSSE SENEDİ (TL) FONU (HİSSE SENEDİ YOĞUN FON),14.08.2026,"0,738597",2303098748.00,18651,"1701062190,53"
TIL,İŞ PORTFÖY KATILIM HİSSE SENEDİ (TL) FONU (HİSSE SENEDİ YOĞUN FON),14.08.2026,"1,349547",65530864.00,1663,"88436974,88"
TIP,TEB PORTFÖY ING BANK ÖZEL BANKACILIK VE PLATİNUM SERBEST (DÖVİZ) ÖZEL FON,14.08.2026,"49,656766",945970.00,5,"46973810,90"
TIV,İŞ PORTFÖY KISA VADELİ BORÇLANMA ARAÇLARI (TL) FONU,14.08.2026,"52,57202",396116359.11,112819,"20824637258,62"
TJB,TACİRLER PORTFÖY BDR SERBEST ÖZEL FON,14.08.2026,"9,927579",81702428.00,1,"811107327,78"
TJF,TEB PORTFÖY SÜRDÜRÜLEBİLİRLİK FON SEPETİ FONU,14.08.2026,"5,317142",10177924.00,545,"54117465,67"
TJI,TEB PORTFÖY İKİNCİ FON SEPETİ FONU,14.08.2026,"6,39695",92129169.00,907,"589345689,38"
TJL,AZİMUT PORTFÖY TAYD HİSSE SENEDİ SERBEST ÖZEL FON (HİSSE SENEDİ YOĞUN FON),14.08.2026,"21,529421",67990671.00,4,"1463799754,31"
TJT,TEB PORTFÖY ALTINCI SERBEST (DÖVİZ-AVRO) FON,14.08.2026,"67,755746",33128965.00,1860,"2244677747,43"
TKF,TACİRLER PORTFÖY HİSSE SENEDİ FONU (HİSSE SENEDİ YOĞUN FON),14.08.2026,"68,311269",14384142.00,4320,"982598999,56"
TKH,AZIMUT PORTFÖY TKS SERBEST (TL) ÖZEL FON,14.08.2026,"2,171087",204228599.00,1,"443398060,78"
TKK,İŞ PORTFÖY KUMBARA HESABI FON SEPETİ ÖZEL FON,14.08.2026,"1,757301",1031667850.00,113302,"1812951135,89"
TKM,TEB PORTFÖY PARA PİYASASI (TL) FONU,14.08.2026,"0,213764",349703752530.00,504877,"74753936221,63"
TLC,TEB PORTFÖY ALTERNATİFBANK DEĞİŞKEN ÖZEL FON,14.08.2026,"1,04388",287541747.00,242,"300158968,37"
TLE,AURA PORTFÖY YABANCI BORÇLANMA ARAÇLARI FONU,14.08.2026,"28,161129",18758158.00,925,"528250907,09"
TLH,AURA PORTFÖY HİSSE SENEDİ FONU (HİSSE SENEDİ YOĞUN FON),14.08.2026,"27,098554",4780717.00,339,"129550517,28"
TLK,AKTİF PORTFÖY PARA PİYASASI KATILIM (TL) FONU,14.08.2026,"1,755143",2080895084.00,1039,"3652267642,27"
TLT,TEB PORTFÖY YAHŞİ SERBEST (DÖVİZ) ÖZEL FON,14.08.2026,"70,629006",5663669.00,1,"400019313,71"
TLU,TEB PORTFÖY ONİKİNCİ SERBEST (DÖVİZ) FON,14.08.2026,"53,281319",166311216.00,518,"8861280874,86"
TLV,TERA PORTFÖY PARA PİYASASI KATILIM (TL) FONU,14.08.2026,"1,354988",2845235842.00,10023,"3855260438,98"
TLY,TERA PORTFÖY BİRİNCİ SERBEST FON,14.08.2026,"8591,591231",32421745.00,105962,"278554380034,80"
TLZ,ATA PORTFÖY KATILIM HİSSE SENEDİ (TL) FONU (HİSSE SENEDİ YOĞUN FON),14.08.2026,"19,327516",3672532.00,877,"70980922,61"
TMC,İŞ PORTFÖY TEMA DEĞİŞKEN FON,14.08.2026,"0,162873",1077208216.00,11979,"175448261,82"
TMG,İŞ PORTFÖY YABANCI HİSSE SENEDİ FONU,14.08.2026,"1,456592",3452187582.00,34894,"5028428285,93"
TMH,ALLBATROSS PORTFÖY ATMACA HİSSE SENEDİ SERBEST FON (HİSSE SENEDİ YOĞUN FON),14.08.2026,"0,00",0.00,12,"0,00"
TMM,TERA PORTFÖY İKİNCİ SERBEST (DÖVİZ) FON,14.08.2026,"72,087245",12948575.00,1322,"933427098,21"
TMR,TEB PORTFÖY MAKRO SERBEST ÖZEL FON,14.08.2026,"7,560207",1200475000.00,1,"9075839199,49"
TMS,TACİRLER PORTFÖY MARATON SERBEST FON,14.08.2026,"2,094688",188911191.00,86,"395709993,76"
TMU,AZİMUT PORTFÖY TEMKİNLİ FON SEPETİ FONU,14.08.2026,"1,414987",41241206.00,89,"58355788,81"
TMV,TERA PORTFÖY ALGORİTMİK STRATEJİLER SERBEST FON,14.08.2026,"9,100513",3871309241.00,11829,"35230900740,65"
TMZ,İŞ PORTFÖY SÜRDÜRÜLEBİLİRLİK VE TARIM FON SEPETİ FONU,14.08.2026,"1,947979",26029447.00,2543,"50704805,00"
TNB,TEB PORTFÖY ING BANK KAR PAYI ÖDEYEN SERBEST (DÖVİZ) ÖZEL FON,14.08.2026,"49,950117",14231905.00,82,"710885325,15"
TND,İŞ PORTFÖY TTF TENİSE DESTEK DEĞİŞKEN FON,14.08.2026,"1,492007",127545627.00,492,"190299017,52"
TNF,TEB PORTFÖY ONUNCU SERBEST (TL) ÖZEL FON,14.08.2026,"4,221508",1216123947.00,3,"5133876468,89"
TNH,TACİRLER PORTFÖY REAL CAPİTAL SERBEST ÖZEL FON,14.08.2026,"12,182652",85000.00,2,"1035525,46"
TNI,TEB PORTFÖY ING BANK ÖZEL BANKACILIK VE PLATİNUM DEĞİŞKEN ÖZEL FON,14.08.2026,"11,235354",692628056.00,2646,"7781921556,92"
TNK,TEB PORTFÖY KISA VADELİ BORÇLANMA ARAÇLARI (TL) FONU,14.08.2026,"33,548806",103094339.00,74061,"3458691946,85"
TNS,TACİRLER PORTFÖY NAR SERBEST FON,14.08.2026,"12,851409",7290358.00,16,"93691369,86"
TO8,TEB PORTFÖY ONSEKİZİNCİ SERBEST (DÖVİZ-AVRO) FON,14.08.2026,"56,042539",12561096.00,100,"703955710,56"
TOK,TEB PORTFÖY ONBİRİNCİ SERBEST (DÖVİZ - AVRO) FON,14.08.2026,"58,524022",416955738.00,7011,"24401926701,75"
TOT,TEB PORTFÖY ÖZEL SEKTÖR BORÇLANMA ARAÇLARI FONU,14.08.2026,"945,895073",121322.00,644,"114757882,02"
TP1,TEB PORTFÖY UYUM SERBEST (DÖVİZ) ÖZEL FON,14.08.2026,"67,793476",5611179.00,1,"380401328,51"
TP2,TERA PORTFÖY PARA PİYASASI (TL) FONU,14.08.2026,"2,150958",90292247137.00,152140,"194214857183,36"
TPC,TEB PORTFÖY KIYMETLİ MADENLER FON SEPETİ FONU,14.08.2026,"13,01467",455860198.00,12755,"5932870027,62"
TPE,İŞ PORTFÖY PY EUROBOND BORÇLANMA ARAÇLARI (DÖVİZ) ÖZEL FONU,14.08.2026,"0,546489",4337841496.00,34,"2370583742,88"
TPF,TACİRLER PORTFÖY BORÇLANMA ARAÇLARI FONU,14.08.2026,"10,994065",11255265.00,516,"123741112,87"
TPJ,TEB PORTFÖY BİRİNCİ SERBEST (DÖVİZ) FON,14.08.2026,"78,025808",28847448.00,1478,"2250845449,26"
TPL,TEB PORTFÖY EUROBOND (DÖVİZ) BORÇLANMA ARAÇLARI FONU,14.08.2026,"21,160572",23793945.01,1512,"503493476,82"
TPO,İŞ PORTFÖY PY ÖZEL SEKTÖR BORÇLANMA ARAÇLARI (TL) ÖZEL FONU,14.08.2026,"0,179848",585531154.00,3,"105306359,25"
TPP,TEB PORTFÖY PUSULA SERBEST FON,14.08.2026,"77,051943",24182000.00,388,"1863270086,99"
TPR,İŞ PORTFÖY PY HİSSE SENEDİ (TL) ÖZEL FONU (HİSSE SENEDİ YOĞUN FON),14.08.2026,"0,467255",21524221.00,1,"10057303,23"
TPV,AURA PORTFÖY İKİNCİ DEĞİŞKEN FON,14.08.2026,"10,497695",759989.00,43,"7978132,74"
TPZ,TEB PORTFÖY KİRA SERTİFİKALARI (DÖVİZ) KATILIM FONU,14.08.2026,"28,325926",4887613.00,1512,"138446162,01"
TRJ,TERA PORTFÖY BİRİNCİ BORÇLANMA ARAÇLARI (TL) FONU,14.08.2026,"2,145693",1015363407.00,4140,"2178658126,33"
TRN,AZİMUT PORTFÖY CO HİSSE SENEDİ SERBEST ÖZEL FON (HİSSE SENEDİ YOĞUN FON),14.08.2026,"0,963881",1829123080.00,1,"1763056544,11"
TRO,TRIVE PORTFÖY ALTIN FONU,14.08.2026,"2,512811",11847903.00,390,"29771544,30"
TRR,TEB PORTFÖY BEŞİNCİ SERBEST (TL) FONU,14.08.2026,"6,387684",371553777.00,460,"2373368102,35"
TRU,TERA PORTFÖY KATILIM SERBEST (DÖVİZ) FON,14.08.2026,"1,505449",195798556.00,246,"294764750,57"
TSI,İŞ PORTFÖY MAKSİMUM HESAP KISA VADELİ BORÇLANMA ARAÇLARI (TL) FONU,14.08.2026,"0,205438",109922360534.00,77575,"22582184469,74"
TSP,AZİMUT PORTFÖY TESA SERBEST (DÖVİZ) ÖZEL FON,14.08.2026,"70,410997",24536763.00,5,"1727657939,38"
TTA,İŞ PORTFÖY ALTIN FONU,14.08.2026,"0,622452",42796647887.00,221226,"26638842628,88"
TTE,İŞ PORTFÖY BIST TEKNOLOJİ AĞIRLIK SINIRLAMALI ENDEKSİ HİSSE SENEDİ (TL) FONU (HİSSE SENEDİ YOĞUN FON),14.08.2026,"1,816762",2293793817.00,45681,"4167276667,02"
TTL,TACİRLER PORTFÖY KARTOPU SERBEST FON,14.08.2026,"38,28804",7880115.00,376,"301714157,44"
TTP,TEB PORTFÖY ÜÇÜNCÜ SERBEST (DÖVİZ) FON,14.08.2026,"51,252361",17213905.00,105,"882253270,90"
TTS,TEB PORTFÖY DÖRDÜNCÜ SERBEST (DÖVİZ) ÖZEL FON,14.08.2026,"70,299543",31086506.00,1,"2185367170,16"
TTV,TACİRLER PORTFÖY VEGA SERBEST (TL)  FON,14.08.2026,"8,719618",326888858.00,33,"2850346028,57"
TTZ,DENİZ PORTFÖY EGE HİSSE SENEDİ SERBEST ÖZEL FON (HİSSE SENEDİ YOĞUN FON),14.08.2026,"3,642249",64074841.00,7,"233376495,14"
TUA,TEB PORTFÖY ALTIN FONU,14.08.2026,"1,453215",10539773575.21,31696,"15316555917,61"
TVE,EMAA BLUE PORTFÖY TARIM VE GIDA SEKTÖRÜ KATILIM FONU,14.08.2026,"1,109064",261616298.00,320,"290149134,12"
TVN,TRIVE PORTFÖY BİRİNCİ FON SEPETİ FONU,14.08.2026,"2,898602",2935274.00,523,"8508191,32"
TYH,TEB PORTFÖY HİSSE SENEDİ FONU (HİSSE SENEDİ YOĞUN FON),14.08.2026,"2,046232",553121850.84,6307,"1131815501,81"
TZC,ZİRAAT PORTFÖY BÜYÜYEN ÇOCUKLARA YÖNELİK DEĞİŞKEN ÖZEL FON,14.08.2026,"0,309304",99752888.00,1138,"30853989,02"
TZD,ZİRAAT PORTFÖY HİSSE SENEDİ FONU (HİSSE SENEDİ YOĞUN FON),14.08.2026,"2,503999",268796399.05,7876,"673065946,70"
TZH,ZİRAAT PORTFÖY TZH SERBEST ÖZEL FON,14.08.2026,"8,389889",7195513139.00,1,"60369555019,27"
TZL,ZİRAAT PORTFÖY PARA PİYASASI (TL) FONU,14.08.2026,"0,137124",732921697232.17,181915,"100500890613,02"
TZP,TACİRLER PORTFÖY RİGEL SERBEST ÖZEL FON,14.08.2026,"14,098728",79087453.00,14,"1115032510,79"
TZT,ZİRAAT PORTFÖY BORÇLANMA ARAÇLARI (TL) FONU,14.08.2026,"0,167256",1810519026.04,5785,"302819562,99"
TZV,ZİRAAT PORTFÖY KISA VADELİ BORÇLANMA ARAÇLARI (TL) FONU,14.08.2026,"941,10353",29474471.50,131659,"27738529182,39"
UAB,ÜNLÜ PORTFÖY BONCUK SERBEST (DÖVİZ) ÖZEL FON,14.08.2026,"5,406404",118042548.00,2,"638185746,08"
UAP,ÜNLÜ PORTFÖY ALTINCI SERBEST (DÖVİZ) ÖZEL FON,14.08.2026,"70,607008",6566450.00,1,"463637388,47"
UCN,AK PORTFÖY FNM HİSSE SENEDİ SERBEST ÖZEL FON (HİSSE SENEDİ YOĞUN FON),14.08.2026,"2,027285",539896801.00,2,"1094524577,61"
UCP,AK PORTFÖY ÜÇÜNCÜ PARA PİYASASI SERBEST (TL) FON,14.08.2026,"1,315369",12257867180.00,25,"16123612737,27"
UFH,AZİMUT PORTFÖY EE SERBEST (DÖVİZ) ÖZEL FON,14.08.2026,"72,575251",3676299.00,1,"266808320,84"
UHL,AZİMUT PORTFÖY ARUNA SERBEST (DÖVİZ) ÖZEL FON,14.08.2026,"73,230418",35723760.00,1,"2616065888,29"
UHS,ATLAS PORTFÖY ÜÇÜNCÜ HİSSE SENEDİ SERBEST FON (HİSSE SENEDİ YOĞUN FON),14.08.2026,"7,023314",53811937.00,13,"377938116,20"
ULH,ÜNLÜ PORTFÖY ONUNCU SERBEST FON,14.08.2026,"6,765577",196635393.00,242,"1330351799,54"
ULL,QNB PORTFÖY SEKİZİNCİ SERBEST (DÖVİZ) ÖZEL FON,14.08.2026,"70,534627",4096995.00,3,"288980014,81"
UNT,İŞ PORTFÖY ÜÇÜNCÜ SERBEST (TL) FON,14.08.2026,"1,553079",13087677504.00,258,"20326202531,32"
UP1,ÜNLÜ PORTFÖY ALTIN FONU,14.08.2026,"6,225956",221230339.00,1475,"1377370454,21"
UP2,ÜNLÜ PORTFÖY PARA PİYASASI SERBEST FON,14.08.2026,"4,187924",641301239.14,302,"2685720545,98"
UPD,ÜNLÜ PORTFÖY DÖRDÜNCÜ SERBEST (DÖVIZ) FON,14.08.2026,"22,011804",115128192.00,256,"2534179178,85"
UPH,ÜNLÜ PORTFÖY HİSSE SENEDİ (TL) FONU(HİSSE SENEDİ YOĞUN FON),14.08.2026,"29,982583",5901519.00,528,"176942784,77"
UPP,ÜNLÜ PORTFÖY PARA PİYASASI (TL) FONU,14.08.2026,"6,980797",372835070.00,916,"2602685830,99"
UPS,ÜNLÜ PORTFÖY SESA SERBEST ÖZEL FON,14.08.2026,"4,969964",211105000.00,1,"1049184342,42"
URA,ATA PORTFÖY ENERJİ DEĞİŞKEN FON,14.08.2026,"1,925026",368760782.00,9553,"709874060,69"
URC,AK PORTFÖY ONUNCU SERBEST (DÖVİZ) FON,14.08.2026,"55,419565",2939278.00,151,"162893509,35"
URD,ALBARAKA PORTFÖY ÜÇÜNCÜ KATILIM SERBEST (DÖVİZ-ABD DOLARI) FON,14.08.2026,"49,905237",218638822.00,12,"10911222319,16"
URG,AK PORTFÖY BİRİNCİ SERBEST (DÖVİZ) ÖZEL FON,14.08.2026,"75,724739",7502752.00,1,"568143936,34"
URM,AK PORTFÖY ÖPY ALTINCI SERBEST (DÖVİZ) ÖZEL FON,14.08.2026,"48,706441",93969560.00,5,"4576922811,35"
URS,AK PORTFÖY ORKİDE SERBEST ÖZEL FON,14.08.2026,"3,738447",262089128.00,1,"979806437,12"
URV,AK PORTFÖY GELİNCİK SERBEST ÖZEL FON,14.08.2026,"3,296577",2685399860.00,2,"8852628536,15"
USS,AZİMUT PORTFÖY UNİCO SİGORTA SERBEST (TL) ÖZEL FON,14.08.2026,"3,821021",1084034643.00,1,"4142119390,19"
UST,İŞ PORTFÖY ÜÇÜNCÜ SERBEST (TL) ÖZEL FON,14.08.2026,"4,179456",468839001.00,1,"1959491952,72"
USY,ÜNLÜ PORTFÖY DEĞER YATIRIMLARI SERBEST FON,14.08.2026,"0,259513",5185403572.00,396,"1345677278,92"
UYH,ÜNLÜ PORTFÖY DOKUZUNCU SERBEST (TL) FON,14.08.2026,"5,023627",136548376.00,12,"685968048,30"
UZY,ÜNLÜ PORTFÖY İKİNCİ İSTATİSTİKSEL ARBİTRAJ SERBEST FON,14.08.2026,"9,144656",29874741.00,39,"273194227,65"
VAY,AK PORTFÖY DEĞER ODAKLI 100 ŞİRKETLERİ HİSSE SENEDİ (TL) FONU (HİSSE SENEDİ YOĞUN FON),14.08.2026,"1,563371",26213539.00,3019,"40981481,11"
VCD,AZİMUT PORTFÖY İKİNCİ SERBEST FON,14.08.2026,"6,266671",680959187.00,12,"4267347281,47"
VCG,AZİMUT PORTFÖY DÖRDÜNCÜ SERBEST (TL) FON,14.08.2026,"5,693544",346606007.00,13,"1973416483,03"
VCY,AK PORTFÖY ELEKTRİKLİ VE OTONOM ARAÇ TEKNOLOJİLERİ DEĞİŞKEN FON,14.08.2026,"3,510703",47069654.00,12111,"165247575,27"
VFK,ZİRAAT PORTFÖY İKİNCİ KISA VADELİ KİRA SERTİFİKALARI KATILIM (TL) FONU,14.08.2026,"5,426045",568499044.00,5600,"3084701580,38"
VFO,V PORTFÖY ALTIN KATILIM FONU,14.08.2026,"1,002073",105425274.00,2754,"105643835,00"
VFS,AZİMUT PORTFÖY AVF SERBEST ÖZEL FON,14.08.2026,"1,957805",3220695.00,1,"6305491,77"
VHS,VAKIF KATILIM PORTFÖY KATILIM HİSSE SENEDİ FONU (HİSSE SENEDİ YOĞUN FON),14.08.2026,"0,965274",46008877.00,377,"44411150,62"
VK6,V PORTFÖY VAKIFBANK PARA PİYASASI (TL) FONU,14.08.2026,"4,122839",20559817209.99,158835,"84764809987,31"
VKI,ALBARAKA PORTFÖY VAKIF KATILIM İKİNCİ KISA VADELİ KATILIM SERBEST (TL) FON,14.08.2026,"3,085107",1667402451.00,366,"5144115450,89"
VKK,VAKIF KATILIM PORTFÖY KİRA SERTİFİKALARI KATILIM FONU,14.08.2026,"1,075602",58642207.00,363,"63075671,38"
VKT,V PORTFÖY VAKIFBANK KISA VADELİ BORÇLANMA ARAÇLARI (TL) FONU,14.08.2026,"0,120823",31950946284.96,42360,"3860394464,74"
VKV,VAKIF KATILIM PORTFÖY KISA VADELİ KİRA SERTİFİKALARI KATILIM FONU,14.08.2026,"1,07598",404269146.00,810,"434985350,57"
VLT,VAKIF KATILIM PORTFÖY ALTIN KATILIM FONU,14.08.2026,"1,013233",60953298.00,458,"61759902,70"
VMV,VEGA PORTFÖY MAVİ SERBEST FON,14.08.2026,"2,764446",2476634080.00,153,"6846522277,88"
VNK,VEGA PORTFÖY ANKA SERBEST FON,14.08.2026,"2,393791",1607249223.00,248,"3847418477,65"
VPA,VAKIF KATILIM PORTFÖY PARA PİYASASI KATILIM FONU,14.08.2026,"1,102166",6359978227.00,3002,"7009749901,01"
VPP,VEGA PORTFÖY PARLA SERBEST (DÖVİZ) FON,14.08.2026,"53,348131",27238512.00,548,"1453123704,08"
VPS,VEGA PORTFÖY SALUR HİSSE SENEDİ SERBEST (TL) FON (HİSSE SENEDİ YOĞUN FON),14.08.2026,"0,882369",1575300787.00,6128,"1389996034,27"
VRK,DENİZ PORTFÖY ÇOKLU VARLIK KATILIM FONU,14.08.2026,"1,304985",34139232.00,148,"44551191,83"
VTF,AZİMUT PORTFÖY VİTA SERBEST ÖZEL FON,14.08.2026,"2,185793",191149460.00,1,"417813155,95"
VTL,V PORTFÖY KISA VADELİ KİRA SERTİFİKALARI KATILIM (TL) FONU,14.08.2026,"1,099837",2336099961.00,6783,"2569328010,46"
YA1,YAPI KREDİ PORTFÖY BİRİNCİ SERBEST FON,14.08.2026,"1,412351",11991646596.00,22,"16936415948,89"
YAC,YAPI KREDİ PORTFÖY İKİNCİ FON SEPETİ FONU,14.08.2026,"14,556637",374375562.00,9848,"5449649049,79"
YAE,YAPI KREDİ PORTFÖY TLREF'E ENDEKSLİ BORÇLANMA ARAÇLARI (TL) FONU,14.08.2026,"1,174178",56924459.00,586,"66839468,04"
YAK,YAPI KREDİ PORTFÖY KARMA FON,14.08.2026,"5,115162",217588946.41,108182,"1113002794,37"
YAN,YAPI KREDİ PORTFÖY BİRİNCİ FON SEPETİ FONU,14.08.2026,"14,425207",128663497.00,3582,"1855997573,58"
YAR,İŞ PORTFÖY RESAN DEĞİŞKEN ÖZEL FON,14.08.2026,"27,07069",28000000.00,1,"757979314,60"
YAS,YAPI KREDİ PORTFÖY KOÇ HOLDİNG İŞTİRAK VE HİSSE SENEDİ FONU(HİSSE SENEDİ YOĞUN FON),14.08.2026,"14,494471",439919991.00,62776,"6376407491,23"
YAY,YAPI KREDİ PORTFÖY YABANCI TEKNOLOJİ SEKTÖRÜ HİSSE SENEDİ FONU,14.08.2026,"1886,157301",7227032.00,43922,"13631319168,93"
YBE,YAPI KREDİ PORTFÖY EUROBOND (DOLAR) BORÇLANMA ARAÇLARI FONU,14.08.2026,"1,843732",2713168732.00,14000,"5002354835,39"
YBH,YAPI KREDİ PORTFÖY 5-15 YIL VADELİ SERBEST (DÖVİZ) FON,14.08.2026,"54,019004",11909528.00,608,"643340838,35"
YBJ,DENİZ PORTFÖY AYBÜKE SERBEST (DÖVİZ) ÖZEL FON,14.08.2026,"58,345236",33065444.00,1,"1929211150,12"
YBP,YAPI KREDİ PORTFÖY PY BİRİNCİ DEĞİŞKEN ÖZEL FON,14.08.2026,"12,621111",74901488.00,55,"945340001,22"
YBR,İŞ PORTFÖY YİRMİBİRİNCİ SERBEST (DÖVİZ) FON,14.08.2026,"55,306472",110164399.00,2523,"6092804288,88"
YBS,YAPI KREDİ PORTFÖY ÖZEL SEKTÖR BORÇLANMA ARAÇLARI FONU,14.08.2026,"0,144476",13867632497.00,11813,"2003544212,67"
YCG,YAPI KREDİ PORTFÖY KARŞIYAKA SERBEST (DÖVİZ) ÖZEL FON,14.08.2026,"60,555521",3330205.00,4,"201662298,95"
YCH,YAPI KREDİ PORTFÖY ODEABANK AYRICALIKLI VE ÖZEL BANKACILIK FON SEPETİ ÖZEL FONU,14.08.2026,"2,673934",40693972.00,116,"108813010,98"
YCK,YAPI KREDİ PORTFÖY CİHANGİR SERBEST FON,14.08.2026,"4,744447",88184824.00,148,"418388254,22"
YCL,ATA PORTFÖY BEŞİNCİ SERBEST FON,14.08.2026,"10,249184",19205253.00,10,"196838168,76"
YCP,YAPI KREDİ PORTFÖY BANKACILIK SEKTÖRÜ HİSSE SENEDİ SERBEST FON (HİSSE SENEDİ YOĞUN FON),14.08.2026,"8,219429",117995996.00,2018,"969859713,65"
YCY,İSTANBUL PORTFÖY KATILIM FON SEPETİ FONU,14.08.2026,"4,059996",65930700.00,270,"267678390,21"
YDH,AK PORTFÖY YEDİNCİ SERBEST FON,14.08.2026,"1,117066",3624151715.00,1,"4048416216,49"
YDI,YAPI KREDİ PORTFÖY MODEL PORTFÖY HİSSE SENEDİ FONU (HİSSE SENEDİ YOĞUN FON),14.08.2026,"0,469076",2416861459.00,6949,"1133691953,72"
YDK,YAPI KREDİ PORTFÖY ÇALIŞAN HESAP KISA VADELİ BORÇLANMA ARAÇLARI FONU,14.08.2026,"0,118838",1236244427.00,48519,"146913311,11"
YDL,YAPI KREDİ PORTFÖY ADALAR SERBEST (DÖVİZ) ÖZEL FON,14.08.2026,"59,604779",20936234.00,8,"1247899608,43"
YDM,AZİMUT PORTFÖY 24.0 SERBEST ÖZEL FON,14.08.2026,"1,854843",678686262.00,2,"1258856644,38"
YDP,YAPI KREDİ PORTFÖY BİRİNCİ DEĞİŞKEN FON,14.08.2026,"2,249896",165730925.00,2413,"372877289,57"
YDZ,YAPI KREDİ PORTFÖY ODEABANK DÖRDÜNCÜ SERBEST (DÖVİZ) ÖZEL FON,14.08.2026,"54,767312",206671608.00,2924,"11318848491,27"
YEF,YAPI KREDİ PORTFÖY BIST 30 ENDEKSİ HİSSE SENEDİ FONU (HİSSE SENEDİ YOĞUN FON),14.08.2026,"0,953226",1871037930.01,13370,"1783522287,17"
YFV,YAPI KREDİ PORTFÖY KİRA SERTİFİKALARI KATILIM FONU,14.08.2026,"0,104273",8432777760.00,7430,"879310913,46"
YGM,YAPI KREDİ PORTFÖY EMTİA SERBEST FON,14.08.2026,"3,282691",160800506.00,1959,"527858343,61"
YHB,YAPI KREDİ PORTFÖY BIST 100 DIŞI ŞİRKETLER HİSSE SENEDİ FONU (HİSSE SENEDİ YOĞUN FON),14.08.2026,"2,375438",117354608.00,7089,"278768586,14"
YHI,YAPI KREDİ PORTFÖY İNŞAAT SEKTÖRÜ HİSSE SENEDİ SERBEST (TL) FON (HİSSE SENEDİ YOĞUN FON),14.08.2026,"1,471932",39375829.00,244,"57958524,87"
YHK,YAPI KREDİ PORTFÖY KATILIM HİSSE SENEDİ FONU (HİSSE SENEDİ YOĞUN FON),14.08.2026,"2,033651",622430781.00,6869,"1265806753,98"
YHP,YAPI KREDİ PORTFÖY KADIKÖY SERBEST FON,14.08.2026,"4,542818",390000000.00,1,"1771698924,83"
YHS,YAPI KREDİ PORTFÖY BİRİNCİ HİSSE SENEDİ FONU (HİSSE SENEDİ YOĞUN FON),14.08.2026,"26,34199",115839233.00,8519,"3051435950,08"
YHT,YAPI KREDİ PORTFÖY KISA VADELİ BORÇLANMA ARAÇLARI (TL) FONU,14.08.2026,"0,410291",5502326204.89,85804,"2257555319,04"
YHY,INVEO PORTFÖY YEDİNCİ HİSSE SENEDİ SERBEST FON (HİSSE SENEDİ YOĞUN FON),14.08.2026,"1,061982",182319880.00,18,"193620487,60"
YHZ,YAPI KREDİ PORTFÖY BIST TEKNOLOJİ AĞIRLIK SINIRLAMALI ENDEKSİ HİSSE SENEDİ FONU ( HİSSE SENEDİ YOĞUN FON),14.08.2026,"10,286418",139488457.00,16793,"1434836626,67"
YIK,YAPI KREDİ PORTFÖY İKİNCİ PARA PİYASASI SERBEST (TL) FON,14.08.2026,"1,524445",16465144704.00,1485,"25100208933,83"
YIS,YAPI KREDİ PORTFÖY İKİNCİ SERBEST ÖZEL FON,14.08.2026,"1,411442",740375889.00,1,"1044997987,09"
YIT,GARANTİ PORTFÖY YARI İLETKEN TEKNOLOJİLERİ DEĞİŞKEN FON,14.08.2026,"2,781889",910323641.00,17109,"2532419661,82"
YIV,YAPI KREDİ PORTFÖY ALLİANZ DEĞİŞKEN ÖZEL FON,14.08.2026,"3,581631",1596898432.00,2,"5719500312,96"
YJA,YAPI KREDİ PORTFÖY PY ALSANCAK SERBEST ( DÖVİZ) ÖZEL FON,14.08.2026,"67,346054",5986933.00,4,"403196316,08"
YJH,YAPI KREDİ PORTFÖY TEMİZ ENERJİ DEĞİŞKEN FONU,14.08.2026,"3,954654",50979629.00,4149,"201606772,30"
YJK,YAPI KREDİ PORTFÖY ROBOTİK VE YARI İLETKEN TEKNOLOJİLERİ FON SEPETİ FONU,14.08.2026,"5,926197",181073436.00,13889,"1073076893,49"
YJU,YAPI KREDİ PORTFÖY PY ULUDAĞ SERBEST (DÖVİZ) ÖZEL FON,14.08.2026,"66,242109",6657607.00,1,"441013928,28"
YJY,YAPI KREDİ PORTFÖY YENİKÖY SERBEST (DÖVİZ) FON,14.08.2026,"57,670845",1339857289.00,9066,"77270702010,40"
YKS,YAPI KREDİ PORTFÖY İSTANBUL SERBEST FON,14.08.2026,"0,345477",1729078921.00,357,"597357629,04"
YKT,YAPI KREDİ PORTFÖY ALTIN FONU,14.08.2026,"0,881984",37863921616.00,86940,"33395382652,95"
YLB,YAPI KREDİ PORTFÖY PARA PİYASASI FONU,14.08.2026,"1,805628",58752149752.00,351496,"106084527236,11"
YLC,ATA PORTFÖY TARIM VE GIDA DEĞİŞKEN FON,14.08.2026,"3,895757",20113553.00,1356,"78357517,26"
YLE,YAPI KREDİ PORTFÖY BIST SÜRDÜRÜLEBİLİRLİK ENDEKSİ HİSSE SENEDİ FONU (HİSSE SENEDİ YOĞUN FON),14.08.2026,"8,542788",33030061.00,2287,"282168799,18"
YLO,YAPI KREDİ PORTFÖY ELEKTRİKLİ ARAÇLAR DEĞİŞKEN FON,14.08.2026,"5,667254",45873467.00,5159,"259976609,75"
YLR,YAPI KREDİ PORTFÖY AKATLAR SERBEST (DÖVİZ) ÖZEL FON,14.08.2026,"2,582209",4898.00,4,"12647,66"
YLY,YAPI KREDİ PORTFÖY KAR PAYI ÖDEYEN HİSSE SENEDİ (TL) FON (HİSSE SENEDİ YOĞUN FON),14.08.2026,"2,209879",14136537.00,862,"31240032,74"
YLZ,BULLS PORTFÖY YILDIZ PAZAR ŞİRKETLERİ HİSSE SENEDİ SERBEST FON (HİSSE SENEDİ YOĞUN FON),14.08.2026,"3,537738",1201409747.00,16,"4250272503,79"
YMD,YAPI KREDİ PORTFÖY MASLAK SERBEST (DÖVİZ- ABD DOLARI) FON,14.08.2026,"56,436737",136554613.00,1462,"7706696791,54"
YMH,YAPI KREDİ PORTFÖY MUTLAK GETİRİ HEDEFLİ HİSSE SENEDİ SERBEST FON (HİSSE SENEDİ YOĞUN FON),14.08.2026,"1,581524",265986841.00,321,"420664478,53"
YMP,QNB PORTFÖY YMK PARA PİYASASI (TL) ÖZEL FON,14.08.2026,"1,149059",370213201.00,105,"425396950,74"
YNF,AK PORTFÖY AKBANK YENİ NESİL FON SEPETİ ÖZEL FONU,14.08.2026,"1,025428",22443.00,16,"23013,68"
YNK,YAPI KREDİ PORTFÖY NİŞANTAŞI KAR PAYI ÖDEYEN SERBEST (DÖVİZ) FON,14.08.2026,"47,944949",414850356.00,1167,"19889979326,37"
YNL,YAPI KREDİ PORTFÖY CADDEBOSTAN SERBEST (DÖVİZ) ÖZEL FON,14.08.2026,"55,20215",3981930.00,1,"219811098,60"
YOA,YAPI KREDİ PORTFÖY PY BORÇLANMA ARAÇLARI (DÖVİZ) ÖZEL FONU,14.08.2026,"89,415304",21438477.00,140,"1916927941,65"
YOS,YAPI KREDİ PORTFÖY ODEABANK SERBEST (DÖVİZ-AVRO) ÖZEL FON,14.08.2026,"56,163605",22152456.00,274,"1244161791,62"
YOT,YAPI KREDİ PORTFÖY BORÇLANMA ARAÇLARI FONU,14.08.2026,"39,796195",45444380.06,9785,"1808513421,04"
YOZ,DENİZ PORTFÖY YAKAMOZ SERBEST (DÖVİZ) FON,14.08.2026,"49,381083",938490500.00,2035,"46343677024,50"
YP1,YAPI KREDİ PORTFÖY PY GÜMÜŞSUYU SERBEST (DÖVIZ) ÖZEL FON,14.08.2026,"64,282919",3412953.00,3,"219394581,87"
YP2,YAPI KREDİ PORTFÖY PERA SERBEST (DÖVİZ) ÖZEL FON,14.08.2026,"73,423243",18589148.00,1,"1364875539,44"
YP4,YAPI KREDİ PORTFÖY FERİKÖY SERBEST (DÖVİZ) FON,14.08.2026,"54,251737",2462071115.00,29571,"133571633609,55"
YPC,YAPI KREDİ PORTFÖY SÜRDÜRÜLEBİLİRLİK DEĞİŞKEN FON,14.08.2026,"5,56023",9356955.00,2369,"52026824,32"
YPD,YAPI KREDİ PORTFÖY ALARA SERBEST (DÖVİZ) ÖZEL FON,14.08.2026,"68,133619",1468661.00,2,"100065189,66"
YPF,YAPI KREDİ PORTFÖY ALFA SERBEST FON,14.08.2026,"10,191897",133038856.00,524,"1355918361,42"
YPI,YAPI KREDİ PORTFÖY PY GÖZTEPE SERBEST (DÖVİZ) ÖZEL FON,14.08.2026,"56,644642",36143707.00,60,"2047347348,97"
YPK,YAPI KREDİ PORTFÖY GALATA SERBEST FON,14.08.2026,"14,259825",14581387.00,227,"207928032,35"
YPL,YAPI KREDİ PORTFÖY BALAT SERBEST (DÖVİZ) FON,14.08.2026,"73,418448",184101444.00,1570,"13516442215,31"
YPN,İŞ PORTFÖY YİRMİNCİ SERBEST (DÖVİZ- POUND) FON,14.08.2026,"67,271814",53641068.00,1034,"3608531945,53"
YPP,YAPI KREDİ PORTFÖY PY KUZGUNCUK SERBEST ÖZEL FON,14.08.2026,"24,759187",187058807.00,1,"4631424000,43"
YPR,AZİMUT PORTFÖY YILDIZ PAZAR ŞİRKETLERİ HİSSE SENEDİ FONU (HİSSE SENEDİ YOĞUN FON),14.08.2026,"1,672171",47402508.00,336,"79265096,17"
YPT,YAPI KREDİ PORTFÖY PARA PİYASASI SERBEST (TL) FON,14.08.2026,"4,110383",31987643809.00,19525,"131481467397,57"
YPU,YAPI KREDİ PORTFÖY SERBEST (DÖVİZ-POUND) FON,14.08.2026,"66,294128",72639106.00,1894,"4815546186,36"
YPV,YAPI KREDİ PORTFÖY ÜÇÜNCÜ FON SEPETİ FONU,14.08.2026,"7,823178",706428467.00,3367,"5526515853,02"
YRZ,YAPI KREDİ PORTFÖY ŞUBAT 2027 KAR PAYI ÖDEYEN SERBEST (DÖVİZ) FON,14.08.2026,"48,575786",16463480.00,157,"799726473,18"
YSA,YAPI KREDİ PORTFÖY SUADİYE SERBEST (DÖVİZ) FON,14.08.2026,"49,358575",6387329.00,295,"315269458,23"
YSH,YAPI KREDİ PORTFÖY BÜYÜK ÖLÇEKLİ ŞİRKETLER DEĞİŞKEN FON,14.08.2026,"1,001162",57653510.00,349,"57720480,19"
YSL,YAPI KREDİ PORTFÖY KAR PAYI ÖDEYEN KİRA SERTİFİKALARI KATILIM SERBEST (DÖVİZ) FON,14.08.2026,"43,60183",15613714.00,384,"680786504,25"
YSO,YAPI KREDİ PORTFÖY SAĞLIK SEKTÖRÜ SERBEST FON,14.08.2026,"1,565206",53096883.00,344,"83107584,34"
YSU,YAPI KREDİ PORTFÖY ÜÇÜNCÜ DEĞİŞKEN FON,14.08.2026,"0,172739",1406316397.00,6118,"242925389,64"
YTD,YAPI KREDİ PORTFÖY YABANCI FON SEPETİ FONU,14.08.2026,"0,959863",1832005848.00,14875,"1758475277,20"
YTJ,YAPI KREDİ PORTFÖY DUDULLU SERBEST (DÖVİZ) ÖZEL FON,14.08.2026,"69,912305",17568640.00,1,"1228264124,20"
YTO,YAPI KREDİ PORTFÖY TOPHANE PARK SERBEST (DÖVİZ) ÖZEL FON,14.08.2026,"53,563556",13213103.00,4,"707740782,02"
YTR,YAPI KREDİ PORTFÖY LARA SERBEST (DÖVİZ-AVRO) ÖZEL FON,14.08.2026,"79,704311",7745398.00,2,"617341614,15"
YTV,YAPI KREDİ PORTFÖY TARIM DEĞİŞKEN FON,14.08.2026,"3,031252",68899746.00,2269,"208852515,42"
YTY,YAPI KREDİ PORTFÖY TARABYA SERBEST (DÖVİZ-AVRO) FON,14.08.2026,"58,663404",1957391876.00,20701,"114827269949,50"
YUB,YAPI KREDİ PORTFÖY KARAKÖY HİSSE SENEDİ SERBEST FON (HİSSE SENEDİ YOĞUN FON),14.08.2026,"5,284711",72893008.00,582,"385218448,06"
YUD,YAPI KREDİ PORTFÖY BODRUM SERBEST [DÖVİZ] ÖZEL FON,14.08.2026,"75,478335",3403000.00,2,"256852772,78"
YUI,YAPI KREDİ PORTFÖY PY BEYKOZ SERBEST ÖZEL FON,14.08.2026,"1,915019",479200096.00,7,"917677064,59"
YUK,YAPI KREDİ PORTFÖY ÜSKÜDAR KAR PAYI ÖDEYEN SERBEST (DÖVİZ) FON,14.08.2026,"50,122147",27176980.00,147,"1362168578,48"
YUN,YAPI KREDİ PORTFÖY İSTİNYE SERBEST (DÖVİZ) FON,14.08.2026,"58,294103",55081862.00,595,"3210947740,47"
YUY,YAPI KREDİ PORTFÖY ALLİANZ KAR PAYI ÖDEYEN SERBEST (TL) ÖZEL FON,14.08.2026,"1,016504",990361196.00,2,"1006705790,68"
YVB,YAPI KREDİ PORTFÖY UZUN VADELİ BORÇLANMA ARAÇLARI FONU,14.08.2026,"1,350301",76597559.00,621,"103429752,01"
YVD,YAPI KREDİ PORTFÖY İKİNCİ PARA PİYASASI (TL) FONU,14.08.2026,"4,383223",9579895575.00,81091,"41990814064,11"
YVF,YAPI KREDİ PORTFÖY ETİLER SERBEST (DÖVİZ) ÖZEL FON,14.08.2026,"73,466809",12953276.00,4,"951635859,52"
YVG,YAPI KREDİ PORTFÖY SARIYER SERBEST (DÖVİZ-AVRO) FON,14.08.2026,"62,759884",93769127.00,1220,"5884939513,82"
YVO,YAPI KREDİ PORTFÖY NİLÜFER SERBEST (DÖVİZ) ÖZEL FON,14.08.2026,"70,066354",10482636.00,2,"734480088,54"
YVS,YAPI KREDİ PORTFÖY BEYOĞLU SERBEST (DÖVİZ) ÖZEL FON,14.08.2026,"76,119427",5777712.00,6,"439796128,41"
YZC,YAPI KREDİ PORTFÖY FİNTECH VE BLOCKCHAİN TEKNOLOJİLERİ DEĞİŞKEN FON,14.08.2026,"5,058664",126707220.00,12350,"640969292,06"
YZF,YAPI KREDİ PORTFÖY PY ERENKÖY  SERBEST (DÖVIZ) ÖZEL FON,14.08.2026,"100,726272",4750000.00,1,"478449793,83"
YZG,YAPI KREDİ PORTFÖY GÜMÜŞ FON SEPETİ FONU,14.08.2026,"13,013224",844022842.00,61313,"10983457901,83"
YZH,TEB PORTFÖY BIST BANKA ENDEKSİ HİSSE SENEDİ FONU (HİSSE SENEDİ YOĞUN),14.08.2026,"10,579822",59456521.00,5662,"629039436,59"
YZK,YAPI KREDİ PORTFÖY KALAMIŞ SERBEST FON,14.08.2026,"7,857127",26932387.00,193,"211611180,55"
YZL,YAPI KREDİ PORTFÖY PY ÇAMLICA SERBEST ÖZEL FON,14.08.2026,"5,510263",97604592.00,59,"537826944,74"
YZT,AK PORTFÖY YAPAY ZEKA TEKNOLOJİLERİ ŞİRKETLERİ DEĞİŞKEN FON,14.08.2026,"1,010598",314402388.00,6542,"317734493,80"
ZA2,KUVEYT TÜRK PORTFÖY İKİNCİ SEPET HESAP PARA PİYASASI KATILIM FONU,14.08.2026,"2,033045",2113757623.00,613,"4297363361,16"
ZAD,KUVEYT TÜRK PORTFÖY SEPET HESAP KATILIM SERBEST (DÖVİZ) FON,14.08.2026,"46,148308",331891.00,46,"15316208,17"
ZAV,ZİRAAT PORTFÖY BAŞAK SERBEST (DÖVİZ-AVRO) FON,14.08.2026,"56,875786",1098161725.00,4863,"62458810741,53"
ZAY,KUVEYT TÜRK PORTFÖY SEPET HESAP PARA PİYASASI KATILIM (TL) FONU,14.08.2026,"6,363207",242465615.00,3352,"1542858939,61"
ZBD,ZİRAAT PORTFÖY DENGELİ DEĞİŞKEN FON,14.08.2026,"669,471509",1374964.39,2063,"920499492,07"
ZBI,ZİRAAT PORTFÖY TEMKİNLİ KATILIM FONU,14.08.2026,"2,257123",90383878.00,1800,"204007498,82"
ZBJ,ZİRAAT PORTFÖY BAŞAK PARA PİYASASI (TL) FONU,14.08.2026,"5,139428",12914391064.58,20071,"66372580615,28"
ZBN,ZİRAAT PORTFÖY HİSSE SENEDİ SERBEST (TL) FON (HİSSE SENEDİ YOĞUN FON),14.08.2026,"23,677741",6440681.00,172,"152500774,15"
ZBO,ZİRAAT PORTFÖY MUTLAK GETİRİ HEDEFLİ HİSSE SENEDİ SERBEST FON (HİSSE SENEDİ YOĞUN FON),14.08.2026,"3,258325",140832145.00,238,"458876947,31"
ZBZ,ZİRAAT PORTFÖY GÜLLÜ SERBEST (DÖVİZ) ÖZEL FON,14.08.2026,"67,598901",5249835.00,1,"354883078,15"
ZCA,ZİRAAT PORTFÖY ÖPY BİRİNCİ SERBEST (TL) ÖZEL FON,14.08.2026,"8,545426",7535598.00,1,"64394897,24"
ZCB,ZİRAAT PORTFÖY MGN SERBEST (DÖVİZ) ÖZEL FON,14.08.2026,"74,488035",89041.00,3,"6632489,15"
ZCC,ZİRAAT PORTFÖY DURUSU SERBEST (DÖVİZ) ÖZEL FON,14.08.2026,"79,610649",5285255.00,2,"420762579,93"
ZCD,ZİRAAT PORTFÖY ALTINCI SERBEST (TL) FON,14.08.2026,"4,703433",285176169.00,474,"1341307144,01"
ZCE,ZİRAAT PORTFÖY TÜRK ALTIN SERBEST (TL) ÖZEL FON,14.08.2026,"4,653254",2807733694.00,1,"13065098372,64"
ZCF,ZİRAAT PORTFÖY MKA SERBEST (TL) ÖZEL FON,14.08.2026,"4,049693",460998205.00,1,"1866901302,68"
ZCG,ZİRAAT PORTFÖY DOKUZUNCU SERBEST (TL) FON,14.08.2026,"6,676495",150135803.00,161,"1002380888,29"
ZCH,ZİRAAT PORTFÖY ODAK SERBEST ÖZEL FON,14.08.2026,"2,452464",2057994652.00,1,"5047158622,10"
ZCK,ZİRAAT PORTFÖY AGRESİF KATILIM FONU,14.08.2026,"1,782733",206677345.00,2194,"368450619,36"
ZCN,ZİRAAT PORTFÖY EMTİA FON SEPETİ FONU,14.08.2026,"3,9606",144094200.00,6597,"570699485,56"
ZDD,ZİRAAT PORTFÖY TEMKİNLİ DEĞİŞKEN FON,14.08.2026,"7,431196",68182377.00,1388,"506676580,79"
ZDK,ZİRAAT PORTFÖY ÖPY DÖRDÜNCÜ KATILIM SERBEST (DÖVİZ-ABD DOLARI) ÖZEL FON,14.08.2026,"15,756297",209538.00,1,"3301542,96"
ZDZ,ZİRAAT PORTFÖY AGRESİF DEĞİŞKEN FON,14.08.2026,"12,445979",78862244.00,8646,"981517856,58"
ZFB,AK PORTFÖY FİNTEK VE BLOKZİNCİRİ TEKNOLOJİLERİ DEĞİŞKEN FON,14.08.2026,"7,49336",143289648.00,15314,"1073720879,84"
ZFZ,ZİRAAT PORTFÖY ANKARA SERBEST (DÖVİZ) ÖZEL FON,14.08.2026,"69,884965",321427105.00,3,"22462921928,94"
ZHH,ZİRAAT PORTFÖY HALKBANK SÜRDÜRÜLEBİLİRLİK 30 ŞİRKETLERİ HİSSE SENEDİ FONU (HİSSE SENEDİ YOĞUN FON),14.08.2026,"1,437993",60619617.00,1055,"87170560,99"
ZIH,ZİRAAT PORTFÖY HAVACILIK VE SAVUNMA TEKNOLOJİLERİ DEĞİŞKEN FON,14.08.2026,"1,010206",285901744.00,4938,"288819532,69"
ZJB,ZİRAAT PORTFÖY BİRİNCİ SERBEST (TL) FON,14.08.2026,"10,437827",807752559.00,1757,"8431181228,67"
ZJH,ZİRAAT PORTFÖY V10 SERBEST (DÖVİZ) ÖZEL FON,14.08.2026,"61,577788",3385999.00,1,"208502327,19"
ZJI,ZİRAAT PORTFÖY İKİNCİ SERBEST (TL) FON,14.08.2026,"10,762681",633560896.00,1716,"6818813976,41"
ZJL,ZİRAAT PORTFÖY BIST 100 DIŞI ŞİRKETLER HİSSE SENEDİ FONU (HİSSE SENEDİ YOĞUN FON),14.08.2026,"14,601393",27668200.00,2630,"403994249,72"
ZJR,ZİRAAT PORTFÖY TÜRK REASÜRANS HİSSE SENEDİ SERBEST ÖZEL FON (HİSSE SENEDİ YOĞUN FON),14.08.2026,"55,842329",3577.00,1,"199748,01"
ZJT,ZİRAAT PORTFÖY DURU SERBEST (DÖVİZ) ÖZEL FON,14.08.2026,"67,9563",19895159.00,1,"1352001396,81"
ZJV,ZİRAAT PORTFÖY BIST 30 DIŞI YILDIZ PAZAR ŞİRKETLERİ HİSSE SENEDİ FONU (HİSSE SENEDİ YOĞUN FON),14.08.2026,"10,610468",62847900.00,1353,"666845612,28"
ZK1,ZİRAAT PORTFÖY BAŞAK KATILIM SERBEST (DÖVİZ-AMERİKAN DOLARI) FON,14.08.2026,"50,366956",44792783.00,108,"2256076134,16"
ZK2,ZİRAAT PORTFÖY BAŞAK KATILIM SERBEST (DÖVİZ-AVRO) FON,14.08.2026,"57,733485",29677925.00,72,"1713410031,25"
ZKK,ZİRAAT PORTFÖY ESSA KATILIM SERBEST (DÖVİZ-AVRO) ÖZEL FON,14.08.2026,"24,948502",93667474.00,1,"2336863161,95"
ZLB,TEB PORTFÖY TEB ÖZEL BANKACILIK SERBEST (DÖVİZ) ÖZEL FON,14.08.2026,"50,133658",9898940.00,47,"496270071,44"
ZLG,AK PORTFÖY MARAL SERBEST (DÖVİZ) ÖZEL FON,14.08.2026,"64,428179",16832812.00,1,"1084507425,65"
ZLH,ZİRAAT PORTFÖY BIST 100-30 ŞİRKETLERİ HİSSE SENEDİ FONU ( HİSSE SENEDİ YOĞUN FON),14.08.2026,"11,55332",38955100.00,3382,"450060735,28"
ZMT,AZİMUT PORTFÖY 22.0 SERBEST (DÖVİZ-AVRO) FON,14.08.2026,"62,627102",26406490.00,307,"1653761946,53"
ZMU,AZİMUT PORTFÖY 23.0 HİSSE SENEDİ SERBEST FON (HİSSE SENEDİ YOĞUN FON),14.08.2026,"0,212186",90283015.00,14,"19156821,27"
ZMY,ZİRAAT PORTFÖY METAVERSE VE YENİ TEKNOLOJİLER DEĞİŞKEN FON,14.08.2026,"6,773203",29547700.00,2793,"200132574,62"
ZNF,ZİRAAT PORTFÖY BDEM SERBEST (DÖVİZ-AVRO) ÖZEL FON,14.08.2026,"54,679644",15219818.00,1,"832214224,02"
ZOS,ZİRAAT PORTFÖY ONBEŞİNCİ SERBEST FON,14.08.2026,"1,882629",306521428.00,11,"577066127,32"
ZP1,ZİRAAT PORTFÖY ANTALYA SERBEST (DÖVİZ) ÖZEL FON,14.08.2026,"63,092948",1013938.00,2,"63972337,56"
ZP2,ZİRAAT PORTFÖY İKİNCİ İSTATİSTİKSEL ARBİTRAJ SERBEST (TL) ÖZEL FON,14.08.2026,"5,743522",106786382.00,1,"613329881,04"
ZP3,ZİRAAT PORTFÖY ÜÇÜNCÜ İSTATİSTİKSEL ARBİTRAJ SERBEST (TL) ÖZEL FON,14.08.2026,"4,259485",111821825.00,1,"476303332,14"
ZP6,ZİRAAT PORTFÖY SEDEF KATILIM SERBEST (DÖVİZ - AMERİKAN DOLARI) FON,14.08.2026,"58,333009",108833262.00,1532,"6348571698,20"
ZP7,ZİRAAT PORTFÖY TE4 SERBEST (DÖVİZ) ÖZEL FON,14.08.2026,"67,545898",18886273.00,1,"1275690263,92"
ZP8,ZİRAAT PORTFÖY KEHRİBAR PARA PİYASASI KATILIM SERBEST (TL) FON,14.08.2026,"4,047332",14616294472.00,4382,"59156997688,47"
ZP9,ZİRAAT PORTFÖY AKİK KATILIM SERBEST (DÖVİZ-AVRO) FON,14.08.2026,"60,131029",35994419.00,805,"2164381435,94"
ZPA,ZİRAAT PORTFÖY SERBEST (DÖVİZ) FON,14.08.2026,"66,719879",56774711.00,890,"3788001833,41"
ZPC,ZİRAAT PORTFÖY FON SEPETİ FONU,14.08.2026,"19,200501",165117629.00,2772,"3170341186,31"
ZPE,ZİRAAT PORTFÖY KATILIM HİSSE SENEDİ FONU (HİSSE SENEDİ YOĞUN FON),14.08.2026,"34,128915",35872392.84,7037,"1224285841,17"
ZPF,ZİRAAT PORTFÖY KATILIM FONU (DÖVİZ),14.08.2026,"23,09812",32324899.00,3367,"746644409,72"
ZPG,ZİRAAT PORTFÖY KİRA SERTİFİKALARI (SUKUK) KATILIM FONU,14.08.2026,"10,594905",152763660.43,6322,"1618516497,29"
ZPH,ZİRAAT PORTFÖY PAYLAŞIMLI HESAP PARA PİYASASI KATILIM SERBEST (TL) FON,14.08.2026,"1,503356",236098116.00,55,"354939613,41"
ZPJ,ZİRAAT PORTFÖY KATILIM HİSSE SENEDİ SERBEST (TL) FON (HİSSE SENEDİ YOĞUN FON),14.08.2026,"11,008996",10632355.00,329,"117051555,16"
ZPK,ZİRAAT PORTFÖY KISA VADELİ KİRA SERTİFİKASI KATILIM (TL) FONU,14.08.2026,"8,346979",2261825640.00,29365,"18879411359,97"
ZPN,ZİRAAT PORTFÖY BUDİN SERBEST (DÖVİZ) ÖZEL FON,14.08.2026,"72,567284",27303765.00,1,"1981360078,62"
ZPO,ZİRAAT PORTFÖY PARA PİYASASI KATILIM FONU,14.08.2026,"1,032249",1186630713.00,1057,"1224897947,51"
ZPR,ZİRAAT PORTFÖY PARA PİYASASI SERBEST FON,14.08.2026,"1,531693",15092061587.00,894,"23116408343,26"
ZR2,ZİRAAT PORTFÖY YEŞİLKÖY SERBEST ÖZEL FON,14.08.2026,"1,384154",946669725.00,1,"1310336610,73"
ZR3,ZİRAAT PORTFÖY ONÜÇÜNCÜ SERBEST (TL) FON,14.08.2026,"0,505881",299878053.00,140,"151702727,18"
ZSB,ZİRAAT PORTFÖY İKİNCİ İSTATİSTİKSEL ARBİTRAJ SERBEST FON,14.08.2026,"11,874013",299315692.00,24,"3554078378,01"
ZSF,ZİRAAT PORTFÖY S&P/OIC COMCEC (İSEDAK) 50 SHARİAH ŞİRKETLERİ YABANCI HİSSE SENEDİ FONU,14.08.2026,"52,37147",761412.00,1607,"39876265,90"
ZSG,ZİRAAT PORTFÖY ESG SÜRDÜRÜLEBİLİRLİK FON SEPETİ FONU,14.08.2026,"4,339054",11391000.00,933,"49426167,47"
ZSK,ZİRAAT PORTFÖY SSA KATILIM SERBEST (DÖVİZ) ÖZEL FON,14.08.2026,"58,384226",43521430.00,1,"2540964992,31"
ZSN,ZİRAAT PORTFÖY ÖPY BEŞİNCİ SERBEST (DÖVİZ-ABD DOLARI) ÖZEL FON,14.08.2026,"56,566008",54460061.00,2,"3080588247,53"
ZTF,ZİRAAT PORTFÖY BİRİNCİ İSTATİSTİKSEL ARBİTRAJ SERBEST (TL) ÖZEL FON,14.08.2026,"7,505689",274862095.00,1,"2063029341,11"
ZTG,ZİRAAT PORTFÖY TARIM VE GIDA FON SEPETİ FONU,14.08.2026,"1,296348",31041816.00,1008,"40241005,41"
ZUD,ZİRAAT PORTFÖY THE SERBEST ÖZEL FON,14.08.2026,"4,210685",207749576.00,1,"874768004,13"
ZUE,ZİRAAT PORTFÖY TS SERBEST ÖZEL FON,14.08.2026,"5,081467",1530193061.00,1,"7775625704,97"
ZUS,ZİRAAT PORTFÖY BAŞAK SERBEST (DÖVİZ-AMERİKAN DOLARI) FON,14.08.2026,"50,305834",1194282013.00,3378,"60079353170,57"
ZVB,ATLAS PORTFÖY SERBEST (TL) FON,14.08.2026,"96,018592",2514834.00,11,"241470819,72"
ZVO,ZİRAAT PORTFÖY ÜÇÜNCÜ SERBEST (TL) FON,14.08.2026,"3,642752",230593545.00,339,"839995014,75"
ZYC,ZİRAAT PORTFÖY TS SERBEST (TL) ÖZEL FON,14.08.2026,"4,892986",1833786550.00,1,"8972691521,96"
ZYD,ZİRAAT PORTFÖY THE SERBEST (TL) ÖZEL FON,14.08.2026,"4,864259",1844187892.00,1,"8970607865,50"
ZZL,ZİRAAT PORTFÖY ONDÖRDÜNCÜ SERBEST FON,14.08.2026,"83,57782",509319.00,15,"42567771,54"