Dışa Aktarım Tarihi:,31.08.2026 18:57:27
Toplam Kayıt Sayısı:,2038

Fon Kodu,Fon Adı,Tarih,Fiyat,Tedavüldeki Pay Sayısı,Kişi Sayısı,Fon Toplam Değer
AAL,ATA PORTFÖY PARA PİYASASI (TL) FONU,31.08.2026,"3,523949",536054659.00,4455,"1889029187,54"
AAS,ATA PORTFÖY FON SEPETİ SERBEST FONU,31.08.2026,"12,965949",1352715.00,150,"17539233,13"
AAV,ATA PORTFÖY İKİNCİ HİSSE SENEDİ (TL) FONU (HİSSE SENEDİ YOĞUN FON),31.08.2026,"63,920651",1947102.00,1975,"124460027,48"
ABG,ATLAS PORTFÖY DÖRDÜNCÜ SERBEST (TL) FON,31.08.2026,"115,75602",131315825.00,200,"15200597279,67"
ABJ,ALLBATROSS PORTFÖY BENZ HİSSE SENEDİ SERBEST (TL) ÖZEL FON (HİSSE SENEDİ YOĞUN FON),31.08.2026,"0,766705",1337341991.00,3,"1025346600,58"
ABU,AK PORTFÖY BİREBİR BANKACILIK DEĞİŞKEN ÖZEL FON,31.08.2026,"0,106093",580303972.00,37,"61566418,46"
AC1,PARDUS PORTFÖY KISA VADELİ KATILIM SERBEST FONU,31.08.2026,"3,260459",102492352.00,197,"334172070,92"
AC2,PARDUS PORTFÖY İKİNCİ SERBEST FON,31.08.2026,"2,7776",7427922197.00,44,"20631798143,54"
AC3,PARDUS PORTFÖY ÜÇÜNCÜ SERBEST (DÖVİZ) FON,31.08.2026,"64,009325",2090562.00,14,"133815462,35"
AC4,PARDUS PORTFÖY PARA PİYASASI (TL) FON,31.08.2026,"4,049333",566799714.00,4076,"2295160515,86"
AC5,PARDUS PORTFÖY İSTATİSTİKSEL ARBİTRAJ HİSSE SENEDİ SERBEST (TL) FON (HİSSE SENEDİ YOĞUN FON),31.08.2026,"3,749941",6106123.00,147,"22897599,50"
AC6,PARDUS PORTFÖY DÖRDÜNCÜ SERBEST (DÖVİZ) FON,31.08.2026,"57,926461",1304232.00,79,"75549544,37"
AC7,PARDUS PORTFÖY BİRİNCİ HİSSE SENEDİ SERBEST (TL) FON (HİSSE SENEDİ YOĞUN FON),31.08.2026,"5,207089",645100136.00,44,"3359094015,98"
AC8,PARDUS PORTFÖY İKİNCİ HİSSE SENEDİ SERBEST (TL) FON (HİSSE SENEDİ YOĞUN FON),31.08.2026,"214,048808",15143517.00,96,"3241451762,20"
ACC,İSTANBUL PORTFÖY DÖRDÜNCÜ HİSSE SENEDİ FONU (HİSSE SENEDİ YOĞUN),31.08.2026,"45,799513",2659346.00,1320,"121796751,35"
ACD,İSTANBUL PORTFÖY İKİNCİ DEĞİŞKEN FON,31.08.2026,"6,207434",57219148.41,1475,"355184107,88"
ACN,İSTANBUL PORTFÖY LİDYA SERBEST (DÖVİZ) FON,31.08.2026,"12,698173",51336945.00,16,"651885406,05"
ACU,İSTANBUL PORTFÖY URARTU SERBEST (DÖVİZ) FON,31.08.2026,"57,254646",25255042.00,159,"1445968480,80"
ADE,AK PORTFÖY MUTLAK GETİRİ HEDEFLİ DEĞİŞKEN FON,31.08.2026,"0,905655",784838289.00,25678,"710792754,84"
ADP,AK PORTFÖY BIST BANKA ENDEKSİ HİSSE SENEDİ (TL) FONU (HİSSE SENEDİ YOĞUN FON),31.08.2026,"1,294127",3053326327.00,21181,"3951392704,88"
AED,ATA PORTFÖY BİRİNCİ DEĞİŞKEN FON,31.08.2026,"119,066281",567577.09,1388,"67579293,49"
AES,AK PORTFÖY PETROL YABANCI BYF FON SEPETİ FONU,31.08.2026,"0,178363",7231294744.00,35052,"1289796298,04"
AEV,ALLBATROSS PORTFÖY SANAYİ ŞİRKETLERİ HİSSE SENEDİ (TL) FONU (HİSSE SENEDİ YOĞUN FON),31.08.2026,"2,190712",4417245.00,417,"9676909,58"
AFA,AK PORTFÖY AMERİKA YABANCI HİSSE SENEDİ FONU,31.08.2026,"1,30026",4236137318.00,46730,"5508078915,96"
AFO,AK PORTFÖY ALTIN FONU,31.08.2026,"1,396436",14601618467.00,81811,"20390230091,27"
AFS,AK PORTFÖY SAĞLIK SEKTÖRÜ YABANCI HİSSE SENEDİ FONU,31.08.2026,"0,355925",2577494853.00,29048,"917395663,17"
AFT,AK PORTFÖY YENİ TEKNOLOJİLER YABANCI HİSSE SENEDİ FONU,31.08.2026,"0,988587",19515523694.00,137760,"19292791686,00"
AFV,AK PORTFÖY AVRUPA YABANCI HİSSE SENEDİ FONU,31.08.2026,"0,615836",2085686012.00,14971,"1284440487,47"
AGC,AK PORTFÖY İKİNCİ DEĞİŞKEN FON,31.08.2026,"9,444917",11058633.00,2464,"104447871,68"
AHH,AZİMUT PORTFÖY DİNAMİK DAĞIMLI SERBEST FON,31.08.2026,"10,976356",21370610.00,15,"234571433,23"
AHI,ATLAS PORTFÖY BİRİNCİ HİSSE SENEDİ FONU(HİSSE SENEDİ YOĞUN),31.08.2026,"37,509651",3212332.00,2674,"120493452,00"
AHN,ATLAS PORTFÖY SERBEST(DÖVİZ)FON,31.08.2026,"70,493674",460007.00,112,"32427583,38"
AHU,ATLAS PORTFÖY BİRİNCİ ÖZEL SEKTÖR BORÇLANMA ARAÇLARI FONU,31.08.2026,"11,52018",10784425.00,600,"124238518,98"
AHV,AZİMUT PORTFÖY DENGELİ FON SEPETİ FONU,31.08.2026,"21,964196",6108417.00,195,"134166469,18"
AHZ,AZİMUT PORTFÖY ATAK FON SEPETİ SERBEST FON,31.08.2026,"31,617548",1749021.00,13,"55299754,94"
AI1,ATA PORTFÖY BİRİNCİ İSTATİSTİKSEL ARBİTRAJ SERBEST FON,31.08.2026,"1,260669",48917729.00,17,"61669077,32"
AIH,AK PORTFÖY RTH HİSSE SENEDİ SERBEST ÖZEL FON (HİSSE SENEDİ YOĞUN FON),31.08.2026,"18,51735",9510664.00,4,"176112291,50"
AII,AZİMUT PORTFÖY ÇINAR SERBEST (DÖVİZ) ÖZEL FON,31.08.2026,"97,083287",3942000.00,3,"382702317,98"
AIM,AK PORTFÖY MİMKA HİSSE SENEDİ SERBEST ÖZEL FON (HİSSE SENEDİ YOĞUN FON),31.08.2026,"27,443388",2162287.00,1,"59340480,88"
AIR,AZİMUT PORTFÖY ESİN SERBEST (DÖVİZ) ÖZEL FON,31.08.2026,"166,932811",8866911.00,3,"1480178376,76"
AIS,AK PORTFÖY PARA PİYASASI KATILIM FONU,31.08.2026,"0,108581",136571283893.00,22035,"14829005095,09"
AJ1,A1 CAPİTAL PORTFÖY İSTATİSTİKSEL ARBİTRAJ HİSSE SENEDİ SERBEST FON (HİSSE SENEDİ YOĞUN FON),31.08.2026,"1,342333",8661532.00,89,"11626660,74"
AJE,AK PORTFÖY ÜÇÜNCÜ SERBEST ( DÖVİZ ) FON,31.08.2026,"63,657331",44629791.00,940,"2841013394,03"
AJK,AK PORTFÖY 0-5 YIL VADELİ SERBEST (DÖVİZ) FON,31.08.2026,"64,922893",2045496.00,133,"132799517,14"
AJL,AK PORTFÖY BEŞİNCİ SERBEST (DÖVİZ) FON,31.08.2026,"64,672173",71103182.00,1270,"4598397297,43"
AJN,AK PORTFÖY DÖRDÜNCÜ SERBEST (DÖVIZ) FON,31.08.2026,"61,991215",6604098.00,268,"409396061,26"
AK2,AK PORTFÖY UZUN VADELİ BORÇLANMA ARAÇLARI FONU,31.08.2026,"0,553896",444426432.00,9127,"246166228,33"
AK3,AK PORTFÖY HİSSE SENEDİ (TL) FONU (HİSSE SENEDİ YOĞUN FON),31.08.2026,"55,029818",152564889.00,20386,"8395618059,03"
AKE,AK PORTFÖY EUROBOND (AMERİKAN DOLARI) BORÇLANMA ARAÇLARI FONU,31.08.2026,"0,530966",1983719677.00,13403,"1053287197,67"
AKU,AK PORTFÖY BIST 30 ENDEKSİ HİSSE SENEDİ (TL) FONU (HİSSE SENEDİ YOĞUN FON),31.08.2026,"0,98919",2391106661.00,16930,"2365258685,89"
AL4,ALBARAKA PORTFÖY ALBARAKA TÜRK KISA VADELİ KATILIM SERBEST (TL) FON,31.08.2026,"4,029845",318546011.00,12,"1283691142,09"
AL5,ALBARAKA PORTFÖY KATILIM SERBEST (DÖVİZ) FON,31.08.2026,"54,220459",251649520.00,2362,"13644552539,04"
AL6,ALBARAKA PORTFÖY VAKIF KATILIM KISA VADELİ KATILIM SERBEST (TL) FON,31.08.2026,"3,945092",1426593054.00,12,"5628040353,52"
AL7,ALBARAKA PORTFÖY İKİNCİ KISA VADELİ KATILIM SERBEST (TL) FON,31.08.2026,"3,802552",2305933757.00,111,"8768433375,69"
ALC,AK PORTFÖY KAR PAYI ÖDEYEN ŞİRKETLER HİSSE SENEDİ (TL) FONU (HİSSE SENEDİ YOĞUN FON),31.08.2026,"0,387115",4329466723.00,24873,"1676000116,98"
ALE,AK PORTFÖY PARA PİYASASI (TL) FONU,31.08.2026,"13,651342",6476601863.00,148615,"88414305448,53"
AN1,STRATEJİ PORTFÖY BİRİNCİ DEĞİŞKEN FON,31.08.2026,"113,843918",12055884.25,2896,"1372489095,02"
ANL,AK PORTFÖY ALTERNATİF BANK PARA PİYASASI (TL)FONU,31.08.2026,"37,884686",15898420.00,3634,"602306652,84"
ANZ,ATA PORTFÖY DÖRDÜNCÜ SERBEST (DÖVİZ) FON,31.08.2026,"21,935938",11835745.00,158,"259628173,56"
AOJ,ALLBATROSS PORTFÖY İNŞAAT SEKTÖRÜ HİSSE SENEDİ SERBEST (TL) FON (HİSSE SENEDİ YOĞUN FON),31.08.2026,"1,680991",12474921.00,203,"20970234,40"
AOY,AK PORTFÖY ALTERNATİF ENERJİ YABANCI HİSSE SENEDİ FONU,31.08.2026,"0,360585",2865676189.00,35739,"1033320967,61"
AP2,ATLAS PORTFÖY BEŞİNCİ SERBEST (TL) FON,31.08.2026,"3,038825",279236705.00,34,"848551539,46"
AP4,ATLAS PORTFÖY DÖRDÜNCÜ HİSSE SENEDİ SERBEST FON (HİSSE SENEDİ YOĞUN FON),31.08.2026,"1,037069",249218342.00,11,"258456497,93"
AP5,ATLAS PORTFÖY BEŞİNCİ HİSSE SENEDİ SERBEST FON (HİSSE SENEDİ YOĞUN FON),31.08.2026,"0,857391",1042468.00,16,"893802,36"
AP6,PARDUS PORTFÖY ALTINCI HİSSE SENEDİ SERBEST (TL) FON (HİSSE SENEDİ YOĞUN FON),31.08.2026,"8,419927",95325048.00,45,"802629899,73"
AP7,PARDUS PORTFÖY ALGO ETNA İSTATİSTİKSEL ARBİTRAJ SERBEST FON,31.08.2026,"2,686595",85991014.00,452,"231023044,99"
APJ,AK PORTFÖY BIST ŞİRKETLERİ FON SEPETİ FONU,31.08.2026,"7,02685",12260040.00,2887,"86149464,92"
APP,AK PORTFÖY P1 SERBEST ÖZEL FON,31.08.2026,"34,365456",6415502.00,2,"220471650,97"
APT,AK PORTFÖY ORTA VADELI BORÇLANMA ARAÇLARI FONU,31.08.2026,"0,164539",2274497132.00,13097,"374242442,23"
ARE,İSTANBUL PORTFÖY YABANCI HİSSE SENEDİ FONU,31.08.2026,"0,262843",186224593.00,2011,"48947819,93"
ARF,AK PORTFÖY ÖPY İKİNCİ SERBEST (TL) ÖZEL FON,31.08.2026,"8,959363",90349894.00,1,"809477497,07"
ARL,AK PORTFÖY BİRİNCİ FON SEPETİ FONU,31.08.2026,"16,211353",250828674.00,7384,"4066272179,99"
ARM,AK PORTFÖY İKİNCİ FON SEPETİ FONU,31.08.2026,"18,664987",165412733.00,5078,"3087426513,20"
ARP,AK PORTFÖY ÖPY BİRİNCİ SERBEST ÖZEL FON,31.08.2026,"42,374015",75563996.00,1,"3201949875,96"
AS1,ALLBATROSS PORTFÖY BİRİNCİ SERBEST (DÖVİZ) FON,31.08.2026,"45,805358",138799.00,38,"6357737,87"
AS3,ALLBATROSS PORTFÖY ATLAS SERBEST FON,31.08.2026,"0,760774",225848060.00,16,"171819336,37"
ASJ,AKTİF PORTFÖY HİSSE SENEDİ (TL) FONU (HİSSE SENEDİ YOĞUN FON),31.08.2026,"4,017939",15498505.00,752,"62272050,12"
ATJ,AZİMUT PORTFÖY İKİNCİ DEĞİŞKEN FON,31.08.2026,"23,306244",45294433.00,9,"1055643125,38"
AU1,A1 CAPİTAL PORTFÖY ALTIN FONU,31.08.2026,"1,252626",46509074.00,970,"58258496,47"
AUV,AK PORTFÖY UZUN VADELİ SERBEST (DÖVİZ) FON,31.08.2026,"50,425863",8440052.00,535,"425596906,20"
AVC,ATA PORTFÖY İKİNCİ SERBEST (TL) FON,31.08.2026,"134,319907",2028702.00,12,"272495063,85"
AVT,AK PORTFÖY KISA VADELİ BORÇLANMA ARAÇLARI (TL) FONU,31.08.2026,"228,905318",18386370.00,19952,"4208737879,53"
AVZ,AK PORTFÖY EMS SERBEST ( DÖVİZ ) ÖZEL FON,31.08.2026,"94,067246",2302470.00,1,"216587012,35"
AY6,AZİMUT PORTFÖY 26.0 SERBEST FON,31.08.2026,"1,405095",78262194.00,11,"109965786,64"
AY7,AZİMUT PORTFÖY 27.0 SERBEST FON,31.08.2026,"1,700894",189103512.00,12,"321645058,77"
AYA,ATA PORTFÖY KAR PAYI ÖDEYEN HİSSE SENEDİ (TL) FONU (HİSSE SENEDİ YOĞUN FON),31.08.2026,"19,27657",57682853.00,9613,"1111927551,06"
AYR,AK PORTFÖY ÖZEL SEKTÖR BORÇLANMA ARAÇLARI (TL) FONU,31.08.2026,"0,141467",11929817754.00,13080,"1687674040,29"
AZF,AK PORTFÖY PY ÖZEL SEKTÖR BORÇLANMA ARAÇLARI (TL) ÖZEL FONU,31.08.2026,"0,187832",3325162435.00,4,"624570926,94"
AZJ,AZİMUT PYŞ STRATEJİ-1 SERBEST FON,31.08.2026,"21,205715",92414216.00,66,"1959709495,01"
AZV,AZİMUT PORTFÖY BKS SERBEST (DÖVİZ) ÖZEL FON,31.08.2026,"27,52337",167567815.00,5,"4612031047,85"
AZZ,AK PORTFÖY ÖPY MUTLAK GETİRİ HEDEFLİ SERBEST (DÖVİZ) ÖZEL FON,31.08.2026,"64,160289",396560996.00,6,"25443468007,03"
BA1,GLOBAL MD PORTFÖY BİRİNCİ SERBEST FON,31.08.2026,"1,935734",202921792.00,34,"392802619,88"
BAC,ATLAS PORTFÖY BİRİNCİ HİSSE SENEDİ SERBEST FON (HİSSE SENEDİ YOĞUN FON),31.08.2026,"1,720669",854692790.00,12,"1470642989,67"
BAG,BULLS PORTFÖY ATAK DEĞIŞKEN FON,31.08.2026,"1,094012",91470877.00,180,"100070240,23"
BAI,BV PORTFÖY ALTIN KATILIM FONU,31.08.2026,"1,139886",48271609.00,137,"55024123,32"
BAL,QNB PORTFÖY BALY SERBEST (DÖVİZ) ÖZEL FON,31.08.2026,"50,319105",21974290.00,1,"1105726596,87"
BAO,AZİMUT PORTFÖY BARKIN SERBEST (TL) ÖZEL FON,31.08.2026,"3,049745",23497385.00,4,"71661025,54"
BAS,İŞ PORTFÖY BAŞAK SERBEST (DÖVİZ) ÖZEL FON,31.08.2026,"54,339254",28610784.00,1,"1554688672,08"
BBF,PARDUS PORTFÖY BİRİNCİ BORÇLANMA ARAÇLARI (TL) FONU,31.08.2026,"3,634662",39005316.00,892,"141771127,11"
BBI,ALLBATROSS PORTFÖY BİANCO SERBEST (TL) FON,31.08.2026,"1,312412",679926.00,11,"892343,13"
BBN,BULLS PORTFÖY BİRİNCİ HİSSE SENEDİ SERBEST (TL) FON (HİSSE SENEDİ YOĞUN FON),31.08.2026,"0,648697",2300561650.00,13,"1492366397,94"
BBO,BULLS PORTFÖY BANKACILIK SEKTÖRÜ DIŞI ŞİRKETLER HİSSE SENEDİ SERBEST FON (HİSSE SENEDİ YOĞUN FON),31.08.2026,"0,784961",346308033.00,11,"271838299,34"
BBP,ALLBATROSS PORTFÖY BİRİNCİ BORÇLANMA ARAÇLARI FONU,31.08.2026,"2,278695",10000069.00,610,"22787105,43"
BBS,BULLS PORTFÖY BİRİNCİ SERBEST (TL) FON,31.08.2026,"1,6308",1529069758.00,790,"2493606749,31"
BCC,ASTRA PORTFÖY BCC SERBEST (DÖVİZ) ÖZEL FON,31.08.2026,"78,527634",41712119.00,3,"3275554013,10"
BCK,DENİZ PORTFÖY BLOCKCHAİN VE FINTECH TEKNOLOJİLERİ DEĞİŞKEN FON,31.08.2026,"2,09406",53768774.00,2278,"112595020,66"
BCO,BULLS PORTFÖY ÇOKLU VARLIK KATILIM FONU,31.08.2026,"2,101139",46501628.00,1046,"97706372,09"
BDA,YAPI KREDİ PORTFÖY BİRİNCİ KATILIM SERBEST (DÖVİZ-AVRO) FON,31.08.2026,"57,260603",103657367.00,788,"5935483372,94"
BDC,AURA PORTFÖY BODRUM SERBEST FON,31.08.2026,"9,287846",39065815.00,30,"362837260,59"
BDI,PARDUS PORTFÖY BIST 50 DIŞI ŞİRKETLER HİSSE SENEDİ SERBEST (TL) FON (HİSSE SENEDİ YOĞUN FON),31.08.2026,"0,000255",1078899892195.00,72,"274622641,53"
BDO,BULLS PORTFÖY DÖRDÜNCÜ HİSSE SENEDİ SERBEST FON (HİSSE SENEDİ YOĞUN FON),31.08.2026,"3,185149",990271266.00,11,"3154161598,65"
BDS,PARDUS PORTFÖY BIST 30 DIŞI ŞİRKETLER HİSSE SENEDİ (TL) FONU (HİSSE SENEDİ YOĞUN FON),31.08.2026,"2,186943",100871708.00,7640,"220600645,16"
BDY,AK PORTFÖY BIST 100 DIŞI ŞİRKETLER HİSSE SENEDİ (TL) FONU (HİSSE SENEDİ YOĞUN FON),31.08.2026,"1,768602",56537809.00,2290,"99992889,48"
BFE,ALLBATROSS PORTFÖY BİRİNCİ FON SEPETİ FONU,31.08.2026,"1,84074",5558547.00,55,"10231838,01"
BFO,İŞ PORTFÖY BFO1 SERBEST (DÖVİZ) ÖZEL FON,31.08.2026,"54,6111",203562943.00,1,"11116796229,84"
BFS,BULLS PORTFÖY EMTİA FON SEPETİ FONU,31.08.2026,"1,109474",22120362.00,274,"24541960,80"
BFT,AZİMUT PORTFÖY BANKA VE FİNANS SEKTÖRÜ HİSSE SENEDİ FONU (HİSSE SENEDİ YOĞUN FON),31.08.2026,"1,181472",156828960.00,568,"185288962,28"
BGH,AZİMUT PORTFÖY BGN HİSSE SENEDİ SERBEST ÖZEL FON (HİSSE SENEDİ YOĞUN FON),31.08.2026,"2,150816",470029440.00,1,"1010946685,80"
BGP,AK PORTFÖY ÜÇÜNCÜ PARA PİYASASI (TL) FONU,31.08.2026,"6,605817",9132737552.00,28947,"60329196819,56"
BGR,AK PORTFÖY BIST GYO ENDEKSİ HİSSE SENEDİ (TL) FONU (HİSSE SENEDİ YOĞUN FON),31.08.2026,"1,069858",32470419.00,188,"34738749,43"
BHA,BULLS PORTFÖY HİSSE SENEDİ (TL) FONU (HİSSE SENEDİ YOĞUN FON),31.08.2026,"1,838793",54960928.00,746,"101061770,84"
BHE,AK PORTFÖY BİRİNCİ HİSSE SENEDİ SERBEST FON (HİSSE SENEDİ YOĞUN FON),31.08.2026,"1,937375",19718439.00,81,"38202005,40"
BHF,PARDUS PORTFÖY BİRİNCİ DEĞİŞKEN FON,31.08.2026,"3,144455",61867268.00,1499,"194538838,21"
BHH,PARDUS PORTFÖY BEŞİNCİ HİSSE SENEDİ SERBEST (TL) FON (HİSSE SENEDİ YOĞUN FON),31.08.2026,"0,205926",1937513173.00,71,"398983928,71"
BHI,BV PORTFÖY MUTLAK GETİRİ HEDEFLİ HİSSE SENEDİ SERBEST (TL) FON (HİSSE SENEDİ YOĞUN FON),31.08.2026,"2,371014",1013088023.00,442,"2402046244,12"
BHL,İŞ PORTFÖY BİRİNCİ HİSSE SENEDİ SERBEST FON (HİSSE SENEDİ YOĞUN FON),31.08.2026,"1,295091",73160489.00,780,"94749467,44"
BHN,A1 CAPİTAL PORTFÖY BANKACILIK SEKTÖRÜ DIŞI ŞİRKETLER HİSSE SENEDİ SERBEST (TL) FON (HİSSE SENEDİ YOĞUN FON),31.08.2026,"1,222167",469753460.00,42,"574117299,28"
BHO,AZİMUT PORTFÖY BİRİNCİ PY HİSSE SENEDİ SERBEST ÖZEL FON (HİSSE SENEDİ YOĞUN FON),31.08.2026,"1,215059",1224797601.00,1,"1488201390,60"
BI5,BULLS PORTFÖY BIST 50 DIŞI ŞİRKETLER HİSSE SENEDİ SERBEST FON (HİSSE SENEDİ YOĞUN FON),31.08.2026,"1,367703",90618026.00,14,"123938521,68"
BIA,TRİVE PORTFÖY İSTATİSTİKSEL ARBİTRAJ HİSSE SENEDİ SERBEST FON (HİSSE SENEDİ YOĞUN FON),31.08.2026,"0,230115",3732290.00,18,"858855,77"
BID,QNB PORTFÖY BIST 100 DIŞI ŞİRKETLER HİSSE SENEDİ (TL) FONU (HİSSE SENEDİ YOĞUN FON),31.08.2026,"3,357908",69544799.00,2017,"233525039,54"
BIG,YAPI KREDİ PORTFÖY ÜÇÜNCÜ HİSSE SENEDİ FONU (HİSSE SENEDİ YOĞUN FON),31.08.2026,"1,476535",363153150.00,3235,"536208396,93"
BIH,PARDUS PORTFÖY BİRİNCİ HİSSE SENEDİ (TL) FONU (HİSSE SENEDİ YOĞUN FON),31.08.2026,"9,160439",99749303.00,518,"913747451,09"
BIK,BULLS PORTFÖY İKİNCİ HİSSE SENEDİ SERBEST (TL) FON (HİSSE SENEDİ YOĞUN FON),31.08.2026,"1,161134",2326034321.00,15,"2700837747,43"
BIO,İŞ PORTFÖY SÜRDÜRÜLEBİLİRLİK HİSSE SENEDİ (TL) FONU (HİSSE SENEDİ YOĞUN FON),31.08.2026,"2,44735",354676459.00,10024,"868017380,06"
BIP,İSTANBUL PORTFÖY BİRİNCİ PARA PİYASASI SERBEST (TL) FON,31.08.2026,"1,657236",2014888270.00,232,"3339145275,32"
BIS,BV PORTFÖY BİRİNCİ SERBEST FON,31.08.2026,"1,798789",442225562.00,60,"795470640,41"
BIY,AZİMUT PORTFÖY BIST 100 DIŞI ŞİRKETLER HİSSE SENEDİ FONU (HİSSE SENEDİ YOĞUN FON),31.08.2026,"1,427009",61083540.00,329,"87166790,23"
BJD,AZİMUT PORTFÖY 13.0 SERBEST (DÖVİZ) FON,31.08.2026,"53,528549",13966831.00,109,"747624190,74"
BKO,AZİMUT PORTFÖY BİRİNCİ KATILIM SERBEST ÖZEL FON,31.08.2026,"1,294021",590293213.00,1,"763851922,03"
BKY,YAPI KREDİ PORTFÖY BİRİNCİ KATILIM SERBEST (DÖVİZ) FON,31.08.2026,"50,073565",153057865.00,1022,"7664152966,06"
BLA,BULLS PORTFÖY ALGORİTMİK HİSSE SENEDİ SERBEST (TL) FON (HİSSE SENEDİ YOĞUN FON),31.08.2026,"4,569461",935298004.00,15,"4273807753,65"
BLD,DENİZ PORTFÖY BALEV EĞİTİME DESTEK SERBEST FON,31.08.2026,"1,685104",303526446.00,716,"511473553,87"
BLT,BULLS PORTFÖY ALTIN FONU,31.08.2026,"1,970387",212810358.00,3261,"419318689,41"
BMU,BULLS PORTFÖY MUTLAK GETİRİ HEDEFLİ HİSSE SENEDİ SERBEST FON (HİSSE SENEDİ YOĞUN FON),31.08.2026,"3,369405",130405624.00,3574,"439389369,89"
BNC,AK PORTFÖY BEŞİNCİ SERBEST FON,31.08.2026,"2,232983",284179536.00,244,"634568138,91"
BNH,İSTANBUL PORTFÖY BANKACILIK SEKTÖRÜ HİSSE SENEDİ SERBEST (TL) FON (HİSSE SENEDİ YOĞUN FON),31.08.2026,"1,231419",49017256.00,176,"60360790,14"
BOH,BULLS PORTFÖY BIST 30 DIŞI ŞİRKETLER HİSSE SENEDİ SERBEST FON (HİSSE SENEDİ YOĞUN FON),31.08.2026,"0,771842",250569682.00,11,"193400323,93"
BOL,AKTİF PORTFÖY BORÇLANMA ARAÇLARI FONU,31.08.2026,"1,721207",70800276.00,269,"121861965,36"
BON,A1 CAPİTAL PORTFÖY BORÇLANMA ARAÇLARI FONU,31.08.2026,"1,442405",36000825.00,426,"51927776,32"
BOP,İŞ PORTFÖY ÖPY BİRİNCİ SERBEST (DÖVİZ) ÖZEL FON,31.08.2026,"50,093947",27050092.00,11,"1355045871,49"
BOS,BULLS PORTFÖY ALTINCI HİSSE SENEDİ SERBEST FON (HİSSE SENEDİ YOĞUN FON),31.08.2026,"1,593647",1600684050.00,891,"2550924685,37"
BP5,BULLS PORTFÖY BEŞİNCİ HİSSE SENEDİ SERBEST FON (HİSSE SENEDİ YOĞUN FON),31.08.2026,"1,707164",35573439.00,11,"60729696,55"
BPD,BULLS PORTFÖY BİRİNCİ SERBEST (DÖVİZ) FON,31.08.2026,"56,176305",2748429.00,11,"154396586,56"
BPZ,BULLS PORTFÖY PARA PİYASASI (TL) FONU,31.08.2026,"1,609953",526853451.00,1292,"848209160,09"
BRB,BULLS PORTFÖY ARENA SERBEST FON,31.08.2026,"0,970305",571381465.00,11,"554414399,94"
BRC,RE-PIE PORTFÖY BİRİNCİ İSTATİSTİKSEL ARBİTRAJ HİSSE SENEDİ SERBEST FON (HİSSE SENEDİ YOĞUN FON),31.08.2026,"1,357746",98099482.00,38,"133194147,60"
BRF,DENİZ PORTFÖY BİRİNCİ FON SEPETİ FONU,31.08.2026,"1,63665",53308229.00,1086,"87246938,06"
BRG,TEB PORTFÖY BURGAN BANK PARA PİYASASI (TL) FONU,31.08.2026,"5,172018",384411223.00,1623,"1988181807,40"
BRH,İSTANBUL PORTFÖY BİRİNCİ HİSSE SENEDİ SERBEST FON (HİSSE SENEDİ YOĞUN FON),31.08.2026,"7,876581",776206408.00,15,"6113852720,34"
BRR,AK PORTFÖY İKİNCİ KISA VADELİ BORÇLANMA ARAÇLARI (TL) FONU,31.08.2026,"1,686888",438767223.00,499,"740151005,51"
BRT,PARDUS PORTFÖY BEREKET HİSSE SENEDİ SERBEST FON (HİSSE SENEDİ YOĞUN FON),31.08.2026,"0,91476",16096129.00,345,"14724098,62"
BRZ,TEB PORTFÖY BURGAZ SERBEST (DÖVİZ) ÖZEL FON,31.08.2026,"55,542657",28212700.00,5,"1567008324,37"
BS1,AHLATCI PORTFÖY BİRİNCİ SERBEST (TL) FON,31.08.2026,"1,399264",120210153.00,155,"168205791,92"
BSA,İŞ PORTFÖY BAŞAK SERBEST ÖZEL FON,31.08.2026,"0,440587",2039522977.00,1,"898586833,40"
BSC,A1 CAPİTAL PORTFÖY BİRİNCİ SERBEST FON,31.08.2026,"0,136929",957330904.00,41,"131086364,94"
BSD,BV PORTFÖY SERBEST (DÖVİZ) FON,31.08.2026,"1,19958",301031114.00,90,"361110960,09"
BSE,PARDUS PORTFÖY BIST 30 DIŞI ŞİRKETLER HİSSE SENEDİ SERBEST (TL) FON (HİSSE SENEDİ YOĞUN FON),31.08.2026,"0,505486",699706389.00,65,"353692051,09"
BSF,İŞ PORTFÖY BİRİNCİ SERBEST ÖZEL FON,31.08.2026,"1,288826",5653503590.00,1,"7286380100,81"
BSH,ATLAS PORTFÖY BANKACILIK SEKTÖRÜ HİSSE SENEDİ SERBEST FON (HİSSE SENEDİ YOĞUN FON),31.08.2026,"1,024695",8327903.00,128,"8533559,93"
BSM,GLOBAL MD PORTFÖY BERRAK SERBEST FON,31.08.2026,"1,786679",1336720488.00,2805,"2388290883,93"
BSN,BULLS PORTFÖY SANAYİ ŞİRKETLERİ HİSSE SENEDİ SERBEST FON (HİSSE SENEDİ YOĞUN FON),31.08.2026,"0,930392",757705538.00,18,"704963369,86"
BST,PARDUS PORTFÖY BANKACILIK SEKTÖRÜ DIŞI ŞİRKETLER HİSSE SENEDİ SERBEST (TL) FON (HİSSE SENEDİ YOĞUN FON),31.08.2026,"10,699885",3803712.00,559,"40699281,04"
BTE,BV PORTFÖY OYUN VE TEKNOLOJİ DEĞİŞKEN FON,31.08.2026,"5,263534",43455876.00,1021,"228731462,50"
BTJ,ATLAS PORTFÖY İSTATİSTİKSEL ARBİTRAJ HİSSE SENEDİ SERBEST FON (HİSSE SENEDİ YOĞUN FON),31.08.2026,"1,385376",9090476.00,58,"12593728,98"
BTK,BV PORTFÖY TEKNOLOJİ KATILIM FONU,31.08.2026,"1,709566",185388293.00,2074,"316933505,18"
BTP,TRİVE PORTFÖY PARA PİYASASI SERBEST FON,31.08.2026,"0,600498",1396110129.00,21,"838361489,52"
BTY,İŞ PORTFÖY BTY SERBEST (DÖVİZ) ÖZEL FON,31.08.2026,"59,707577",10669894.00,2,"637073517,43"
BTZ,ATLAS PORTFÖY BIST 30 DIŞI ŞİRKETLER HİSSE SENEDİ FONU (HİSSE SENEDİ YOĞUN FON),31.08.2026,"1,276853",6117769.00,190,"7811493,13"
BUB,BULLS PORTFÖY BİRİNCİ FON SEPETİ FONU,31.08.2026,"1,330881",98420350.00,2570,"130985745,47"
BUC,BULLS PORTFÖY ÜÇÜNCÜ HİSSE SENEDİ SERBEST (TL) FON (HİSSE SENEDİ YOĞUN FON),31.08.2026,"0,797145",940030807.00,24,"749341165,57"
BUP,AZİMUT PORTFÖY BUPA SERBEST (TL) ÖZEL FON,31.08.2026,"4,210474",3354777076.00,1,"14125200162,25"
BUT,AZİMUT PORTFÖY BULUT HİSSE SENEDİ SERBEST ÖZEL FON (HİSSE SENEDİ YOĞUN FON),31.08.2026,"2,005036",91457465.00,4,"183375521,89"
BUV,BULLS PORTFÖY VOLTRAN SERBEST (TL) FON,31.08.2026,"1,258143",11647581.00,250,"14654318,03"
BUY,AK PORTFÖY BÜYÜYEN ŞİRKETLER HİSSE SENEDİ (TL) FONU (HİSSE SENEDİ YOĞUN FON),31.08.2026,"1,818347",190289901.00,16606,"346013138,10"
BV1,BV PORTFÖY BİRİNCİ HİSSE SENEDİ (TL) FON (HİSSE SENEDİ YOĞUN FON),31.08.2026,"1,74595",51588585.00,496,"90071091,00"
BVB,AK PORTFÖY ÖPY YEDİNCİ SERBEST (TL) ÖZEL FON,31.08.2026,"4,647705",1075003028.00,1,"4996296994,86"
BVC,AK PORTFÖY BİRİNCİ SERBEST (TL) ÖZEL FON,31.08.2026,"4,397846",1621342207.00,1,"7130413305,57"
BVD,BV PORTFÖY BİRİNCİ DEĞİŞKEN FON,31.08.2026,"1,428176",169705311.00,374,"242368977,49"
BVF,BV PORTFÖY PARA PİYASASI (TL) FON,31.08.2026,"1,429198",1227423130.00,543,"1754230865,55"
BVH,BV PORTFÖY BİRİNCİ HİSSE SENEDİ SERBEST (TL) FON (HİSSE SENEDİ YOĞUN FON),31.08.2026,"2,189187",67831653.00,13,"148496162,29"
BVI,BV PORTFÖY İKİNCİ HİSSE SENEDİ SERBEST FON (HİSSE SENEDİ YOĞUN FON),31.08.2026,"2,994891",101063959.00,28,"302675573,63"
BVK,BULLS PORTFÖY VOLTRAN KATILIM SERBEST (TL) FON,31.08.2026,"1,14582",31539.00,22,"36138,03"
BVM,ALLBATROSS PORTFÖY BİRİNCİ HİSSE SENEDİ SERBEST (TL) FON (HİSSE SENEDİ YOĞUN FON),31.08.2026,"1,335754",10371112.00,126,"13853256,59"
BVT,AZİMUT PORTFÖY GÜNEY SERBEST ÖZEL FON,31.08.2026,"5,645997",3745267.00,10,"21145765,17"
BVV,BV PORTFÖY TEKNOLOJİ DEĞİŞKEN FON,31.08.2026,"3,558437",54801160.00,1087,"195006454,57"
BVZ,BV PORTFÖY İSTATİSTİKSEL ARBİTRAJ SERBEST FON,31.08.2026,"4,542652",667410617.00,630,"3031814496,34"
BYZ,A1 CAPİTAL PORTFÖY BIST 100 DIŞI ŞİRKETLER HİSSE SENEDİ SERBEST (TL) FON (HİSSE SENEDİ YOĞUN FON),31.08.2026,"0,876007",82141874.00,40,"71956822,66"
CAH,A1 CAPİTAL PORTFÖY HİSSE SENEDİ SERBEST FON (HİSSE SENEDİ YOĞUN FON),31.08.2026,"1,303984",17235828.00,223,"22475243,64"
CBD,A1 CAPİTAL PORTFÖY BIST 30 DIŞI ŞİRKETLER HİSSE SENEDİ SERBEST FON (HİSSE SENEDİ YOĞUN FON),31.08.2026,"0,161402",11409975961.00,17,"1841590018,66"
CBN,QNB PORTFÖY CBN SERBEST (DÖVİZ) ÖZEL FON,31.08.2026,"46,754937",12786581.00,6,"597835791,39"
CBO,AZİMUT PORTFÖY HCBO HİSSE SENEDİ SERBEST ÖZEL FON (HİSSE SENEDİ YOĞUN FON),31.08.2026,"242,620969",7235254.00,3,"1755424334,26"
CEY,ROTA PORTFÖY CEY SERBEST (DÖVİZ) ÖZEL FON,31.08.2026,"67,22992",3314435.00,3,"222829198,38"
CFO,ROTA PORTFÖY İKİNCİ PARA PİYASASI FONU,31.08.2026,"2,544362",820494857.00,466,"2087635561,97"
CGD,DENİZ PORTFÖY ÇAĞDAŞ SERBEST (DÖVİZ) ÖZEL FON,31.08.2026,"58,701917",11069534.00,2,"649802860,95"
CHY,A1 CAPİTAL PORTFÖY İKİNCİ HİSSE SENEDİ SERBEST (TL) FON (HİSSE SENEDİ YOĞUN FON),31.08.2026,"0,180131",962664615.00,41,"173405434,61"
CIN,AKTİF PORTFÖY BİRİNCİ SERBEST FON,31.08.2026,"1,760441",12091866.00,525,"21287020,60"
CJD,AK PORTFÖY SEKİZİNCİ SERBEST (DÖVİZ) FON,31.08.2026,"51,987585",101383144.00,1358,"5270664771,34"
CJF,AK PORTFÖY ADOC SERBEST (DÖVİZ) ÖZEL FON,31.08.2026,"65,53366",25017227.00,3,"1639470459,14"
CJG,AK PORTFÖY SDSD SERBEST (DÖVİZ) ÖZEL FON,31.08.2026,"66,476475",30293734.00,1,"2013820663,63"
CJH,AK PORTFÖY DOKUZUNCU SERBEST (DÖVİZ-AVRO) FON,31.08.2026,"62,509921",49697664.00,1715,"3106597043,35"
CKF,ALBARAKA PORTFÖY ÇOKLU VARLIK KATILIM FONU,31.08.2026,"2,174251",320348778.00,2857,"696518510,04"
CKL,YAPI KREDİ PORTFÖY ÇOKLU VARLIK DEĞİŞKEN FON,31.08.2026,"1,61674",458442021.00,1192,"741181589,50"
CKS,İŞ PORTFÖY BİRİNCİ KATILIM SERBEST (DÖVİZ) FON,31.08.2026,"61,454021",91904708.00,2363,"5647913838,29"
COT,AK PORTFÖY 2030 SERBEST (DÖVİZ-AVRO) FON,31.08.2026,"59,953979",9290580.00,195,"557007235,25"
CPT,ROTA PORTFÖY ÇİP TEKNOLOJİLERİ DEĞİŞKEN FON,31.08.2026,"3,787322",268576583.00,14354,"1017185994,60"
CPU,AKTİF PORTFÖY TEKNOLOJİ KATILIM FONU,31.08.2026,"3,954032",442654515.00,17588,"1750270245,17"
CRL,YAPI KREDİ PORTFÖY ACARLAR SERBEST (DÖVİZ) ÖZEL FON,31.08.2026,"49,56351",21500000.00,3,"1065615461,62"
CSD,İŞ PORTFÖY CANO SERBEST (DÖVİZ) ÖZEL FON,31.08.2026,"64,934759",10420749.00,1,"676668826,78"
CSH,PARDUS PORTFÖY ÜÇÜNCÜ HİSSE SENEDİ SERBEST FON (HİSSE SENEDİ YOĞUN FON),31.08.2026,"4,631363",1582322640.00,54,"7328310060,99"
CTF,İŞ PORTFÖY ASSG SERBEST (DÖVİZ) ÖZEL FON,31.08.2026,"9,343497",37371557.00,1,"349181041,61"
CTG,İŞ PORTFÖY FEFON SERBEST ÖZEL FON,31.08.2026,"7,615889",2166304.00,1,"16498329,99"
CTM,İŞ PORTFÖY KEFON SERBEST ÖZEL FON,31.08.2026,"6,389905",2582372.00,1,"16501111,68"
CTP,İŞ PORTFÖY AAF SERBEST (DÖVİZ) ÖZEL FON,31.08.2026,"63,247984",9051870.00,1,"572512529,58"
CTV,İŞ PORTFÖY MHA SERBEST (DÖVİZ) ÖZEL FON,31.08.2026,"10,874875",18940772.00,4,"205978532,79"
CVA,AK PORTFÖY ÜÇÜNCÜ KAMU BORÇLANMA ARAÇLARI (TL) ÖZEL FONU,31.08.2026,"4,204432",2310971747.00,1,"9716324304,56"
CVB,AK PORTFÖY İKİNCİ SERBEST (TL) ÖZEL FON,31.08.2026,"4,281073",473115896.00,5,"2025443537,51"
CVC,AK PORTFÖY ÖPY KAR PAYI ÖDEYEN SERBEST ÖZEL FON,31.08.2026,"2,934197",251125767.00,2,"736852502,14"
CVD,AK PORTFÖY GİFON SERBEST (DÖVİZ) ÖZEL FON,31.08.2026,"64,567548",17084592.00,2,"1103110211,40"
CVE,AK PORTFÖY BİRİNCİ KAMU BORÇLANMA ARAÇLARI (TL) ÖZEL FONU,31.08.2026,"2,807522",110022256.00,1,"308889958,16"
CVF,AK PORTFÖY SÜRDÜRÜLEBİLİRLİK SERBEST (TL) ÖZEL FON,31.08.2026,"4,810471",206783109.00,1,"994724108,88"
CVK,INVEO PORTFÖY ÇOKLU VARLIK KATILIM FONU,31.08.2026,"5,194466",122736033.00,1905,"637548180,91"
CVL,A1 CAPİTAL PORTFÖY ÇOKLU VARLIK KATILIM FONU,31.08.2026,"1,601142",50194856.00,641,"80369073,08"
CYD,AK PORTFÖY 2027 SERBEST (DÖVİZ-AVRO) FON,31.08.2026,"58,460072",24575445.00,404,"1436682277,72"
DA1,A1 CAPİTAL PORTFÖY SERBEST (DÖVİZ) FON,31.08.2026,"49,020591",104705.00,39,"5132700,95"
DAC,DENİZ PORTFÖY BORİS SERBEST (DÖVİZ) ÖZEL FON,31.08.2026,"73,644366",7102353.00,1,"523048280,99"
DAE,DENİZ PORTFÖY ARBAU HİSSE SENEDİ SERBEST ÖZEL FON (HİSSE SENEDİ YOĞUN FON),31.08.2026,"2,773319",375205792.00,1,"1040565407,94"
DAH,DENİZ PORTFÖY HİSSE SENEDİ FONU (HİSSE SENEDİ YOĞUN FON),31.08.2026,"3,733607",160657900.00,2527,"599833527,45"
DAI,DENİZ PORTFÖY ARTI SERBEST (DÖVİZ) ÖZEL FON,31.08.2026,"97,061429",3849385.00,4,"373626807,00"
DAL,DENİZ PORTFÖY SU SERBEST (DÖVİZ) ÖZEL FON,31.08.2026,"72,978942",9596335.00,1,"700330377,07"
DAP,DESTEK PORTFÖY PARA PİYASASI FONU,31.08.2026,"1,028902",1531438692.00,732,"1575699914,76"
DAS,DENİZ PORTFÖY ONİKİNCİ SERBEST (DÖVİZ) FON,31.08.2026,"55,464424",2070043809.31,25369,"114813786679,78"
DAT,DENİZ PORTFÖY ARMUT SERBEST (DÖVİZ) ÖZEL FON,31.08.2026,"99,118935",2782588.00,6,"275807159,90"
DAV,DENİZ PORTFÖY 2026 SERBEST (DÖVİZ-AVRO) FON,31.08.2026,"58,671135",20655586.00,221,"1211886676,53"
DAZ,DENİZ PORTFÖY TÜRKİZ SERBEST(DÖVİZ) ÖZEL FON,31.08.2026,"13,510809",24646884.00,4,"332999353,09"
DB2,NUROL PORTFÖY İKİNCİ KISA VADELİ SERBEST FON,31.08.2026,"2,113772",3102584.00,11,"6558154,85"
DBA,DENİZ PORTFÖY ALTIN FONU,31.08.2026,"0,783233",13208536189.00,25316,"10345362496,80"
DBB,DENİZ PORTFÖY BORÇLANMA ARAÇLARI FONU,31.08.2026,"0,115179",2100067838.85,1969,"241882930,14"
DBG,DENİZ PORTFÖY BEYAZ SERBEST ÖZEL FONU,31.08.2026,"0,66589",4118962935.00,4,"2742777741,98"
DBH,DENİZ PORTFÖY EUROBOND (DÖVİZ) BORÇLANMA ARAÇLARI FONU,31.08.2026,"0,385883",2566682900.00,8653,"990438375,44"
DBK,DENİZ PORTFÖY KISA VADELİ BORÇLANMA ARAÇLARI (TL) FONU,31.08.2026,"0,122313",6430925506.00,85332,"786587682,55"
DBP,DENİZ PORTFÖY BİRİNCİ DEĞİŞKEN FON,31.08.2026,"0,508171",329684000.00,1058,"167535926,68"
DBZ,DENİZ PORTFÖY ÖZEL SEKTÖR BORÇLANMA ARAÇLARI FONU,31.08.2026,"0,142008",5054708400.00,2881,"717807309,86"
DCB,DENİZ PORTFÖY PARA PİYASASI SERBEST (TL) FON,31.08.2026,"4,81863",28812285180.00,22342,"138835728595,45"
DCD,DENİZ PORTFÖY SKA SERBEST (DÖVİZ) ÖZEL FON,31.08.2026,"66,427355",3783175.00,1,"251306308,14"
DCE,DENİZ PORTFÖY BAKHAM SERBEST (DÖVİZ) ÖZEL FON,31.08.2026,"74,495694",17399399.00,3,"1296180304,89"
DCN,DENİZ PORTFÖY ÜÇÜNCÜ PARA PİYASASI (TL) FONU,31.08.2026,"1,45332",655392201.00,2472,"952494593,85"
DCP,YAPI KREDİ PORTFÖY CÖMERT SERBEST (DÖVİZ) ÖZEL FON,31.08.2026,"72,138046",3487282.00,3,"251565709,56"
DCV,DENİZ PORTFÖY KAR PAYI ÖDEYEN SERBEST (DÖVİZ) FON,31.08.2026,"47,924907",789367.00,23,"37830340,15"
DDA,DENİZ PORTFÖY BANKACILIK SEKTÖRÜ HİSSE SENEDİ SERBEST FON (HİSSE SENEDİ YOĞUN FON),31.08.2026,"12,98083",17192191.00,1027,"223168906,40"
DDC,DENİZ PORTFÖY GÜN DOĞUSU HİSSE SENEDİ SERBEST (TL) FON (HİSSE SENEDİ YOĞUN FON),31.08.2026,"12,3905",314510632.00,11,"3896943843,84"
DDE,DENİZ PORTFÖY BADE SERBEST (DÖVİZ) ÖZEL FON,31.08.2026,"76,057307",5515073.00,1,"419461601,93"
DDF,DENİZ PORTFÖY DİNAMO HİSSE SENEDİ SERBEST (TL) FON (HİSSE SENEDİ YOĞUN FON),31.08.2026,"12,985278",9053419.00,658,"117561159,98"
DDP,DENİZ PORTFÖY SK SERBEST (DÖVİZ) ÖZEL FON,31.08.2026,"74,021503",1046042.00,1,"77429601,49"
DEF,ALLBATROSS PORTFÖY DEFNE SERBEST FON,31.08.2026,"2,780989",25925649.00,92,"72098951,37"
DEH,DESTEK PORTFÖY HİSSE SENEDİ FONU (HİSSE SENEDİ YOĞUN FON),31.08.2026,"1,013241",23808401.00,157,"24123645,00"
DEI,ALLBATROSS PORTFÖY DEMİR KISA VADELİ KATILIM SERBEST (TL) FON,31.08.2026,"0,03801",173196936.00,13,"6583156,51"
DFC,DENİZ PORTFÖY TARIM VE GIDA DEĞİŞKEN FON,31.08.2026,"3,221122",32346547.00,1526,"104192160,29"
DFD,DENİZ PORTFÖY EMTİA SERBEST FON,31.08.2026,"2,767182",52594275.00,441,"145537911,64"
DFI,ATLAS PORTFÖY SERBEST FON,31.08.2026,"5,779373",5760173650.00,50619,"33290194606,34"
DFO,AZİMUT PORTFÖY DLS SERBEST ÖZEL FON,31.08.2026,"4,007721",295635450.00,2,"1184824433,83"
DGF,A1 CAPİTAL PORTFÖY DEĞİŞKEN FON,31.08.2026,"1,511732",187500848.00,399,"283451006,47"
DGH,ATA PORTFÖY PARA PİYASASI SERBEST (TL) FON,31.08.2026,"10,904078",367615840.00,259,"4008511807,71"
DHI,PARDUS PORTFÖY DOKUZUNCU HİSSE SENEDİ SERBEST (TL) FON (HİSSE SENEDİ YOĞUN FON),31.08.2026,"0,544138",5285672299.00,46,"2876133041,31"
DHJ,DENİZ PORTFÖY TEKNOLOJİ ŞİRKETLERİ HİSSE SENEDİ FONU (HİSSE SENEDİ YOĞUN FON),31.08.2026,"7,265674",31019424.00,2918,"225377035,35"
DHM,DENİZ PORTFÖY ESG-SÜRDÜRÜLEBİLİRLİK FON SEPETİ FONU,31.08.2026,"5,389332",4814242.00,1135,"25945547,27"
DHP,DENİZ PORTFÖY PERİFER HİSSE SENEDİ SERBEST ÖZEL FON (HİSSE SENEDİ YOĞUN FON),31.08.2026,"4,624101",1887493.00,1,"8727958,58"
DHS,DENİZ PORTFÖY CC HİSSE SENEDİ SERBEST ÖZEL FON (HİSSE SENEDİ YOĞUN FON),31.08.2026,"336,673159",13205338.00,1,"4445882860,98"
DHT,DENİZ PORTFÖY HAVACILIK VE SAVUNMA TEKNOLOJİLERİ DEĞİŞKEN FON,31.08.2026,"1,185552",66620064.00,774,"78981540,34"
DHV,DENİZ PORTFÖY BİRİNCİ HİSSE SENEDİ SERBEST (TL) FON (HİSSE SENEDİ YOĞUN FON),31.08.2026,"2,865735",217741200.00,1430,"623988629,58"
DID,DENİZ PORTFÖY İKİNCİ DEĞİŞKEN FON,31.08.2026,"1,479229",18916539.00,155,"27981886,43"
DIH,DENİZ PORTFÖY İKİNCİ HİSSE SENEDİ SERBEST (TL) FON (HİSSE SENEDİ YOĞUN FON),31.08.2026,"2,517402",76257782.00,11,"191971460,92"
DIM,DENİZ PORTFÖY İMRAL SERBEST (DÖVİZ) ÖZEL FON,31.08.2026,"50,419554",2287508.00,1,"115335132,17"
DIP,DENİZ PORTFÖY İKİNCİ PARA PİYASASI SERBEST (TL) FON,31.08.2026,"1,596132",38331422749.00,1953,"61181993702,34"
DK1,KUVEYT TÜRK PORTFÖY DÜNYA KATILIM BANKASI KISA VADELİ KATILIM SERBEST FON,31.08.2026,"1,493005",2099873541.00,65,"3135121420,70"
DK8,DENİZ PORTFÖY KAR PAYI ÖDEYEN SEKİZİNCİ SERBEST (DÖVİZ) FON,31.08.2026,"48,143301",62233001.00,201,"2996102102,58"
DKA,DENİZ PORTFÖY KAR PAYI ÖDEYEN DOKUZUNCU SERBEST (DÖVİZ) FON,31.08.2026,"48,342093",50978831.00,239,"2464423368,06"
DKC,DENİZ PORTFÖY İKİNCİ SERBEST FON,31.08.2026,"0,60827",17851996.00,28,"10858838,35"
DKH,DENİZ PORTFÖY KATILIM HİSSE SENEDİ (TL) FONU (HİSSE SENEDİ YOĞUN FON),31.08.2026,"3,899542",55990407.00,1406,"218336952,08"
DKL,DENİZ PORTFÖY BİRİNCİ KATILIM SERBEST (DÖVİZ) FON,31.08.2026,"50,964187",7442488.00,100,"379300351,64"
DKP,QNB PORTFÖY KAR PAYI ÖDEYEN DOKUZUNCU SERBEST (DÖVİZ) FON,31.08.2026,"48,279602",86230000.00,628,"4163150046,58"
DKR,DENİZ PORTFÖY ONDÖRDÜNCÜ SERBEST FON,31.08.2026,"1,031461",245826179.00,1665,"253560077,07"
DKS,DENİZ PORTFÖY KUZEYYILDIZI SERBEST (DÖVİZ) ÖZEL FON,31.08.2026,"73,189428",3207930.00,2,"234786560,38"
DL2,DENİZ PORTFÖY İKİNCİ PARA PİYASASI (TL) FONU,31.08.2026,"2,50486",3837390591.00,652,"9612126595,69"
DLD,DENİZ PORTFÖY SÜRDÜRÜLEBİLİRLİK HİSSE SENEDİ FONU (HİSSE SENEDİ YOĞUN FON),31.08.2026,"7,812557",8277128.00,576,"64665533,59"
DLG,DENİZ PORTFÖY ESG SÜRDÜRÜLEBİLİRLİK SERBEST FON,31.08.2026,"1,278457",3636370.00,37,"4648943,58"
DLN,AURA PORTFÖY DOLUNAY SERBEST FON,31.08.2026,"2,531688",2039471315.00,42,"5163304943,59"
DLY,DENİZ PORTFÖY PARA PİYASASI (TL) FONU,31.08.2026,"6,138541",13580734912.00,312871,"83365893503,28"
DLZ,DENİZ PORTFÖY ALİZE HİSSE SENEDİ SERBEST (TL) FON (HİSSE SENEDİ YOĞUN FON),31.08.2026,"0,50716",21666434.00,44,"10988359,33"
DMG,DENİZ PORTFÖY GÜMÜŞ FON SEPETİ FONU,31.08.2026,"7,34155",445431221.00,15269,"3270155497,39"
DMI,İŞ PORTFÖY DM HİSSE SENEDİ ÖZEL FON (HİSSE SENEDİ YOĞUN FON),31.08.2026,"1,019795",792836412.00,1,"808530402,46"
DMR,ZİRAAT PORTFÖY DEMİRAY SERBEST (DÖVİZ) ÖZEL FON,31.08.2026,"59,395428",296469134.00,1,"17608911232,94"
DMV,DENİZ PORTFÖY SMART SERBEST (DÖVİZ) ÖZEL FON,31.08.2026,"71,254576",4806366.00,2,"342475569,50"
DMZ,DENİZ PORTFÖY ZEYTİN SERBEST (DÖVİZ) ÖZEL FON,31.08.2026,"65,062403",10000000.00,5,"650624026,71"
DNA,DENİZ PORTFÖY ANATOLİA HİSSE SENEDİ SERBEST ÖZEL FON (HİSSE SENEDİ YOĞUN FON),31.08.2026,"10,922059",199023445.00,5,"2173745717,66"
DNF,A1 CAPİTAL PORTFÖY DİNAMİK FON SEPETİ FONU,31.08.2026,"1,369049",320977985.00,152,"439434563,75"
DNH,DENİZ PORTFÖY İNŞAAT SEKTÖRÜ HİSSE SENEDİ SERBEST (TL) FON (HİSSE SENEDİ YOĞUN FON),31.08.2026,"1,188815",14829424.00,61,"17629437,98"
DNK,TACİRLER PORTFÖY DENGE KATILIM SERBEST FON,31.08.2026,"1,782089",378599703.00,126,"674698253,12"
DNL,DENİZ PORTFÖY NEKO SERBEST (DÖVİZ) ÖZEL FON,31.08.2026,"55,924941",3984706.00,1,"222844448,16"
DNM,QNB PORTFÖY DİNAMİK DAĞILIMLI SERBEST (DÖVİZ) FON,31.08.2026,"53,29137",27013805.00,1071,"1439602668,18"
DNP,DENİZ PORTFÖY PARA PİYASASI KATILIM SERBEST (TL) FON,31.08.2026,"1,450579",1339783587.00,326,"1943461509,61"
DNU,DENİZ PORTFÖY KAR PAYI ÖDEYEN ONBEŞİNCİ SERBEST (DÖVİZ) FON,31.08.2026,"47,85401",822105.00,15,"39341020,95"
DOC,DENİZ PORTFÖY KAR PAYI ÖDEYEN ONİKİNCİ SERBEST (DÖVIZ) FON,31.08.2026,"48,173675",102203272.00,174,"4923507174,59"
DOD,AZİMUT PORTFÖY 14.0 SERBEST (DÖVİZ) FON,31.08.2026,"70,475363",208756232.00,159,"14712171305,12"
DOH,TERA PORTFÖY DÖRDÜNCÜ HİSSE SENEDİ SERBEST (TL) FON (HİSSE SENEDİ YOĞUN FON),31.08.2026,"2,380703",4669170904.00,13226,"11115911296,43"
DOL,AKTİF PORTFÖY ÜÇÜNCÜ AKTİF SERBEST (DÖVİZ) FON,31.08.2026,"53,068865",110575850.00,379,"5868134894,47"
DOR,AZİMUT PORTFÖY OKSİJEN SERBEST (DÖVİZ) ÖZEL FON,31.08.2026,"73,884396",7202062.00,1,"532120000,14"
DOS,DENİZ PORTFÖY OLMİ SERBEST (DÖVİZ) ÖZEL FON,31.08.2026,"68,449696",30462164.00,3,"2085125870,33"
DOV,DENİZ PORTFÖY ONÜÇÜNCÜ SERBEST (DÖVİZ-AVRO) FON,31.08.2026,"61,183341",1215898372.00,17173,"74392724527,80"
DP1,DENİZ PORTFÖY DELTA SERBEST ÖZEL FON,31.08.2026,"18,200252",284576837.00,7,"5179370084,74"
DP2,DENİZ PORTFÖY ÖZER SERBEST (DÖVİZ) ÖZEL FON,31.08.2026,"66,796545",5604795.00,11,"374380941,18"
DP3,DENİZ PORTFÖY DUMAN SERBEST (DÖVİZ) ÖZEL FON,31.08.2026,"71,166582",4680779.00,4,"333115044,85"
DP4,DENİZ PORTFÖY GİZEM SERBEST (DÖVİZ) ÖZEL FON,31.08.2026,"75,061413",7294243.00,3,"547516188,62"
DP5,DENİZ PORTFÖY MER SERBEST (DÖVİZ) ÖZEL FON,31.08.2026,"84,678788",21656874.00,1,"1833877833,92"
DP6,DENİZ PORTFÖY KAR PAYI ÖDEYEN BEŞİNCİ SERBEST (DÖVİZ) FON,31.08.2026,"48,202172",40177585.00,212,"1936646855,29"
DP7,DENİZ PORTFÖY DEMİR SERBEST (DÖVİZ) ÖZEL FON,31.08.2026,"61,6005",9001782.00,3,"554514272,78"
DP8,DENİZ PORTFÖY KAR PAYI ÖDEYEN ALTINCI SERBEST (DÖVİZ) FON,31.08.2026,"48,435557",8256483.00,49,"399907350,58"
DP9,DENİZ PORTFÖY KAR PAYI ÖDEYEN YEDİNCİ SERBEST (DÖVİZ) FON,31.08.2026,"48,191008",126389046.00,155,"6090815548,48"
DPB,DENİZ PORTFÖY SERBEST (DÖVİZ) FON,31.08.2026,"24,513514",460941877.00,3137,"11299305069,95"
DPC,DENİZ PORTFÖY FRS SERBEST (DÖVİZ) ÖZEL FON,31.08.2026,"100,066174",3342303.00,1,"334451474,66"
DPE,DENİZ PORTFÖY EGE SERBEST (DÖVİZ) ÖZEL FON,31.08.2026,"22,910408",65456679.00,1,"1499639253,50"
DPG,DENİZ PORTFÖY REYHAN SERBEST (DÖVİZ) ÖZEL FON,31.08.2026,"101,87174",5734193.00,2,"584152221,02"
DPI,DENİZ PORTFÖY İSTATİSTİKSEL ARBİTRAJ HİSSE SENEDİ SERBEST FON (HİSSE SENEDİ YOĞUN FON),31.08.2026,"8,951356",42495005.00,126,"380387934,48"
DPK,DENİZ PORTFÖY KİRA SERTİFİKALARI KATILIM (TL) FONU,31.08.2026,"8,719637",99247192.00,1359,"865399508,55"
DPL,DENİZ PORTFÖY NİL SERBEST (DÖVİZ) ÖZEL FON,31.08.2026,"103,382932",22490084.00,1,"2325090825,81"
DPN,DENİZ PORTFÖY NEVA SERBEST (DÖVİZ) ÖZEL FON,31.08.2026,"58,331634",39240.00,1,"2288933,33"
DPP,DENİZ PORTFÖY HLC SERBEST (DÖVİZ) ÖZEL FON,31.08.2026,"150,573316",358374.00,2,"53961561,38"
DPT,DENİZ PORTFÖY BİST TEMETTÜ 25 ENDEKSİ HİSSE SENEDİ FONU ( HİSSE SENEDİ YOĞUN FON ),31.08.2026,"18,326096",16510255.00,5002,"302568524,64"
DPZ,DENİZ PORTFÖY YAZ SERBEST (DÖVİZ) ÖZEL FON,31.08.2026,"83,479758",1481286.00,1,"123657396,12"
DRA,NEO PORTFÖY DORA SERBEST FON,31.08.2026,"1,299597",34289863.00,48,"44563017,30"
DRD,DENİZ PORTFÖY KAR PAYI ÖDEYEN ONBİRİNCİ SERBEST (DÖVİZ-AVRO) FON,31.08.2026,"56,315152",30898398.00,149,"1740047980,37"
DRH,PARDUS PORTFÖY DÖRDÜNCÜ HİSSE SENEDİ SERBEST (TL) FON (HİSSE SENEDİ YOĞUN FON),31.08.2026,"1,883762",368721809.00,71,"694584282,38"
DRT,DENİZ PORTFÖY ROBOTİK TEKNOLOJİLERİ DEĞİŞKEN FON,31.08.2026,"1,252154",34154345.00,515,"42766490,58"
DSC,DENİZ PORTFÖY RÜ SERBEST (DÖVİZ) ÖZEL FON,31.08.2026,"67,427779",14860108.00,1,"1001984085,37"
DSD,DENİZ PORTFÖY İKİNCİ SERBEST (DÖVİZ_AVRO) FON,31.08.2026,"72,796222",52759151.00,1416,"3840666845,94"
DSH,AK PORTFÖY DÖRDÜNCÜ SERBEST FON,31.08.2026,"2,254519",1956057132.00,1382,"4409968442,94"
DSP,DENİZ PORTFÖY DENGELİ FON SEPETİ FONU,31.08.2026,"15,06285",9752429.00,1166,"146899372,61"
DSV,DENİZ PORTFÖY 2028 SERBEST (DÖVİZ) FON,31.08.2026,"49,532442",18239462.00,44,"903445089,47"
DTH,EMAA BLUE PORTFÖY DÖNÜŞÜM TEKNOLOJİLERİ HİSSE SENEDİ (TL) FONU (HİSSE SENEDİ YOĞUN FON),31.08.2026,"1,404162",174069514.00,227,"244421829,42"
DTL,DENİZ PORTFÖY BIST 100 DIŞI ŞİRKETLER HİSSE SENEDİ (TL) FONU (HİSSE SENEDİ YOĞUN FON),31.08.2026,"4,236985",39143070.00,3205,"165848617,91"
DTM,DENİZ PORTFÖY TEMETTÜ ÖDEYEN ŞİRKETLER DEĞİŞKEN FON,31.08.2026,"1,477956",41180899.00,2746,"60863540,64"
DTO,DENİZ PORTFÖY KAR PAYI ÖDEYEN ONDÖRDÜNCÜ SERBEST (DÖVİZ) FON,31.08.2026,"48,033504",2484690.00,131,"119348366,28"
DTP,AZİMUT PORTFÖY ADATEPE SERBEST ÖZEL FON,31.08.2026,"1,908455",905970033.00,4,"1729003027,98"
DTV,DENİZ PORTFÖY CEY SERBEST (DÖVİZ) ÖZEL FON,31.08.2026,"70,103566",60375603.00,4,"4232545053,31"
DTZ,AK PORTFÖY ROBOTİK TEKNOLOJİLER DEĞİŞKEN FON,31.08.2026,"5,481995",93863021.00,8362,"514556601,61"
DUC,DENİZ PORTFÖY ÜÇÜNCÜ HİSSE SENEDİ SERBEST (TL) FON (HİSSE SENEDİ YOĞUN FON),31.08.2026,"0,449756",346361.00,12,"155777,90"
DUD,DENİZ PORTFÖY UZUN VADELİ SERBEST (DÖVİZ) FON,31.08.2026,"53,232927",8327566.00,280,"443300710,46"
DUH,HEDEF PORTFÖY UFUK HİSSE SENEDİ SERBEST FON (HİSSE SENEDİ YOĞUN FON),31.08.2026,"1,256794",120048779.00,517,"150876585,97"
DUT,DENİZ PORTFÖY KAR PAYI ÖDEYEN DÖRDÜNCÜ SERBEST (DÖVİZ) FON,31.08.2026,"47,885925",18467855.00,244,"884350326,82"
DUV,DENİZ PORTFÖY UZUN VADELİ BORÇLANMA ARAÇLARI FONU,31.08.2026,"1,331847",46823688.00,208,"62361986,31"
DVC,DENİZ PORTFÖY LİYA SERBEST (DÖVİZ) ÖZEL FON,31.08.2026,"69,277979",825000.00,1,"57154332,28"
DVI,DENİZ PORTFÖY OLBA SERBEST (DÖVİZ) ÖZEL FON,31.08.2026,"78,215239",2522899.00,2,"197329147,57"
DVN,DENİZ PORTFÖY G2B SERBEST (DÖVİZ) ÖZEL FON,31.08.2026,"65,837898",4789538.00,1,"315333116,14"
DVO,DENİZ PORTFÖY BİRİNCİ SERBEST (TL) ÖZEL FON,31.08.2026,"5,37097",6407587.00,1,"34414960,54"
DVS,DENİZ PORTFÖY KISA VADELİ SERBEST (TL) FON,31.08.2026,"1,587964",224434515.00,315,"356393942,78"
DVT,DENİZ PORTFÖY METAVERSE VE DİJİTAL YAŞAM TEKNOLOJİLERİ DEĞİŞKEN FON,31.08.2026,"10,03305",89133881.00,11073,"894284722,43"
DVU,AZİMUT PORTFÖY 17.0 SERBEST ÖZEL FON,31.08.2026,"8,801678",167311605.00,5,"1472622792,75"
DVZ,DENİZ PORTFÖY EFES SERBEST (DÖVİZ) ÖZEL FON,31.08.2026,"67,184926",21011556.00,1,"1411659838,02"
DXP,DENİZ PORTFÖY İHRACATÇI ŞİRKETLER HİSSE SENEDİ FONU (HİSSE SENEDİ YOĞUN FON),31.08.2026,"1,953179",24623138.00,1044,"48093394,59"
DYJ,DENİZ PORTFÖY KAR PAYI ÖDEYEN ÜÇÜNCÜ SERBEST (DÖVİZ) FON,31.08.2026,"48,797253",23490997.00,154,"1146296133,80"
DYN,DENİZ PORTFÖY ELEKTRİKLİ VE OTONOM ARAÇ TEKNOLOJİLERİ DEĞİŞKEN FON,31.08.2026,"4,537976",12986438.00,1629,"58932146,07"
DYS,DENİZ PORTFÖY SAM YELİ SERBEST FON,31.08.2026,"1,673164",11610791.00,13,"19426756,47"
DZ2,DENİZ PORTFÖY İKİNCİ SERBEST ÖZEL FON,31.08.2026,"1,422308",8901825523.00,2,"12661134553,84"
DZE,DENİZ PORTFÖY BIST 100 ENDEKSİ HİSSE SENEDİ FONU(HİSSE SENEDİ YOĞUN FON),31.08.2026,"1,026783",193153700.00,2846,"198326908,37"
DZM,DENİZ PORTFÖY BEŞİNCİ SERBEST (DÖVİZ) FON,31.08.2026,"87,23821",130138191.00,4115,"11353022825,06"
DZP,AZİMUT PORTFÖY DENİZ SERBEST (DÖVİZ) ÖZEL FON,31.08.2026,"61,153518",7580400.00,2,"463568128,12"
DZS,AK PORTFÖY DOKUZUNCU SERBEST FON,31.08.2026,"1,584268",33167983.00,123,"52546983,10"
EBD,GLOBAL MD PORTFÖY İKİNCİ DEĞİŞKEN FON,31.08.2026,"0,261114",306343435.00,580,"79990471,35"
EBI,EMAA BLUE PORTFÖY İKİNCİ SERBEST (DÖVİZ-AVRO) FON,31.08.2026,"57,463145",13830246.00,25,"794729425,63"
EBS,EMAA BLUE PORTFÖY BİRİNCİ SERBEST (DÖVİZ-ABD DOLARI) FON,31.08.2026,"49,479617",90567780.00,34,"4481259080,59"
EC2,GLOBAL MD PORTFÖY BİRİNCİ HİSSE SENEDİ FONU(HİSSE SENEDİ YOĞUN FON),31.08.2026,"87,095876",749034.80,1934,"65237842,05"
ECA,GLOBAL MD PORTFÖY BİRİNCİ DEĞİŞKEN FON,31.08.2026,"2,070038",163597218.00,760,"338652421,32"
ECB,GLOBAL MD PORTFÖY PARA PİYASASI (TL) FONU,31.08.2026,"54,010198",14668525.00,3177,"792249943,94"
ECV,GLOBAL MD PORTFÖY KISA VADELİ BORÇLANMA ARAÇLARI (TL) FONU,31.08.2026,"0,493862",182555187.18,2413,"90156996,68"
EDD,QNB PORTFÖY ENPARA DENGELİ DEĞİŞKEN ÖZEL FON,31.08.2026,"1,154659",23691592.00,898,"27355699,74"
EDN,EMAA BLUE PORTFÖY DENGELİ DEĞİŞKEN FON,31.08.2026,"1,047618",268476411.00,34,"281260788,91"
EDP,NEO PORTFÖY KORUNCUK EĞİTİME DESTEK PARA PİYASASI SERBEST FON,31.08.2026,"1,181901",64230853.00,56,"75914500,66"
EDT,DENİZ PORTFÖY TED EĞİTİME DESTEK SERBEST FON,31.08.2026,"2,281637",424454357.00,626,"968450882,65"
EDU,İŞ PORTFÖY TEV EĞİTİME DESTEK DEĞİŞKEN FON,31.08.2026,"3,64135",101289972.00,685,"368832245,34"
EES,ROTA PORTFÖY EE SERBEST (DÖVİZ) ÖZEL FON,31.08.2026,"50,730124",7984529.00,1,"405056149,59"
EGP,GARANTİ PORTFÖY EKİM 2028 SÜRDÜRÜLEBİLİRLİK SERBEST (DÖVİZ-ABD DOLARI) FON,31.08.2026,"57,855778",4563359.00,49,"264016686,50"
EGR,EMAA BLUE PORTFÖY AGRESİF DEĞİŞKEN FON,31.08.2026,"1,056006",262415931.00,129,"277112917,24"
EHS,AZİMUT PORTFÖY ERCİYES HİSSE SENEDİ SERBEST ÖZEL FON (HİSSE SENEDİ YOĞUN FON),31.08.2026,"2,646155",235938967.00,3,"624331156,80"
EIB,ASTRA PORTFÖY DEĞİŞKEN FON,31.08.2026,"0,690239",445561328.00,503,"307543744,32"
EID,ASTRA PORTFÖY HİSSE SENEDİ FONU (HİSSE YOĞUN FON),31.08.2026,"1,995473",46350566.00,1838,"92491288,24"
EIL,ASTRA PORTFÖY PARA PİYASASI (TL) FONU,31.08.2026,"5,335193",185899117.00,1455,"991807666,63"
EJG,AZİMUT PORTFÖY İNAN SERBEST (TL) ÖZEL FON,31.08.2026,"9,825524",68419205.00,1,"672254556,73"
EKF,ASTRA PORTFÖY KİRA SERTİFİKASI KATILIM (TL) FONU,31.08.2026,"0,138106",11211542066.00,4950,"1548380203,99"
EKL,KUVEYT TÜRK PORTFÖY EMLAK KATILIM BANKASI PARA PİYASASI KATILIM FONU,31.08.2026,"1,841239",1321699211.00,1326,"2433563889,10"
ELZ,ASTRA PORTFÖY KATILIM HİSSE SENEDİ FONU (HİSSE SENEDİ YOĞUN FON),31.08.2026,"14,123762",20905998.00,705,"295271347,17"
EME,STRATEJİ PORTFÖY EMERALD HİSSE SENEDİ SERBEST FON (HİSSE SENEDİ YOĞUN FON),31.08.2026,"1,139311",33388148.00,15,"38039476,23"
EML,AK PORTFÖY EMLAK SEKTÖRÜ DEĞİŞKEN FON,31.08.2026,"1,267356",34442373.00,967,"43650748,02"
ENA,QNB PORTFÖY ENPARA ATAK DEĞİŞKEN ÖZEL FON,31.08.2026,"1,15846",32283710.00,1627,"37399376,22"
ENJ,AKTİF PORTFÖY ENERJİ ŞİRKETLERİ HİSSE SENEDİ (TL) FONU (HİSSE SENEDİ YOĞUN FON),31.08.2026,"1,427861",42967539.00,673,"61351681,69"
ENO,QNB PORTFÖY ENPARA SERBEST (DÖVİZ) FON,31.08.2026,"48,722743",1440343.00,114,"70177461,80"
ENR,QNB PORTFÖY ENPARA PARA PİYASASI (TL) FONU,31.08.2026,"1,217136",1610209134.00,12912,"1959843475,89"
ENS,QNB PORTFÖY ENPARA DEĞİŞKEN ÖZEL FON,31.08.2026,"1,219504",35197763.00,1780,"42923796,18"
EP1,EMLAK KATILIM PORTFÖY PARA PİYASASI KATILIM (TL) FONU,31.08.2026,"1,079019",12859398798.00,1851,"13875535470,93"
EPA,EMAA BLUE PORTFÖY PARA PİYASASI KATILIM (TL) FONU,31.08.2026,"1,390999",394400151.00,158,"548610293,57"
EPI,EMAA BLUE PORTFÖY İNŞAAT SEKTÖRÜ KATILIM FONU,31.08.2026,"1,159312",252354636.00,340,"292557871,82"
EPK,EMAA BLUE PORTFÖY KIYMETLİ MADENLER KATILIM FON SEPETİ FONU,31.08.2026,"1,431069",173785663.00,1547,"248699294,82"
EPO,İŞ PORTFÖY EXPLORER SERBEST (DÖVİZ) ÖZEL FON,31.08.2026,"62,950523",7389995.00,1,"465204052,98"
EPP,EMAA BLUE PORTFÖY PARA PİYASASI SERBEST FON,31.08.2026,"1,496305",1294971524.00,50,"1937672016,51"
EPT,EMAA BLUE PORTFÖY PARA PİYASASI (TL) FONU,31.08.2026,"1,34977",1150625592.00,71,"1553079627,43"
ESG,AKTİF PORTFÖY ESG SÜRDÜRÜLEBİLİRLİK SERBEST FON,31.08.2026,"4,097176",2694596.00,81,"11040235,15"
ESN,ALLBATROSS PORTFÖY ESİN SERBEST FON,31.08.2026,"1,761372",23511812.00,12,"41413044,70"
ESP,AURA PORTFÖY EMTİA SERBEST FON,31.08.2026,"0,363595",70004524.00,275,"25453324,62"
ETN,EMAA BLUE PORTFÖY TEMKİNLİ DEĞİŞKEN FON,31.08.2026,"1,011098",200004936.00,8,"202224615,77"
EUN,GARANTİ PORTFÖY İKİNCİ SERBEST (DÖVİZ-AVRO) FON,31.08.2026,"64,551167",96300932.00,3532,"6216337523,44"
EUZ,GARANTİ PORTFÖY SERBEST (DÖVİZ-AVRO) FON,31.08.2026,"63,387134",2274483736.00,38752,"144173005594,31"
EVM,DENİZ PORTFÖY ENERJİ VE MADENCİLİK SEKTÖRÜ DEĞİŞKEN FON,31.08.2026,"1,179379",38629501.00,615,"45558823,02"
EYT,AKTİF PORTFÖY İKİNCİ FON SEPETİ FONU,31.08.2026,"3,096526",14208239.00,496,"43996187,91"
EZM,KUVEYT TÜRK PORTFÖY EZM KATILIM SERBEST (DÖVİZ) ÖZEL FON,31.08.2026,"44,692733",100000.00,1,"4469273,30"
FAK,FONMAP PORTFÖY ALTIN KATILIM FONU,31.08.2026,"1,343862",15796573.00,366,"21228408,53"
FAL,ONE PORTFÖY ALTIN FONU,31.08.2026,"1,30613",264378397.00,636,"345312515,01"
FBC,ONE PORTFÖY KAR PAYI ÖDEYEN KATILIM FONU,31.08.2026,"2,077377",85956899.00,5791,"178564864,19"
FBI,FİBA PORTFÖY BİRİNCİ SERBEST (DÖVİZ) FON,31.08.2026,"53,324585",318526799.00,5000,"16985309391,15"
FBN,FİBA PORTFÖY SAFİR SERBEST FON,31.08.2026,"5,507986",40408496.00,33,"222569423,03"
FBV,İŞ PORTFÖY MODEL SERBEST FON,31.08.2026,"7,902546",84309938.00,1922,"666263158,40"
FBZ,FİBA PORTFÖY TEKNOLOJİ SERBEST FON,31.08.2026,"4,832934",62550356.00,400,"302301724,39"
FCK,ONE PORTFÖY ÇOKLU VARLIK KATILIM FONU,31.08.2026,"1,890736",162944927.00,554,"308085758,76"
FCS,FİBA PORTFÖY İKİNCİ SERBEST FON,31.08.2026,"2,358483",945579884.00,178,"2230134428,93"
FD1,ONE PORTFÖY BİRİNCİ DEĞİŞKEN FON,31.08.2026,"2,062269",9532094.00,143,"19657737,64"
FDE,QNB PORTFÖY KAR PAYI ÖDEYEN BEŞİNCİ SERBEST (DÖVİZ) FON,31.08.2026,"48,176498",91460000.00,881,"4406222462,26"
FDG,FONMAP PORTFÖY BİRİNCİ DEĞİŞKEN FON,31.08.2026,"2,678358",26342140.00,792,"70553693,18"
FDO,QNB PORTFÖY SULTAN SERBEST (DÖVİZ) ÖZEL FON,31.08.2026,"61,766458",4737363.00,1,"292610132,14"
FDV,AZİMUT PORTFÖY DMR SERBEST FON,31.08.2026,"6,119153",245000000.00,1,"1499192483,39"
FDZ,AZİMUT PORTFÖY 16.0 HİSSE SENEDİ SERBEST FON (HİSSE SENEDİ YOĞUN FON),31.08.2026,"0,317755",737329526.00,11,"234289867,96"
FFD,FİBA PORTFÖY ÜÇÜNCÜ PARA PİYASASI (TL) FONU,31.08.2026,"0,051566",46493409186.00,1031,"2397467364,42"
FFF,QNB PORTFÖY BERİL SERBEST (DÖVİZ) ÖZEL FON,31.08.2026,"65,137062",16462779.00,1,"1072337061,45"
FFH,QNB PORTFÖY ÇOKLU VARLIK KATILIM FONU,31.08.2026,"8,844878",187804545.00,2125,"1661108289,30"
FFO,QNB PORTFÖY SER SERBEST (DÖVİZ) ÖZEL FON,31.08.2026,"59,150897",1801854.00,7,"106581280,85"
FFP,QNB PORTFÖY FON SEPETİ FONU,31.08.2026,"7,911529",254600315.00,2384,"2014277676,43"
FHI,FONMAP PORTFÖY İKİNCİ HİSSE SENEDİ SERBEST FON (HİSSE SENEDİ YOĞUN FON),31.08.2026,"1,496966",48974090.00,11,"73312541,75"
FHP,FİBA PORTFÖY ÖPY PARA PİYASASI SERBEST (TL) ÖZEL FON,31.08.2026,"3,438485",3423270936.00,48,"11770866629,48"
FHZ,QNB PORTFÖY HUZUR SERBEST (DÖVİZ) ÖZEL FON,31.08.2026,"65,333865",11372709.00,3,"743023036,58"
FI3,QNB PORTFÖY BORÇLANMA ARAÇLARI FONU,31.08.2026,"808,913807",2058439.80,9719,"1665100378,18"
FI5,QNB PORTFÖY PARA PİYASASI (TL) FONU,31.08.2026,"750,036935",157972559.00,53445,"118485253998,50"
FIB,FİBA PORTFÖY ALTIN FONU,31.08.2026,"0,530064",10021694077.58,12480,"5312140862,27"
FID,FİBA PORTFÖY ÇOKLU VARLIK İKİNCİ DEĞİŞKEN FON,31.08.2026,"1,063127",831845198.00,1673,"884356792,73"
FIL,FİBA PORTFÖY PARA PİYASASI (TL) FONU,31.08.2026,"0,37564",37320810221.00,21058,"14019179094,52"
FIT,FİBA PORTFÖY BORÇLANMA ARAÇLARI (TL) FONU,31.08.2026,"0,235135",989859214.00,575,"232750840,93"
FJB,FİBA PORTFÖY BLOK ZİNCİRİ TEKNOLOJİLERİ SERBEST FON,31.08.2026,"7,310117",55830146.00,742,"408124915,50"
FJC,FİBA PORTFÖY MELTEM ÜÇÜNCÜ SERBEST (DÖVİZ) FON,31.08.2026,"60,472802",21340711.00,96,"1290532595,71"
FJM,FİBA PORTFÖY MELTEM SERBEST (DÖVİZ) FON,31.08.2026,"58,112545",135257313.00,1646,"7860146718,12"
FJN,FİBA PORTFÖY MELTEM İKİNCİ SERBEST (DÖVİZ) FON,31.08.2026,"57,895973",87279529.00,1222,"5053133274,68"
FJZ,FİBA PORTFÖY FIRTINA SERBEST (DÖVİZ) FON,31.08.2026,"66,634179",22545140.00,809,"1502276893,88"
FKE,QNB PORTFÖY KRİSTAL SERBEST (DÖVİZ-AVRO) FON,31.08.2026,"59,912396",828676728.00,12183,"49648008380,10"
FKV,QNB PORTFÖY KAR PAYI ÖDEYEN YEDİNCİ SERBEST (DÖVİZ) FON,31.08.2026,"48,277989",47890000.01,475,"2312032905,84"
FLS,YAPI KREDİ PORTFÖY FLORYA SERBEST (DÖVİZ-AVRO) FON,31.08.2026,"63,162806",65750180.00,2298,"4152965836,52"
FLY,AKTİF PORTFÖY HAVACILIK VE SAVUNMA TEKNOLOJİLERİ DEĞİŞKEN FON,31.08.2026,"1,673246",67613289.00,2274,"113133692,82"
FMG,QNB PORTFÖY GÜMÜŞ SERBEST FON,31.08.2026,"3,573721",3671266667.00,10441,"13120082909,35"
FMS,QNB PORTFÖY SABİHA SERBEST (DÖVİZ) ÖZEL FON,31.08.2026,"55,182587",11051517.00,1,"609851302,03"
FMV,DENİZ PORTFÖY FMV IŞIK ÜNİVERSİTESİ EĞİTİME DESTEK SERBEST FON,31.08.2026,"1,433698",114894079.00,31,"164723463,07"
FNN,QNB PORTFÖY KAR PAYI ÖDEYEN ONUNCU SERBEST (DÖVİZ) FON,31.08.2026,"0,00",0.00,1,"0,00"
FNO,QNB PORTFÖY BİRİNCİ DEĞİŞKEN FON,31.08.2026,"0,210317",52477511418.04,6542,"11036892668,62"
FNT,HEDEF PORTFÖY MODEL HİSSE SENEDİ SERBEST (TL) FON (HİSSE SENEDİ YOĞUN FON),31.08.2026,"2,318294",291261482.00,1833,"675229745,02"
FP4,ONE PORTFÖY DÖRDÜNCÜ HİSSE SENEDİ SERBEST FON (HİSSE SENEDİ YOĞUN FON),31.08.2026,"0,798009",168421723.00,133,"134402021,12"
FPE,FİBA PORTFÖY EUROBOND BORÇLANMA ARAÇLARI (DÖVİZ) FONU,31.08.2026,"76,91608",4421438.00,1424,"340079679,27"
FPG,FİBA PORTFÖY GÜMÜŞ SERBEST FON,31.08.2026,"2,369453",384234841.00,2073,"910426272,67"
FPH,FİBA PORTFÖY HİSSE SENEDİ (TL) FONU (HİSSE SENEDİ YOĞUN FON),31.08.2026,"35,703927",36587289.00,4501,"1306309879,47"
FPI,FONMAP PORTFÖY BİRİNCİ PARA PİYASASI (TL) FONU,31.08.2026,"2,667995",26277498.00,212,"70108225,72"
FPK,FİBA PORTFÖY KISA VADELİ BORÇLANMA ARAÇLARI (TL) FONU,31.08.2026,"0,099256",2677753228.00,1197,"265783247,73"
FPR,STRATEJİ PORTFÖY FOREST HİSSE SENEDİ SERBEST FON (HİSSE SENEDİ YOĞUN FON),31.08.2026,"11,24694",15084312.00,30,"169652345,11"
FPZ,QNB PORTFÖY BİRİNCİ SERBEST (DÖVİZ) FON,31.08.2026,"69,486716",1916845219.00,19423,"133195278392,70"
FR1,ONE PORTFÖY BİRİNCİ SERBEST FON,31.08.2026,"0,757251",265396484.00,20,"200971734,88"
FRA,AZİMUT PORTFÖY MAB SERBEST FON,31.08.2026,"32,594416",16346222.00,2,"532795563,57"
FRC,FONMAP PORTFÖY BİRİNCİ HİSSE SENEDİ SERBEST FON (HİSSE SENEDİ YOĞUN FON),31.08.2026,"1,493858",49298266.00,209,"73644596,44"
FRZ,AZİMUT PORTFÖY FRZ SERBEST ÖZEL FON,31.08.2026,"15,49252",17900643.00,2,"277326066,67"
FS1,ONE PORTFÖY BİRİNCİ HİSSE SENEDİ SERBEST FON (HİSSE SENEDİ YOĞUN FON),31.08.2026,"1,536047",89777964.00,232,"137903214,07"
FS2,ONE PORTFÖY İKİNCİ HİSSE SENEDİ SERBEST FON (HİSSE SENEDİ YOĞUN FON),31.08.2026,"2,480453",21503948.00,26,"53339541,80"
FS3,ONE PORTFÖY KATILIM HİSSE SENEDİ SERBEST FON (HİSSE SENEDİ YOĞUN FON),31.08.2026,"1,278993",848905511.00,21,"1085744367,54"
FS4,ONE PORTFÖY ÜÇÜNCÜ HİSSE SENEDİ SERBEST FON (HİSSE SENEDİ YOĞUN FON),31.08.2026,"1,613926",513376841.00,20,"828552429,25"
FS5,ONE PORTFÖY BİRİNCİ İSTATİSTİKSEL ARBİTRAJ HİSSE SENEDİ SERBEST FON (HİSSE SENEDİ YOĞUN FON),31.08.2026,"2,354888",13055162.00,14,"30743449,30"
FS6,ONE PORTFÖY İKİNCİ İSTATİSTİKSEL ARBİTRAJ SERBEST FON,31.08.2026,"1,913849",65761483.00,363,"125857525,58"
FSF,FİBA PORTFÖY PARA PİYASASI SERBEST (TL) FON,31.08.2026,"6,990524",1727972372.00,7751,"12079432171,33"
FSG,FİBA PORTFÖY BİRİNCİ HİSSE SENEDİ SERBEST FON (HİSSE SENEDİ YOĞUN FON),31.08.2026,"3,865",177192601.00,731,"684849405,91"
FSH,FİBA PORTFÖY FON SEPETİ SERBEST FON,31.08.2026,"4,870985",77399731.00,542,"377012903,22"
FSK,QNB PORTFÖY İKİNCİ PARA PİYASASI (TL) FONU,31.08.2026,"6,17939",935322308.00,2600,"5779721640,28"
FSM,ONE PORTFÖY BEŞİNCİ HİSSE SENEDİ SERBEST FON (HİSSE SENEDİ YOĞUN FON),31.08.2026,"2,824538",134241049.00,21,"379168985,88"
FSP,FONMAP PORTFÖY SERBEST (DÖVİZ) FON,31.08.2026,"20,614582",6521.00,21,"134427,69"
FSR,FİBA PORTFÖY İKİNCİ SERBEST (DÖVİZ-AVRO) FON,31.08.2026,"48,067917",101486037.00,2473,"4878222449,10"
FSU,TERA PORTFÖY FON SEPETİ FONU,31.08.2026,"1,429084",866679969.00,5246,"1238558244,79"
FSV,QNB PORTFÖY KAR PAYI ÖDEYEN SEKİZİNCİ SERBEST (DÖVİZ-AVRO) FON,31.08.2026,"56,118648",183830000.01,1653,"10316291114,52"
FTL,ONE PORTFÖY PARA PİYASASI KATILIM FONU,31.08.2026,"1,547167",164547051.00,671,"254581707,04"
FTY,QNB PORTFÖY KAR PAYI ÖDEYEN SERBEST (DÖVİZ) FON,31.08.2026,"48,149546",165640000.00,1240,"7975490851,98"
FUA,AK PORTFÖY İHRACATÇI ŞİRKETLER HİSSE SENEDİ (TL) FONU (HİSSE SENEDİ YOĞUN FON),31.08.2026,"5,549202",60407626.00,4777,"335214136,42"
FUB,QNB PORTFÖY EUROBOND (DÖVİZ) BORÇLANMA ARAÇLARI FONU,31.08.2026,"0,760312",1211726124.00,2156,"921290095,72"
FUM,AK PORTFÖY ALESTA SERBEST (DÖVİZ) ÖZEL FON,31.08.2026,"63,358055",7191032.00,2,"455609804,41"
FUN,FİBA PORTFÖY ÜÇÜNCÜ SERBEST (DÖVİZ) FON,31.08.2026,"1,598811",1569587456.00,371,"2509474147,60"
FUP,QNB PORTFÖY BAYSAN SERBEST (DÖVİZ) ÖZEL FON,31.08.2026,"101,122719",2979353.00,2,"301280274,96"
FVL,FİBA PORTFÖY BİRİNCİ SERBEST (TL) FON,31.08.2026,"5,0097",284134204.00,55,"1423427030,35"
FYA,İSTANBUL PORTFÖY ARK II SERBEST FON,31.08.2026,"0,053016",28913355250.69,146,"1532864973,38"
FYB,AZİMUT PORTFÖY EB SERBEST (DÖVİZ) ÖZEL FON,31.08.2026,"101,419708",1995663.00,9,"202399558,03"
FYD,QNB PORTFÖY BİRİNCİ HİSSE SENEDİ FONU (HİSSE SENEDİ YOĞUN FON),31.08.2026,"12,008931",272417783.19,5228,"3271446416,89"
FYF,STRATEJİ PORTFÖY MUTLAK GETİRİ HEDEFLİ HİSSE SENEDİ SERBEST FON(HİSSE SENEDİ YOĞUN),31.08.2026,"0,110694",348608449.00,10,"38588768,02"
FYG,AZİMUT PORTFÖY ÖPY SERBEST ( DÖVİZ ) ÖZEL FON,31.08.2026,"16,87824",5760069.00,2,"97219828,97"
FYH,AZİMUT PYŞ SERBEST ( DÖVİZ ) FON,31.08.2026,"87,781015",7170832.00,21,"629462911,58"
FYI,AZİMUT PORTFÖY 4.0 SERBEST FON,31.08.2026,"10,774709",5028261.00,204,"54178047,05"
FYM,AZİMUT PORTFÖY ÜÇÜNCÜ SERBEST (DÖVİZ) FON,31.08.2026,"0,446235",755254621.00,15,"337021165,48"
FYO,QNB PORTFÖY ÖZEL SEKTÖR BORÇLANMA ARAÇLARI FONU,31.08.2026,"1,199316",1657403882.01,1552,"1987750729,93"
FYT,QNB PORTFÖY KISA VADELİ BORÇLANMA ARAÇLARI (TL) FONU,31.08.2026,"0,369838",9092574806.00,96783,"3362776108,57"
FYZ,AZİMUT PORTFÖY AS HİSSE SENEDİ SERBEST ÖZEL FON (HİSSE SENEDİ YOĞUN FON),31.08.2026,"6,159854",43416680.00,2,"267440417,48"
FZJ,FİBA PORTFÖY BİRİNCİ FON SEPETİ FONU,31.08.2026,"5,78597",203727035.63,2115,"1178758437,36"
FZP,FİBA PORTFÖY SERBEST FON,31.08.2026,"6,734599",122818317.00,558,"827132128,62"
GA1,GARANTİ PORTFÖY BORÇLANMA ARAÇLARI FONU,31.08.2026,"2,03198",167215476.00,1525,"339778429,84"
GAC,GARANTİ PORTFÖY YİRMİBİRİNCİ SERBEST (DÖVİZ) ÖZEL FON,31.08.2026,"77,813635",5527677.00,1,"430128639,96"
GAE,GARANTİ PORTFÖY BİST30 ENDEKSİ HİSSE SENEDİ (TL) FONU (HİSSE SENEDİ YOĞUN FON),31.08.2026,"0,469571",3069544159.00,14560,"1441369679,28"
GAF,INVEO PORTFÖY BİRİNCİ HİSSE SENEDİ FONU (HİSSE SENEDİ YOĞUN FON),31.08.2026,"1,693068",112742978.00,1538,"190881479,70"
GAG,INVEO PORTFÖY BİRİNCİ SERBEST (DÖVIZ)  FON,31.08.2026,"18,232547",46876475.00,232,"854677526,65"
GAH,GARANTİ PORTFÖY MUTLAK GETİRİ HEDEFLİ DEĞİŞKEN FON,31.08.2026,"12,865933",29185034.00,2699,"375492695,31"
GAJ,GARANTİ PORTFÖY YİRMİÜÇÜNCÜ SERBEST (DÖVİZ) ÖZEL FON,31.08.2026,"63,847834",7935068.00,1,"506636900,80"
GAL,GARANTİ PORTFÖY İKİNCİ PARA PİYASASI (TL) FONU,31.08.2026,"413,580298",322695680.00,59681,"133460575365,75"
GAN,INVEO PORTFÖY ALFON SERBEST FON,31.08.2026,"8,590481",2693060.00,11,"23134679,42"
GAS,GARANTİ PORTFÖY ÜÇÜNCÜ SERBEST(DÖVİZ) FON,31.08.2026,"0,320296",10315321600.00,2273,"3303953237,63"
GAU,GARANTİ PORTFÖY YİRMİNCİ SERBEST (DÖVİZ) ÖZEL FON,31.08.2026,"67,330143",32360328.00,5,"2178825510,91"
GAV,GARANTİ PORTFÖY YİRMİİKİNCİ SERBEST (DÖVİZ) ÖZEL FON,31.08.2026,"63,048684",3941000.00,1,"248474862,75"
GBC,AZİMUT PORTFÖY YABANCI HİSSE SENEDİ FONU,31.08.2026,"0,313399",814353644.48,1669,"255217864,10"
GBG,INVEO PORTFÖY G-20 ÜLKELERİ YABANCI HİSSE SENEDİ FONU,31.08.2026,"0,593384",362702602.00,4118,"215221941,50"
GBH,GARANTİ PORTFÖY BİRİNCİ HİSSE SENEDİ SERBEST FON (HİSSE SENEDİ YOĞUN FON),31.08.2026,"4,298957",510087651.00,2785,"2192844623,98"
GBJ,GARANTİ PORTFÖY BANKACILIK SEKTÖRÜ HİSSE SENEDİ SERBEST FON (HİSSE SENEDİ YOĞUN FON),31.08.2026,"1,487106",492502298.00,1819,"732402958,56"
GBL,AZİMUT PYŞ KISA VADELİ BORÇLANMA ARAÇLARI FONU,31.08.2026,"0,877678",3075590850.97,1691,"2699379631,15"
GBN,GARANTİ PORTFÖY BEŞİNCİ (TL) SERBEST FON,31.08.2026,"6,936404",919710428.00,388,"6379482793,26"
GBP,GARANTİ PORTFÖY YİRMİALTINCI SERBEST (DÖVİZ-AVRO) ÖZEL FON,31.08.2026,"71,684443",53983981.00,2,"3869811583,23"
GBV,GARANTİ PORTFÖY BLOCKCHAİN TEKNOLOJİLERİ DEĞİŞKEN FON,31.08.2026,"13,303763",168174200.00,22255,"2237349769,06"
GBZ,AZİMUT PORTFÖY EMTİA FON SEPETİ FONU,31.08.2026,"3,607634",353409875.00,3288,"1274973503,95"
GCA,GARANTİ PORTFÖY HM SERBEST (DÖVİZ) ÖZEL FON,31.08.2026,"71,9833",11517383.00,2,"829059239,11"
GCC,GARANTİ PORTFÖY YİRMİSEKİZİNCİ SERBEST ÖZEL FON,31.08.2026,"6,262043",222060386.00,2,"1390551657,03"
GCD,ATLAS PORTFÖY UFUK HİSSE SENEDİ SERBEST FON (HİSSE SENEDİ YOĞUN FON),31.08.2026,"4,200219",271547672.00,20,"1140559559,88"
GCI,GARANTİ PORTFÖY KARŞIYAKA SERBEST (DÖVİZ) ÖZEL FON,31.08.2026,"64,97304",3425896.00,3,"222590877,26"
GCZ,GARANTİ PORTFÖY ZM SERBEST (DÖVİZ) ÖZEL FON,31.08.2026,"61,234392",194715.00,1,"11923254,59"
GDJ,GARANTİ PORTFÖY DÖRTLÜ SERBEST (DÖVİZ) ÖZEL FON,31.08.2026,"62,26078",8101428.00,4,"504401225,93"
GDP,GARANTİ PORTFÖY DOKUZUNCU SERBEST (DÖVİZ) ÖZEL FON,31.08.2026,"67,15033",23236050.00,1,"1560308435,38"
GEC,GARANTİ PORTFÖY SOYKAN SERBEST (DÖVİZ) ÖZEL FON,31.08.2026,"76,864725",2099501.00,2,"161377567,88"
GEI,INVEO PORTFÖY EVEREST SERBEST FON,31.08.2026,"18,63578",37387728.00,11,"696749470,43"
GEZ,GARANTİ PORTFÖY ERN SERBEST (DÖVİZ) ÖZEL FON,31.08.2026,"61,716836",6634456.00,1,"409457634,29"
GFB,GARANTİ PORTFÖY MISIRLI SERBEST (DÖVİZ) ÖZEL FON,31.08.2026,"70,804989",5961167.00,4,"422080362,98"
GFD,GARANTİ PORTFÖY BAL SERBEST (DÖVİZ) ÖZEL FON,31.08.2026,"70,92819",1555160.00,2,"110304683,25"
GFI,GARANTİ PORTFÖY YKT SERBEST (DÖVİZ) ÖZEL FON,31.08.2026,"54,18144",30698413.00,3,"1663284208,51"
GFL,GARANTİ PORTFÖY MİA SERBEST ÖZEL FON,31.08.2026,"11,360734",29486927.00,1,"334993139,29"
GFN,GARANTİ PORTFÖY DAPEİ SERBEST  (DÖVİZ) ÖZEL FON,31.08.2026,"80,989541",11573436.00,3,"937327269,97"
GFY,GARANTİ PORTFÖY OL SERBEST (DÖVİZ) ÖZEL FON,31.08.2026,"70,980139",5822807.00,3,"413303648,69"
GGA,GARANTİ PORTFÖY YEDİNCİ SERBEST (DÖVİZ) ÖZEL FON,31.08.2026,"67,666043",123364230.00,3,"8347569239,00"
GGC,AK PORTFÖY KIYI HİSSE SENEDİ SERBEST ÖZEL FON (HİSSE SENEDİ YOĞUN FON),31.08.2026,"5,492177",35132999.00,5,"192956636,42"
GGD,GARANTİ PORTFÖY SEKİZİNCİ SERBEST (DÖVİZ) ÖZEL FON,31.08.2026,"66,343314",90240169.00,2,"5986831883,23"
GGK,INVEO PORTFÖY ALTIN FON,31.08.2026,"14,546663",181098231.00,11942,"2634374865,28"
GGM,GARANTİ PORTFÖY GMS SERBEST ÖZEL FON,31.08.2026,"8,566067",342290935.00,1,"2932087018,55"
GGN,GARANTİ PORTFÖY AYDOĞAN SERBEST(DÖVİZ) ÖZEL FON,31.08.2026,"69,915713",6963426.00,4,"486852894,99"
GGP,GARANTİ PORTFÖY ALTINCI SERBEST (DÖVİZ) ÖZEL FON,31.08.2026,"10,537858",6927.00,1,"72995,74"
GGR,GARANTİ PORTFÖY ONİKİNCİ SERBEST (DÖVİZ) ÖZEL FON,31.08.2026,"68,701618",23597904.00,3,"1621214176,18"
GHS,GARANTİ PORTFÖY HİSSE SENEDİ (TL) FONU (HİSSE SENEDİ YOĞUN FON),31.08.2026,"41,175257",68666312.00,15126,"2827353056,65"
GID,GARANTİ PORTFÖY İNŞAAT SEKTÖRÜ HİSSE SENEDİ FONU (HİSSE SENEDİ YOĞUN FON),31.08.2026,"1,759744",23013164.00,1930,"40497279,13"
GIE,GARANTİ PORTFÖY GARANTİ BBVA İKLİM ENDEKSİ HİSSE SENEDİ (TL) FONU (HİSSE SENEDİ YOĞUN FON),31.08.2026,"3,744019",20172698.00,4561,"75526960,39"
GIH,ALLBATROSS PORTFÖY GIDA VE İÇECEK SEKTÖRÜ HİSSE SENEDİ FONU (HİSSE SENEDİ YOĞUN FON),31.08.2026,"2,347377",3946042.00,651,"9262846,60"
GJA,GARANTİ PORTFÖY ONYEDİNCİ SERBEST (DÖVİZ) ÖZEL FON,31.08.2026,"67,215823",14263356.00,3,"958723207,61"
GJB,INVEO PORTFÖY BİRİNCİ FON SEPETİ FONU,31.08.2026,"10,772471",7219836.00,968,"77775473,05"
GJD,GARANTİ PORTFÖY ORTAS SERBEST (DÖVİZ) ÖZEL FON,31.08.2026,"64,70837",6334853.00,3,"409918012,39"
GJE,GARANTİ PORTFÖY ECZ SERBEST (DÖVİZ) ÖZEL FON,31.08.2026,"64,447215",2316713.00,2,"149305700,83"
GJF,GARANTİ PORTFÖY BEREKET SERBEST (DÖVİZ) ÖZEL FON,31.08.2026,"64,716734",3647864.00,2,"236077844,44"
GJH,GARANTİ PORTFÖY PARA PİYASASI SERBEST (TL) FON,31.08.2026,"3,974633",23643646699.00,23908,"93974817841,44"
GJM,GLOBAL MD PORTFÖY ADA SERBEST FON,31.08.2026,"43,140894",10162437.00,67,"438416613,73"
GJO,GARANTİ PORTFÖY ONALTINCI SERBEST (DÖVİZ) ÖZEL FON,31.08.2026,"60,256215",9779449.00,1,"589272582,43"
GKE,GARANTİ PORTFÖY KAR PAYI ÖDEYEN EKİM 2025 SERBEST (DÖVİZ) FON,31.08.2026,"0,00",0.00,0,"0,01"
GKF,GLOBAL MD PORTFÖY KATILIM FONU,31.08.2026,"4,63564",9474864.00,683,"43922057,42"
GKG,GARANTİ PORTFÖY KAR PAYI ÖDEYEN HİSSE SENEDİ (TL) FONU (HİSSE SENEDİ YOĞUN FON),31.08.2026,"1,45422",31120107.00,1874,"45255476,84"
GKH,GARANTİ PORTFÖY PARA PİYASASI KATILIM SERBEST (TL) FON,31.08.2026,"4,52855",1485779300.00,1835,"6728425221,17"
GKK,GARANTİ PORTFÖY ONDÖRDÜNCÜ SERBEST (DÖVİZ) ÖZEL FON,31.08.2026,"66,57587",30617607.00,2,"2038393816,60"
GKL,GARANTİ PORTFÖY YF HİSSE SENEDİ SERBEST ÖZEL FON (HİSSE SENEDİ YOĞUN FON),31.08.2026,"15,918831",56249207.00,4,"895421626,83"
GKM,GARANTİ PORTFÖY KAR PAYI ÖDEYEN EKİM 2026 SERBEST (DÖVİZ) FON,31.08.2026,"48,728816",2703620.00,14,"131744202,69"
GKO,GARANTİ PORTFÖY KAR PAYI ÖDEYEN OCAK 2026 SERBEST (DÖVİZ) FON,31.08.2026,"0,00",0.00,0,"0,01"
GKV,GARANTİ PORTFÖY KATILIM HİSSE SENEDİ (TL) FONU (HİSSE SENEDİ YOĞUN FON),31.08.2026,"8,962066",44307863.00,4254,"397090002,84"
GL1,AZİMUT PYŞ BİRİNCİ HİSSE SENEDİ FONU (HİSSE SENEDİ YOĞUN FON),31.08.2026,"1565,945215",941615.00,949,"1474517504,00"
GLC,AKTİF PORTFÖY ÜÇÜNCÜ FON SEPETİ FONU,31.08.2026,"4,446729",3873313.00,71,"17223573,84"
GLG,AKTİF PORTFÖY CAPİTAL HİSSE SENEDİ SERBEST FON (HİSSE SENEDİ YOĞUN FON),31.08.2026,"8,422325",3335847.00,340,"28095586,23"
GLL,GOLDEN GLOBAL PORTFÖY ALTIN KATILIM FONU,31.08.2026,"1,051972",49226203.00,40,"51784568,82"
GLM,ATLAS PORTFÖY ÜÇÜNCÜ SERBEST (TL) FON,31.08.2026,"0,516752",10132926.00,11,"5236214,52"
GLP,GARANTİ PORTFÖY PRUVA SERBEST (DÖVİZ) ÖZEL FON,31.08.2026,"69,110004",8202021.00,4,"566841705,06"
GLS,AZİMUT PORTFÖY  KİRA SERTİFİKALARI (SUKUK) KATILIM FONU,31.08.2026,"0,171833",2238982704.00,1450,"384730930,76"
GLV,GLOBAL MD PORTFÖY NEHİR SERBEST FON,31.08.2026,"8,433053",13600646.00,23,"114694970,70"
GMA,AZİMUT PORTFÖY BİRİNCİ DEĞİŞKEN FON,31.08.2026,"2,182572",1305023529.56,1504,"2848307951,62"
GMC,TEB PORTFÖY GÜMÜŞ FON SEPETİ FONU,31.08.2026,"8,438368",532801381.00,21188,"4495974306,81"
GMD,GLOBAL MD PORTFÖY BİRİNCİ FON SEPETİ FONU,31.08.2026,"2,786874",5682086.00,107,"15835255,59"
GME,İŞ PORTFÖY EGE SERBEST ÖZEL FON,31.08.2026,"28,385488",14109179.00,2,"400495934,18"
GMI,AK PORTFÖY GÜMÜŞ SERBEST FON,31.08.2026,"1,464684",488677804.00,5181,"715758686,97"
GMM,GARANTİ PORTFÖY KAR PAYI ÖDEYEN MART 2027 SERBEST (DÖVİZ) FON,31.08.2026,"48,4607",9269281.00,26,"449195844,62"
GMN,GLOBAL MD PORTFÖY BİRİNCİ PARA PİYASASI SERBEST (TL) FON,31.08.2026,"1,37771",59909875.00,28,"82538436,71"
GMO,AZİMUT PORTFÖY G MOBİLİTE HİSSE SENEDİ SERBEST ÖZEL FON (HİSSE SENEDİ YOĞUN FON),31.08.2026,"3,102727",794654932.00,4,"2465597211,81"
GMP,GARANTİ PORTFÖY GM SERBEST (DÖVİZ) ÖZEL FON,31.08.2026,"63,574812",25599906.00,1,"1627509217,68"
GMR,INVEO PORTFÖY BIST 30 DIŞI ŞİRKETLER HİSSE SENEDİ FONU (HİSSE SENEDİ YOĞUN FON),31.08.2026,"1,414354",126930297.00,4539,"179524415,04"
GMV,GARANTİ PORTFÖY OCAK 2026 SERBEST (DÖVİZ-ABD DOLARI) FON,31.08.2026,"0,00",0.00,0,"0,01"
GMZ,İŞ PORTFÖY MZ SERBEST ÖZEL FON,31.08.2026,"14,152884",26632587.79,2,"376927913,49"
GNH,GLOBAL MD PORTFÖY ALGORİTMİK MODEL HİSSE SENEDİ FONU (HİSSE SENEDİ YOĞUN FON),31.08.2026,"1,523085",5510616.00,190,"8393136,79"
GNK,AZİMUT PORTFÖY SARPAY SERBEST (DÖVİZ) ÖZEL FON,31.08.2026,"70,043484",7000683.00,1,"490352229,30"
GNL,GARANTİ PORTFÖY UNL SERBEST (DÖVİZ) ÖZEL FON,31.08.2026,"61,65351",28454944.00,3,"1754347161,80"
GNP,GARANTİ PORTFÖY NEMA PARA PİYASASI (TL) FONU,31.08.2026,"1,487894",2137895653.00,7267,"3180963137,32"
GNS,GARANTİ PORTFÖY ENERJİ ŞİRKETLERİ HİSSE SENEDİ (TL) FONU (HİSSE SENEDİ YOĞUN FON),31.08.2026,"1,604895",47448673.00,1532,"76150145,49"
GNZ,AK PORTFÖY ING Z KUŞAĞI FON SEPETİ ÖZEL FONU,31.08.2026,"1,630951",1224967.00,468,"1997861,73"
GO1,ONE PORTFÖY BİRİNCİ FON SEPETİ FONU,31.08.2026,"4,898676",16848506.00,748,"82535375,29"
GO3,ONE PORTFÖY ÜÇÜNCÜ FON SEPETİ FONU,31.08.2026,"5,053281",7518531.00,455,"37993251,88"
GO4,ONE PORTFÖY DÖRDÜNCÜ FON SEPETİ FONU,31.08.2026,"5,47537",9193271.00,740,"50336557,48"
GO6,ONE PORTFÖY PARA PİYASASI (TL) FONU,31.08.2026,"4,305745",1273545539.00,4043,"5483562638,07"
GO9,ONE PORTFÖY BİRİNCİ HİSSE SENEDİ FONU (HİSSE SENEDİ YOĞUN FON),31.08.2026,"2,846613",161091374.00,1694,"458564726,66"
GOF,GARANTİ PORTFÖY OTUZİKİNCİ SERBEST (DÖVİZ) FON,31.08.2026,"53,205407",7478536.00,327,"397898555,02"
GOH,GARANTİ PORTFÖY BIST 100 DIŞI ŞİRKETLER HİSSE SENEDİ (TL) FONU (HİSSE SENEDİ YOĞUN FON),31.08.2026,"16,682206",36821400.00,9005,"614262196,25"
GOL,GARANTİ PORTFÖY ALTIN KATILIM FONU,31.08.2026,"2,949217",1598067524.00,11990,"4713047878,22"
GOP,GOLDEN GLOBAL PORTFÖY PARA PİYASASI KATILIM FONU,31.08.2026,"1,230697",1912619413.00,1723,"2353854969,79"
GP1,AZİMUT PORTFÖY AEB SERBEST (TL) ÖZEL FON,31.08.2026,"4,330919",45715125.00,1,"197988498,42"
GP3,GARANTİ PORTFÖY ÜÇÜNCÜ SERBEST (DÖVİZ-AVRO) FON,31.08.2026,"65,257132",11396590.00,467,"743708773,64"
GPA,GARANTİ PORTFÖY EUROBOND BORÇLANMA ARAÇLARI (DÖVİZ) FONU,31.08.2026,"23,471085",36062849.00,5418,"846434207,98"
GPB,GARANTİ PORTFÖY BİRİNCİ DEĞİŞKEN FON,31.08.2026,"12,321525",102431445.00,9522,"1262111598,74"
GPC,GARANTİ PORTFÖY İKİNCİ SERBEST ( DÖVİZ ) FON,31.08.2026,"72,73508",94279009.00,3593,"6857391294,49"
GPF,GARANTİ PORTFÖY ÇOKLU VARLIK KATILIM FONU,31.08.2026,"9,368011",74214435.00,3040,"695241607,07"
GPG,INVEO PORTFÖY BİRİNCİ DEĞİŞKEN FON,31.08.2026,"17,242823",62300752.00,2970,"1074240810,20"
GPH,GARANTİ PORTFÖY ONSEKİZİNCİ SERBEST (DÖVİZ) ÖZEL FON,31.08.2026,"45,426563",58637.00,1,"2663677,39"
GPI,GARANTİ PORTFÖY İKİNCİ DEĞİŞKEN FON,31.08.2026,"18,824966",39720187.00,2805,"747731181,72"
GPJ,GARANTİ PORTFÖY PORTAKAL SERBEST (DÖVİZ) ÖZEL FON,31.08.2026,"58,460559",14772170.00,2,"863589313,84"
GPL,GARANTİ PORTFÖY BİRİNCİ SERBEST (DÖVİZ) FON,31.08.2026,"53,485859",1859410745.00,37398,"99452180599,25"
GPM,GARANTİ PORTFÖY MİB SERBEST (DÖVİZ) ÖZEL FON,31.08.2026,"62,730462",20837078.00,2,"1307119535,83"
GPN,GARANTİ PORTFÖY PARA PİYASASI KATILIM (TL) FONU,31.08.2026,"1,405619",4031716403.00,4890,"5667055619,02"
GPT,AKTİF PORTFÖY ROBOTİK TEKNOLOJİLERİ DEĞİŞKEN FON,31.08.2026,"2,836863",37254639.00,3126,"105686295,48"
GPU,GARANTİ PORTFÖY ÜÇÜNCÜ DEĞİŞKEN FON,31.08.2026,"21,575004",16724749.00,2455,"360836534,15"
GPV,YAPI KREDİ PORTFÖY URLA SERBEST (DÖVİZ-AVRO) ÖZEL FON,31.08.2026,"67,697866",8573000.00,1,"580373806,86"
GPZ,GARANTİ PORTFÖY ÜÇÜNCÜ PARA PİYASASI FONU,31.08.2026,"1,984139",2750005235.00,194,"5456392990,58"
GRL,QNB PORTFÖY AGRESİF SERBEST FON,31.08.2026,"1,838404",291673465.00,287,"536213629,62"
GRO,GARANTİ PORTFÖY OTUZUNCU SERBEST (DÖVİZ) FON,31.08.2026,"54,520352",3496843388.00,27312,"190649131923,33"
GRT,GARANTİ PORTFÖY TEKNOLOJİ ŞİRKETLERİ HİSSE SENEDİ (TL) FONU (HİSSE SENEDİ YOĞUN FON),31.08.2026,"1,666353",75155815.00,1941,"125236131,62"
GSE,AZİMUT PORTFÖY 7.0 SERBEST (DÖVİZ) FON,31.08.2026,"65,461123",21222974.00,106,"1389279713,98"
GSG,AZİMUT PORTFÖY GÜREL SERBEST (DÖVİZ) ÖZEL FON,31.08.2026,"71,536009",1232892.00,1,"88196173,67"
GSL,AZİMUT PORTFÖY GIPTA SERBEST ÖZEL FON,31.08.2026,"3,488139",14539796.00,1,"50716831,55"
GSO,GARANTİ PORTFÖY ÖPY SERBEST ÖZEL FON,31.08.2026,"15,464604",662692360.00,7,"10248274611,54"
GSP,AZİMUT PYŞ KAR PAYI ÖDEYEN HİSSE SENEDİ FONU (HİSSE SENEDİ YOĞUN FON),31.08.2026,"0,588196",7391765822.00,14271,"4347806573,64"
GSR,GARANTİ PORTFÖY EGL SERBEST (DÖVİZ) ÖZEL FON,31.08.2026,"57,768856",4643160.00,2,"268230039,75"
GSU,GARANTİ PORTFÖY KAR PAYI ÖDEYEN ŞUBAT 2026 SERBEST (DÖVİZ) FON,31.08.2026,"0,00",0.00,0,"0,01"
GTA,GARANTİ PORTFÖY ALTIN FONU,31.08.2026,"1,682584",15300785436.00,75483,"25744854338,52"
GTF,AZİMUT PYŞ BİRİNCİ BORÇLANMA ARAÇLARI FONU,31.08.2026,"15,075782",9016268.20,506,"135927290,36"
GTH,GARANTİ PORTFÖY İHRACATÇI ŞİRKETLER HİSSE SENEDİ (TL) FONU (HİSSE SENEDİ YOĞUN FON),31.08.2026,"1,564459",19573141.00,784,"30621383,53"
GTK,GARANTİ PORTFÖY KAMU BORÇLANMA ARAÇLARI ÖZEL FONU,31.08.2026,"7,085412",4029467144.00,1,"28550433054,83"
GTL,GARANTİ PORTFÖY BİRİNCİ PARA PİYASASI (TL) FONU,31.08.2026,"0,136045",1641294357917.00,349697,"223289118498,38"
GTM,GARANTİ PORTFÖY TEMETTÜ ÖDEYEN ŞİRKETLER HİSSE SENEDİ (TL) FONU (HİSSE SENEDİ YOĞUN FON),31.08.2026,"8,098965",132268807.00,13424,"1071240503,36"
GTN,GARANTİ PORTFÖY GTH SERBEST (DÖVİZ) ÖZEL FON,31.08.2026,"52,677646",28012535.00,2,"1475634395,96"
GTY,GARANTİ PORTFÖY TREND SERBEST FON,31.08.2026,"6,50342",64474886.00,528,"419307240,65"
GTZ,GARANTİ PORTFÖY GÜMÜŞ FON SEPETİ FONU,31.08.2026,"12,644963",1066038121.00,62342,"13480012098,46"
GUA,GARANTİ PORTFÖY BİRİNCİ BORÇLANMA ARAÇLARI ÖZEL FON,31.08.2026,"6,048307",341860798.00,1,"2067679012,80"
GUB,GARANTİ PORTFÖY ÖZEL SEKTÖR BORÇLANMA ARAÇLARI FONU,31.08.2026,"2,593688",1763940301.00,9580,"4575111405,92"
GUC,GARANTİ PORTFÖY ÜÇÜNCÜ PARA PİYASASI SERBEST (TL) ÖZEL FON,31.08.2026,"1,481671",533811783.00,1,"790933199,24"
GUF,İŞ PORTFÖY GÜMÜŞ FON SEPETİ FONU,31.08.2026,"0,970568",662500147.00,3720,"643001675,47"
GUH,GARANTİ PORTFÖY YABANCI TEKNOLOJİ HİSSE SENEDİ FONU,31.08.2026,"0,454347",10371267961.00,38499,"4712159213,91"
GUK,GARANTİ PORTFÖY GÜMÜŞ KATILIM SERBEST FON,31.08.2026,"1,515125",802078347.00,2697,"1215248617,14"
GUM,AK PORTFÖY GÜMÜŞ FON SEPETI FONU,31.08.2026,"13,515468",523732920.00,52849,"7078495426,12"
GUV,GARANTİ PORTFÖY UZUN VADELİ BORÇLANMA ARAÇLARI FONU,31.08.2026,"1,761912",428929923.00,1852,"755736877,90"
GVA,GARANTİ PORTFÖY ELEKTRİKLİ VE OTONOM ARAÇLAR DEĞİŞKEN FON,31.08.2026,"4,174727",23605475.00,3428,"98546421,06"
GVB,GARANTİ PORTFÖY ACE SERBEST (DÖVİZ-ABD DOLARI) ÖZEL FON,31.08.2026,"68,460357",52499640.00,3,"3594144109,84"
GVC,GARANTİ PORTFÖY ERG SERBEST (DÖVİZ) ÖZEL FON,31.08.2026,"64,825298",4739268.00,1,"307224460,25"
GVD,GARANTİ PORTFÖY KARABAĞLI SERBEST (DÖVİZ) ÖZEL FON,31.08.2026,"18,403878",22115.00,1,"407001,76"
GVI,GARANTİ PORTFÖY ÜÇÜNCÜ FON SEPETİ FONU,31.08.2026,"5,752952",209836961.00,4585,"1207181902,33"
GVL,GARANTİ  PORTFÖY ZYT SERBEST (DÖVİZ) ÖZEL FON,31.08.2026,"67,057221",7872114.00,3,"527882085,52"
GVZ,GARANTİ PORTFÖY ACE SERBEST (DÖVİZ-AVRO) ÖZEL FON,31.08.2026,"74,059715",5533354.00,2,"409798618,48"
GYC,GARANTİ PORTFÖY YİRMİBEŞİNCİ SERBEST ÖZEL FON,31.08.2026,"4,122769",5020082762.00,1,"20696641321,50"
GYG,GARANTİ PORTFÖY TEKOS SERBEST (DÖVİZ-AVRO) ÖZEL FON,31.08.2026,"72,20044",7036272.00,4,"508021936,66"
GYK,INVEO PORTFÖY BORÇLANMA ARAÇLARI (TL) FONU,31.08.2026,"0,115763",727125824.00,277,"84173944,99"
GYL,INVEO PORTFÖY KISA VADELİ BORÇLANMA ARAÇLARI (TL) FONU,31.08.2026,"14,732874",57205462.57,7468,"842800846,14"
GYN,GARANTİ PORTFÖY HCR SERBEST (DÖVİZ) ÖZEL FON,31.08.2026,"69,42895",20613565.00,1,"1431178180,59"
GYR,GARANTİ PORTFÖY TEKOS SERBEST (DÖVİZ-ABD DOLARI) ÖZEL FON,31.08.2026,"63,8044",9307247.00,5,"593843309,34"
GZB,GARANTİ PORTFÖY ÖPY İKİNCİ SERBEST ÖZEL FON,31.08.2026,"7,589314",190000000.00,1,"1441969567,53"
GZD,GARANTİ PORTFÖY ONÜCÜNCÜ SERBEST (DÖVİZ) ÖZEL FON,31.08.2026,"62,35648",876698.00,3,"54667801,22"
GZE,GARANTİ PORTFÖY EMTİA SERBEST FON,31.08.2026,"7,913649",184358448.00,4122,"1458947963,26"
GZG,GARANTİ PORTFÖY SAĞLIK VE GENETİK TEKNOLOJİLERİ DEĞİŞKEN FON,31.08.2026,"7,646208",65462113.00,4531,"500536950,27"
GZH,GARANTİ PORTFÖY TEMİZ ENERJİ DEĞİŞKEN FON,31.08.2026,"4,90385",76375464.00,5626,"374533811,53"
GZJ,GARANTİ PORTFÖY İKİNCİ FON SEPETİ FONU,31.08.2026,"8,873441",198635159.00,5203,"1762577385,36"
GZL,GARANTİ PORTFÖY TARIM VE GIDA SEKTÖRÜ DEĞİŞKEN FON,31.08.2026,"5,733986",66116282.00,6028,"379109828,16"
GZM,GLOBAL MD PORTFÖY DURU SERBEST FON,31.08.2026,"10,250949",65556225.00,1003,"672013504,28"
GZN,GLOBAL MD PORTFÖY BOĞAZİÇİ SERBEST FON,31.08.2026,"51,453308",7648897.00,1081,"393561055,20"
GZO,GARANTİ PORTFÖY ÖZM SERBEST (DÖVİZ) ÖZEL FON,31.08.2026,"70,48431",1210798.00,1,"85342261,16"
GZP,GARANTİ PORTFÖY BİRİNCİ FON SEPETİ FONU,31.08.2026,"7,801689",501420734.00,10187,"3911928851,92"
GZR,GARANTİ PORTFÖY SÜRDÜRÜLEBİLİRLİK HİSSE SENEDİ (TL) FONU (HİSSE SENEDİ YOĞUN FON),31.08.2026,"11,816623",91332337.00,1975,"1079239836,11"
GZU,GARANTİ PORTFÖY EKE SERBEST (DÖVİZ) ÖZEL FON,31.08.2026,"68,132571",6829649.00,2,"465321546,45"
GZV,GARANTİ PORTFÖY ESG SÜRDÜRÜLEBİLİRLİK FON SEPETİ FONU,31.08.2026,"8,8413",11431771.00,1375,"101071718,50"
GZY,GARANTİ PORTFÖY TURİZM VE SEYAHAT SEKTÖRÜ DEĞİŞKEN FON,31.08.2026,"7,83831",8899591.00,2310,"69757748,84"
GZZ,GARANTİ PORTFÖY FİNANSAL TEKNOLOJİLER DEĞİŞKEN FON,31.08.2026,"7,153326",9388230.00,1245,"67157070,37"
HAE,HSBC PORTFÖY EKİM 2026 SERBEST (DÖVİZ) FON,31.08.2026,"56,351352",51874469.00,1241,"2923196478,97"
HAG,GARANTİ PORTFÖY EKİM 2026 SERBEST (DÖVİZ-ABD DOLARI) FON,31.08.2026,"62,421024",6827204.00,45,"426161066,47"
HAI,AHLATCI PORTFÖY ALTIN FONU,31.08.2026,"1,07527",11346637.00,336,"12200698,90"
HAM,HEDEF PORTFÖY ALTIN KATILIM FONU,31.08.2026,"3,267035",504737452.00,7609,"1648994824,94"
HAR,BV PORTFÖY HARMONY SERBEST FON,31.08.2026,"1,122612",33667475.00,68,"37795513,90"
HAT,HEDEF PORTFÖY ATLAS İSTATİSTİKSEL ARBİTRAJ HİSSE SENEDİ SERBEST FON (HİSSE SENEDİ YOĞUN FON),31.08.2026,"1,87133",1801032.00,82,"3370324,51"
HB1,ZİRAAT PORTFÖY HALKBANK SERBEST (DÖVİZ-AMERİKAN DOLARI) FON,31.08.2026,"50,772109",362537830.00,336,"18406810390,04"
HB2,ZİRAAT PORTFÖY HALKBANK SERBEST (DÖVİZ-AVRO) FON,31.08.2026,"58,22136",207509261.00,174,"12081471364,80"
HBF,HSBC PORTFÖY ALTIN FONU,31.08.2026,"53,569532",123281196.00,10843,"6604115922,18"
HBJ,HAS PORTFÖY BİRİNCİ SERBEST FON,31.08.2026,"1,587187",100000.00,1,"158718,71"
HBN,HSBC PORTFÖY BİRİNCİ FON SEPETİ FONU,31.08.2026,"4,383487",122858968.00,1070,"538550727,11"
HBU,HSBC PORTFÖY BİST 30 ENDEKSİ HİSSE SENEDİ FONU (HİSSE SENEDİ YOĞUN FON),31.08.2026,"1,488103",323964421.00,2738,"482092368,84"
HBV,HEDEF PORTFÖY DORUK HİSSE SENEDİ SERBEST (TL) FON (HİSSE SENEDİ YOĞUN FON),31.08.2026,"19,733158",57539929.00,17,"1135444489,48"
HCV,HEDEF PORTFÖY ATAK ÇOKLU VARLIK KATILIM FONU,31.08.2026,"1,065179",167710653.00,685,"178641842,05"
HDA,HEDEF PORTFÖY DÖRDÜNCÜ İSTATİSTİKSEL ARBİTRAJ HİSSE SENEDİ SERBEST (TL) FON (HİSSE SENEDİ YOĞUN FON),31.08.2026,"3,146568",30693019.00,523,"96577686,54"
HDD,AHLATCI PORTFÖY BİRİNCİ DEĞİŞKEN FON,31.08.2026,"1,093085",9943453.00,152,"10869036,03"
HDE,HSBC PORTFÖY BEŞİNCİ SERBEST (DÖVİZ-AVRO) FON,31.08.2026,"57,97827",161130469.00,4457,"9342065828,53"
HDH,HEDEF PORTFÖY DOĞU HİSSE SENEDİ SERBEST (TL) FON (HİSSE SENEDİ YOĞUN FON),31.08.2026,"9507,508554",3698336.00,17,"35161961155,78"
HDJ,HEDEF PORTFÖY ARTI SERBEST (TL) FON,31.08.2026,"6,676496",2479606.00,11,"16555079,24"
HDK,HEDEF PORTFÖY VEGA İSTATİSTİKSEL ARBİTRAJ HİSSE SENEDİ SERBEST FON (HİSSE SENEDİ YOĞUN FON),31.08.2026,"3,017154",4022364.00,127,"12136092,92"
HDS,HEDEF PORTFÖY SERBEST (TL) FON,31.08.2026,"17,147726",91221799.00,13,"1564246376,80"
HDV,HSBC PORTFÖY YEDİNCİ SERBEST (DÖVİZ-POUND) FON,31.08.2026,"66,938695",74689893.00,2238,"4999643951,95"
HEH,HEDEF PORTFÖY ALGO EVEREST İSTATİSTİKSEL ARBİTRAJ HİSSE SENEDİ SERBEST FON (HİSSE SENEDİ YOĞUN FON),31.08.2026,"3,31451",162252837.00,1459,"537788623,64"
HFA,HSBC PORTFÖY ALLİANZ DEĞİŞKEN ÖZEL FON,31.08.2026,"3,14166",1574729725.00,2,"4947264610,81"
HFI,HEDEF PORTFÖY İKİNCİ KATILIM HİSSE SENEDİ SERBEST FON (HİSSE SENEDİ YOĞUN FON),31.08.2026,"1,873714",34120597.00,132,"63932241,40"
HFO,AHLATCI PORTFÖY KATILIM HİSSE SENEDİ (TL) FONU (HİSSE SENEDİ YOĞUN FON),31.08.2026,"1,052857",5669210.00,175,"5968869,32"
HFR,A1 CAPİTAL PORTFÖY HİSSE SENEDİ (TL) FONU (HİSSE SENEDİ YOĞUN FON),31.08.2026,"1,471486",21273238.00,431,"31303272,59"
HFV,HSBC PYŞ ÜÇÜNCÜ SERBEST (DÖVİZ) FON,31.08.2026,"64,132561",137688177.00,3255,"8830295352,12"
HFY,ALBARAKA PORTFÖY HAYAT FİNANS KISA VADELİ KATILIM SERBEST FON,31.08.2026,"1,321395",626666606.00,36,"828074014,97"
HGC,HSBC PORTFÖY MART 2027 SERBEST (DÖVİZ) FON,31.08.2026,"53,298324",8873888.00,284,"472963353,58"
HGH,HEDEF PORTFÖY GÜNEŞ HİSSE SENEDİ SERBEST (TL) FON (HİSSE SENEDİ YOĞUN FON),31.08.2026,"1,803864",22538553.00,19,"40656490,37"
HGJ,HEDEF PORTFÖY GÜNEY HİSSE SENEDİ SERBEST FON (HİSSE SENEDİ YOĞUN FON),31.08.2026,"36,824011",109096943.00,12,"4017386987,74"
HGM,HEDEF PORTFÖY İKİNCİ HİSSE SENEDİ (TL) FONU (HİSSE SENEDİ YOĞUN FON),31.08.2026,"4,327394",36407173.71,1804,"157548181,30"
HGR,HEDEF PORTFÖY ALGORİTMİK STRATEJİLER SERBEST FON,31.08.2026,"1,335162",22692053.00,152,"30297567,01"
HGT,AZİMUT PORTFÖY 15.0 SERBEST (DÖVİZ) FON,31.08.2026,"96,112295",35413354.00,14,"3403658727,85"
HGU,HSBC PORTFÖY GÜÇLÜ SERBEST ÖZEL FON,31.08.2026,"5,109241",561018563.00,2,"2866378927,25"
HGV,HEDEF PORTFÖY BİRİNCİ SERBEST FON,31.08.2026,"5,019098",4842135.00,372,"24303147,85"
HIA,HEDEF PORTFÖY İSTATİSTİKSEL ARBİTRAJ SERBEST FON,31.08.2026,"1,564296",881576883.00,262,"1379047387,87"
HIF,HEDEF PORTFÖY İKİNCİ SERBEST FON,31.08.2026,"0,53668",21424365.00,56,"11498023,46"
HIH,GARANTİ  PORTFÖY HOLDİNGLER VE İŞTİRAKLERİ HİSSE SENEDİ (TL) FONU (HİSSE SENEDİ YOĞUN FON),31.08.2026,"1,440014",158949510.00,4641,"228889524,83"
HII,HSBC PYŞ BİRİNCİ SERBEST (DÖVİZ) ÖZEL FON,31.08.2026,"3,351456",329367203.00,1,"1103859643,57"
HIM,HEDEF PORTFÖY BİRİNCİ İSTATİSTİKSEL ARBİTRAJ HİSSE SENEDİ SERBEST FON (HİSSE SENEDİ YOĞUN FON),31.08.2026,"4,029458",70341360.00,207,"283437556,68"
HIP,HSBC PORTFÖY İKİNCİ PARA PİYASASI (TL) FONU,31.08.2026,"2,193212",1000139605.00,1305,"2193517687,89"
HIS,HEDEF PORTFÖY ÜÇÜNCÜ SERBEST FON,31.08.2026,"3,078907",407241.00,12,"1253857,16"
HIZ,AZİMUT PORTFÖY DİNAMİK DEĞİŞKEN FON,31.08.2026,"2,085555",100927347.00,1053,"210489579,11"
HJA,AZİMUT PORTFÖY BİRİNCİ HİSSE SENEDİ SERBEST FON (HİSSE SENEDİ YOĞUN FON),31.08.2026,"23,476681",92852023.00,13,"2179857283,37"
HJB,HEDEF PORTFÖY BİRİNCİ DEĞİŞKEN FON,31.08.2026,"4,790868",23053079.00,1550,"110444264,99"
HKG,ZİRAAT PORTFÖY HALK'IN ÜRETEN KADINLARI DEĞİŞKEN FON,31.08.2026,"1,590539",24169965.00,1059,"38443271,32"
HKH,HEDEF PORTFÖY KATILIM HİSSE SENEDİ (TL) FONU (HİSSE SENEDİ YOĞUN FON),31.08.2026,"9,002384",91307179.00,13408,"821982264,40"
HKJ,HEDEF PORTFÖY PARA PİYASASI SERBEST FON,31.08.2026,"1,420568",10152800229.00,2297,"14422740806,43"
HKM,HEDEF PORTFÖY BAŞAK HİSSE SENEDİ SERBEST (TL) FON (HİSSE SENEDİ YOĞUN FON),31.08.2026,"4,301981",12675411.00,911,"54529379,31"
HKP,HEDEF PORTFÖY KATILIM HİSSE SENEDİ SERBEST (TL) FON (HİSSE SENEDİ YOĞUN FON),31.08.2026,"6,087981",30909470.00,77,"188176269,68"
HKR,HSBC PORTFÖY KIRMIZI HİSSE SENEDİ SERBEST (TL) FON (HİSSE SENEDİ YOĞUN FON),31.08.2026,"4,057213",366784536.00,1485,"1488123132,56"
HKV,ZİRAAT PORTFÖY HALKBANK KISA VADELİ BORÇLANMA ARAÇLARI (TL) FONU,31.08.2026,"597,358164",7249005.00,37121,"4330252314,31"
HLA,NEO PORTFÖY ÜÇÜNCÜ HİSSE SENEDİ SERBEST FON (HİSSE SENEDİ YOĞUN FON),31.08.2026,"2,061655",22179665.00,10,"45726816,58"
HLL,ZİRAAT PORTFÖY HALKBANK PARA PİYASASI (TL) FONU,31.08.2026,"0,38618",136554502790.95,1030680,"52734592592,78"
HLR,HEDEF PORTFÖY ADA HİSSE SENEDİ SERBEST (TL) FON (HİSSE SENEDİ YOĞUN FON),31.08.2026,"115,984305",31331301.00,13,"3633939182,53"
HMC,HEDEF PORTFÖY EKİNOKS SERBEST (TL) FON,31.08.2026,"8,307688",57091115.00,113,"474295162,16"
HME,HSBC PORTFÖY DÖRDÜNCÜ SERBEST (DÖVİZ) FON,31.08.2026,"54,688302",504221066.00,8225,"27574994178,62"
HMG,HSBC PYŞ MUTLAK GETİRİ HEDEFLİ HİSSE SENEDİ SERBEST (TL) FON(HİSSE SENEDİ YOĞUN FON),31.08.2026,"0,068918",108099987427.00,6160,"7450007325,11"
HMK,HEDEF PORTFÖY EGE HİSSE SENEDİ SERBEST (TL) FON (HİSSE SENEDİ YOĞUN FON),31.08.2026,"318,528249",338361.00,48,"107777536,72"
HML,HEDEF PORTFÖY KATILIM SERBEST (DÖVİZ) FON,31.08.2026,"48,24085",325083.00,39,"15682280,15"
HMS,HSBC PORTFÖY SÜRDÜRÜLEBİLİRLİK HİSSE SENEDİ (TL) FONU (HİSSE SENEDİ YOĞUN FON),31.08.2026,"0,096265",3585446066.00,3997,"345151424,23"
HMT,AZİMUT PORTFÖY 12.0 SERBEST FON,31.08.2026,"7,223097",85345075.00,22,"616455768,81"
HMV,HEDEF PORTFÖY MAVİ HİSSE SENEDİ SERBEST (TL) FON (HİSSE SENEDİ YOĞUN FON),31.08.2026,"14,761319",887234531.00,13,"13096751661,29"
HNS,HSBC PORTFÖY KAR PAYI ÖDEYEN MAYIS 2029 SERBEST (DÖVİZ) FON,31.08.2026,"48,466791",12494446.00,169,"605565698,21"
HOA,HSBC PORTFÖY TEKNOLOJİ DEĞİŞKEN FON,31.08.2026,"0,246731",8412141348.00,3328,"2075534920,31"
HOY,HSBC PORTFÖY YABANCI BYF FON SEPETI,31.08.2026,"0,369308",3697688572.00,2528,"1365585700,55"
HP3,HEDEF PORTFÖY LİDYA SERBEST (DÖVİZ) FON,31.08.2026,"58,962246",12500005.00,185,"737028368,76"
HPC,ZİRAAT PORTFÖY HEDEF SERBEST ÖZEL FON,31.08.2026,"11,993365",3117286856.00,7,"37386760176,33"
HPD,HSBC PORTFÖY İKİNCİ DEĞİŞKEN FON,31.08.2026,"0,218404",1329668449.00,1453,"290404455,75"
HPF,HEDEF PORTFÖY KUZEY HİSSE SENEDİ SERBEST (TL) FON (HİSSE SENEDİ YOĞUN FON),31.08.2026,"32,314235",43149120.00,12,"1394330806,11"
HPH,HEDEF PORTFÖY PARA PİYASASI KATILIM FONU,31.08.2026,"2,396526",2716209431.00,9528,"6509465829,50"
HPI,HEDEF PORTFÖY İDEAL HİSSE SENEDİ SERBEST (TL) FON (HİSSE SENEDİ YOĞUN FON),31.08.2026,"6,288334",34414080.00,14,"216407220,86"
HPJ,AZİMUT PORTFÖY HP HİSSE SENEDİ SERBEST ÖZEL FON (HİSSE SENEDİ YOĞUN FON),31.08.2026,"4,066396",9174058.00,1,"37305352,79"
HPL,HEDEF PORTFÖY ÇINAR HİSSE SENEDİ SERBEST (TL) FON (HİSSE SENEDİ YOĞUN FON),31.08.2026,"1,103259",291815213.00,24,"321947830,69"
HPO,HSBC PORTFÖY ÇOKLU VARLIK BİRİNCİ DEĞİŞKEN FON,31.08.2026,"0,172167",6390758205.00,2874,"1100279494,56"
HPT,HSBC PORTFÖY KISA VADELİ BORÇLANMA ARAÇLARI (TL) FONU,31.08.2026,"0,114527",28682906166.00,10214,"3284954621,77"
HPV,ZİRAAT PORTFÖY HALKBANK KISA VADELİ KİRA SERTİFİKALARI KATILIM (TL) FONU,31.08.2026,"7,855509",1192228909.00,339245,"9365564390,59"
HPZ,HEDEF PORTFÖY ZEN HİSSE SENEDİ SERBEST (TL) FON (HİSSE SENEDİ YOĞUN),31.08.2026,"555,424254",9741.00,17,"5410387,66"
HRZ,AKTİF PORTFÖY BIST HALKA ARZ ŞİRKETLERİ HİSSE SENEDİ (TL) FONU (HİSSE SENEDİ YOĞUN FON),31.08.2026,"2,372433",124367988.00,6476,"295054777,22"
HSA,HSBC PORTFÖY DEĞİŞKEN (TL) FON,31.08.2026,"1661,923565",2483986.00,2371,"4128194867,46"
HSL,HSBC PORTFÖY PARA PİYASASI (TL) FONU,31.08.2026,"416,83791",62609276.00,24268,"26097919751,56"
HSP,HSBC PORTFÖY KAR PAYI ÖDEYEN OCAK 2030 SERBEST (DÖVİZ) FON,31.08.2026,"45,943828",2204883.00,60,"101300765,44"
HST,HSBC PORTFÖY  BORÇLANMA ARAÇLARI (TL) FONU,31.08.2026,"1,02194",382625559.33,3707,"391020430,84"
HTF,HSBC PORTFÖY PARA PİYASASI SERBEST (TL) FON,31.08.2026,"1,461692",3603215191.00,543,"5266791774,21"
HTJ,HEDEF PORTFÖY TEKNOLOJİ DEĞİŞKEN FON,31.08.2026,"2,017182",19833482.00,234,"40007735,62"
HTK,QNB PORTFÖY HAVACILIK VE SAVUNMA TEKNOLOJİLERİ FON SEPETİ FONU,31.08.2026,"1,05354",119584497.00,910,"125987017,36"
HTS,HSBC PORTFÖY ALTINCI SERBEST (DÖVİZ) FON,31.08.2026,"59,636378",81478349.00,2629,"4859073616,94"
HTZ,HEDEF PORTFÖY TURKUAZ SERBEST FON,31.08.2026,"12,897962",6936066.00,13,"89461118,08"
HUI,AZİMUT PORTFÖY CAN HİSSE SENEDİ SERBEST ÖZEL FON (HİSSE SENEDİ YOĞUN FON),31.08.2026,"89,060296",23599656.00,1,"2101792360,55"
HUS,HEDEF PORTFÖY UĞUR SERBEST FON,31.08.2026,"0,003531",568993837.00,12,"2009177,03"
HVA,HEDEF PORTFÖY ECE HİSSE SENEDİ SERBEST (TL) FON (HİSSE SENEDİ YOĞUN FON),31.08.2026,"269,872504",481168.00,16,"129854012,88"
HVB,HEDEF PORTFÖY PUSULA HİSSE SENEDİ SERBEST (TL) FON (HİSSE SENEDİ YOĞUN FON),31.08.2026,"1,867676",1151128347.00,13,"2149935328,66"
HVC,HEDEF PORTFÖY ROTA HİSSE SENEDİ SERBEST (TL) FON (HİSSE SENEDİ YOĞUN FON),31.08.2026,"27,103725",2727730.00,16,"73931643,50"
HVI,DENİZ PORTFÖY HOLDİNGLER VE İŞTİRAKLERİ HİSSE SENEDİ (TL) FONU (HİSSE SENEDİ YOĞUN FON),31.08.2026,"1,314463",32140210.00,365,"42247107,70"
HVK,HEDEF PORTFÖY BİRİNCİ BORÇLANMA ARAÇLARI (TL) FONU,31.08.2026,"4,869498",105476257.00,1450,"513616424,22"
HVL,HEDEF PORTFÖY POYRAZ SERBEST FON,31.08.2026,"20,54431",140400.00,11,"2884421,16"
HVN,HEDEF PORTFÖY DÖRDÜNCÜ SERBEST FON,31.08.2026,"5,912164",997109.00,12,"5895071,83"
HVS,HSBC PORTFÖY HİSSE SENEDİ (TL) FONU (HİSSE SENEDİ YOĞUN FON),31.08.2026,"1,636662",1676355340.00,10109,"2743627225,91"
HVT,ALLBATROSS PORTFÖY BİRİNCİ PARA PİYASASI (TL) FONU,31.08.2026,"4,783261",153564086.00,1803,"734537141,52"
HVU,ALLBATROSS PORTFÖY BİRİNCİ DEĞİŞKEN FON,31.08.2026,"5,740641",3061463.74,791,"17574763,31"
HVV,AK PORTFÖY HERAKLES SERBEST (DÖVİZ) ÖZEL FON,31.08.2026,"70,031009",45552140.00,1,"3190062305,86"
HVZ,ALLBATROSS PORTFÖY BİRİNCİ HİSSE SENEDİ (TL) FONU (HİSSE SENEDİ YOĞUN FON),31.08.2026,"6,821869",13458226.00,1795,"91810253,67"
HYK,HEDEF PORTFÖY AKDENİZ SERBEST FON,31.08.2026,"11,658411",18379256.00,23,"214272927,10"
HYP,AZİMUT PORTFÖY İVME SERBEST FON,31.08.2026,"10,774739",52494372.00,61,"565613142,41"
HYU,HSBC PORTFÖY KISA VADELİ SERBEST (TL) FON,31.08.2026,"1,816229",482494196.00,232,"876320127,71"
HYV,HEDEF PORTFÖY PARA PİYASASI (TL) FONU,31.08.2026,"6,400364",974293732.00,6588,"6235834163,31"
HYY,AK PORTFÖY HERAKLES HİSSE SENEDİ SERBEST ÖZEL FON (HİSSE SENEDİ YOĞUN FON),31.08.2026,"12,651316",471519535.00,1,"5965342813,60"
HZV,AK PORTFÖY HEZ SERBEST ÖZEL FON,31.08.2026,"6,410837",163794514.00,3,"1050059935,82"
IAC,İŞ PORTFÖY MZS HİSSE SENEDİ SERBEST ÖZEL FON (HİSSE SENEDİ YOĞUN FON),31.08.2026,"5,235149",693419042.00,1,"3630151858,06"
IAE,İSTANBUL PORTFÖY AGRESİF DEĞİŞKEN FON,31.08.2026,"2,188447",132659103.00,447,"290317366,76"
IAI,İŞ PORTFÖY TOROS HİSSE SENEDİ SERBEST ÖZEL FON (HİSSE SENEDİ YOĞUN FON),31.08.2026,"6,127441",11395330.00,1,"69824206,75"
IAJ,INVEO PORTFÖY ALTINCI SERBEST FON,31.08.2026,"0,975438",2114650.00,12,"2062710,96"
IAM,İŞ PORTFÖY AGRESİF FON SEPETİ FONU,31.08.2026,"1,761551",44908126.00,2806,"79107959,34"
IAR,İSTANBUL PORTFÖY DÖRDÜNCÜ SERBEST FON,31.08.2026,"79,280293",1888090.00,22,"149688327,61"
IAS,ASTRA PORTFÖY MUTLAK GETİRİ HEDEFLİ HİSSE SENEDİ SERBEST FON (HİSSE SENEDİ YOĞUN FON),31.08.2026,"2,109452",1612453728.00,17,"3401393944,07"
IAT,İŞ PORTFÖY KİRA SERTİFİKALARI KATILIM (TL) FONU,31.08.2026,"0,198391",9436212869.21,8919,"1872060292,92"
IAU,PARDUS PORTFÖY İKİNCİ İSTATİSTİKSEL ARBİTRAJ HİSSE SENEDİ SERBEST (TL) FON (HİSSE SENEDİ YOĞUN FON),31.08.2026,"2,674919",12407454.00,212,"33188928,28"
IAY,INVEO PORTFÖY ALTIN KATILIM FONU,31.08.2026,"1,573582",29333466.00,197,"46158618,96"
IBB,İŞ PORTFÖY ATAK DEĞİŞKEN FON,31.08.2026,"15,843849",85791811.00,8833,"1359272459,71"
IBC,İŞ PORTFÖY CENOVA SERBEST ÖZEL FON,31.08.2026,"19,695818",21428893.00,5,"422059584,20"
IBE,İSTANBUL PORTFÖY BEŞİNCİ SERBEST FON,31.08.2026,"17,948761",33125727.00,12,"594565746,19"
IBG,AZİMUT PYŞ BİRİNCİ SERBEST FON,31.08.2026,"1,652358",333744116.00,11,"551464648,21"
IBJ,AZİMUT PORTFÖY 18.0 SERBEST (DÖVİZ) FON,31.08.2026,"65,813807",12512793.00,23,"823514547,38"
IBK,İŞ PORTFÖY ÜÇÜNCÜ KISA VADELİ BORÇLANMA ARAÇLARI (TL) FONU,31.08.2026,"0,137816",1669808008.00,121258,"230126234,39"
IBM,İSTANBUL PORTFÖY MUTLAK GETİRİ HEDEFLİ SERBEST FON,31.08.2026,"3,928479",54294216.00,16,"213293698,33"
IBP,İŞ PORTFÖY GED SERBEST (DÖVİZ) ÖZEL FON,31.08.2026,"72,101129",66892567.00,4,"4823029633,47"
IBR,AZİMUT PYŞ MUTLAK GETİRİ HEDEFLİ SERBEST FON,31.08.2026,"0,308031",5687281191.00,81,"1751856135,96"
ICA,TEB PORTFÖY ICBC TURKEY ALTIN FONU,31.08.2026,"0,579891",1085470867.00,2838,"629454785,63"
ICC,TEB PORTFÖY BEŞİNCİ DEĞİŞKEN FON,31.08.2026,"1,361621",19686747.00,269,"26805890,65"
ICD,TEB PORTFÖY DÖRDÜNCÜ DEĞİŞKEN FON,31.08.2026,"135,59028",256368.00,194,"34761008,93"
ICE,TEB PORTFÖY ICBC TURKEY PARA PİYASASI (TL) FONU,31.08.2026,"128,992841",12627405.00,4688,"1628844841,45"
ICF,TEB PORTFÖY BİRİNCİ HİSSE SENEDİ FONU (HİSSE SENEDİ YOĞUN FON),31.08.2026,"197,721405",108983.00,518,"21548271,90"
ICG,İŞ PORTFÖY ARCADİA SERBEST (DÖVİZ) ÖZEL FON,31.08.2026,"71,13964",10027134.00,1,"713326703,13"
ICH,PARDUS PORTFÖY İKİNCİ DEĞİŞKEN FON,31.08.2026,"2,531332",503615615.00,5104,"1274818529,30"
ICN,İSTANBUL PORTFÖY ÜÇÜNCÜ İSTATİSTİKSEL ARBİTRAJ SERBEST (TL) FON,31.08.2026,"4,336097",90771209.00,16,"393592798,05"
ICS,TEB PORTFÖY SERBEST (DÖVİZ) FON,31.08.2026,"49,784999",347367.00,55,"17293665,68"
ICV,TEB PORTFÖY ONDOKUZUNCU SERBEST FON,31.08.2026,"6,001401",813609.00,44,"4882794,24"
ICZ,AK PORTFÖY TEKNOLOJİ ŞİRKETLERİ HİSSE SENEDİ (TL) FONU (HİSSE SENEDİ YOĞUN FON),31.08.2026,"9,540622",115666313.00,22469,"1103528537,68"
IDD,LOGOS PORTFÖY DİNAMİK DAĞIMLI SERBEST FON,31.08.2026,"0,159672",209030711.00,25,"33376329,81"
IDF,İŞ PORTFÖY SERBEST (DÖVİZ) FON,31.08.2026,"77,736609",165076526.00,4332,"12832489277,49"
IDH,İŞ PORTFÖY BIST 100 DIŞI ŞİRKETLER HİSSE SENEDİ (TL) FONU (HİSSE SENEDİ YOĞUN FON),31.08.2026,"13,431185",70446214.00,19976,"946176149,82"
IDI,AZİMUT PORTFÖY İNŞAAT SEKTÖRÜ HİSSE SENEDİ FONU (HİSSE SENEDİ YOĞUN FON),31.08.2026,"1,813376",30483327.00,798,"55277735,86"
IDL,AKTİF PORTFÖY PARA PİYASASI (TL) FONU,31.08.2026,"6,10496",796969978.00,3969,"4865469664,96"
IDO,İŞ PORTFÖY ONDOKUZUNCU SERBEST (DÖVİZ-AVRO) FON,31.08.2026,"58,846619",1309048108.00,15411,"77033055028,51"
IDP,PİRAMİT PORTFÖY SİRİUS HİSSE SENEDİ SERBEST FON (HİSSE SENEDİ YOĞUN FON),31.08.2026,"1,917178",69315905.00,23,"132890909,72"
IDV,İŞ PORTFÖY ACHS SERBEST (DÖVİZ) ÖZEL FON,31.08.2026,"71,969418",7786596.00,2,"560396783,26"
IDY,TEB PORTFÖY İKİNCİ DEĞİŞKEN FON,31.08.2026,"0,238348",3088011981.13,2501,"736022286,87"
IED,İŞ PORTFÖY AGRESİF DEĞİŞKEN FON,31.08.2026,"1,066053",60295666.00,1282,"64278357,91"
IEN,İSTANBUL PORTFÖY İNŞAAT SEKTÖRÜ HİSSE SENEDİ SERBEST (TL) FON (HİSSE SENEDİ YOĞUN FON),31.08.2026,"1,272963",14201508.00,97,"18077990,37"
IEV,İŞ PORTFÖY HAVACILIK VE SAVUNMA TEKNOLOJİLERİ DEĞİŞKEN FON,31.08.2026,"5,336716",19692180.00,4181,"105091574,58"
IEZ,INVEO PORTFÖY ELMA HİSSE SENEDİ SERBEST (TL) ÖZEL FON (HİSSE SENEDİ YOĞUN FON),31.08.2026,"4,650327",20171458.00,3,"93803875,77"
IFD,İŞ PORTFÖY FINDIKLI SERBEST (DÖVİZ) ÖZEL FON,31.08.2026,"60,669725",20000000.00,9,"1213394494,94"
IFN,TEB PORTFÖY SÜRDÜRÜLEBİLİRLİK HİSSE SENEDİ FONU (HİSSE SENEDİ YOĞUN FON),31.08.2026,"9,446716",392491.00,425,"3707751,18"
IFV,TEB PORTFÖY BİRİNCİ KISA VADELİ BORÇLANMA ARAÇLARI (TL) FONU,31.08.2026,"4,706561",5008433.00,190,"23572495,55"
IFY,İSTANBUL PORTFÖY ÖPY BİRİNCİ SERBEST ÖZEL FON,31.08.2026,"7,723942",13000000.00,1,"100411242,62"
IGF,İŞ PORTFÖY GÜZEL SERBEST (DÖVİZ) ÖZEL FON,31.08.2026,"68,873373",21132206.00,2,"1455446312,63"
IGL,TEB PORTFÖY ING BANK PARA PİYASASI (TL) FONU,31.08.2026,"585,488811",8155991.00,16956,"4775241476,06"
IGM,İŞ PORTFÖY ÜNİ SERBEST (DÖVİZ) ÖZEL FON,31.08.2026,"66,972066",19388027.00,3,"1298456228,65"
IGZ,İŞ PORTFÖY İKİNCİ HİSSE SENEDİ SERBEST FON (HİSSE SENEDİ YOĞUN FON),31.08.2026,"11,948552",49704109.00,3,"593892148,02"
IH1,İNCİR PORTFÖY BİRİNCİ HİSSE SENEDİ FONU (HİSSE SENEDİ YOĞUN FON),31.08.2026,"0,952981",190616732.00,85,"181654198,15"
IHA,ALLBATROSS PORTFÖY İKİNCİ HİSSE SENEDİ (TL) FONU (HİSSE SENEDİ YOĞUN FON),31.08.2026,"3,198892",1710769.00,313,"5472565,23"
IHC,INVEO PORTFÖY INTER SERBEST FON,31.08.2026,"8,07657",51296326.00,500,"414298356,06"
IHK,İŞ PORTFÖY İŞ'TE KADIN HİSSE SENEDİ (TL) FONU (HİSSE SENEDİ YOĞUN FON),31.08.2026,"17,048531",98435900.00,28901,"1678187533,10"
IHP,İSTANBUL PORTFÖY İKİNCİ HİSSE SENEDİ SERBEST (TL) FON (HİSSE SENEDİ YOĞUN FON),31.08.2026,"1,87781",37894626.00,274,"71158906,29"
IHT,İŞ PORTFÖY İHRACATÇI ŞİRKETLER HİSSE SENEDİ (TL) FONU (HİSSE SENEDİ YOĞUN FON),31.08.2026,"3,82336",21042286.00,3308,"80452231,36"
IHV,INVEO PORTFÖY BEŞİNCİ HİSSE SENEDİ SERBEST FON (HİSSE SENEDİ YOĞUN FON),31.08.2026,"1,89928",169102646.00,46,"321173193,03"
IHY,BULLS PORTFÖY GMS HİSSE SENEDİ SERBEST ÖZEL FON (HİSSE SENEDİ YOĞUN FON),31.08.2026,"6,415237",33598940.00,1,"215545158,61"
IHZ,ALLBATROSS PORTFÖY İKİNCİ HİSSE SENEDİ SERBEST FON (HİSSE SENEDİ YOĞUN FON),31.08.2026,"0,876076",2988118.00,69,"2617817,35"
IIA,İSTANBUL PORTFÖY ONBİRİNCİ SERBEST (TL) FON,31.08.2026,"4,213674",382831186.00,11,"1613125633,63"
IIC,İSTANBUL PORTFÖY ONÜÇÜNCÜ SERBEST (TL) FON,31.08.2026,"6,726296",730187.00,13,"4911453,61"
IIE,BULLS PORTFÖY İKİNCİ SERBEST FON,31.08.2026,"6,605156",102890951.00,3607,"679610752,66"
IIF,İŞ PORTFÖY İSTATİSTİKSEL ARBİTRAJ SERBEST FON,31.08.2026,"1,572124",321012874.00,13,"504672163,49"
IIH,İSTANBUL PORTFÖY ÜÇÜNCÜ HİSSE SENEDİ FONU (HİSSE SENEDİ YOĞUN FON),31.08.2026,"34,146446",53727562.00,21522,"1834605274,30"
IIN,INVEO PORTFÖY PARA PİYASASI SERBEST (TL) FON,31.08.2026,"1,426547",1112398444.00,149,"1586888604,99"
IIS,İSTANBUL PORTFÖY İKİNCİ SERBEST FON,31.08.2026,"47,8409",31939117.25,146,"1527996099,10"
IJA,INVEO PORTFÖY ATAK DEĞİŞKEN FON,31.08.2026,"14,293058",12710525.47,1215,"181672282,37"
IJB,İŞ PORTFÖY DİJİTAL OYUN SEKTÖRÜ KARMA FON,31.08.2026,"6,705713",34286490.00,7046,"229915366,50"
IJC,İŞ PORTFÖY YARI İLETKEN TEKNOLOJİLERİ DEĞİŞKEN FON,31.08.2026,"16,015753",300743470.00,45885,"4816633056,20"
IJE,İŞ PORTFÖY EFON SERBEST (DÖVİZ) ÖZEL FON,31.08.2026,"68,476515",486569.00,4,"33318549,54"
IJF,AZİMUT PORTFÖY EREN HİSSE SENEDİ SERBEST ÖZEL FON (HİSSE SENEDİ YOĞUN FON),31.08.2026,"9,815208",91781736.00,2,"900856834,55"
IJH,TEB PORTFÖY ICBC TURKEY FON SEPETİ FONU,31.08.2026,"7,338587",4600827.00,394,"33763570,26"
IJI,İSTANBUL PORTFÖY HİSSE SENEDİ SERBEST (TL) FON (HİSSE SENEDİ YOĞUN FON ),31.08.2026,"10,877932",19376026.00,264,"210771093,08"
IJK,İSTANBUL PORTFÖY KEREM SERBEST (DÖVİZ) ÖZEL FON,31.08.2026,"64,268864",4493113.00,3,"288767268,67"
IJL,İSTANBUL PORTFÖY SPİCA SERBEST (DÖVİZ) FON,31.08.2026,"53,899598",6616601.00,12,"356632135,10"
IJP,İŞ PORTFÖY BLOCKCHAİN TEKNOLOJİLERİ KARMA FON,31.08.2026,"9,335447",70477284.00,12722,"657936960,90"
IJT,İŞ PORTFÖY TARIM SERBEST FON,31.08.2026,"7,427412",158404603.00,1623,"1176536268,29"
IJV,İSTANBUL PORTFÖY BİRİNCİ PARA PİYASASI (TL) FONU,31.08.2026,"5,697164",521456327.00,2823,"2970822442,60"
IJZ,İŞ PORTFÖY SİBER GÜVENLİK TEKNOLOJİLERİ DEĞİŞKEN FON,31.08.2026,"14,960425",63843330.00,15740,"955123376,12"
IK2,İŞ PORTFÖY KAR PAYI ÖDEYEN İKİNCİ SERBEST (DÖVİZ) FON,31.08.2026,"47,960458",4272023.00,94,"204888179,33"
IKL,İŞ PORTFÖY SAĞLIK ŞİRKETLERİ KARMA FON,31.08.2026,"10,118879",27460347.00,5420,"277867934,27"
IKP,İŞ PORTFÖY YENİLENEBİLİR ENERJİ KARMA FON,31.08.2026,"9,251913",110725437.00,12907,"1024422118,79"
IKV,İŞ PORTFÖY İKİNCİ KISA VADELİ BORÇLANMA ARAÇLARI (TL) FONU,31.08.2026,"1,53424",121706570.00,1201,"186727068,42"
ILC,İŞ PORTFÖY ONÜÇÜNCÜ SERBEST (DÖVİZ) FON,31.08.2026,"51,430491",27801347.01,220,"1429836920,85"
ILE,İŞ PORTFÖY ANADOLU SİGORTA  SERBEST (TL) ÖZEL FON,31.08.2026,"5,242828",2226173174.00,1,"11671442903,85"
ILH,İŞ PORTFÖY BİRİNCİ PARA PİYASASI SERBEST (TL) FON,31.08.2026,"4,0436",42570584101.47,11463,"172138401724,14"
ILI,İŞ PORTFÖY İKİNCİ SERBEST (TL) FON,31.08.2026,"5,908413",135194151.00,15,"798782902,73"
ILM,İSTANBUL PORTFÖY ONUNCU SERBEST FON,31.08.2026,"7,26341",43526148.00,13,"316148252,96"
ILP,İŞ PORTFÖY POLMİNE SERBEST (DÖVİZ) ÖZEL FON,31.08.2026,"62,872676",49766528.00,6,"3128954772,19"
ILU,İSTANBUL PORTFÖY ONALTINCI SERBEST FON,31.08.2026,"1,328481",1837384432.00,4,"2440930478,46"
ILZ,İŞ PORTFÖY TEMKİNLİ FON SEPETİ FONU,31.08.2026,"8,274501",139323978.00,6446,"1152836396,91"
IMB,İSTANBUL PORTFÖY ALGORİTMİK MODEL HİSSE SENEDİ FONU (HİSSE SENEDİ YOĞUN FON),31.08.2026,"1,227692",3552202.00,181,"4361008,46"
IMF,İSTANBUL PORTFÖY MAESTRO SERBEST FON,31.08.2026,"5,778348",66550045.00,19,"384549306,09"
IMG,GARANTİ PORTFÖY ING BANK KAR PAYI ÖDEYEN SERBEST (DÖVİZ) FON,31.08.2026,"49,664294",18263443.00,138,"907041010,07"
IMH,İŞ PORTFÖY ANADOLU HAYAT EMEKLİLİK SERBEST ÖZEL FON,31.08.2026,"6,538206",107389633.00,1,"702135582,22"
IML,İŞ PORTFÖY MODEL PORTFÖY HİSSE SENEDİ (TL) FONU (HİSSE SENEDİ YOĞUN FON),31.08.2026,"1,792428",498814151.00,4637,"894088217,61"
IMO,İŞ PORTFÖY ODAK SERBEST ÖZEL FON,31.08.2026,"6,057343",858797825.00,2,"5202032814,25"
IMS,İŞ PORTFÖY MERMER SERBEST ÖZEL FON,31.08.2026,"15,418992",37173550.00,4,"573178664,70"
IMT,İŞ PORTFÖY TOROS SERBEST (DÖVİZ) ÖZEL FON,31.08.2026,"71,966958",10107479.00,4,"727404515,88"
IMY,İŞ PORTFÖY SKYLARK SERBEST (DÖVİZ) ÖZEL FON,31.08.2026,"74,957123",21469047.00,6,"1609257991,72"
IMZ,İŞ PORTFÖY POYRAZ SERBEST (DÖVİZ) ÖZEL FON,31.08.2026,"75,011774",4147547.00,4,"311114860,12"
INH,GARANTİ PORTFÖY ING BANK ÖZEL BANKACILIK VE PLATİNUM DEĞİŞKEN ÖZEL FON,31.08.2026,"15,162981",15781041.00,377,"239287628,07"
INV,INVEO PORTFÖY İSTATİSTİKSEL ARBİTRAJ KAR PAYI ÖDEYEN SERBEST (TL) ÖZEL FON,31.08.2026,"48,375815",42614927.00,1,"2061531811,04"
INZ,INVEO PORTFÖY İSTATİSTİKSEL ARBİTRAJ SERBEST (TL) FON,31.08.2026,"3,516273",34400325.00,16,"120960919,45"
IOG,İŞ PORTFÖY GÜMÜŞ SERBEST FON,31.08.2026,"14,769721",970537546.00,18913,"14334568684,26"
IOH,İŞ PORTFÖY ONSEKİZİNCİ SERBEST (DÖVİZ) FON,31.08.2026,"52,720244",2705819.10,31,"142651443,87"
IOJ,İŞ PORTFÖY EKİM 2026 SERBEST (DÖVİZ) FON,31.08.2026,"52,095121",3586354.01,39,"186831547,27"
IOL,İŞ PORTFÖY OSK SERBEST (DÖVİZ) ÖZEL FON,31.08.2026,"67,326754",14305212.00,1,"963123488,60"
IOM,İSTANBUL PORTFÖY ONBEŞİNCİ SERBEST FON,31.08.2026,"3,968567",147588046.00,13,"585712993,10"
ION,İSTANBUL PORTFÖY ONİKİNCİ SERBEST FON,31.08.2026,"0,872171",60009826.00,15,"52338825,97"
IOO,İŞ PORTFÖY İKİNCİ PARA PİYASASI (TL) FONU,31.08.2026,"4,65231",8121956570.00,6323,"37785862686,55"
IOP,İŞ PORTFÖY ODEABANK PARA PİYASASI (TL) FONU,31.08.2026,"6,393244",1060709518.00,6428,"6781375190,94"
IOT,AZİMUT PORTFÖY 216 SERBEST (DÖVİZ) ÖZEL FON,31.08.2026,"59,855718",4502540.00,6,"269502766,52"
IOV,İSTANBUL PORTFÖY PAPİRUS SERBEST (DÖVİZ) ÖZEL FON,31.08.2026,"57,788294",9907429.00,1,"572533419,23"
IPA,İŞ PORTFÖY SÜTAŞ HİSSE SENEDİ SERBEST ÖZEL FON (HİSSE SENEDİ YOĞUN FON),31.08.2026,"0,764165",803906870.00,16,"614317445,37"
IPB,İSTANBUL PORTFÖY BİRİNCİ DEĞİŞKEN FON,31.08.2026,"0,907039",1203826460.57,15066,"1091917084,26"
IPC,İŞ PORTFÖY CK SERBEST ÖZEL FON,31.08.2026,"25,062951",575000.00,1,"14411196,61"
IPE,İŞ PORTFÖY ANADOLU SİGORTA SERBEST ÖZEL FON,31.08.2026,"9,697712",416615784.00,3,"4040219731,10"
IPF,PERFORM PORTFÖY İKİNCİ SERBEST FON,31.08.2026,"0,124138",1105011730.00,22,"137173610,26"
IPG,İŞ PORTFÖY ATAK FON SEPETİ FONU,31.08.2026,"9,704639",36377770.00,1727,"353033107,80"
IPJ,İŞ PORTFÖY ELEKTRİKLİ ARAÇLAR KARMA FON,31.08.2026,"20,137021",65033529.00,18576,"1309581566,03"
IPK,İŞ PORTFÖY KOS SERBEST ÖZEL FON,31.08.2026,"57,902988",56970280.00,1,"3298749439,95"
IPO,İŞ PORTFÖY ONUR SERBEST ÖZEL FON,31.08.2026,"48,975442",11026459.00,1,"540025701,36"
IPP,PERFORM PORTFÖY BIRINCI SERBEST FON,31.08.2026,"0,182899",38099877232.00,163,"6968439700,78"
IPR,İŞ PORTFÖY ICARUS SERBEST ÖZEL FON,31.08.2026,"34,075863",615000.00,1,"20956656,02"
IPU,İŞ PORTFÖY AS SERBEST ÖZEL FON,31.08.2026,"48,856977",116663621.00,1,"5699831904,63"
IPV,İŞ PORTFÖY EUROBOND BORÇLANMA ARAÇLARI (DÖVİZ) FONU,31.08.2026,"78,77181",26277619.00,11809,"2069935598,96"
IRB,İSTANBUL PORTFÖY İSTATİSTİKSEL ARBİTRAJ HİSSE SENEDİ SERBEST FON (HİSSE SENEDİ YOĞUN FON),31.08.2026,"1,338333",948180996.00,763,"1268981853,21"
IRE,İŞ PORTFÖY KAR PAYI ÖDEYEN SERBEST (DÖVİZ) FON,31.08.2026,"47,337498",2436163.02,60,"115321861,99"
IRF,İSTANBUL PORTFÖY BİRİNCİ FON SEPETİ FONU,31.08.2026,"7,54873",71417453.00,1995,"539111035,15"
IRL,İSTANBUL PORTFÖY KEY SERBEST FON,31.08.2026,"18,1412",15147672.00,16,"274796951,00"
IRO,İSTANBUL PORTFÖY ROBOTİK TEKNOLOJİLERİ SERBEST FON,31.08.2026,"2,096659",19315563.00,84,"40498141,01"
IRT,INVEO PORTFÖY TEKNOLOJİ DEĞİŞKEN FON,31.08.2026,"8,060791",16137971.00,1537,"130084816,64"
IRV,İSTANBUL PORTFÖY İSTATİSTİKSEL ARBİTRAJ SERBEST FON,31.08.2026,"7,068281",54071592.00,57,"382193228,27"
IRY,INVEO PORTFÖY PARA PİYASASI (TL) FONU,31.08.2026,"4,044238",448285782.00,2319,"1812974206,40"
ISR,İŞ PORTFÖY BİRİNCİ SERBEST (DÖVİZ) ÖZEL FON,31.08.2026,"19,49867",49659665.00,6,"968297438,28"
ISS,İŞ PORTFÖY DEĞER SERBEST ÖZEL FON,31.08.2026,"0,274326",775713881.00,7,"212798141,50"
IST,İSTANBUL PORTFÖY KISA VADELİ BORÇLANMA ARAÇLARI (TL) FONU,31.08.2026,"0,196663",8638065781.89,3078,"1698788900,95"
ITA,İŞ PORTFÖY ARSLAN SERBEST (DÖVİZ) ÖZEL FON,31.08.2026,"73,58644",11221333.00,1,"825737945,78"
ITC,INVEO PORTFÖY TEMETTÜ ÖDEYEN ŞİRKETLER HİSSE SENEDİ (TL) FONU (HİSSE SENEDİ YOĞUN FON),31.08.2026,"1,19094",21196540.00,282,"25243802,89"
ITD,İŞ PORTFÖY TE2 SERBEST (DÖVİZ) ÖZEL FON,31.08.2026,"69,305404",37000272.00,1,"2564318816,33"
ITJ,İSTANBUL PORTFÖY SEKİZİNCİ SERBEST FON,31.08.2026,"10,418216",26517213.00,12,"276262062,83"
ITL,İŞ PORTFÖY ÖPY DELTA SERBEST (TL) ÖZEL FON,31.08.2026,"4,616035",1026267998.00,1,"4737289379,16"
ITP,İŞ PORTFÖY TEKNOLOJİ KARMA FON,31.08.2026,"13,317867",77001436.00,11243,"1025494862,29"
ITR,İŞ PORTFÖY TE1 SERBEST ÖZEL FON,31.08.2026,"4,471445",245568075.00,1,"1098044084,19"
ITV,İŞ PORTFÖY ALTINCI SERBEST (DÖVİZ) FON,31.08.2026,"48,360337",17596116.02,30,"850954100,33"
ITZ,İŞ PORTFÖY ATLAS SERBEST (DÖVİZ) ÖZEL FON,31.08.2026,"61,534615",33234698.00,3,"2045084342,64"
IUA,İSTANBUL PORTFÖY KARYA SERBEST (DÖVİZ) FON,31.08.2026,"68,082997",6180062.00,52,"420757145,10"
IUB,İŞ PORTFÖY EVREN SERBEST (DÖVİZ) ÖZEL FON,31.08.2026,"72,175853",4814710.00,3,"347505803,50"
IUC,INVEO PORTFÖY GEDİK YATIRIM SERBEST (TL) ÖZEL FON,31.08.2026,"2,02513",485353634.00,1,"982904216,82"
IUF,İŞ PORTFÖY YEDİNCİ SERBEST (DÖVİZ-AVRO) FON,31.08.2026,"69,391662",324207779.00,7713,"22497316533,08"
IUH,INVEO PORTFÖY DÖNÜŞTÜRÜCÜ TEKNOLOJİLER FON SEPETİ FONU,31.08.2026,"6,36214",2001873.66,717,"12736200,23"
IUM,İŞ PORTFÖY HK SERBEST (DÖVİZ) ÖZEL FON,31.08.2026,"67,605137",6075558.00,1,"410738933,14"
IUN,İŞ PORTFÖY YELKEN SERBEST (DÖVİZ) ÖZEL FON,31.08.2026,"77,108414",3921916.00,4,"302412720,77"
IUV,İŞ PORTFÖY BEŞİNCİ SERBEST (DÖVİZ)  FON,31.08.2026,"67,786371",315193134.00,6393,"21365798727,21"
IUZ,İŞ PORTFÖY ANADOLUBANK PARA PİYASASI (TL) FONU,31.08.2026,"4,808265",291421264.00,1243,"1401230791,47"
IV2,PHİLLİP PORTFÖY ARİSTA SERBEST FON,31.08.2026,"22,831325",61238989.00,14,"1398167256,01"
IV6,INVEO PORTFÖY TE3 SERBEST (DÖVİZ) ÖZEL FON,31.08.2026,"66,110367",25018090.00,1,"1653955109,52"
IV7,INVEO PORTFÖY BEŞER SERBEST (TL) ÖZEL FON,31.08.2026,"5,061833",109304696.00,1,"553282110,61"
IV8,INVEO PORTFÖY KİRA SERTİFİKALARI KATILIM FONU,31.08.2026,"2,319247",15350126.00,138,"35600737,10"
IVF,İSTANBUL PORTFÖY KATILIM HİSSE SENEDİ (TL) FONU (HİSSE SENEDİ YOĞUN FON),31.08.2026,"6,846068",12263246.00,1284,"83955015,74"
IVS,İSTANBUL PORTFÖY İKİNCİ İSTATİSTİKSEL ARBİTRAJ SERBEST FON,31.08.2026,"6,060198",45677189.29,26,"276812828,39"
IVY,İSTANBUL PORTFÖY BLOCKCHAIN TEKNOLOJİLERİ DEĞİŞKEN FON,31.08.2026,"6,186493",124468760.00,13092,"770025152,53"
IYB,AURA PORTFÖY DEĞİŞKEN FONU,31.08.2026,"6,017519",15638873.00,313,"94107208,72"
IYP,İSTANBUL PORTFÖY YILDIZ SERBEST ÖZEL FON,31.08.2026,"3,057613",766631358.32,2,"2344061776,12"
IYR,İŞ PORTFÖY HEDEF SERBEST FON,31.08.2026,"0,141502",1628295591.00,7,"230407839,84"
IYS,İŞ PORTFÖY SÜTAŞ SERBEST ÖZEL FON,31.08.2026,"1,362061",4370883210.00,16,"5953407782,81"
IYV,İSTANBUL PORTFÖY AŞİYAN SERBEST FON,31.08.2026,"1,13566",169909433.00,69,"192959336,49"
IZA,AZİMUT PORTFÖY İNAN2 SERBEST ÖZEL FON,31.08.2026,"2,032179",243734656.00,1,"495312485,46"
IZB,İSTANBUL PORTFÖY BİRİNCİ FON SEPETİ SERBEST FON,31.08.2026,"11,05343",9161145.00,87,"101262074,05"
IZE,İŞ PORTFÖY ÜÇÜNCÜ SERBEST (DÖVİZ) ÖZEL FON,31.08.2026,"65,436598",4088728.00,1,"267552450,04"
IZL,İŞ PORTFÖY EYLÜL 2027 SERBEST (DÖVİZ) FON,31.08.2026,"52,499209",2048414.11,19,"107540121,04"
IZS,İSTANBUL PORTFÖY ALTINCI SERBEST FON,31.08.2026,"10,093514",10319442.00,56,"104159432,24"
IZV,İSTANBUL PORTFÖY ATLANTİK SERBEST (TL) ÖZEL FON,31.08.2026,"10,441792",10944421.00,2,"114279372,87"
IZY,İŞ PORTFÖY ONYEDİNCİ SERBEST (DÖVİZ) FON,31.08.2026,"48,519913",1033767.01,27,"50158285,03"
JET,ATA PORTFÖY HAVACILIK VE SAVUNMA TEKNOLOJİLERİ DEĞİŞKEN FON,31.08.2026,"2,388097",223756860.00,17051,"534353097,61"
JOT,İŞ PORTFÖY JOTANTA SERBEST (DÖVİZ) ÖZEL FON,31.08.2026,"58,843061",19709609.00,1,"1159773721,23"
JUP,AURA PORTFÖY JÜPİTER SERBEST (DÖVİZ) FON,31.08.2026,"0,540226",101625014.00,55,"54900467,26"
KAC,EMLAK KATILIM PORTFÖY KISA VADELİ KATILIM SERBEST (TL) FON,31.08.2026,"3,944008",4824049413.00,1760,"19026087755,37"
KAN,KUVEYT TÜRK PORTFÖY ALTIN KATILIM SERBEST FON,31.08.2026,"7218,606138",792957.00,38,"5724044267,19"
KAV,KUVEYT TÜRK PORTFÖY ALTINCI KATILIM SERBEST (DÖVİZ-AVRO) FON,31.08.2026,"58,109951",311358284.00,5733,"18093014690,04"
KBJ,STRATEJİ PORTFÖY KİBELE KAR PAYI ÖDEYEN HİSSE SENEDİ SERBEST FON (HİSSE SENEDİ YOĞUN FON),31.08.2026,"4,309322",159155541.00,101,"685852487,54"
KBP,KUVEYT TÜRK PORTFÖY PY KATILIM HİSSE SENEDİ SERBEST ÖZEL FON (HİSSE SENEDİ YOĞUN FON),31.08.2026,"1,806556",189321082.00,5,"342019116,72"
KBZ,KUVEYT TÜRK PORTFÖY SBZ KATILIM SERBEST (DÖVİZ) ÖZEL FON,31.08.2026,"52,323471",3094492.00,1,"161914561,02"
KCL,KARE PORTFÖY ÇOKLU VARLIK KATILIM FONU,31.08.2026,"1,81818",6430719.00,175,"11692204,70"
KCR,AK PORTFÖY KÜLÇE ALTIN KATILIM FONU,31.08.2026,"1,119262",64102263.00,564,"71747258,90"
KCV,KUVEYT TÜRK PORTFÖY ÇOKLU VARLIK KATILIM FONU,31.08.2026,"5,335913",482971488.00,13139,"2577093631,86"
KDE,KUVEYT TÜRK PORTFÖY DENGELİ KATILIM FONU,31.08.2026,"1,807947",381143411.00,3807,"689086958,86"
KDI,KARE PORTFÖY İKİNCİ SERBEST (DÖVİZ) FON,31.08.2026,"58,26563",4238148.00,12,"246938362,94"
KDK,KUVEYT TÜRK PORTFÖY BİRİNCİ KATILIM SERBEST (DÖVİZ-ABD DOLARI) ÖZEL FON,31.08.2026,"15,619354",3147787.00,1,"49166400,19"
KDL,KUVEYT TÜRK PORTFÖY BEŞİNCİ KATILIM SERBEST (DÖVİZ) FON,31.08.2026,"52,850384",484711402.00,7066,"25617183741,79"
KDO,İŞ PORTFÖY KATILIM SERBEST (DÖVİZ-AVRO) FON,31.08.2026,"57,096216",19206823.00,520,"1096636919,99"
KDS,KUVEYT TÜRK PORTFÖY YEDİNCİ KATILIM SERBEST (DÖVİZ) FON,31.08.2026,"54,911822",506003340.00,1379,"27785565443,87"
KDT,GARANTİ PORTFÖY KATILIM SERBEST (DÖVİZ) FON,31.08.2026,"54,993798",58816774.00,1195,"3234557802,98"
KDV,KUVEYT TÜRK PORTFÖY DOKUZUNCU KATILIM SERBEST (DÖVİZ) FON,31.08.2026,"49,087547",473158901.00,213,"23226209824,30"
KDZ,KUVEYT TÜRK PORTFÖY SEKİZINCİ KATILIM SERBEST (DÖVİZ) FON,31.08.2026,"49,224861",84671025.00,827,"4167919413,84"
KEI,KUVEYT TÜRK PORTFÖY KATILIM EMEKLİLİK İKİNCİ KATILIM SERBEST ÖZEL FON,31.08.2026,"1,944754",179618321.00,1,"349313366,11"
KEO,KUVEYT TÜRK PORTFÖY KATILIM EMEKLİLİK BİRİNCİ KATILIM SERBEST ÖZEL FON,31.08.2026,"1,826738",39442409.00,1,"72050938,32"
KEU,KUVEYT TÜRK PORTFÖY ONUNCU KATILIM SERBEST (DÖVİZ-AVRO) FON,31.08.2026,"53,69857",77152485.00,57,"4142978090,03"
KFZ,KUVEYT TÜRK PORTFÖY KFZ KATILIM SERBEST ÖZEL FON,31.08.2026,"4,517404",82683881.00,1,"373516524,59"
KGM,KUVEYT TÜRK PORTFÖY GÜMÜŞ KATILIM FON SEPETİ FONU,31.08.2026,"3,179088",1008403047.00,30428,"3205801743,82"
KH1,AK PORTFÖY KATILIM HİSSE SENEDİ FONU (HİSSE SENEDİ YOĞUN FON),31.08.2026,"1,406645",66936299.00,1077,"94155630,96"
KHA,PARDUS PORTFÖY İKİNCİ HİSSE SENEDİ (TL) FONU (HİSSE SENEDİ YOĞUN FON),31.08.2026,"4,665072",1718813395.00,40248,"8018388784,91"
KHB,KARE PORTFÖY BIST 100 DIŞI ŞİRKETLER HİSSE SENEDİ FONU (HİSSE SENEDİ YOĞUN FON),31.08.2026,"1,679643",9490492.00,250,"15940637,19"
KHC,PARDUS PORTFÖY KATILIM HİSSE SENEDİ (TL) FONU (HİSSE SENEDİ YOĞUN FON),31.08.2026,"2,264562",21868474.00,1445,"49522526,00"
KHD,ATLAS PORTFÖY İKİNCİ KATILIM HİSSE SENEDİ SERBEST FON (HİSSE SENEDİ YOĞUN FON),31.08.2026,"1,471197",501393238.00,12,"737648342,15"
KHF,ALLBATROSS PORTFÖY KATILIM HİSSE SENEDİ SERBEST FON (HİSSE SENEDİ YOĞUN FON),31.08.2026,"0,121689",7494290.00,13,"911975,46"
KHJ,ATLAS PORTFÖY KATILIM HİSSE SENEDİ FONU (HİSSE SENEDİ YOĞUN FON),31.08.2026,"1,225577",12714860.00,458,"15583043,48"
KHP,KUVEYT TÜRK PORTFÖY PAYLAŞIMLI HESAP PARA PİYASASI KATILIM FONU,31.08.2026,"1,215297",8088076442.00,76,"9829412888,44"
KHT,ALLBATROSS PORTFÖY KARTAL HİSSE SENEDİ SERBEST (TL) FON (HİSSE SENEDİ YOĞUN FON),31.08.2026,"2,503517",3048890.00,212,"7632948,22"
KHU,KUVEYT TÜRK PORTFÖY BİRİNCİ KATILIM SERBEST (DÖVİZ-AVRO) ÖZEL FON,31.08.2026,"36,952767",95518.00,1,"3529654,40"
KIA,TRIVE PORTFÖY MUTLAK GETİRİ HEDEFLİ DEĞİŞKEN FON,31.08.2026,"4,35815",1334805.00,356,"5817280,63"
KIB,TRIVE PORTFÖY ROBOTİK TEKNOLOJİLERİ DEĞİŞKEN FON,31.08.2026,"4,403419",2607648.00,1073,"11482566,80"
KIE,TRIVE PORTFÖY PARA PİYASASI (TL) FONU,31.08.2026,"4,704075",50152181.00,934,"235919637,29"
KIH,KARE PORTFÖY İSTATİSTİKSEL ARBİTRAJ SERBEST FON,31.08.2026,"1,552345",38712606.00,27,"60095309,78"
KIK,KUVEYT TÜRK PORTFÖY İKİNCİ KATILIM FONU,31.08.2026,"1,465168",121167460.00,1392,"177530637,95"
KIS,ASTRA PORTFÖY KİRA SERTİFİKASI KATILIM (DÖVİZ) FONU,31.08.2026,"0,221735",412336441.00,762,"91429246,97"
KJK,KUVEYT TÜRK PORTFÖY KUVEYT TÜRK YABANCI KATILIM SERBEST ÖZEL FON,31.08.2026,"0,002278",21405755952.00,1,"48760299,24"
KKB,KUVEYT TÜRK PORTFÖY EKAS KATILIM SERBEST (DÖVİZ) ÖZEL FON,31.08.2026,"62,467713",41940.00,1,"2619895,89"
KKC,KARE PORTFÖY KATILIM SERBEST (DÖVİZ-AVRO) FON,31.08.2026,"58,096092",2183293.00,53,"126840789,93"
KKE,KUVEYT TÜRK PORTFÖY USTA KATILIM SERBEST (DÖVİZ) ÖZEL FON,31.08.2026,"52,280537",1726780.00,2,"90276986,00"
KKH,İŞ PORTFÖY DENGELİ FON SEPETİ FONU,31.08.2026,"6,881922",77532410.00,5039,"533572023,43"
KKL,ALLBATROSS PORTFÖY KISA VADELİ KATILIM SERBEST (TL) FON,31.08.2026,"2,51987",1444096800.00,1640,"3638936321,12"
KKO,YAPI KREDİ PORTFÖY KASIM 2026 KAR PAYI ÖDEYEN SERBEST (DÖVİZ) FON,31.08.2026,"49,0554",46203177.00,257,"2266515319,65"
KKP,İŞ PORTFÖY 2028 KAPİTAL KAR PAYI ÖDEYEN SERBEST (DÖVİZ) FON,31.08.2026,"49,241372",88566803.00,331,"4361150896,65"
KKT,KUVEYT TÜRK PORTFÖY İKİNCİ KISA VADELİ KATILIM SERBEST (TL) FON,31.08.2026,"3,156822",2748692487.00,43,"8677132394,38"
KLH,ATLAS PORTFÖY KATILIM HİSSE SENEDİ SERBEST FON (HİSSE SENEDİ YOĞUN FON),31.08.2026,"2,8041",50081424.00,2227,"140433322,14"
KLI,AK PORTFÖY PARA PİYASASI KATILIM SERBEST FON,31.08.2026,"1,324807",239747438.00,164,"317619001,78"
KLL,KUVEYT TÜRK PORTFÖY TLL KATILIM SERBEST (DÖVİZ) ÖZEL FON,31.08.2026,"58,197426",196370.00,1,"11428228,62"
KLM,İŞ PORTFÖY KALAMIŞ SERBEST (DÖVİZ) ÖZEL FON,31.08.2026,"68,280234",14877076.00,1,"1015810226,43"
KLS,ALLBATROSS PORTFÖY KATILIM SERBEST (DÖVİZ) FON,31.08.2026,"41,60443",21181.00,2,"881223,44"
KLU,KUVEYT TÜRK PORTFÖY PARA PİYASASI KATILIM (TL) FONU,31.08.2026,"4,887766",20609163757.00,107563,"100732779650,13"
KMA,KUVEYT TÜRK PORTFÖY KMA KATILIM SERBEST (DÖVİZ) ÖZEL FON,31.08.2026,"169,77471",74818.00,1,"12702204,23"
KME,KUVEYT TÜRK PORTFÖY TEMKİNLİ KATILIM FONU,31.08.2026,"1,646049",77275692.00,1197,"127199584,54"
KMF,AZİMUT PORTFÖY ALTIN KATILIM FONU,31.08.2026,"3,634477",450678096.00,2240,"1637979395,62"
KMN,YAPI KREDİ PORTFÖY KIYMETLİ MADENLER KATILIM FONU,31.08.2026,"1,000968",436539313.00,4985,"436961925,57"
KMT,KUVEYT TÜRK PORTFÖY KAM KATILIM SERBEST (TL) ÖZEL FON,31.08.2026,"2,78446",24785369.00,1,"69013873,83"
KNC,AK PORTFÖY ÖPY ÜÇÜNCÜ SERBEST (DÖVİZ) ÖZEL FON,31.08.2026,"67,951243",5362076.00,16,"364359727,26"
KNI,AZİMUT PORTFÖY İKİNCİ PARA PİYASASI SERBEST (TL) FON,31.08.2026,"1,388331",12051649290.00,449,"16731673751,09"
KNJ,KUVEYT TÜRK PORTFÖY ENERJİ KATILIM FONU,31.08.2026,"2,113817",410756323.00,14761,"868263733,45"
KNN,İŞ PORTFÖY KANTİTATİF SERBEST (TL) FON,31.08.2026,"1,507284",296218809.00,15,"446485876,41"
KNP,AK PORTFÖY KOR SERBEST (DÖVİZ) ÖZEL FON,31.08.2026,"83,383648",2333690.00,2,"194591586,26"
KNS,KUVEYT TÜRK PORTFÖY NKS KATILIM SERBEST (TL) ÖZEL FON,31.08.2026,"4,525866",1127191620.00,1,"5101518285,67"
KNT,AK PORTFÖY VİRA SERBEST (DÖVİZ) ÖZEL FON,31.08.2026,"61,215577",2865973.00,3,"175442192,11"
KNV,AK PORTFÖY OPERA SERBEST (DÖVİZ) ÖZEL FON,31.08.2026,"71,696979",4490340.00,5,"321943813,25"
KNZ,AK PORTFÖY MNM SERBEST (DÖVİZ) ÖZEL FON,31.08.2026,"69,818243",14736811.00,1,"1028898255,00"
KO4,QNB PORTFÖY KAR PAYI ÖDEYEN ONDÖRDÜNCÜ SERBEST (DÖVİZ-AVRO) FON,31.08.2026,"56,195645",82130000.00,856,"4615348353,20"
KOB,KUVEYT TÜRK PORTFÖY KUVEYT TÜRK KATILIM BANKASI ÖZEL BANKACILIK KATILIM SERBEST ÖZEL FON,31.08.2026,"1,433712",1932674751.00,72,"2770899924,95"
KOD,YAPI KREDİ PORTFÖY KÜÇÜK ÖLÇEKLİ ŞİRKETLER DEĞİŞKEN FON,31.08.2026,"1,044068",57297089.00,731,"59822034,40"
KOP,ASTRA PORTFÖY İKİNCİ SERBEST (DÖVİZ) FON,31.08.2026,"7,827641",2051000.00,14,"16054491,41"
KOT,AZİMUT PORTFÖY KOÇ TOPLULUĞU ŞİRKETLERİ HİSSE SENEDİ FONU (HİSSE SENEDİ YOĞUN FON),31.08.2026,"1,52463",99693960.00,3531,"151996438,12"
KOZ,İŞ PORTFÖY KOZA SERBEST (DÖVİZ) ÖZEL FON,31.08.2026,"65,139274",1118437.00,4,"72854173,77"
KP3,KARE PORTFÖY ÜÇÜNCÜ SERBEST (DÖVİZ) FON,31.08.2026,"53,615109",264284.00,10,"14169615,46"
KPA,KUVEYT TÜRK PORTFÖY KAR PAYI ÖDEYEN KATILIM HİSSE SENEDİ FONU (HİSSE SENEDİ YOĞUN FON),31.08.2026,"1,771092",313104295.00,14062,"554536432,81"
KPB,ROTA PORTFÖY ÖPY BİRİNCİ SERBEST ÖZEL FON,31.08.2026,"6,775143",801428.00,1,"5429789,60"
KPC,KUVEYT TÜRK PORTFÖY KATILIM HİSSE SENEDİ (TL) FONU (HİSSE SENEDİ YOĞUN FON),31.08.2026,"22,21669",219467104.00,23757,"4875832658,06"
KPD,KUVEYT TÜRK PORTFÖY KAR PAYI ÖDEYEN KATILIM SERBEST (DÖVİZ) FON,31.08.2026,"49,050033",6275827.00,547,"307829522,96"
KPF,NEO PORTFÖY MUTLAK GETİRİ HEDEFLİ HİSSE SENEDİ SERBEST FON (HİSSE SENEDİ YOĞUN FON),31.08.2026,"1,785974",268158389.00,271,"478923784,18"
KPH,İŞ PORTFÖY KAR PAYI ÖDEYEN HİSSE SENEDİ (TL) FONU (HİSSE SENEDİ YOĞUN FON),31.08.2026,"1,288642",427040262.00,11767,"550301864,67"
KPI,İŞ PORTFÖY PARA PİYASASI KATILIM (TL) FONU,31.08.2026,"1,487065",3988311164.00,6655,"5930876262,45"
KPK,İŞ PORTFÖY DURUSU SERBEST (DÖVİZ) ÖZEL FON,31.08.2026,"10,295125",46252674.00,1,"476177079,72"
KPM,KARE PORTFÖY SEKİZİNCİ HİSSE SENEDİ SERBEST FON (HİSSE SENEDİ YOĞUN FON),31.08.2026,"1,064872",1508400.00,16,"1606253,06"
KPP,KARE PORTFÖY PARA PİYASASI FONU,31.08.2026,"3,197425",140666975.00,676,"449772103,43"
KPR,KUVEYT TÜRK PORTFÖY PARA PİYASASI KATILIM SERBEST FON,31.08.2026,"1,893532",38919522998.00,1361,"73695378441,03"
KPS,QNB PORTFÖY KAR PAYI ÖDEYEN ONİKİNCİ SERBEST (DÖVİZ) FON,31.08.2026,"48,165909",485020000.00,3270,"23361429343,99"
KPU,KUVEYT TÜRK PORTFÖY İKİNCİ KATILIM HİSSE SENEDİ (TL) FONU (HİSSE SENEDİ YOĞUN FON),31.08.2026,"4,147249",149138648.00,6132,"618515060,21"
KRC,KARE PORTFÖY BİRİNCİ BORÇLANMA ARAÇLARI FONU,31.08.2026,"0,148034",204998320.00,147,"30346679,09"
KRF,KARE PORTFÖY BİRİNCİ DEĞİŞKEN FON,31.08.2026,"21,734576",2064951.00,597,"44880834,09"
KRH,PARDUS PORTFÖY KARTAL HİSSE SENEDİ SERBEST FON (HİSSE SENEDİ YOĞUN FON),31.08.2026,"1,784538",1303124471.00,41,"2325474950,91"
KRO,DENİZ PORTFÖY KAR PAYI ÖDEYEN ONUNCU SERBEST (DÖVİZ) FON,31.08.2026,"48,346252",6290027.00,58,"304099230,01"
KRR,İŞ PORTFÖY KARMA FON,31.08.2026,"1,18018",19512103.00,592,"23027801,80"
KRS,KARE PORTFÖY SERBEST (DÖVİZ) FON,31.08.2026,"0,529708",2845487405.00,1105,"1507277564,26"
KRT,KARE PORTFÖY TÜRKİYE ODAKLI SERBEST (DÖVİZ ) FON,31.08.2026,"75,274042",9681364.00,166,"728755402,10"
KRV,QNB PORTFÖY KAR PAYI ÖDEYEN ALTINCI SERBEST (DÖVİZ) FON,31.08.2026,"48,298382",116080000.01,1022,"5606476177,21"
KSA,HEDEF PORTFÖY KISA VADELİ SERBEST (TL) FON,31.08.2026,"4,160504",3802403655.00,3754,"15819916010,39"
KSC,KUVEYT TÜRK PORTFÖY ASC KATILIM SERBEST (DÖVİZ) ÖZEL FON,31.08.2026,"49,775762",495470.00,1,"24662396,88"
KSK,AZİMUT PORTFÖY İKİNCİ PARA PİYASASI KATILIM FONU,31.08.2026,"2,954983",2787258029.00,672,"8236301185,04"
KSL,ALBARAKA PORTFÖY İKİNCİ KATILIM SERBEST (DÖVİZ-AVRO) FON,31.08.2026,"56,906172",4516523.00,118,"257018036,92"
KSM,ALBARAKA PORTFÖY İKİNCİ KATILIM SERBEST (DÖVİZ-ABD DOLARI) FON,31.08.2026,"51,893721",288196679.00,739,"14955598175,23"
KSP,QNB PORTFÖY KAR PAYI ÖDEYEN SERBEST (DÖVİZ-POUND) FON,31.08.2026,"65,300293",25335000.00,361,"1654382913,42"
KSR,KUVEYT TÜRK PORTFÖY SÜRDÜRÜLEBİLİRLİK KATILIM FONU,31.08.2026,"5,215081",39882525.00,3819,"207990589,24"
KST,ALLBATROSS PORTFÖY KATILIM HİSSE SENEDİ (TL) FONU (HİSSE SENEDİ YOĞUN FON),31.08.2026,"2,086159",4543973.00,450,"9479451,28"
KSV,KUVEYT TÜRK PORTFÖY KISA VADELİ KATILIM SERBEST (TL) FON,31.08.2026,"5,787601",7797086507.00,9824,"45126422773,04"
KSY,YAPI KREDİ PORTFÖY PY KANDİLLİ SERBEST ÖZEL FON,31.08.2026,"11,165015",387071628.00,85,"4321660619,51"
KTE,KUVEYT TÜRK PORTFÖY CEYLAN KİRA SERTİFİKALARI KATILIM SERBEST (DÖVİZ) ÖZEL FON,31.08.2026,"45,918245",2415590.00,1,"110919652,49"
KTI,AZİMUT PORTFÖY KATILIM HİSSE SENEDİ FONU (HİSSE SENEDİ YOĞUN FON),31.08.2026,"2,244137",127376498.00,575,"285850324,72"
KTJ,KUVEYT TÜRK PORTFÖY TEKNOLOJİ KATILIM FONU,31.08.2026,"2,668167",624054568.00,20931,"1665081819,70"
KTM,KUVEYT TÜRK PORTFÖY BİRİNCİ KATILIM (TL) FONU,31.08.2026,"23,029545",30546522.00,5782,"703472491,10"
KTN,KUVEYT TÜRK PORTFÖY KİRA SERTİFİKALARI KATILIM (TL) FONU,31.08.2026,"8,130124",50266022.00,4248,"408668971,86"
KTR,KUVEYT TÜRK PORTFÖY BİRİNCİ KATILIM SERBEST (TL) FON,31.08.2026,"10,692649",2302531741.00,636,"24620164368,55"
KTS,KUVEYT TÜRK PORTFÖY KATILIM HİSSE SENEDİ SERBEST FON (HİSSE SENEDİ YOĞUN FON),31.08.2026,"15,740192",8425170.00,747,"132613796,08"
KTT,KUVEYT TÜRK PORTFÖY DÖRDÜNCÜ KATILIM SERBEST (DÖVİZ) FON,31.08.2026,"71,109457",72972065.00,1440,"5189003946,35"
KTU,KUVEYT TÜRK PORTFÖY NEOVA KATILIM SERBEST (TL) ÖZEL FON,31.08.2026,"30,594682",32515349.00,1,"994796759,74"
KTV,KUVEYT TÜRK PORTFÖY KISA VADELİ KİRA SERTİFİKALARI KATILIM (TL) FONU,31.08.2026,"7,770876",3702187566.00,45895,"28769241532,16"
KU3,KUVEYT TÜRK PORTFÖY ÜÇÜNCÜ KATILIM FONU,31.08.2026,"1,185457",221578484.00,2592,"262671832,73"
KUA,KUVEYT TÜRK PORTFÖY AGRESİF KATILIM FONU,31.08.2026,"1,485103",68902704.00,2071,"102327623,24"
KUB,KARE PORTFÖY DEĞİŞKEN  (DÖVİZ) FONU,31.08.2026,"0,756672",808429089.00,3634,"611715938,42"
KUD,KUVEYT TÜRK PORTFÖY DİNAMİK KATILIM FONU,31.08.2026,"1,789622",138983426.00,2436,"248727784,76"
KUP,AK PORTFÖY KAR PAYI ÖDEYEN SERBEST (DÖVİZ) FON,31.08.2026,"49,478283",41360441.00,129,"2046443607,26"
KUT,KUVEYT TÜRK PORTFÖY KIYMETLİ MADENLER KATILIM FONU,31.08.2026,"12,819825",663848871.00,41550,"8510426080,43"
KVA,KUVEYT TÜRK PORTFÖY KTYMD KISA VADELİ KATILIM SERBEST ÖZEL FON,31.08.2026,"1,794695",392570970.00,1,"704545344,14"
KVK,HEDEF PORTFÖY KATILIM İSTATİSTİKSEL ARBİTRAJ SERBEST FON,31.08.2026,"1,285154",668221453.00,138,"858767515,49"
KVR,ATLAS PORTFÖY KISA VADELİ KATILIM SERBEST FON,31.08.2026,"1,307429",87249051.00,45,"114071922,66"
KVS,AZİMUT PORTFÖY KISA VADELİ SERBEST (TL) FON,31.08.2026,"3,854897",7686089493.00,2345,"29629081511,78"
KVT,AK PORTFÖY ENERJİ ŞİRKETLERİ HİSSE SENEDİ (TL) FONU (HİSSE SENEDİ YOĞUN FON),31.08.2026,"1,493095",59946367.00,2986,"89505607,16"
KYA,KARE PORTFÖY HİSSE SENEDİ FONU(HİSSE SENEDİ YOĞUN FON),31.08.2026,"1,225033",53437551.00,1538,"65462739,09"
KYR,BV PORTFÖY ÜÇÜNCÜ HİSSE SENEDİ SERBEST FON (HİSSE SENEDİ YOĞUN FON),31.08.2026,"0,598706",497595647.00,11,"297913640,63"
KYS,KARE PORTFÖY YEDİNCİ SERBEST (DÖVİZ) FON,31.08.2026,"54,216368",207100.00,18,"11228209,86"
KZL,KUVEYT TÜRK PORTFÖY ALTIN KATILIM FONU,31.08.2026,"29,605686",3073075357.00,65913,"90980505163,09"
KZO,AZİMUT PORTFÖY KOİ HİSSE SENEDİ SERBEST ÖZEL FON (HİSSE SENEDİ YOĞUN FON),31.08.2026,"2,282931",517965287.00,3,"1182479082,85"
KZU,KUVEYT TÜRK PORTFÖY İKİNCİ ALTIN KATILIM FONU,31.08.2026,"2,507327",196782887.00,5862,"493399115,01"
LAI,ATLAS PORTFÖY İKİNCİ HİSSE SENEDİ SERBEST FON (HİSSE SENEDİ YOĞUN FON),31.08.2026,"1,255041",150808828.00,14,"189271227,57"
LET,QNB PORTFÖY LETO SERBEST (DÖVİZ) ÖZEL FON,31.08.2026,"55,131287",12722311.00,2,"701397378,99"
LFD,İŞ PORTFÖY AZİM HİSSE SENEDİ SERBEST ÖZEL FON (HİSSE SENEDİ YOĞUN FON),31.08.2026,"7,289108",665006.00,1,"4847300,60"
LGK,AZİMUT PORTFÖY İKİNCİ ÖPY SERBEST ÖZEL FON,31.08.2026,"1,428",1193853791.00,1,"1704823793,50"
LGO,ATLAS PORTFÖY ALGO TOROS HİSSE SENEDİ SERBEST (TL) FON (HİSSE SENEDİ YOĞUN FON),31.08.2026,"8,293107",15062336.00,11,"124913558,01"
LHM,AK PORTFÖY NETA SERBEST (DÖVİZ) ÖZEL FON,31.08.2026,"83,698494",9557641.00,4,"799960162,59"
LHP,AK PORTFÖY YEDİNCİ SERBEST (DÖVİZ) FON,31.08.2026,"57,003641",1476365.00,93,"84158180,26"
LKF,İŞ PORTFÖY ALTIN KATILIM FONU,31.08.2026,"1,088521",105641735.00,1067,"114993218,39"
LKT,AKTİF PORTFÖY İKİNCİ PARA PİYASASI (TL) FONU,31.08.2026,"1,897658",212212618.00,444,"402707047,85"
LLA,ALLBATROSS PORTFÖY AYDIN HİSSE SENEDİ SERBEST (TL) FON (HİSSE SENEDİ YOĞUN FON),31.08.2026,"1,208958",23723915.00,746,"28681223,19"
LPH,STATECH PORTFÖY İSTATİSTİKSEL ARBİTRAJ HİSSE SENEDİ SERBEST (TL) FON (HİSSE SENEDİ YOĞUN FON),31.08.2026,"1,475826",2563463742.00,2590,"3783226664,96"
LRT,ATA PORTFÖY ALGORİTMİK STRATEJİLER SERBEST FON,31.08.2026,"3,706868",245457201.00,12,"909877521,35"
LTC,AK PORTFÖY BİRİNCİ İSTATİSTİKSEL ARBİTRAJ HİSSE SENEDİ SERBEST FON (HİSSE SENEDİ YOĞUN FON),31.08.2026,"1,610428",9793322.00,317,"15771438,29"
LTL,AHLATCI PORTFÖY HİSSE SENEDİ (TL) FONU (HİSSE SENEDİ YOĞUN FON),31.08.2026,"1,10847",245146224.00,5058,"271737246,75"
LTS,HEDEF PORTFÖY LOTUS SERBEST FON,31.08.2026,"4,732892",553376235.00,13,"2619070123,64"
LZV,AZİMUT PORTFÖY İLA HİSSE SENEDİ SERBEST (TL) ÖZEL FON (HİSSE SENEDİ YOĞUN FON),31.08.2026,"7,59524",11384074.00,2,"86464775,03"
MAC,MARMARA CAPITAL PORTFÖY HİSSE SENEDİ (TL) FONU (HİSSE SENEDİ YOĞUN FON),31.08.2026,"0,759071",5710894865.00,35900,"4334975735,14"
MAD,MEKSA PORTFÖY BİRİNCİ DEĞİŞKEN FON,31.08.2026,"1,045655",22128803.00,364,"23139094,56"
MAS,MARMARA CAPİTAL PORTFÖY HİSSE SENEDİ SERBEST (TL) FON (HİSSE SENEDİ YOĞUN FON),31.08.2026,"12,237203",63426243.00,198,"776159822,58"
MAV,QNB PORTFÖY ADAMAVİ SERBEST (DÖVİZ) ÖZEL FON,31.08.2026,"58,421318",15648205.00,1,"914188761,71"
MBL,MEKSA PORTFÖY İKİNCİ DEĞİŞKEN FON,31.08.2026,"0,290384",72819647.00,212,"21145652,29"
MBR,MT PORTFÖY BİRİNCİ BORÇLANMA ARAÇLARI FONU,31.08.2026,"1,791035",262665486.00,529,"470443033,72"
MCU,AZİMUT PORTFÖY MUTLAK GETİRİ HEDEFLİ HİSSE SENEDİ SERBEST FON (HİSSE SENEDİ YOĞUN FON),31.08.2026,"1,402289",134918991.00,151,"189195375,00"
MD1,MT PORTFÖY BİRİNCİ DEĞİŞKEN FON,31.08.2026,"2,327259",98560175.00,660,"229375036,14"
MD2,MT PORTFÖY İKİNCİ DEĞİŞKEN FON,31.08.2026,"2,221809",130407505.00,763,"289740551,44"
MDF,FİBA PORTFÖY MODEL EMTİA FON SEPETİ SERBEST FON,31.08.2026,"1,328814",378283909.00,942,"502668816,32"
MET,GARANTİ PORTFÖY METAVERSE VE YENİ TEKNOLOJİLER DEĞİŞKEN FON,31.08.2026,"6,102333",124394394.00,6596,"759096031,32"
MGB,İŞ PORTFÖY MUTLAK GETİRİ HEDEFLİ HİSSE SENEDİ SERBEST FON (HİSSE SENEDİ YOĞUN FON),31.08.2026,"1,479998",42777983.00,476,"63311340,37"
MGD,DENİZ PORTFÖY MGD HİSSE SENEDİ SERBEST ÖZEL FON (HİSSE SENEDİ YOĞUN FON),31.08.2026,"1,014453",672100883.00,1,"681814860,72"
MGE,PARDUS PORTFÖY MUTLAK GETİRİ HEDEFLİ HİSSE SENEDİ SERBEST (TL) FON (HİSSE SENEDİ YOĞUN FON),31.08.2026,"1,122175",680370252.00,67,"763494762,73"
MGH,TEB PORTFÖY MUTLAK GETİRİ HEDEFLİ HİSSE SENEDİ SERBEST FON (HİSSE SENEDİ YOĞUN FON),31.08.2026,"2,288009",217226617.00,758,"497016522,29"
MHF,MT PORTFÖY BIST HALKA ARZ ŞİRKETLERİ HİSSE SENEDİ FONU (HİSSE SENEDİ YOĞUN FON),31.08.2026,"2,42304",195981811.00,3781,"474871780,07"
MIK,MT PORTFÖY İKİNCİ SERBEST FON,31.08.2026,"3,438874",1404180257.00,13,"4828799672,99"
MJB,AKTİF PORTFÖY BİRİNCİ FON SEPETİ FONU,31.08.2026,"7,896398",6674300.00,779,"52702926,66"
MJE,ALBARAKA PORTFÖY KATILIM SERBEST (DÖVİZ-AVRO) FON,31.08.2026,"58,262864",114460494.00,902,"6668796183,75"
MJG,AKTİF PORTFÖY GÜMÜŞ FON SEPETİ FONU,31.08.2026,"11,743211",89056567.00,7501,"1045810068,50"
MJH,AKTİF PORTFÖY FORTUNA SERBEST FON,31.08.2026,"4,460504",6094101.00,32,"27182761,21"
MJK,MEKSA PORTFÖY KARDELEN SERBEST FON,31.08.2026,"36,602881",50931442.00,407,"1864237520,69"
MJL,AKTİF PORTFÖY AKTİF SERBEST (DÖVİZ-AVRO) FON,31.08.2026,"61,833345",15372844.00,581,"950554363,68"
MKA,MARMARA CAPİTAL PORTFÖY KATILIM HİSSE SENEDİ (TL) FONU (HİSSE SENEDİ YOĞUN FON),31.08.2026,"1,285873",68135850.00,1714,"87614068,60"
MKG,AKTİF PORTFÖY ALTIN KATILIM FONU,31.08.2026,"18,478648",87564845.00,8193,"1618079961,02"
MKL,İŞ PORTFÖY MKS SERBEST (DÖVİZ) ÖZEL FON,31.08.2026,"61,083279",12905617.00,1,"788317402,92"
MLS,AKTİF PORTFÖY SİYAH BEYAZ SERBEST ÖZEL FON,31.08.2026,"18,097367",74761834.00,4,"1352992350,16"
MLT,DENİZ PORTFÖY MELTEM HİSSE SENEDİ SERBEST (TL) FON (HİSSE SENEDİ YOĞUN FON),31.08.2026,"1,374446",15802080.00,79,"21719109,43"
MMH,AKTİF PORTFÖY BIST 30 ENDEKSİ HİSSE SENEDİ (TL) FONU (HİSSE SENEDİ YOĞUN FON),31.08.2026,"17,175997",9120523.00,1342,"156654074,72"
MOD,YAPI KREDİ PORTFÖY MODA SERBEST (DÖVİZ) ÖZEL FON,31.08.2026,"61,414521",12114500.00,2,"744006220,38"
MOZ,EMAA BLUE PORTFÖY MOZAİK SERBEST FON,31.08.2026,"1,293354",255797987.00,121,"330837267,15"
MP2,MT PORTFÖY İKİNCİ HİSSE SENEDİ SERBEST FON (HİSSE SENEDİ YOĞUN FON),31.08.2026,"1,31743",2651303752.00,13,"3492906683,40"
MP4,MT PORTFÖY DÖRDÜNCÜ HİSSE SENEDİ SERBEST FON (HİSSE SENEDİ YOĞUN FON),31.08.2026,"2,095768",1833223343.00,15,"3842010704,38"
MPD,AKTİF PORTFÖY AKTİF SERBEST (DÖVİZ) FON,31.08.2026,"61,335516",48831082.00,694,"2995079632,15"
MPE,MT PORTFÖY PARA PİYASASI KATILIM (TL) FONU,31.08.2026,"1,399968",85369127.00,119,"119514071,83"
MPF,AKTİF PORTFÖY KISA VADELİ KİRA SERTİFİKASI KATILIM (TL) FONU,31.08.2026,"8,408197",174119898.04,1977,"1464034410,82"
MPI,MEKSA PORTFÖY İSTATİSTİKSEL ARBİTRAJ SERBEST (TL) FON,31.08.2026,"3,134148",23264834.00,40,"72915428,94"
MPK,AKTİF PORTFÖY KİRA SERTİFİKASI KATILIM (TL) FONU,31.08.2026,"9,992304",25285335.96,1520,"252658770,56"
MPL,MT PORTFÖY PARA PİYASASI (TL) FONU,31.08.2026,"2,038476",329562982.00,903,"671806260,93"
MPN,AKTİF PORTFÖY İKİNCİ AKTİF SERBEST (DÖVİZ) FON,31.08.2026,"61,862865",6056739.00,292,"374687228,72"
MPP,MEKSA PORTFÖY PRİME SERBEST FON,31.08.2026,"21,992831",16300006.00,1184,"358483269,35"
MPS,AKTİF PORTFÖY KATILIM HİSSE SENEDİ (TL) FONU (HİSSE SENEDİ YOĞUN FON),31.08.2026,"25,183085",6130670.32,2474,"154389191,88"
MRI,TEB PORTFÖY MERİDYEN SERBEST FON,31.08.2026,"1,254132",10790105.00,114,"13532216,40"
MSK,AZİMUT PORTFÖY MSG SERBEST (TL) ÖZEL FON,31.08.2026,"4,007447",299897605.00,1,"1201823767,74"
MSO,ASTRA PORTFÖY MSK SERBEST (DÖVİZ) ÖZEL FON,31.08.2026,"59,433411",8792690.00,1,"522579555,15"
MSR,MEKSA PORTFÖY ALGORİTMİK STRATEJİLER SERBEST FON,31.08.2026,"2,002355",15228050.00,14,"30491960,20"
MT1,MT PORTFÖY BİRİNCİ SERBEST (DÖVİZ) FON,31.08.2026,"46,215529",623316.00,24,"28806878,96"
MT2,MT PORTFÖY PARA PİYASASI SERBEST (TL) FON,31.08.2026,"1,422059",4032872754.00,1404,"5734984092,50"
MT5,MT PORTFÖY BEŞİNCİ HİSSE SENEDİ SERBEST FON (HİSSE SENEDİ YOĞUN FON),31.08.2026,"1,319385",639124957.00,19,"843251632,03"
MT6,MT PORTFÖY ALTINCI HİSSE SENEDİ SERBEST FON (HİSSE SENEDİ YOĞUN FON),31.08.2026,"0,450535",687525881.00,14,"309754696,03"
MT7,MT PORTFÖY YEDİNCİ HİSSE SENEDİ SERBEST FON (HİSSE SENEDİ YOĞUN FON),31.08.2026,"0,443379",130514947.00,15,"57867642,91"
MT8,MT PORTFÖY SEKİZİNCİ HİSSE SENEDİ SERBEST FON (HİSSE SENEDİ YOĞUN FON),31.08.2026,"0,889208",1811015909.00,16,"1610370675,66"
MT9,MT PORTFÖY DOKUZUNCU HİSSE SENEDİ SERBEST FON (HİSSE SENEDİ YOĞUN FON),31.08.2026,"0,42415",7712730506.00,18,"3271354848,52"
MTD,BV PORTFÖY MALZEME TEKNOLOJİLERİ DEĞİŞKEN FON,31.08.2026,"1,377007",111993764.00,1528,"154216149,37"
MTE,MT PORTFÖY BİRİNCİ HİSSE SENEDİ SERBEST FON (HİSSE SENEDİ YOĞUN FON),31.08.2026,"0,62392",3173378.00,17,"1979935,54"
MTF,MT PORTFÖY BİRİNCİ İSTATİSTİKSEL ARBİTRAJ HİSSE SENEDİ SERBEST (TL) FON (HİSSE SENEDİ YOĞUN FON),31.08.2026,"1,424902",49497158.00,43,"70528592,70"
MTG,DENİZ PORTFÖY MUTLAK GETİRİ HEDEFLİ HİSSE SENEDİ SERBEST FON (HİSSE SENEDİ YOGUN FON),31.08.2026,"1,740899",155578875.00,399,"270847133,72"
MTH,MT PORTFÖY BİRİNCİ HİSSE SENEDİ FONU (HİSSE SENEDİ YOĞUN FON),31.08.2026,"2,351384",135347893.00,3235,"318254883,61"
MTI,AZİMUT PORTFÖY METİS SERBEST ÖZEL FON,31.08.2026,"0,018337",255061228.00,2,"4677090,10"
MTK,MT PORTFÖY KATILIM HİSSE SENEDİ (TL) FONU (HİSSE SENEDİ YOĞUN FON),31.08.2026,"1,871099",168789179.00,914,"315821330,17"
MTL,AURA PORTFÖY MUTLAK GETİRİ HEDEFLİ SERBEST FON,31.08.2026,"2,139736",5595753399.00,15,"11973435213,00"
MTS,AKTİF PORTFÖY TARIM VE SÜRDÜRÜLEBİLİRLİK FON SEPETİ FONU,31.08.2026,"2,795409",10218384.00,664,"28564563,16"
MTU,MT PORTFÖY ÜÇÜNCÜ HİSSE SENEDİ SERBEST FON (HİSSE SENEDİ YOĞUN FON),31.08.2026,"0,805847",1033653600.00,19,"832967077,57"
MTV,AK PORTFÖY METAVERSE VE DİJİTAL YAŞAM TEKNOLOJİLERİ DEĞİŞKEN FON,31.08.2026,"5,539305",27011246.00,12775,"149623537,20"
MTX,TEB PORTFÖY ÜÇÜNCÜ DEĞİŞKEN FON,31.08.2026,"5,327652",15576686.00,2075,"82987155,36"
MUL,MT PORTFÖY BİRİNCİ SERBEST FON,31.08.2026,"3,079894",107135073.00,11,"329964690,93"
MUT,GARANTİ PORTFÖY MUTLAK GETİRİ HEDEFLİ HİSSE SENEDİ SERBEST FON (HİSSE SENEDİ YOĞUN FON),31.08.2026,"1,970595",428005838.00,1582,"843426289,35"
NAK,NEO PORTFÖY ALTIN KATILIM FONU,31.08.2026,"1,122983",113761782.00,164,"127752584,60"
NAL,NEO PORTFÖY ALTINCI SERBEST FON,31.08.2026,"0,426223",1199204513.00,12,"511128738,56"
NAU,NEO PORTFÖY ALTIN FONU,31.08.2026,"3,246564",691670667.00,9644,"2245553318,24"
NAV,NUROL PORTFÖY NOVA HİSSE SENEDİ SERBEST FON (HİSSE SENEDİ YOĞUN FON),31.08.2026,"1,127465",58874427.00,15,"66378871,01"
NBE,NEO PORTFÖY BEŞİNCİ SERBEST FON,31.08.2026,"1,771723",317768002.00,10,"562996923,74"
NBH,NEO PORTFÖY ALGORİTMİK STRATEJİLER SERBEST FON,31.08.2026,"7,063011",315874987.00,199,"2231028377,55"
NBO,NEO PORTFÖY BORÇLANMA ARACI FONLARI FON SEPETİ FONU,31.08.2026,"1,531219",1479378031.00,394,"2265251052,44"
NBZ,NEO PORTFÖY BİRİNCİ SERBEST (DÖVİZ) FON,31.08.2026,"72,904397",20556302.00,281,"1498644801,66"
NCS,NUROL PORTFÖY ÜÇÜNCÜ SERBEST (DÖVİZ) FON,31.08.2026,"58,022658",149770241.00,1778,"8690067449,01"
NCU,NEO PORTFÖY ÜÇÜNCÜ SERBEST (DÖVİZ) FON,31.08.2026,"55,940039",2334477.00,12,"130590734,02"
NDL,ALLBATROSS PORTFÖY ANADOLU HİSSE SENEDİ SERBEST (TL) ÖZEL FON (HİSSE SENEDİ YOĞUN FON),31.08.2026,"1,959017",5639113.00,1,"11047117,53"
NDS,NEO PORTFÖY DÖRDÜNCÜ SERBEST FON,31.08.2026,"1,053911",588672037.00,13,"620407692,96"
NES,INVEO PORTFÖY DÖRDÜNCÜ SERBEST ÖZEL FON,31.08.2026,"2,189171",999004311.00,2,"2186991305,87"
NFF,NEO PORTFÖY FON SEPETİ SERBEST FON,31.08.2026,"1,365138",1339279649.00,33,"1828301671,07"
NFH,NEO PORTFÖY HİSSE SENEDİ SERBEST FON (HİSSE SENEDİ YOĞUN FON),31.08.2026,"2,178341",56021616.00,48,"122034185,93"
NFK,HEDEF PORTFÖY NEHİR HİSSE SENEDİ SERBEST (TL) FON (HİSSE SENEDİ YOĞUN FON),31.08.2026,"5,345351",286888350.00,80,"1533518795,35"
NHP,NEO PORTFÖY BİRİNCİ FON SEPETİ FONU,31.08.2026,"5,730609",2143255.00,152,"12282156,93"
NHT,DENİZ PORTFÖY NH SERBEST (DÖVİZ) ÖZEL FON,31.08.2026,"67,149291",9915176.00,2,"665797034,76"
NHV,NUROL PORTFÖY BİRİNCİ SERBEST (TL) ÖZEL FON,31.08.2026,"4,470194",1842955034.00,2,"8238366394,18"
NHY,NEO PORTFÖY BİRİNCİ HİSSE SENEDİ (TL) FONU (HİSSE SENEDİ YOĞUN FON),31.08.2026,"6,03124",23714543.00,2013,"143028095,53"
NIG,TRIVE PORTFÖY SERBEST FON,31.08.2026,"1,268926",424528138.00,15,"538694883,77"
NIS,NEO PORTFÖY İSTATİSTİKSEL ARBİTRAJ SERBEST FON,31.08.2026,"1,750588",912150645.00,41,"1596799647,53"
NJF,NUROL PORTFÖY ALTIN KATILIM FONU,31.08.2026,"13,189135",90674748.00,1770,"1195921526,38"
NJG,NUROL PORTFÖY BİRİNCİ SERBEST FON,31.08.2026,"3,102938",1064914900.00,15,"3304365070,08"
NJR,NUROL PORTFÖY BİRİNCİ BORÇLANMA ARAÇLARI FONU,31.08.2026,"5,890745",328222118.00,2492,"1933472842,27"
NJY,NUROL PORTFÖY BİRİNCİ KATILIM FONU,31.08.2026,"7,591842",41933617.00,1376,"318353383,18"
NKA,NEO PORTFÖY KATILIM SERBEST (DÖVİZ) FON,31.08.2026,"49,769444",2660424.00,17,"132407823,44"
NKC,NEO PORTFÖY İKİNCİ HİSSE SENEDİ FONU (HİSSE SENEDİ YOĞUN FON),31.08.2026,"1,279739",276001999.00,1084,"353210420,29"
NKH,NEO PORTFÖY İKİNCİ HİSSE SENEDİ SERBEST FON (HİSSE SENEDİ YOĞUN FON),31.08.2026,"1,833133",92136843.00,12,"168899101,09"
NKJ,ATA PORTFÖY GIG SİGORTA SERBEST (TL) ÖZEL FON,31.08.2026,"15,759393",102638440.00,1,"1617519557,13"
NKK,ATA PORTFÖY YÖNETİMİ A.Ş. SEKİZİNCİ SERBEST FON,31.08.2026,"8,101479",188312373.00,12,"1525608716,74"
NKL,AKTİF PORTFÖY KISA VADELİ SERBEST (TL) FON,31.08.2026,"3,583631",4316524899.00,2270,"15468831909,86"
NKM,NEO PORTFÖY KATILIM HİSSE SENEDİ FONU (HİSSE SENEDİ YOĞUN FON),31.08.2026,"1,035417",48389110.00,456,"50102930,44"
NKP,NEO PORTFÖY KAR PAYI ÖDEYEN DEĞİŞKEN FON,31.08.2026,"1,148141",158933266.00,3245,"182477780,43"
NKS,NUROL PORTFÖY GRANADA SERBEST (TL) FON,31.08.2026,"1,89937",13250200.00,11,"25167036,52"
NKT,NUROL PORTFÖY BİRİNCİ KATILIM HİSSE SENEDİ FONU (HİSSE SENEDİ YOĞUN FON),31.08.2026,"1,624054",50288457.00,545,"81671153,20"
NKV,KUVEYT TÜRK PORTFÖY NKV KATILIM SERBEST ÖZEL FON,31.08.2026,"2,338839",6866499553.00,1,"16059634117,27"
NLC,TEB PORTFÖY ONALTINCI SERBEST (DÖVİZ) FON,31.08.2026,"51,191491",3559908.00,19,"182236998,44"
NLD,AZİMUT PORTFÖY NL-2 SERBEST (DÖVİZ) ÖZEL FON,31.08.2026,"54,840372",26199933.00,1,"1436814075,22"
NLE,NUROL PORTFÖY EMLAK SEKTÖRÜ HİSSE SENEDİ FONU (HİSSE SENEDİ YOĞUN FON),31.08.2026,"1,652084",229087174.00,9562,"378471166,47"
NLK,NUROL PORTFÖY KISA VADELİ SERBEST FON,31.08.2026,"1,906008",2743415609.00,1002,"5228970897,85"
NLL,GLOBAL MD PORTFÖY NİL SERBEST FON,31.08.2026,"5,198687",405880219.00,25,"2110044357,81"
NME,NUROL PORTFÖY MERCAN KATILIM SERBEST (DÖVİZ) FON,31.08.2026,"58,306048",1081093.00,51,"63034260,80"
NMG,NEO PORTFÖY İKİNCİ SERBEST FON,31.08.2026,"136,354432",22953319.00,12,"3129786766,69"
NMP,AK PORTFÖY NEMA PARA PİYASASI (TL) FONU,31.08.2026,"1,026404",924921868.00,4220,"949343524,03"
NMU,NUROL PORTFÖY MUTLAK GETİRİ HEDEFLİ HİSSE SENEDİ SERBEST FON (HİSSE SENEDİ YOĞUN FON),31.08.2026,"1,277488",674198596.00,375,"861280444,27"
NNF,HEDEF PORTFÖY BİRİNCİ HİSSE SENEDİ (TL) FONU (HİSSE SENEDİ YOĞUN FON),31.08.2026,"23,649273",88328590.00,18036,"2088906929,77"
NOA,NEO PORTFÖY ALFA SERBEST FON,31.08.2026,"1,418575",380623067.00,11,"539942231,97"
NOI,TACİRLER PORTFÖY NOVA İSTATİSTİKSEL ARBİTRAJ SERBEST FON,31.08.2026,"1,478544",816715156.00,14,"1207549408,59"
NOV,AZİMUT PORTFÖY INOVA AGRO HİSSE SENEDİ SERBEST ÖZEL FON (HİSSE SENEDİ YOĞUN FON),31.08.2026,"51,187302",14121929.00,1,"722863450,66"
NP1,NEO PORTFÖY YASEMİN SERBEST FON,31.08.2026,"5,294663",283337661.00,151,"1500177406,60"
NPH,NUROL PORTFÖY BİRİNCİ HİSSE SENEDİ FONU (HİSSE SENEDİ YOĞUN FON),31.08.2026,"1,608166",119482055.00,740,"192146932,70"
NPK,NEO PORTFÖY İPEKYOLU SERBEST ÖZEL FON,31.08.2026,"1,619421",592973692.00,1,"960274129,11"
NRC,NEO PORTFÖY BİRİNCİ DEĞİŞKEN FON,31.08.2026,"11,588616",20258755.00,3568,"234770925,17"
NRG,NEO PORTFÖY BİRİNCİ PARA PİYASASI FONU,31.08.2026,"5,633092",1308200095.00,3350,"7369210871,71"
NRM,NEO PORTFÖY İKİNCİ SERBEST (DÖVİZ) FON,31.08.2026,"158,970752",2588867.00,11,"411554134,30"
NSA,NEO PORTFÖY PARA PİYASASI KATILIM SERBEST FON,31.08.2026,"2,578792",396020338.00,353,"1021253927,62"
NSD,NUROL PORTFÖY DÖRDÜNCÜ SERBEST (DÖVİZ) FON,31.08.2026,"65,666418",227554633.00,179,"14942697735,95"
NSH,NUROL PORTFÖY İSTATİSTİKSEL ARBİTRAJ HİSSE SENEDİ SERBEST FON (HİSSE SENEDİ YOĞUN FON),31.08.2026,"2,227161",978740692.00,1305,"2179813068,46"
NSK,NEO PORTFÖY BİRİNCİ SERBEST FON,31.08.2026,"6,802706",58918683.00,86,"400806501,87"
NSP,NUROL PORTFÖY PARA PİYASASI KATILIM FONU,31.08.2026,"1,864143",778010929.00,2733,"1450323950,25"
NSS,NUROL PORTFÖY SONENBERG KAR PAYI ÖDEYEN SERBEST (DÖVİZ) ÖZEL FON,31.08.2026,"65,601666",16965870.00,1,"1112989343,03"
NST,İŞ PORTFÖY EMLAK SEKTÖRÜ HİSSE SENEDİ FONU (HİSSE SENEDİ YOĞUN FON),31.08.2026,"1,239526",46278070.00,3325,"57362868,99"
NSY,NEO PORTFÖY YEDİNCİ SERBEST FON,31.08.2026,"1,433792",828592110.00,60,"1188028966,55"
NTB,AZİMUT PORTFÖY AVŞAR HİSSE SENEDİ SERBEST FON (HİSSE SENEDİ YOĞUN FON),31.08.2026,"5,844794",550964070.00,1,"3220271343,54"
NTD,ÜNLÜ PORTFÖY UFT HİSSE SENEDİ SERBEST ÖZEL FON (HİSSE SENEDİ YOĞUN FON),31.08.2026,"0,384005",1355423321.00,1,"520489574,94"
NTF,NEO PORTFÖY TEK SERBEST (TL) FON,31.08.2026,"3,160683",82061773.00,11,"259371257,46"
NTI,NEO PORTFÖY TEKNOLOJİ VE İNOVASYON DEĞİŞKEN FON,31.08.2026,"1,579499",210916979.00,1581,"333143233,38"
NTO,NUROL PORTFÖY TRADA SERBEST (DÖVİZ) ÖZEL FON,31.08.2026,"66,880466",54144466.00,1,"3621207114,21"
NTS,NUROL PORTFÖY İKİNCİ SERBEST FON,31.08.2026,"3,115208",73665955.00,33,"229484803,54"
NUB,NUROL PORTFÖY BEŞİNCİ SERBEST (DÖVİZ) FON,31.08.2026,"60,6203",35154703.00,899,"2131088627,37"
NUG,NUROL PORTFÖY ALTINCI SERBEST (DÖVİZ) FON,31.08.2026,"49,521005",486333.00,22,"24083698,82"
NUH,NEO PORTFÖY ÜÇÜNCÜ HİSSE SENEDİ FONU (HİSSE SENEDİ YOĞUN FON),31.08.2026,"1,363819",97607544.00,1128,"133119066,72"
NVB,NEO PORTFÖY İKİNCİ PARA PİYASASI (TL) FON,31.08.2026,"4,874695",1378643060.00,4701,"6720464455,00"
NVC,NEO PORTFÖY VENTO SERBEST FON,31.08.2026,"3,921432",35847776.00,90,"140574615,01"
NVK,INVEO PORTFÖY KATILIM SERBEST (DÖVİZ) FON,31.08.2026,"46,920374",2212566.00,19,"103814424,87"
NVP,NUROL PORTFÖY İKİNCİ SERBEST (DÖVİZ) ÖZEL FON,31.08.2026,"68,918445",896094.00,1,"61757404,89"
NVT,NEO PORTFÖY ÜÇÜNCÜ SERBEST (TL) FON,31.08.2026,"4,690376",90972696.00,45,"426696157,60"
NVZ,NEO PORTFÖY ORSA SERBEST (DÖVİZ) FON,31.08.2026,"58,684407",9023963.00,340,"529565913,57"
NYH,NUROL PORTFÖY İAU SERBEST (DÖVİZ) ÖZEL FON,31.08.2026,"62,766474",17189834.00,1,"1078945263,09"
NZH,NEO PORTFÖY İKİNCİ DEĞİŞKEN FON,31.08.2026,"3,645064",157039804.00,297,"572420106,48"
NZT,NEO PORTFÖY PARA PİYASASI SERBEST FON,31.08.2026,"6,129406",1761322101.00,418,"10795858792,74"
NZU,NUROL PORTFÖY ZÜMRÜT KATILIM SERBEST (DÖVİZ) FON,31.08.2026,"51,281505",924996.00,35,"47435187,01"
OAB,QNB PORTFÖY AYDOĞAN SERBEST (DÖVİZ) ÖZEL FON,31.08.2026,"77,005454",8694657.00,3,"669536013,27"
OAO,TEB PORTFÖY ODEABANK AYRICALIKLI VE ÖZEL BANKACILIK DEĞİŞKEN ÖZEL FON,31.08.2026,"1,022203",765199133.00,350,"782188759,38"
OBI,OYAK PORTFÖY İKİNCİ BORÇLANMA ARAÇLARI (TL) FONU,31.08.2026,"3,226916",100033733.00,476,"322800444,54"
OBN,AK PORTFÖY ONBEŞİNCİ SERBEST (DÖVİZ) FON,31.08.2026,"58,585715",4617522.00,238,"270520829,09"
OBP,OYAK PORTFÖY İKİNCİ DEĞİŞKEN FON,31.08.2026,"0,209661",189078462.00,828,"39642378,45"
OBR,AK PORTFÖY ONBİRİNCİ SERBEST (DÖVİZ) FON,31.08.2026,"54,285891",861190134.00,10645,"46750474070,83"
OCM,QNB PORTFÖY SM SERBEST (DÖVİZ) ÖZEL FON,31.08.2026,"69,496757",7313165.00,2,"508241247,33"
OCN,QNB PORTFÖY SEFA SERBEST (DÖVİZ) ÖZEL FON,31.08.2026,"50,693625",2340705.00,4,"118658822,43"
OCT,QNB PORTFÖY DENİZ YILDIZI SERBEST (DÖVİZ) ÖZEL FON,31.08.2026,"73,15177",6216634.00,5,"454757779,26"
ODD,OYAK PORTFÖY DÖRDÜNCÜ SERBEST FON,31.08.2026,"11,117298",42625916.00,31,"473885015,81"
ODG,ONE PORTFÖY İKİNCİ DEĞİŞKEN FON,31.08.2026,"1,193481",56652576.00,41,"67613793,48"
ODN,AK PORTFÖY ONDÖRDÜNCÜ SERBEST (DÖVİZ) FON,31.08.2026,"58,428774",667763977.00,4977,"39016630202,21"
ODP,OSMANLI PORTFÖY BİRİNCİ SERBEST FON,31.08.2026,"7,239518",42059407.00,145,"304489820,46"
ODS,OYAK PORTFÖY İKİNCİ SERBEST(DÖVİZ) FON,31.08.2026,"69,959334",1689067.00,107,"118166002,35"
ODV,AK PORTFÖY ÜÇÜNCÜ FON SEPETİ FONU,31.08.2026,"19,755619",82948794.00,3818,"1638704773,58"
OFA,OYAK PORTFÖY TÜRKİYE FİNANS KATILIM SERBEST (DÖVİZ-AVRO) FON,31.08.2026,"57,98651",4062019.00,126,"235542304,02"
OFB,OYAK PORTFÖY İSTATİSTİKSEL ARBİTRAJ SERBEST (TL) FON,31.08.2026,"11,46072",88897469.00,13,"1018829007,13"
OFI,OYAK PORTFÖY İKİNCİ FON SEPETİ FONU,31.08.2026,"4,114901",38461264.00,584,"158264305,34"
OFK,OYAK PORTFÖY TÜRKİYE FİNANS KATILIM SERBEST (DÖVİZ-ABD DOLARI) FON,31.08.2026,"52,234912",18502462.00,262,"966474474,09"
OFO,QNB PORTFÖY JKDK SERBEST (DÖVİZ) ÖZEL FON,31.08.2026,"69,274383",31413804.00,1,"2176171894,45"
OFS,OYAK PORTFÖY BİRİNCİ FON SEPETİ FONU,31.08.2026,"8,370691",22549161.00,434,"188752050,99"
OGD,OYAK PORTFÖY ALTIN KATILIM FONU,31.08.2026,"12,211418",66953649.00,3121,"817599019,69"
OGF,OYAK PORTFÖY OYAK ÜYELERI İLE ÇALIŞANLARıNA YÖNELİK BORÇLANMA ARAÇLARI ÖZEL FONU,31.08.2026,"9,530202",14690639.00,426,"140004759,20"
OGV,QNB PORTFÖY HUNA SERBEST (DÖVİZ) ÖZEL FON,31.08.2026,"72,46097",3942995.00,1,"285713244,25"
OHB,OYAK PORTFÖY BİRİNCİ HİSSE SENEDİ (TL) FONU (HİSSE SENEDİ YOĞUN FON),31.08.2026,"24,651157",59004104.00,1055,"1454519403,97"
OHI,PARDUS PORTFÖY ONUNCU HİSSE SENEDİ SERBEST (TL) FON (HİSSE SENEDİ YOĞUN FON),31.08.2026,"0,103101",9849630500.00,44,"1015503482,79"
OHK,OYAK PORTFÖY KATILIM HİSSE SENEDİ (TL) FONU (HİSSE SENEDİ YOĞUN FON),31.08.2026,"3,011439",10342908.00,1238,"31147035,54"
OIL,OSMANLI PORTFÖY ALTIN FON SEPETİ FONU,31.08.2026,"4,102393",11386874.00,655,"46713437,55"
OIR,OSMANLI PORTFÖY DENGELİ FON SEPETİ FONU,31.08.2026,"5,175497",3999212.00,231,"20697909,64"
OIS,ASTRA PORTFÖY İKİNCİ SERBEST ÖZEL FON,31.08.2026,"3,448097",190643928.00,2,"657358767,15"
OJB,QNB PORTFÖY BEŞİNCİ SERBEST (DÖVİZ) FON,31.08.2026,"53,581785",493413476.00,6729,"26437974821,95"
OJH,ASTRA PORTFÖY BİRİNCİ HİSSE SENEDİ SERBEST FON (HİSSE SENEDİ YOĞUN FON),31.08.2026,"9,716155",2375669.00,27,"23082368,11"
OJK,QNB PORTFÖY ALTIN FONU,31.08.2026,"14,133795",3480282309.00,27777,"49189596071,19"
OJT,QNB PORTFÖY TEKNOLOJİ FON SEPETİ FONU,31.08.2026,"13,134851",360911273.00,11152,"4740515908,09"
OJU,QNB PORTFÖY UFUK SERBEST (DÖVİZ) ÖZEL FON,31.08.2026,"69,307115",805462.00,2,"55824247,26"
OJY,QNB PORTFÖY YALÇIN SERBEST (DÖVİZ) ÖZEL FON,31.08.2026,"72,969445",34418480.00,6,"2511497375,50"
OKD,OYAK PORTFÖY BİRİNCİ DEĞİŞKEN FON,31.08.2026,"0,623621",135413140.00,979,"84446444,52"
OKF,OYAK PORTFÖY KAR PAYI ÖDEYEN BİRİNCİ SERBEST (TL) FON,31.08.2026,"4,771406",1772974341.00,12,"8459580762,55"
OKP,OYAK PORTFÖY BİRİNCİ KISA VADELİ BORÇLANMA ARAÇLARI (TL) FONU,31.08.2026,"6,53193",11746964.00,441,"76730349,22"
OKT,OYAK PORTFÖY BİRİNCİ BORÇLANMA ARAÇLARI FONU,31.08.2026,"0,165205",683008879.00,862,"112836259,48"
OLA,OSMANLI PORTFÖY İKİNCİ SERBEST (DÖVİZ- AVRO) FON,31.08.2026,"54,159248",380572.99,31,"20611546,94"
OLD,QNB PORTFÖY TEMİZ ENERJİ VE SU FON SEPETİ FONU,31.08.2026,"3,218749",44335233.00,5527,"142703988,56"
OLE,OSMANLI PORTFÖY BİRİNCİ FON SEPETİ FONU,31.08.2026,"5,12615",64057865.00,499,"328370199,00"
OMB,ASTRA PORTFÖY MAB SERBEST (DÖVİZ) ÖZEL FON,31.08.2026,"64,595709",3513883.00,3,"226981765,44"
OMC,QNB PORTFÖY ORKİDE SERBEST (DÖVİZ) ÖZEL FON,31.08.2026,"72,503994",5659003.00,2,"410300320,92"
OME,PARDUS PORTFÖY EVREN SERBEST FON,31.08.2026,"27,506823",3362058.00,68,"92479535,25"
OMG,AZİMUT PORTFÖY İKİNCİ HİSSE SENEDİ FONU (HİSSE SENEDİ YOĞUN FON),31.08.2026,"1,88672",698937606.00,703,"1318699401,62"
OMT,OSMANLI PORTFÖY PARA PİYASASI KATILIM (TL) FONU,31.08.2026,"1,004957",120853911.00,34,"121452984,90"
ONB,TEB PORTFÖY ALTERNATİF BANK SERBEST (DÖVİZ) ÖZEL FON,31.08.2026,"52,756504",104282847.00,567,"5501598463,64"
OND,QNB PORTFÖY KAR PAYI ÖDEYEN ONBİRİNCİ SERBEST (DÖVİZ) FON,31.08.2026,"48,205561",71770000.01,624,"3459713134,23"
ONE,AKTİF PORTFÖY BİRİNCİ HİSSE SENEDİ SERBEST (TL) FON (HİSSE SENEDİ YOĞUN FON),31.08.2026,"1,517104",22203768.48,692,"33685435,65"
ONF,AK PORTFÖY ONALTINCI SERBEST (DÖVİZ-POUND) FON,31.08.2026,"66,798916",48820391.00,861,"3261149202,61"
ONK,AK PORTFÖY ONİKİNCİ SERBEST (DÖVİZ-AVRO) FON,31.08.2026,"60,847134",1570024150.00,21479,"95531470208,79"
ONN,AKTİF PORTFÖY AKTİF ONİKS SERBEST (TL) FON,31.08.2026,"6,538186",219584440.00,582,"1435683968,80"
ONS,İŞ PORTFÖY ONİKİNCİ SERBEST (DÖVİZ) FON,31.08.2026,"54,475901",2977636833.00,23580,"162209448185,05"
ONT,TEB PORTFÖY ONDÖRDÜNCÜ SERBEST (DÖVİZ) FON,31.08.2026,"53,144873",91411125.00,374,"4858032616,64"
ONY,TEB PORTFÖY ONYEDİNCİ SERBEST (DÖVİZ-POUND) FON,31.08.2026,"67,212486",35643651.00,741,"2395698411,33"
OPB,OSMANLI PORTFÖY BİRİNCİ DEĞİŞKEN FON,31.08.2026,"13,901676",3690519.00,419,"51304398,61"
OPD,OSMANLI PORTFÖY ANKA SERBEST FON,31.08.2026,"8,608609",7945904.00,21,"68403179,00"
OPF,OSMANLI PORTFÖY AGRESİF DEĞİŞKEN FON,31.08.2026,"3,253395",141146225.00,1043,"459204462,85"
OPH,OSMANLI PORTFÖY BİRİNCİ HİSSE SENEDİ FONU(HİSSE SENEDİ YOĞUN FON),31.08.2026,"26,711273",35486388.00,2490,"947886604,42"
OPI,OSMANLI PORTFÖY KAR PAYI ÖDEYEN HİSSE SENEDİ (TL) FONU (HİSSE SENEDİ YOĞUN FON),31.08.2026,"23,492582",9625860.00,1535,"226136307,72"
OPJ,QNB PORTFÖY QNB PARA PİYASASI (TL) FONU,31.08.2026,"1,700459",820309186.00,2492,"1394902301,82"
OPL,OSMANLI PORTFÖY İKİNCİ DEĞİŞKEN FON,31.08.2026,"9,98872",3722727.00,496,"37185278,24"
OPZ,AK PORTFÖY ÖPY ALTINCI SERBEST ÖZEL FON,31.08.2026,"5,784665",125156982.00,1,"723991206,52"
ORC,ASTRA PORTFÖY ALFA SERBEST FON,31.08.2026,"1,57472",807869008.00,56,"1272167721,14"
ORI,AZİMUT PORTFÖY ORGANİK SERBEST (DÖVİZ) ÖZEL FON,31.08.2026,"61,42329",27752765.00,5,"1704666121,19"
OSD,OSMANLI PORTFÖY ÖZEL SEKTÖR BORÇLANMA ARAÇLARI FONU,31.08.2026,"14,393594",42422861.00,852,"610617448,72"
OSF,NEO PORTFÖY BALKAN SERBEST FON,31.08.2026,"112,300528",36967432.00,17,"4151462143,37"
OSH,OSMANLI PORTFÖY MİNERVA SERBEST FON,31.08.2026,"0,593629",112798247.00,17,"66960364,44"
OSL,OSMANLI PORTFÖY KISA VADELİ BORÇLANMA ARAÇLARI (TL) FONU,31.08.2026,"0,157551",9430055478.00,4127,"1485716398,94"
OSN,AK PORTFÖY ONUNCU SERBEST FON,31.08.2026,"1,577762",22270041.00,102,"35136818,16"
OTE,QNB PORTFÖY TAYMER SERBEST (DÖVİZ) ÖZEL FON,31.08.2026,"66,920386",2914766.00,2,"195057264,80"
OTF,OYAK PORTFÖY TÜRKİYE FİNANS KISA VADELİ KİRA SERTİFİKASI KATILIM (TL) FONU,31.08.2026,"6,990523",98920779.00,1935,"691508015,97"
OTJ,OYAK PORTFÖY KIYMETLİ MADENLER KATILIM FON SEPETİ FONU,31.08.2026,"7,559122",449443300.00,22280,"3397396770,66"
OTK,OYAK PORTFÖY BİRİNCİ KATILIM SERBEST FON,31.08.2026,"8,480778",545118.00,64,"4623024,63"
OTM,AZİMUT PORTFÖY OTOMOTİV SEKTÖRÜ DEĞİŞKEN FON,31.08.2026,"1,303519",10493917.00,95,"13679024,47"
OTZ,QNB PORTFÖY TANER SERBEST (DÖVİZ) ÖZEL FON,31.08.2026,"70,629611",4472207.00,4,"315870239,00"
OUB,OSMANLI PORTFÖY ÜÇÜNCÜ SERBEST (TL) FON,31.08.2026,"7,212925",124960731.00,14,"901332355,37"
OUD,OSMANLI PORTFÖY ATLANTİK SERBEST (DÖVİZ) FON,31.08.2026,"67,438078",2206147.00,120,"148778313,41"
OUN,AK PORTFÖY ONÜÇÜNCÜ SERBEST (DÖVİZ) FON,31.08.2026,"54,375337",4277453.00,314,"232587946,25"
OUR,OSMANLI PORTFÖY PASİFİK SERBEST (DÖVİZ) FON,31.08.2026,"84,631669",375508.00,11,"31779868,87"
OUY,ASTRA PORTFÖY BİRİNCİ SERBEST (DÖVİZ) ÖZEL FON,31.08.2026,"66,481693",25452185.00,2,"1692104337,32"
OVD,QNB PORTFÖY EMTİA FON SEPETİ FONU,31.08.2026,"3,514978",218640005.00,3081,"768514887,42"
OVR,QNB PORTFÖY FAGİ SERBEST (DÖVİZ) ÖZEL FON,31.08.2026,"68,786269",7132953.00,1,"490649223,58"
OYL,OYAK PORTFÖY BİRİNCİ PARA PİYASASI (TL) FONU,31.08.2026,"0,163444",21606264541.00,8189,"3531410378,88"
OYS,OYAK PORTFÖY ÜÇÜNCÜ SERBEST (TL) FON,31.08.2026,"10,049283",1635513894.00,11,"16435741429,39"
OYT,OYAK PORTFÖY BİRİNCİ SERBEST FON,31.08.2026,"0,139314",14161218057.00,65,"1972851131,96"
OZC,ASTRA PORTFÖY BİRİNCİ HİSSE SENEDİ SERBEST ÖZEL FON (HİSSE SENEDİ YOĞUN FON),31.08.2026,"2,939442",99242027.00,1,"291716209,38"
P1A,A1 CAPİTAL PORTFÖY PARA PİYASASI (TL) SERBEST FON,31.08.2026,"1,547714",329694718.00,320,"510273082,35"
PA2,PUSULA PORTFÖY ALTIN KATILIM FONU,31.08.2026,"1,149866",42317864.00,535,"48659889,91"
PAB,A1 CAPİTAL PORTFÖY PARA PİYASASI (TL) FONU,31.08.2026,"1,42629",90951178.00,656,"129722790,91"
PAC,AZİMUT PORTFÖY AC HİSSE SENEDİ SERBEST ÖZEL FON (HİSSE SENEDİ YOĞUN FON),31.08.2026,"3,107365",256267233.00,1,"796315813,77"
PAF,PARDUS PORTFÖY ALTIN FONU,31.08.2026,"3,737157",80071008.00,3297,"299237951,64"
PAI,AK PORTFÖY ING ÖZEL BANKACILIK VE PLATINUM MUTLAK GETİRİ HEDEFLİ DEĞİŞKEN ÖZEL FON,31.08.2026,"6,509953",66128716.00,521,"430494806,51"
PAL,AK PORTFÖY ALTINCI SERBEST(DÖVİZ) FON,31.08.2026,"57,382916",2644372358.00,31262,"151741796019,71"
PAO,PARDUS PORTFÖY ANADOLU HİSSE SENEDİ SERBEST FON (HİSSE SENEDİ YOĞUN FON),31.08.2026,"1,118893",24120254.00,233,"26987976,61"
PAU,GARANTİ PORTFÖY SERBEST (DÖVİZ-POUND) FON,31.08.2026,"68,640184",162937591.00,3850,"11184066231,84"
PBE,PUSULA PORTFÖY BATI SERBEST FON,31.08.2026,"6,269521",7809168.00,11,"48959745,42"
PBF,PHİLLİP PORTFÖY BİRİNCİ SERBEST ÖZEL FON,31.08.2026,"1,650576",954233191.00,2,"1575034619,17"
PBH,PUSULA PORTFÖY BİRİNCİ HİSSE SENEDİ SERBEST (TL) FON (HİSSE SENEDİ YOĞUN FON),31.08.2026,"1,333786",2398364628.00,12,"3198904930,33"
PBI,PARDUS PORTFÖY BİRİNCİ FON SEPETİ FONU,31.08.2026,"2,385458",50187706.00,696,"119720648,68"
PBK,ASTRA PORTFÖY BİRİNCİ KATILIM SERBEST (DÖVİZ) FON,31.08.2026,"58,589358",1834788.00,112,"107499051,80"
PBN,PİRAMİT PORTFÖY BİRİNCİ HİSSE SENEDİ SERBEST FON (HİSSE SENEDİ YOĞUN FON),31.08.2026,"1,741932",305393829.00,695,"531975410,80"
PBR,PUSULA PORTFÖY BİRİNCİ DEĞİŞKEN FON,31.08.2026,"4,777442",1169864408.00,35887,"5588958907,87"
PBS,AZİMUT PORTFÖY BOĞAZİÇİ SERBEST (DÖVİZ) FON,31.08.2026,"70,219188",5658894.00,22,"397362944,08"
PBY,PARDUS PORTFÖY BIST 100 DIŞI ŞİRKETLER HİSSE SENEDİ SERBEST (TL) FON (HİSSE SENEDİ YOĞUN FON),31.08.2026,"1,471712",134152805.00,54,"197434320,41"
PCE,PARDUS PORTFÖY İNCİ SERBEST FON,31.08.2026,"1,308881",43634567.00,149,"57112467,36"
PCH,PARDUS PORTFÖY CAPİTAL HİSSE SENEDİ SERBEST FON (HİSSE SENEDİ YOĞUN FON),31.08.2026,"4,118373",226626713.00,57,"933333241,89"
PCN,PERFORM PORTFÖY ÜÇÜNCÜ SERBEST (DÖVİZ)  FON,31.08.2026,"65,968907",8605496.00,12,"567695163,68"
PCS,PUSULA PORTFÖY ÜÇÜNCÜ HİSSE SENEDİ SERBEST FON (HİSSE SENEDİ YOĞUN FON),31.08.2026,"10,259597",12136789107.00,35,"124518567372,23"
PDC,PUSULA PORTFÖY DÖRDÜNCÜ HİSSE SENEDİ SERBEST (TL) FON (HİSSE SENEDİ YOĞUN FON),31.08.2026,"0,331397",1083898739.00,13,"359200596,61"
PDD,ASTRA PORTFÖY KATILIM FONU,31.08.2026,"6,019683",138769715.00,174,"835349742,83"
PDE,PUSULA PORTFÖY DENGE KATILIM SERBEST FON,31.08.2026,"1,639143",9765747500.00,14,"16007454987,62"
PDF,ASTRA PORTFÖY BİRİNCİ SERBEST (DÖVİZ) FON,31.08.2026,"60,929204",7765742.00,55,"473160480,11"
PDG,PUSULA PORTFÖY DOĞU HİSSE SENEDİ SERBEST (TL) FON (HİSSE SENEDİ YOĞUN FON),31.08.2026,"0,592966",1086338077.00,11,"644162038,83"
PDH,PARDUS PORTFÖY DOĞU HİSSE SENEDİ SERBEST FON (HİSSE SENEDİ YOĞUN FON),31.08.2026,"19,812078",280555872.00,78,"5558394706,47"
PDR,PHİLLİP PORTFÖY SÜRDÜRÜLEBİLİRLİK SERBEST ÖZEL FON,31.08.2026,"1,036491",2249115622.00,2,"2331187435,79"
PDS,PARDUS PORTFÖY DÖRDÜNCÜ SERBEST FON,31.08.2026,"0,328742",270089633.00,41,"88789822,07"
PEA,PERFORM PORTFÖY ALTIN FONU,31.08.2026,"1,54302",47218609.00,101,"72859257,23"
PFO,PHİLLİP PORTFÖY FON SEPETİ FONU,31.08.2026,"2,387478",32114401.00,285,"76672420,06"
PFS,ATLAS PORTFÖY FON SEPETİ FONU,31.08.2026,"2,996166",5321377.00,91,"15943727,38"
PGD,ASTRA PORTFÖY AGRESİF DEĞİŞKEN FON,31.08.2026,"1,809196",102530843.00,155,"185498426,93"
PGE,PARDUS PORTFÖY GÜNEY HİSSE SENEDİ SERBEST FON (HİSSE SENEDİ YOĞUN FON),31.08.2026,"25,634889",403827399.00,45,"10352070671,32"
PGH,PUSULA PORTFÖY GÜNEY HİSSE SENEDİ SERBEST (TL) FON (HİSSE SENEDİ YOĞUN FON),31.08.2026,"7,178596",1328323884.00,12,"9535500788,63"
PGS,AZİMUT PORTFÖY PAY GERİ ALIMI YAPAN ŞİRKETLER HİSSE SENEDİ FONU (HİSSE SENEDİ YOĞUN FON),31.08.2026,"1,368037",129752494.00,436,"177506198,42"
PHB,PUSULA PORTFÖY BEŞİNCİ HİSSE SENEDİ SERBEST (TL) FON (HİSSE SENEDİ YOĞUN FON),31.08.2026,"3,081783",5251536912.00,14,"16184097060,29"
PHE,PUSULA PORTFÖY HİSSE SENEDİ FONU (HİSSE SENEDİ YOĞUN FON),31.08.2026,"4,106306",7140938074.00,112816,"29322874215,06"
PHF,PİRAMİT PORTFÖY BİST 50 DIŞI ŞİRKETLER HİSSE SENEDİ SERBEST FON (HİSSE SENEDİ YOĞUN FON),31.08.2026,"1,335107",294016510.00,12,"392543646,61"
PHI,PİRAMİT PORTFÖY HİSSE SENEDİ FONU (HİSSE SENEDİ YOĞUN FON),31.08.2026,"1,635013",50604370.00,131,"82738799,55"
PHK,PHİLLİP PORTFÖY KATILIM HİSSE SENEDİ FONU (HİSSE SENEDİ YOĞUN FON),31.08.2026,"1,628551",52174872.00,246,"84969438,82"
PHN,PUSULA PORTFÖY İKİNCİ HİSSE SENEDİ SERBEST FON (HİSSE SENEDİ YOĞUN FON),31.08.2026,"1138,906394",9465870.00,17,"10780739870,22"
PHS,PERFORM PORTFÖY İKİNCİ HİSSE SENEDİ SERBEST FON (HİSSE SENEDİ YOĞUN FON),31.08.2026,"4,677928",40589501.00,16,"189874779,84"
PHY,PARDUS PORTFÖY BATI HİSSE SENEDİ SERBEST FON (HİSSE SENEDİ YOĞUN FON),31.08.2026,"4,75779",125657393.00,45,"597851512,27"
PID,PİRAMİT PORTFÖY DEĞİŞKEN FON,31.08.2026,"1,911477",28848554.00,115,"55143354,03"
PIL,ROTA PORTFÖY PİL TEKNOLOJİLERİ VE ENERJİ FON SEPETİ FONU,31.08.2026,"3,991353",119337405.00,8095,"476317735,39"
PIP,GARANTİ PORTFÖY İKİNCİ PARA PİYASASI SERBEST (TL) FON,31.08.2026,"1,700791",12153544206.00,385,"20670642197,70"
PIR,PİRAMİT PORTFÖY ALTIN FONU,31.08.2026,"1,757683",66689664.00,906,"117219309,29"
PIS,PARDUS PORTFÖY İKİNCİ KISA VADELİ SERBEST (TL) FON,31.08.2026,"1,476594",870570442.00,202,"1285479284,18"
PJL,PHİLLİP PORTFÖY PARA PİYASASI FONU,31.08.2026,"5,253546",242164034.00,695,"1272219776,27"
PJP,PERFORM PORTFÖY BİRİNCİ SERBEST (DÖVİZ) FON,31.08.2026,"50,235135",8054932.00,14,"404640594,64"
PK1,AHLATCI PORTFÖY PARA PİYASASI KATILIM (TL) FONU,31.08.2026,"1,057529",8076686.00,139,"8541332,05"
PKD,PUSULA PORTFÖY İKİNCİ KATILIM HİSSE SENEDİ SERBEST FON (HİSSE SENEDİ YOĞUN FON),31.08.2026,"0,981713",26953095.00,151,"26460198,14"
PKF,ATA PORTFÖY ALTIN KATILIM FONU,31.08.2026,"4,953863",83225324.00,1555,"412286885,48"
PKH,DENİZ PORTFÖY POYRAZ KATILIM HİSSE SENEDİ SERBEST FON (HİSSE SENEDİ YOĞUN FON),31.08.2026,"0,910969",138795396.00,11,"126438356,75"
PKL,PUSULA PORTFÖY KATILIM SERBEST (TL) FON,31.08.2026,"2,518062",605506954.00,12,"1524703829,85"
PKM,PUSULA PORTFÖY PARA PİYASASI KATILIM (TL) FONU,31.08.2026,"1,081477",481867722.00,571,"521128724,43"
PKN,PİRAMİT PORTFÖY İKİNCİ HİSSE SENEDİ SERBEST FON (HİSSE SENEDİ YOĞUN FON),31.08.2026,"2,73335",22671900.00,11,"61970231,85"
PKP,ATA PORTFÖY PARA PİYASASI KATILIM SERBEST FON,31.08.2026,"1,270597",424918736.00,97,"539900642,39"
PKR,ROTA PORTFÖY PARA PİYASASI KATILIM FONU,31.08.2026,"1,552296",399628116.00,211,"620340997,19"
PKT,YAPI KREDİ PORTFÖY PARA PİYASASI KATILIM SERBEST (TL) FON,31.08.2026,"1,611249",7947184929.00,1130,"12804894695,05"
PKU,PARDUS PORTFÖY KUZEY HİSSE SENEDİ SERBEST FON (HİSSE SENEDİ YOĞUN FON),31.08.2026,"15,56993",717291515.00,45,"11168178358,32"
PKV,PARDUS PORTFÖY KISA VADELİ SERBEST (TL) FON,31.08.2026,"2,081317",8332989983.00,2989,"17343595665,91"
PKZ,PUSULA PORTFÖY KUZEY HİSSE SENEDİ SERBEST (TL) FON (HİSSE SENEDİ YOĞUN FON),31.08.2026,"17,511776",3802023376.00,16,"66580182490,54"
PLA,YAPI KREDİ PORTFÖY PLAY FON SEPETİ ÖZEL FONU,31.08.2026,"1,28361",633991.00,116,"813797,20"
PLR,OSMANLI PORTFÖY PARA PİYASASI FONU,31.08.2026,"1,689173",558024025.00,883,"942599269,65"
PLS,DENİZ PORTFÖY LARA SERBEST (DÖVİZ) ÖZEL FON,31.08.2026,"26,990301",34834729.00,7,"940199827,60"
PMG,İŞ PORTFÖY MG HİSSE SENEDİ ÖZEL FONU (HİSSE SENEDİ YOĞUN FON),31.08.2026,"1,633784",874681642.00,1,"1429040468,48"
PMH,PARDUS PORTFÖY MARMARA HİSSE SENEDİ SERBEST FON (HİSSE SENEDİ YOĞUN FON),31.08.2026,"0,005491",11021437.00,43,"60519,32"
PMP,PARDUS PORTFÖY MODEL PORTFÖY HİSSE SENEDİ SERBEST FON (HİSSE SENEDİ YOĞUN FON),31.08.2026,"0,822788",19184797.00,415,"15785019,40"
PNU,PUSULA PORTFÖY İKİNCİ PARA PİYASASI (TL) FONU,31.08.2026,"1,252351",32177318695.00,25319,"40297310523,91"
PO7,PARDUS PORTFÖY ONYEDİNCİ HİSSE SENEDİ SERBEST FON (HİSSE SENEDİ YOĞUN FON),31.08.2026,"1,037012",1761382199.00,43,"1826573857,07"
PO8,PARDUS PORTFÖY ONSEKİZİNCİ HİSSE SENEDİ SERBEST FON (HİSSE SENEDİ YOĞUN FON),31.08.2026,"2,835519",95029485.00,48,"269457871,56"
PO9,PARDUS PORTFÖY ONDOKUZUNCU HİSSE SENEDİ SERBEST FON (HİSSE SENEDİ YOĞUN FON),31.08.2026,"0,81799",321336076.00,150,"262849627,95"
POB,PARDUS PORTFÖY ONBİRİNCİ HİSSE SENEDİ SERBEST (TL) FON (HİSSE SENEDİ YOĞUN FON),31.08.2026,"4,413504",1034949682.00,42,"4567754182,68"
POD,DENİZ PORTFÖY ONBEŞİNCİ SERBEST (DÖVİZ-POUND) FON,31.08.2026,"69,69562",61516949.00,1410,"4287461905,05"
POF,PARDUS PORTFÖY ONALTINCI HİSSE SENEDİ SERBEST (TL) FON (HİSSE SENEDİ YOĞUN FON),31.08.2026,"2,818755",1071241579.00,45,"3019567144,92"
POH,PİRAMİT PORTFÖY ÖZGÜN HİSSE SENEDİ SERBEST ÖZEL FON (HİSSE SENEDİ YOĞUN FON),31.08.2026,"1,005142",1711421252.00,4,"1720221098,00"
POI,PARDUS PORTFÖY ONİKİNCİ HİSSE SENEDİ SERBEST (TL) FON (HİSSE SENEDİ YOĞUN FON),31.08.2026,"0,057766",4556187573.00,42,"263191311,49"
POS,PARDUS PORTFÖY ONBEŞİNCİ HİSSE SENEDİ SERBEST (TL) FON (HİSSE SENEDİ YOĞUN FON),31.08.2026,"1,266652",67340923.00,421,"85297517,06"
POU,PARDUS PORTFÖY ONÜÇÜNCÜ HİSSE SENEDİ SERBEST (TL) FON (HİSSE SENEDİ YOĞUN FON),31.08.2026,"2,89465",2633023776.00,72,"7621682381,99"
PP1,PARDUS PORTFÖY BİRİNCİ KATILIM FONU,31.08.2026,"1,741365",19685517.00,246,"34279680,00"
PPB,PHİLLİP PORTFÖY BİRİNCİ HİSSE SENEDİ FONU (HİSSE SENEDİ YOĞUN FON),31.08.2026,"10,320008",37547970.00,1504,"387495352,60"
PPD,PERFORM PORTFÖY HİSSE SENEDİ SERBEST FON (HİSSE SENEDİ YOĞUN FON),31.08.2026,"36,177176",64556935.00,106,"2335487625,60"
PPE,PHİLLİP PORTFÖY SERBEST (DÖVİZ) FON,31.08.2026,"63,276833",11960374.00,66,"756814586,05"
PPF,AZİMUT PORTFÖY AKÇE SERBEST FON,31.08.2026,"5,244969",64498999.00,22,"338295230,39"
PPG,ALBARAKA PORTFÖY PARA PİYASASI KATILIM FONU,31.08.2026,"1,469187",1585474023.00,1729,"2329358185,41"
PPH,PARDUS PORTFÖY BIST 100 DIŞI ŞİRKETLER HİSSE SENEDİ (TL) FONU (HİSSE SENEDİ YOĞUN FON),31.08.2026,"1,72373",38661985.00,2448,"66642822,58"
PPI,YAPI KREDİ PORTFÖY ÜÇÜNCÜ PARA PİYASASI (TL) FONU,31.08.2026,"2,307115",2077038179.00,2786,"4791965583,73"
PPJ,AK PORTFÖY İKİNCİ PARA PİYASASI SERBEST (TL) FON,31.08.2026,"1,871273",46175677905.00,6661,"86407304885,12"
PPK,QNB PORTFÖY PARA PİYASASI KATILIM (TL) FONU,31.08.2026,"2,274462",2608778500.00,3127,"5933568246,32"
PPM,PİRAMİT PORTFÖY MUTLAK GETİRİ HEDEFLİ HİSSE SENEDİ SERBEST FON (HİSSE SENEDİ YOĞUN FON),31.08.2026,"2,198374",60477404.00,147,"132951944,13"
PPN,NUROL PORTFÖY PARA PİYASASI (TL) FONU,31.08.2026,"5,834291",2111775305.00,13322,"12320712690,76"
PPO,PARDUS PORTFÖY ONDÖRDÜNCÜ HİSSE SENEDİ SERBEST (TL) FON (HİSSE SENEDİ YOĞUN FON),31.08.2026,"3,158505",61183726.00,44,"193249092,53"
PPP,PERFORM PORTFÖY PARA PİYASASI (TL) FONU,31.08.2026,"3,155759",2514716872.00,368,"7935840356,81"
PPS,PHİLLİP PORTFÖY BİRİNCİ SERBEST FON,31.08.2026,"3,485677",285135398.00,2339,"993889842,55"
PPT,ATLAS PORTFÖY PARA PİYASASI (TL) FONU,31.08.2026,"3,317874",710177159.00,3804,"2356278552,58"
PPU,PARDUS PORTFÖY ÜÇÜNCÜ SERBEST FON,31.08.2026,"1,859868",160242537.00,44,"298030032,08"
PPV,AKTİF PORTFÖY PARA PİYASASI SERBEST (TL) FON,31.08.2026,"1,163363",10879692444.00,184,"12657027453,30"
PPZ,AZİMUT PORTFÖY PARA PİYASASI (TL) FONU,31.08.2026,"6,657977",1967218608.00,8278,"13097695649,12"
PRD,PİRAMİT PORTFÖY PARA PİYASASI (TL) FONU,31.08.2026,"2,368133",193984735.00,592,"459381590,64"
PRF,AZİMUT PORTFÖY IRF SERBEST (DÖVİZ) ÖZEL FON,31.08.2026,"69,304458",2904999.00,2,"201329381,09"
PRH,AURA PORTFÖY PARA PİYASASI (TL) FONU,31.08.2026,"2,212178",297630282.00,290,"658411155,41"
PRR,INVEO PORTFÖY PARA PİYASASI KATILIM (TL) FONU,31.08.2026,"1,348449",543271434.00,161,"732573883,00"
PRU,ALLBATROSS PORTFÖY KISA VADELİ SERBEST (TL) FON,31.08.2026,"3,707505",803542412.00,1447,"2979137435,07"
PRV,ASTRA PORTFÖY PARA PİYASASI SERBEST FON,31.08.2026,"1,359007",3360993923.00,84,"4567613234,23"
PRY,PUSULA PORTFÖY PARA PİYASASI (TL) FONU,31.08.2026,"3,211599",35081518852.00,55256,"112667761460,81"
PSD,İŞ PORTFÖY PERAS SERBEST (DÖVİZ) ÖZEL FON,31.08.2026,"54,146423",50962165.00,1,"2759418964,93"
PSE,ATLAS PORTFÖY PARA PİYASASI SERBEST FON,31.08.2026,"1,897803",13926268948.00,5856,"26429308805,62"
PSG,AZİMUT PORTFÖY 9.0 SERBEST FON,31.08.2026,"9,027139",40837627.00,16,"368646928,10"
PSH,DENİZ PORTFÖY PERAKENDE SEKTÖRÜ HİSSE SENEDİ (TL) FONU (HİSSE SENEDİ YOĞUN FON),31.08.2026,"1,06887",16216703.00,360,"17333543,92"
PSL,AZİMUT PORTFÖY 8.0 SERBEST FON,31.08.2026,"8,544293",29748393.00,52,"254178999,85"
PSO,İŞ PORTFÖY PERAS SERBEST ÖZEL FON,31.08.2026,"0,445909",2046269480.00,1,"912449348,33"
PSR,PARDUS PORTFÖY SANAYİ ŞİRKETLERİ HİSSE SENEDİ SERBEST FON (HİSSE SENEDİ YOĞUN FON),31.08.2026,"3,211053",415141394.00,45,"1333041157,15"
PSS,AZİMUT PORTFÖY SARAY SERBEST FON,31.08.2026,"6,065217",37582147.00,11,"227943873,62"
PST,PARDUS PORTFÖY SANAYİ SEKTÖRÜ DIŞI ŞİRKETLER HİSSE SENEDİ SERBEST FON (HİSSE SENEDİ YOĞUN FON),31.08.2026,"0,011474",4222197261.00,48,"48443810,56"
PTC,PERFORM PORTFÖY İKİNCİ SERBEST (DÖVİZ) FON,31.08.2026,"66,317562",15944003.00,16,"1057367414,58"
PTE,TEB PORTFÖY BİRİNCİ PARA PİYASASI SERBEST (TL) FON,31.08.2026,"1,717949",28842470508.92,4716,"49549883415,84"
PTF,QNB PORTFÖY TREND SERBEST FON,31.08.2026,"1,462525",542842493.00,280,"793920858,43"
PTG,AZİMUT PORTFÖY KZY SERBEST (DÖVİZ) ÖZEL FON,31.08.2026,"64,709401",1820000.00,1,"117771108,97"
PTL,TEB PORTFÖY İKİNCİ PARA PİYASASI (TL) FONU,31.08.2026,"1,886238",485515337.00,1773,"915797282,34"
PTN,PHİLLİP PORTFÖY ALTIN FONU,31.08.2026,"1,688462",490573242.00,881,"828314462,19"
PTO,PARDUS PORTFÖY TEMETTÜ ÖDEYEN ŞİRKETLER HİSSE SENEDİ FONU (HİSSE SENEDİ YOĞUN FON),31.08.2026,"1,848163",122707653.00,3554,"226783795,30"
PTP,AHLATCI PORTFÖY PARA PİYASASI (TL) FONU,31.08.2026,"1,207896",74923054.00,296,"90499236,69"
PTS,QNB PORTFÖY PARA PİYASASI SERBEST (TL) FON,31.08.2026,"1,618743",5953322713.00,954,"9636901929,87"
PUA,AZİMUT PORTFÖY ADEMİR SERBEST (TL) ÖZEL FON,31.08.2026,"10,156619",497271653.00,1,"5050598910,29"
PUC,AK PORTFÖY BİRİNCİ KISA VADELİ SERBEST (TL)  FON,31.08.2026,"7,466327",58441805.00,702,"436345615,29"
PUH,PERFORM PORTFÖY ÜÇÜNCÜ HİSSE SENEDİ SERBEST (TL) FON (HİSSE SENEDİ YOĞUN FON),31.08.2026,"1,678899",212832098.00,23,"357323623,54"
PUK,PUSULA PORTFÖY KATILIM HİSSE SENEDİ (TL) FONU (HİSSE SENEDİ YOĞUN FON),31.08.2026,"1,326588",1256810037.00,10489,"1667268491,68"
PUR,AK PORTFÖY BİRİNCİ PARA PİYASASI SERBEST (TL) FON,31.08.2026,"10,55168",12014622060.00,39371,"126774442436,54"
PUT,AK PORTFÖY ÖPY BEŞİNCİ SERBEST ÖZEL FON,31.08.2026,"8,125345",877787362.00,1,"7132324877,81"
PUV,AK PORTFÖY PRUVA SERBEST (DÖVİZ) ÖZEL FON,31.08.2026,"57,553066",21349833.00,1,"1228748343,72"
PVK,ALBARAKA PORTFÖY KISA VADELİ KATILIM SERBEST (TL) FON,31.08.2026,"5,828351",7235545014.00,8332,"42171294136,65"
PYB,TEB PORTFÖY ALTERNATİFBANK PARA PİYASASI (TL) FON,31.08.2026,"1,886054",430486802.00,1147,"811921548,44"
PYD,PARDUS PORTFÖY YİRMİBİRİNCİ HİSSE SENEDİ SERBEST FON (HİSSE SENEDİ YOĞUN FON),31.08.2026,"0,254827",182529203.00,44,"46513374,45"
PYF,AZİMUT PORTFÖY YONCA SERBEST ÖZEL FON,31.08.2026,"10,662323",292831749.00,10,"3122266652,05"
PYH,AZİMUT PORTFÖY 10.0 KATILIM SERBEST FON,31.08.2026,"6,926564",572187994.00,11,"3963296730,48"
PYI,PARDUS PORTFÖY YİRMİİKİNCİ HİSSE SENEDİ SERBEST FON (HİSSE SENEDİ YOĞUN FON),31.08.2026,"11,558665",255615232.00,44,"2954570781,83"
PYL,AZİMUT PORTFÖY 11.0 SERBEST FON,31.08.2026,"9,709056",58061461.00,33,"563721994,70"
PYR,PARDUS PORTFÖY YİRMİNCİ HİSSE SENEDİ SERBEST FON (HİSSE SENEDİ YOĞUN FON),31.08.2026,"1,383086",48901009.00,1141,"67634303,05"
PYS,YAPI KREDİ PORTFÖY PY HARBİYE SERBEST (DÖVİZ) ÖZEL FON,31.08.2026,"60,036744",18902985.00,43,"1134873680,73"
RAF,ROTA PORTFÖY ALTINCI SERBEST FON,31.08.2026,"3,845888",41758590.00,12,"160598849,25"
RAI,ROTA PORTFÖY ABİS HİSSE SENEDİ SERBEST ÖZEL FON (HİSSE SENEDİ YOĞUN FON),31.08.2026,"2,171533",2611267131.00,1,"5670453646,53"
RAN,İŞ PORTFÖY RANA SERBEST (DÖVİZ) ÖZEL FON,31.08.2026,"59,237248",18581754.00,1,"1100731977,66"
RAV,ROTA PORTFÖY ALEV SERBEST FON,31.08.2026,"1,557279",735373680.00,12,"1145181982,15"
RAY,ROTA PORTFÖY RAY SİGORTA SERBEST (TL) ÖZEL FON,31.08.2026,"4,188276",436793424.00,1,"1829411411,33"
RBA,ALBARAKA PORTFÖY BEREKET VAKFI NA DESTEK ALTIN KATILIM FONU,31.08.2026,"22,512076",88260144.00,5411,"1986919061,46"
RBB,RE-PIE PORTFÖY BİRİNCİ BORÇLANMA ARAÇLARI (TL) FONU,31.08.2026,"1,679346",9635794.00,40,"16181836,79"
RBE,ROTA PORTFÖY BEŞİNCİ SERBEST (TL) FON,31.08.2026,"4,318958",701887559.00,16,"3031422746,86"
RBF,ROTA PORTFÖY BİRİNCİ BORÇLANMA ARAÇLARI FONU,31.08.2026,"1,801624",13128110.00,82,"23651921,38"
RBH,ALBARAKA PORTFÖY KATILIM HİSSE SENEDİ FONU (HİSSE SENEDİ YOĞUN FON),31.08.2026,"35,815619",28880121.00,5095,"1034359399,16"
RBI,RE-PIE PORTFÖY BİRİNCİ SERBEST (DÖVİZ) FON,31.08.2026,"56,354655",1013648.00,86,"57123782,87"
RBK,ALBARAKA PORTFÖY KATILIM FONU,31.08.2026,"8,854727",4812351.00,1110,"42612055,74"
RBL,QNB PORTFÖY ROBOTİK VE BLOCKCHAİN TEKNOLOJİLERİ SERBEST FON,31.08.2026,"1,88745",173173841.00,818,"326856949,46"
RBN,RE-PIE PORTFÖY BEŞİNCİ HİSSE SENEDİ SERBEST (TL) FON (HİSSE SENEDİ YOĞUN FON),31.08.2026,"1,536757",26756908.00,144,"41118869,53"
RBP,RE-PIE PORTFÖY BİRİNCİ PARA PİYASASI (TL) FONU,31.08.2026,"2,2938",1291492446.00,1077,"2963451340,09"
RBR,RE-PIE  PORTFÖY BİRİNCİ KATILIM SERBEST FON,31.08.2026,"3,822616",26937660.00,972,"102972336,26"
RBT,ALBARAKA PORTFÖY KİRA SERTİFİKALARI  KATILIM FONU,31.08.2026,"6,646846",200312392.00,2720,"1331445687,57"
RBV,ALBARAKA PORTFÖY KISA VADELİ KİRA SERTİFİKALARI KATILIM (TL) FONU,31.08.2026,"6,982302",1238432847.00,17674,"8647111957,57"
RCL,ROTA PORTFÖY CELO SERBEST (DÖVİZ) ÖZEL FON,31.08.2026,"62,060277",2685011.00,1,"166632526,68"
RCS,ROTA PORTFÖY CS SERBEST ÖZEL FON,31.08.2026,"5,225358",459159.00,1,"2399269,97"
RCV,AZİMUT PORTFÖY BİRİNCİ ÇOKLU VARLIK KATILIM FONU,31.08.2026,"1,819526",36368280.00,142,"66173045,48"
RD1,ROTA PORTFÖY BİRİNCİ DEĞİŞKEN FON,31.08.2026,"1,971025",34460894.00,154,"67923266,60"
RDF,ROTA PORTFÖY DOKUZUNCU HİSSE SENEDİ SERBEST FON (HİSSE SENEDİ YOĞUN FON),31.08.2026,"1,646465",247089984.00,644,"406824901,28"
RDH,RE-PIE PORTFÖY DÖRDÜNCÜ HİSSE SENEDİ SERBEST (TL) FON (HİSSE SENEDİ YOĞUN FON),31.08.2026,"4,194777",261206263.00,16,"1095702023,62"
RDK,ROTA PORTFÖY ESİN HİSSE SENEDİ SERBEST ÖZEL FON (HİSSE SENEDİ YOĞUN FON),31.08.2026,"1,191393",1073118.00,2,"1278505,42"
RDS,ROTA PORTFÖY DÖRDÜNCÜ SERBEST (DÖVİZ) FON,31.08.2026,"22,511846",42798417.00,11,"963471389,35"
RDT,PHİLLİP PORTFÖY RODOSTO SERBEST FON,31.08.2026,"0,911665",82437546.00,59,"75155438,83"
RDZ,ROTA PORTFÖY ONDOKUZUNCU SERBEST (DÖVİZ) FON,31.08.2026,"50,601917",13204342.00,121,"668165020,87"
RE6,RE-PIE PORTFÖY ALTINCI HİSSE SENEDİ SERBEST (TL) FON (HİSSE SENEDİ YOĞUN FON),31.08.2026,"1,018443",1324170531.00,11,"1348592517,78"
RE7,RE-PIE PORTFÖY YEDİNCİ HİSSE SENEDİ SERBEST (TL) FON (HİSSE SENEDİ YOĞUN FON),31.08.2026,"0,694906",139912.00,13,"97225,67"
RE8,RE-PIE PORTFÖY SEKİZİNCİ HİSSE SENEDİ SERBEST (TL) FON (HİSSE SENEDİ YOĞUN FON),31.08.2026,"3,263601",388438857.00,13,"1267709379,51"
RFM,ROTA PORTFÖY ENERJİ VE METAL FON SEPETİ FONU,31.08.2026,"1,120698",26517692.00,461,"29718325,29"
RGD,RE-PIE PORTFÖY AGRESİF DEĞİŞKEN FON,31.08.2026,"1,15784",24949534.00,133,"28887569,63"
RGH,RE-PIE PORTFÖY MUTLAK GETİRİ HEDEFLİ HİSSE SENEDİ SERBEST FON (HİSSE SENEDİ YOĞUN FON),31.08.2026,"1,16345",34418609.00,27,"40044341,42"
RHD,ROTA PORTFÖY HEDEF SERBEST FON,31.08.2026,"1,989447",77630222.00,12,"154441230,37"
RHI,RE-PIE PORTFÖY BİRİNCİ HİSSE SENEDİ (TL) FONU (HİSSE SENEDİ YOĞUN FON),31.08.2026,"1,764248",28289745.00,440,"49910131,53"
RHS,ROTA PORTFÖY HİSSE SENEDİ (TL) FON (HİSSE SENEDİ YOĞUN FON),31.08.2026,"7,580074",106397081.00,1493,"806497701,20"
RIA,ROTA PORTFÖY İSTATİSTİKSEL ARBİTRAJ HİSSE SENEDİ SERBEST FON (HİSSE SENEDİ YOĞUN FON),31.08.2026,"1,387263",9621893.00,47,"13348092,69"
RIH,RE-PIE PORTFÖY İKİNCİ HİSSE SENEDİ SERBEST FON (HİSSE SENEDİ YOĞUN FON),31.08.2026,"13,114502",15984754.00,1512,"209632084,28"
RIK,RE-PIE PORTFÖY İKİNCİ DEĞİŞKEN FON,31.08.2026,"5,604272",106993627.00,3821,"599621425,87"
RJG,RE-PIE PORTFÖY ALTIN KATILIM FONU,31.08.2026,"3,634932",25547363.00,557,"92862917,72"
RKC,ROTA PORTFÖY İKİNCİ DEĞİŞKEN FON,31.08.2026,"1,78138",17398593.00,268,"30993510,26"
RKH,RE-PIE PORTFÖY KATILIM HİSSE SENEDİ SERBEST (TL) FON (HİSSE SENEDİ YOĞUN FON),31.08.2026,"1,100036",8273378.00,76,"9101010,06"
RKL,AZİMUT PORTFÖY ALARKO YATIRIM BİRİNCİ SERBEST (TL) ÖZEL FON,31.08.2026,"2,869777",782602250.00,1,"2245894296,94"
RKS,ROTA PORTFÖY KİRA SERTİFİKALARI KATILIM FONU,31.08.2026,"2,05389",43975228.00,146,"90320298,34"
RKV,RE-PIE PORTFÖY KISA VADELİ KATILIM SERBEST (TL) FON,31.08.2026,"2,626228",216748001.00,225,"611834997,95"
RLH,ROTA PORTFÖY YİRMİNCİ SERBEST FON,31.08.2026,"1,715022",162717196.00,35,"279063577,64"
RO1,ROTA PORTFÖY BİRİNCİ PARA PİYASASI SERBEST FON,31.08.2026,"1,305193",168503485.00,22,"219929532,32"
ROD,ROTA PORTFÖY ODEABANK BİRİNCİ SERBEST (DÖVİZ) ÖZEL FON,31.08.2026,"56,143534",30990843.00,615,"1739935447,19"
ROF,ROTA PORTFÖY ONUNCU HİSSE SENEDİ SERBEST FON (HİSSE SENEDİ YOĞUN FON),31.08.2026,"3,386758",154339651.00,421,"522711065,14"
ROY,ROTA PORTFÖY BİRİNCİ KATILIM SERBEST FON,31.08.2026,"1,419047",482774528.00,13,"685079852,10"
RPC,ROTA PORTFÖY İKLİM DEĞİŞİKLİĞİ ÇÖZÜMLERİ DEĞİŞKEN FON,31.08.2026,"5,346909",4597334.00,548,"24581526,03"
RPD,RE-PIE PORTFÖY BİRİNCİ DEĞİŞKEN FON,31.08.2026,"14,839832",18236344.00,1848,"270624273,13"
RPE,ROTA PORTFÖY EGE SERBEST ÖZEL FON,31.08.2026,"0,00",0.00,0,"94,47"
RPG,ROTA PORTFÖY ALTIN FONU,31.08.2026,"6,545428",146129508.00,1714,"956480127,58"
RPI,ROTA PORTFÖY KATILIM HİSSE SENEDİ FONU (HİSSE SENEDİ YOĞUN FON),31.08.2026,"1,513438",9442189.00,321,"14290163,60"
RPK,ROTA PORTFÖY TGK KAR PAYI ÖDEYEN SERBEST (DÖVİZ) ÖZEL FON,31.08.2026,"64,449948",1790726.00,5,"115412196,95"
RPL,RE-PIE PORTFÖY ALGORİTMİK STRATEJİLER SERBEST FON,31.08.2026,"1,74581",71895200.00,22,"125515341,06"
RPM,ROTA PORTFÖY İLAÇ VE MEDİKAL TEKNOLOJİLERİ DEĞİŞKEN FON,31.08.2026,"4,611304",22301596.00,3000,"102839445,68"
RPN,ROTA PORTFÖY NEV SERBEST FON,31.08.2026,"5,147613",159059117.00,23,"818774856,30"
RPO,ROTA PORTFÖY FORTİS SERBEST (TL) ÖZEL FON,31.08.2026,"6,67375",242983168.00,3,"1621608805,86"
RPP,ROTA PORTFÖY PARA PİYASASI (TL) FONU,31.08.2026,"5,015385",1317965826.00,7605,"6610106659,51"
RPS,ROTA PORTFÖY BİRİNCİ SERBEST (DÖVİZ) FON,31.08.2026,"63,897361",2740768.00,97,"175127843,50"
RPT,ROTA PORTFÖY İKİNCİ SERBEST (TL) FON,31.08.2026,"5,208567",236479819.00,177,"1231721032,91"
RPU,ALBARAKA PORTFÖY ÜÇÜNCÜ KISA VADELİ KATILIM SERBEST (TL) FON,31.08.2026,"3,699177",721125459.00,12,"2667571034,49"
RPX,ROTA PORTFÖY ÜÇÜNCÜ SERBEST (DÖVİZ) FON,31.08.2026,"63,331434",9733843.00,127,"616458236,73"
RRA,ROTA PORTFÖY PARA PİYASASI SERBEST FON,31.08.2026,"1,517682",940149399.00,196,"1426847396,50"
RRP,RE-PIE PORTFÖY PARA PİYASASI KATILIM (TL) FON,31.08.2026,"1,661889",495807903.00,84,"823977624,24"
RS1,ROTA PORTFÖY BİRİNCİ KISA VADELİ SERBEST FON,31.08.2026,"1,6315",496794543.00,125,"810520227,34"
RSF,ATA PORTFÖY İKİNCİ İSTATİSTİKSEL ARBİTRAJ SERBEST FON,31.08.2026,"4,416405",282441717.00,12,"1247377008,73"
RSK,ROTA PORTFÖY ONSEKİZİNCİ SERBEST FON,31.08.2026,"1,953696",159840057.00,266,"312278878,20"
RSY,TACİRLER PORTFÖY REGULUS SERBEST FON,31.08.2026,"1,093944",147444770.00,12,"161296364,31"
RSZ,AHLATCI PORTFÖY İKİNCİ HİSSE SENEDİ SERBEST FON (HİSSE SENEDİ YOĞUN FON),31.08.2026,"10,667716",210547701.00,25,"2246063056,02"
RTA,ROTA PORTFÖY ONİKİNCİ HİSSE SENEDİ SERBEST FON (HİSSE SENEDİ YOĞUN FON),31.08.2026,"2,458423",1836519143.00,15,"4514941348,35"
RTB,ROTA PORTFÖY ONÜÇÜNCÜ SERBEST FON,31.08.2026,"2,713903",205259555.00,11,"557054581,71"
RTD,RE-PIE PORTFÖY TEKNOLOJİ DEĞİŞKEN FON,31.08.2026,"2,080317",12667665.00,491,"26352755,80"
RTG,ATA PORTFÖY ROBOTİK TEKNOLOJİLERİ DEĞİŞKEN FON,31.08.2026,"5,813717",43741853.00,4815,"254302746,37"
RTH,RE-PIE PORTFÖY BİRİNCİ HİSSE SENEDİ SERBEST FON (HİSSE SENEDİ YOĞUN FON),31.08.2026,"6,06454",3169438.00,246,"18661194,80"
RTI,ALBARAKA PORTFÖY ALBARAKA TÜRK İKİNCİ KISA VADELİ KATILIM SERBEST (TL) FON,31.08.2026,"3,415412",15736243686.00,64,"53745748589,91"
RTP,RE-PIE PORTFÖY BİRİNCİ SERBEST FON,31.08.2026,"12,559693",24820755.00,1342,"311741055,20"
RUH,RE-PIE PORTFÖY ÜÇÜNCÜ HİSSE SENEDİ SERBEST FON (HİSSE SENEDİ YOĞUN FON),31.08.2026,"5,198934",10284016.00,15,"53465924,96"
RUT,BV PORTFÖY ROBOTİK VE UZAY TEKNOLOJİLERİ DEĞİŞKEN FON,31.08.2026,"2,563317",76553999.00,4709,"196232131,29"
RVI,ROTA PORTFÖY ONALTINCI SERBEST FON,31.08.2026,"1,416761",15019044.00,11,"21278391,21"
RVS,ROTA PORTFÖY ONBEŞİNCİ HİSSE SENEDİ SERBEST FON (HİSSE SENEDİ YOĞUN FON),31.08.2026,"3,387199",1368815305.00,19,"4636449319,99"
RYA,SPARTA PORTFÖY ARYA HİSSE SENEDİ SERBEST ÖZEL FON (HİSSE SENEDİ YOĞUN FON),31.08.2026,"1,32452",300626629.00,1,"398185967,49"
RYB,ROTA PORTFÖY YİRMİBİRİNCİ SERBEST (DÖVİZ) FON,31.08.2026,"47,15046",100035.00,11,"4716696,25"
RYD,ROTA PORTFÖY YİRMİDÖRDÜNCÜ SERBEST FON,31.08.2026,"1,471111",220975082.00,13,"325078804,16"
RYF,ROTA PORTFÖY YEDİNCİ HİSSE SENEDİ SERBEST (TL) FON (HİSSE SENEDİ YOĞUN FON),31.08.2026,"12,453679",34757178.00,48,"432854722,71"
RYU,ROTA PORTFÖY YİRMİÜÇÜNCÜ SERBEST (DÖVİZ) FON,31.08.2026,"49,643449",10546456.00,57,"523562446,53"
RZR,ROTA PORTFÖY RZR SERBEST ÖZEL FON,31.08.2026,"4,668578",3538238.00,2,"16518539,95"
SAP,AK PORTFÖY ŞEKERBANK PARA PİYASASI (TL) FONU,31.08.2026,"1,869917",204241023.00,368,"381913725,17"
SAR,İŞ PORTFÖY SARDUNYA SERBEST (DÖVİZ) ÖZEL FON,31.08.2026,"53,15604",16963803.00,9,"901728598,98"
SAS,AK PORTFÖY SABANCI TOPLULUĞU ŞİRKETLERİ ENDEKSİ HİSSE SENEDİ (TL) FONU (HİSSE SENEDİ YOĞUN FON),31.08.2026,"1,64833",590532426.00,41279,"973392602,58"
SAT,AZİMUT PORTFÖY RASAT HİSSE SENEDİ SERBEST ÖZEL FON (HİSSE SENEDİ YOĞUN FON),31.08.2026,"245,34088",7952624.00,4,"1951103772,48"
SBH,SPARTA PORTFÖY BİRİNCİ HİSSE SENEDİ SERBEST (TL) FON (HİSSE SENEDİ YOĞUN FON),31.08.2026,"1,853219",215819058.00,745,"399959963,46"
SBI,STRATEJİ PORTFÖY BİRİNCİ SERBEST (TL) FON,31.08.2026,"3,708458",9446347.00,15,"35031378,64"
SBR,STRATEJİ PORTFÖY BİRİNCİ SERBEST FON,31.08.2026,"1,309144",11528980.00,25,"15093097,26"
SBS,STRATEJİ PORTFÖY BAŞAK SERBEST (DÖVİZ) ÖZEL FON,31.08.2026,"72,127478",3424595.00,1,"247007400,71"
SCZ,AK PORTFÖY SEKİZİNCİ SERBEST FON,31.08.2026,"1,575363",52666366.00,164,"82968631,93"
SD1,SPARTA PORTFÖY BİRİNCİ DEĞİŞKEN FON,31.08.2026,"1,04249",43942067.00,207,"45809166,03"
SDA,AK PORTFÖY 2026 SERBEST (DÖVİZ) FON,31.08.2026,"50,761778",129397702.00,1096,"6568457445,17"
SEH,A1 CAPİTAL PORTFÖY SANAYİ SEKTÖRÜ HİSSE SENEDİ SERBEST (TL) FON (HİSSE SENEDİ YOĞUN FON),31.08.2026,"1,522302",69901499.00,45,"106411217,01"
SER,AK PORTFÖY 2028 SERBEST (DÖVİZ) FON,31.08.2026,"58,120521",124876290.00,828,"7257875080,54"
SFA,STATECH PORTFÖY ALPHA HİSSE SENEDİ SERBEST FON (HİSSE SENEDİ YOĞUN FON),31.08.2026,"24,668656",52465730.00,18,"1294259027,23"
SFS,AZİMUT PORTFÖY AGRESİF FON SEPETİ FONU,31.08.2026,"1,431332",22275906.00,82,"31884213,72"
SGK,EMAA BLUE PORTFÖY BİYOTEKNOLOJİ VE SAĞLIK SEKTÖRÜ DEĞİŞKEN FON,31.08.2026,"1,001505",200438880.00,68,"200740592,35"
SGT,GARANTİ PORTFÖY SİBER GÜVENLİK TEKNOLOJİLERİ DEĞİŞKEN FON,31.08.2026,"2,012662",101250350.00,2600,"203782739,60"
SHC,STRATEJİ PORTFÖY İKİNCİ HİSSE SENEDİ FONU (HİSSE SENEDİ YOĞUN FON),31.08.2026,"1,048094",71442257.00,126,"74878215,83"
SHE,TEB PORTFÖY ÖNCE KADIN DEĞİŞKEN FON,31.08.2026,"3,604973",16176132.00,635,"58314524,16"
SHI,PARDUS PORTFÖY SEKİZİNCİ HİSSE SENEDİ SERBEST (TL) FON (HİSSE SENEDİ YOĞUN FON),31.08.2026,"0,16918",4139493592.00,46,"700317935,96"
SHU,SPARTA PORTFÖY ÜÇÜNCÜ HİSSE SENEDİ SERBEST (TL) FON (HİSSE SENEDİ YOĞUN FON),31.08.2026,"1,454842",278508504.00,35,"405185773,08"
SIA,SPARTA PORTFÖY BİRİNCİ İSTATİSTİKSEL ARBİTRAJ HİSSE SENEDİ SERBEST (TL) FON (HİSSE SENEDİ YOĞUN FON),31.08.2026,"0,938275",924536.00,11,"867468,62"
SIS,SPARTA PORTFÖY İKİNCİ HİSSE SENEDİ SERBEST (TL) FON (HİSSE SENEDİ YOĞUN FON),31.08.2026,"0,282192",211943093.00,13,"59808684,13"
SJP,STRATEJİ PORTFÖY KAR PAYI ÖDEYEN İKİNCİ SERBEST (DÖVİZ) FON,31.08.2026,"62,511184",5222274.00,29,"326450528,68"
SKL,TEB PORTFÖY ŞEKERBANK PARA PİYASASI (TL) FONU,31.08.2026,"2,054789",66002270.00,747,"135620719,09"
SKO,STRATEJİ PORTFÖY KAR PAYI ÖDEYEN HİSSE SENEDİ FONU (HİSSE SENEDİ YOĞUN FON),31.08.2026,"1,720956",125302941.00,3193,"215640796,17"
SKS,İŞ PORTFÖY ASKA SERBEST (DÖVİZ) ÖZEL FON,31.08.2026,"51,482695",25000000.00,3,"1287067383,85"
SKT,FİBA PORTFÖY ŞEKERBANK KISA VADELİ BORÇLANMA ARAÇLARI FONU,31.08.2026,"0,118138",343433363.00,2019,"40572570,91"
SKZ,NEO PORTFÖY SEKİZİNCİ SERBEST FON,31.08.2026,"1,044425",118696534.00,697,"123969623,90"
SLF,ROTA PORTFÖY ŞEKERBANK PARA PİYASASI (TL) FONU,31.08.2026,"11,428626",113788700.00,6898,"1300448541,61"
SLG,QNB PORTFÖY ALGORİTMİK STRATEJİLER HİSSE SENEDİ FONU (HİSSE SENEDİ YOĞUN FON),31.08.2026,"1,440804",336413246.00,735,"484705553,99"
SLR,QNB PORTFÖY SOLARİS SERBEST ÖZEL FON,31.08.2026,"0,312471",3796699149.00,5,"1186358536,45"
SLS,ALLBATROSS PORTFÖY SELEN SERBEST FON,31.08.2026,"0,63269",602710.00,13,"381328,82"
SMP,İŞ PORTFÖY SOMPO SİGORTA KAR PAYI ÖDEYEN SERBEST (TL) ÖZEL FON,31.08.2026,"1,04339",1400000000.00,1,"1460746543,82"
SNY,ATLAS PORTFÖY SANAYİ SEKTÖRÜ HİSSE SENEDİ SERBEST FON (HİSSE SENEDİ YOĞUN FON),31.08.2026,"1,560773",346735753.00,482,"541175892,83"
SOS,HEDEF PORTFÖY SAĞLIK SEKTÖRÜ DEĞİŞKEN FON,31.08.2026,"1,709591",24042394.00,519,"41102649,37"
SPA,AZIMUT PORTFÖY 6.0 SERBEST (DÖVIZ) FON,31.08.2026,"70,425639",45128560.00,198,"3178207668,19"
SPD,AZIMUT PORTFÖY BEG SERBEST (DÖVIZ) ÖZEL FON,31.08.2026,"82,804531",4234300.00,1,"350619227,24"
SPE,AZIMUT PORTFÖY 5.0 SERBEST (DÖVIZ) FON,31.08.2026,"108,971169",39952129.00,1252,"4353630209,14"
SPN,AZİMUT PORTFÖY İSTATİSTİKSEL ARBİTRAJ HİSSE SENEDİ SERBEST FON (HİSSE SENEDİ YOĞUN FON),31.08.2026,"10,056658",149579905.00,366,"1504273947,97"
SPP,SPARTA PORTFÖY BİRİNCİ PARA PİYASASI (TL) FONU,31.08.2026,"1,613957",335812731.00,714,"541987420,91"
SPR,BV PORTFÖY SPOR ENDÜSTRİSİ DEĞİŞKEN FON,31.08.2026,"1,326966",6568911.00,163,"8716722,56"
SPT,AKTİF PORTFÖY KATILIM FON SEPETİ FONU,31.08.2026,"2,231325",43554305.00,874,"97183805,83"
SRA,AZİMUT PORTFÖY ASERVA SERBEST ÖZEL FON,31.08.2026,"17,08995",126076981.00,1,"2154649340,57"
SRE,AZİMUT PORTFÖY SİRİUS SERBEST (DÖVİZ) ÖZEL FON,31.08.2026,"64,150228",15651197.00,1,"1004027863,21"
SRL,PARDUS PORTFÖY SÜRDÜRÜLEBİLİRLİK HİSSE SENEDİ (TL) FONU (HİSSE SENEDİ YOĞUN FON),31.08.2026,"1,78394",39055396.00,2914,"69672491,50"
SRO,AZİMUT PORTFÖY SKY HİSSE SENEDİ SERBEST ÖZEL FON (HİSSE SENEDİ YOĞUN FON),31.08.2026,"25,007047",278754881.00,6,"6970836284,55"
SSD,İŞ PORTFÖY SET SERBEST (DÖVİZ) ÖZEL FON,31.08.2026,"54,147263",10332627.00,1,"559483473,58"
SSE,ATLAS PORTFÖY İKİNCİ SERBEST FON,31.08.2026,"0,00348",31504588703.00,11,"109636950,64"
SSF,INVEO PORTFÖY SEKİZİNCİ SERBEST FON,31.08.2026,"0,956715",1293647.00,15,"1237651,53"
SSK,DENİZ PORTFÖY SAĞLIK SEKTÖRÜ DEĞİŞKEN FON,31.08.2026,"1,775493",28562196.00,593,"50711988,11"
SSN,DENİZ PORTFÖY 880 SERBEST (DÖVİZ) ÖZEL FON,31.08.2026,"59,678239",13048469.00,4,"778709646,94"
SSO,AK PORTFÖY AK SANDIK SERBEST ÖZEL FON,31.08.2026,"15,109174",509878048.00,1,"7703836308,26"
SSS,YAPI KREDİ PORTFÖY SAVUNMA SANAYİİ ŞİRKETLERİ ENDEKSİ HİSSE SENEDİ FONU (HİSSE SENEDİ YOĞUN FON),31.08.2026,"1,436266",175462143.00,5245,"252010347,69"
SST,STRATEJİ PORTFÖY İSTATİSTİKSEL ARBİTRAJ SERBEST FON,31.08.2026,"1,617152",5900512.00,22,"9542027,66"
ST1,STRATEJİ PORTFÖY BİRİNCİ HİSSE SENEDİ FONU (HİSSE SENEDİ YOĞUN FON),31.08.2026,"190,052886",3433772.66,2443,"652598405,21"
STI,ATLAS PORTFÖY SENTİMENT SERBEST FON,31.08.2026,"1,302049",144509346.00,72,"188158266,13"
STM,ALLBATROSS PORTFÖY ALGORİTMİK STRATEJİLER SERBEST FON,31.08.2026,"3,220242",119351.00,12,"384339,15"
STS,STRATEJİ PORTFÖY BİRİNCİ SERBEST (DÖVİZ) FON,31.08.2026,"86,54134",4867215.00,27,"421215307,73"
STZ,STRATEJİ PORTFÖY HİSSE SENEDİ SERBEST FON (HİSSE SENEDİ YOĞUN FON),31.08.2026,"25,027166",21705953.00,83,"543238496,93"
SUA,ÜNLÜ PORTFÖY BİRİNCİ DEĞİŞKEN FON,31.08.2026,"0,602116",3862333628.00,1169,"2325572433,41"
SUB,ÜNLÜ PORTFÖY İKİNCİ DEĞİŞKEN FON,31.08.2026,"0,404112",277014451.00,756,"111944826,58"
SUC,ÜNLÜ PORTFÖY ÜÇÜNCÜ DEĞIŞKEN FON,31.08.2026,"23,046524",25832496.00,537,"595349229,03"
SUR,EMAA BLUE PORTFÖY SÜRDÜRÜLEBİLİRLİK HİSSE SENEDİ FONU (HİSSE SENEDİ YOĞUN FON),31.08.2026,"1,177911",187683759.00,90,"221074784,16"
SVB,STRATEJİ PORTFÖY AGRESİF DEĞİŞKEN FON,31.08.2026,"9,545828",26019962.00,1309,"248382088,18"
SVS,AZİMUT PORTFÖY SVS SERBEST ÖZEL FON,31.08.2026,"2,783905",414228781.00,1,"1153173520,92"
SVY,DENİZ PORTFÖY TTSVY HİSSE SENEDİ SERBEST ÖZEL FON (HİSSE SENEDİ YOĞUN FON),31.08.2026,"1,820086",2122017742.00,2,"3862255430,35"
SYF,AZİMUT PORTFÖY KLM HİSSE SENEDİ SERBEST ÖZEL FON (HİSSE SENEDİ YOĞUN FON),31.08.2026,"238,915935",7466854.00,6,"1783950406,94"
SYL,AZİMUT PORTFÖY SYH HİSSE SENEDİ SERBEST ÖZEL FON (HİSSE SENEDİ YOĞUN FON),31.08.2026,"4126,486744",276806.00,1,"1142236289,63"
SYR,AZİMUT PORTFÖY 25.0 SERBEST (DÖVİZ) FON,31.08.2026,"50,140262",6200862.00,22,"310912842,78"
SYS,YAPI KREDİ PORTFÖY ŞUBAT 2028 KAR PAYI ÖDEYEN SERBEST (DÖVİZ) FON,31.08.2026,"49,091134",36065007.00,121,"1770472097,65"
T3B,TERA PORTFÖY ÜÇÜNCÜ  HİSSE SENEDİ SERBEST (TL) FON (HİSSE SENEDİ YOĞUN),31.08.2026,"0,119358",112275362952.00,16,"13401012474,01"
TAL,ATLAS PORTFÖY ALTIN KATILIM FONU,31.08.2026,"2,890856",12854039.00,759,"37159181,76"
TAO,TEB PORTFÖY ALARKO GRUBU DEĞİŞKEN ÖZEL FON,31.08.2026,"21,335844",52856435.00,1,"1127736629,99"
TAR,AK PORTFÖY TARIM VE GIDA TEKNOLOJİLERİ DEĞİŞKEN FON,31.08.2026,"2,564112",51722017.00,6755,"132621029,74"
TAU,İŞ PORTFÖY BIST BANKA ENDEKSİ HİSSE SENEDİ (TL) FONU (HİSSE SENEDİ YOĞUN FON),31.08.2026,"0,650878",3917081749.00,34612,"2549543184,24"
TAZ,AZİMUT PORTFÖY TAF HİSSE SENEDİ SERBEST ÖZEL FON (HİSSE SENEDİ YOĞUN FON),31.08.2026,"2,512439",471518068.00,2,"1184660276,01"
TB9,TEB PORTFÖY DOKUZUNCU SERBEST (DÖVİZ) FON,31.08.2026,"53,612333",758341671.00,10698,"40656465884,10"
TBP,İŞ PORTFÖY PRİVİA BANKACILIK FON SEPETİ ÖZEL FONU,31.08.2026,"0,283569",1652231895.00,197,"468521793,91"
TBT,TEB PORTFÖY BORÇLANMA ARAÇLARI FONU,31.08.2026,"54,725412",8367829.52,2498,"457932918,93"
TBV,İŞ PORTFÖY ÖZEL SEKTÖR BORÇLANMA ARAÇLARI (TL) FONU,31.08.2026,"0,414686",2898036377.00,7871,"1201776240,38"
TCA,ZİRAAT PORTFÖY ALTIN KATILIM FONU,31.08.2026,"0,820625",17656145541.44,46050,"14489071270,59"
TCB,TACİRLER PORTFÖY PARA PİYASASI FONU,31.08.2026,"0,237303",13505323227.00,4661,"3204854234,74"
TCC,TACİRLER PORTFÖY SERBEST ( DÖVİZ ) FON,31.08.2026,"0,081514",5129667941.00,402,"418138681,15"
TCD,TACİRLER PORTFÖY DEĞIŞKEN FON,31.08.2026,"49,896068",29897948.00,11715,"1491790050,67"
TCF,TEB PORTFÖY ÜÇÜNCÜ FON SEPETİ FONU,31.08.2026,"4,59586",707086867.00,2768,"3249672571,15"
TCG,TEB PORTFÖY CEMAY HİSSE SENEDİ SERBEST ÖZEL FON (HİSSE SENEDİ YOĞUN FON),31.08.2026,"1,347225",141657132.00,1,"190844039,81"
TCH,TACİRLER PORTFÖY TAÇ SERBEST FON,31.08.2026,"2,259959",107804233.00,58,"243633132,20"
TCI,TACİRLER PORTFÖY İSTATİSTİKSEL ARBİTRAJ SERBEST FON,31.08.2026,"11,581725",121429349.00,15,"1406361271,18"
TCS,TACİRLER PORTFÖY SİRİUS HİSSE SENEDİ SERBEST FON (HİSSE SENEDİ YOĞUN FON),31.08.2026,"43,443938",33957356.00,44,"1475241275,65"
TDG,İŞ PORTFÖY YABANCI BORÇLANMA ARAÇLARI FONU,31.08.2026,"0,531851",1383423401.00,2082,"735774548,61"
TDP,TEB PORTFÖY İKİNCİ SERBEST (DÖVİZ) FON,31.08.2026,"60,184885",5459727.00,44,"328593038,97"
TE3,TEB PORTFÖY MUTLAK GETİRİ HEDEFLİ DEĞİŞKEN FON,31.08.2026,"41,475675",27504151.00,2925,"1140753228,49"
TE4,TEB PORTFÖY BİRİNCİ DEĞİŞKEN FON,31.08.2026,"6,621762",275771753.00,1446,"1826094974,31"
TEJ,AZİMUT PORTFÖY TEKNOLOJİ FON SEPETİ FONU,31.08.2026,"2,804456",263977830.00,1326,"740314217,73"
TFE,AKTİF PORTFÖY TÜRKİYE FİNANS ALA BANKACILIK KATILIM ÖZEL FONU,31.08.2026,"2,856374",12354562.00,115,"35289245,06"
TFF,TEB PORTFÖY AMERİKA TEKNOLOJİ YABANCI BYF FON SEPETİ FONU,31.08.2026,"43,945294",30811300.00,8976,"1354011621,78"
TFU,İŞ PORTFÖY TÜFEYE ENDEKSLİ BORÇLANMA ARAÇLARI (TL) FONU,31.08.2026,"1,293397",194127205.00,1287,"251083527,30"
TGA,GARANTİ PORTFÖY AGRESİF DEĞİŞKEN FON,31.08.2026,"0,491422",1679223556.00,6196,"825208082,35"
TGE,İŞ PORTFÖY EMTİA YABANCI BYF FON SEPETİ FONU,31.08.2026,"0,29689",10195776051.00,37381,"3027022772,61"
TGN,TEB PORTFÖY ING BANK PARA PİYASASI SERBEST (TL) ÖZEL FON,31.08.2026,"1,464929",2098959114.00,1967,"3074825466,66"
TGR,AK PORTFÖY TURİZM VE SEYAHAT SEKTÖRÜ DEĞİŞKEN FON,31.08.2026,"7,097978",16120206.00,5671,"114420867,72"
TGT,GARANTİ PORTFÖY KISA VADELİ BORÇLANMA ARAÇLARI FONU,31.08.2026,"0,121204",33438678969.00,61980,"4052897684,52"
TGV,TACİRLER PORTFÖY KG SERBEST ÖZEL FON,31.08.2026,"10,949002",636391228.00,13,"6967848554,04"
TGZ,TACİRLER PORTFÖY SPİCA SERBEST (TL) FON,31.08.2026,"6,270849",181628509.00,12,"1138964910,38"
THD,TRIVE PORTFÖY BİRİNCİ HİSSE SENEDİ (TL) FON (HİSSE SENEDİ YOĞUN FON),31.08.2026,"2,782229",3164919.00,202,"8805528,88"
THF,TERA PORTFÖY HİSSE SENEDİ (TL) FONU (HİSSE SENEDİ YOĞUN FON),31.08.2026,"2,733932",24879558981.00,111839,"68019022810,60"
THG,TACİRLER PORTFÖY ODEABANK SERBEST ÖZEL FON,31.08.2026,"7,248205",24140934.00,177,"174978437,91"
THH,DENİZ PORTFÖY CCO HİSSE SENEDİ SERBEST ÖZEL FON (HİSSE SENEDİ YOĞUN FON),31.08.2026,"153,336363",12758502.00,1,"1956342294,06"
THO,AZİMUT PORTFÖY 20.0 SERBEST (DÖVİZ) FON,31.08.2026,"50,988649",95641072.00,12,"4876609055,96"
THS,AZİMUT PORTFÖY AEB SERBEST (DÖVİZ) ÖZEL FON,31.08.2026,"64,377532",6560674.00,1,"422359997,90"
THT,TRİVE PORTFÖY HİSSE SENEDİ SERBEST FON (HİSSE SENEDİ YOĞUN FON),31.08.2026,"0,205333",49564009.00,355,"10177124,79"
THV,ATA PORTFÖY BARBAROS HİSSE SENEDİ SERBEST (TL) FON (HİSSE SENEDİ YOĞUN FON),31.08.2026,"50,491536",45106206.00,17,"2277481606,78"
TI1,İŞ PORTFÖY PARA PİYASASI (TL) FONU,31.08.2026,"1684,305653",137355381.65,237116,"231348445794,80"
TI2,İŞ PORTFÖY HİSSE SENEDİ (TL) FONU (HİSSE SENEDİ YOĞUN FON),31.08.2026,"0,130312",26462259113.00,20736,"3448340512,54"
TI3,İŞ PORTFÖY İŞ BANKASI İŞTİRAKLERİ ENDEKSİ HİSSE SENEDİ (TL) FONU (HİSSE SENEDİ YOĞUN FON),31.08.2026,"0,112225",17751672975.00,21538,"1992172671,19"
TI4,İŞ PORTFÖY TEMKİNLİ DEĞİŞKEN FON,31.08.2026,"0,065493",29519790729.00,13929,"1933330283,87"
TI6,İŞ PORTFÖY BORÇLANMA ARAÇLARI (TL) FONU,31.08.2026,"0,054667",10637702393.00,4843,"581531919,79"
TI7,İŞ PORTFÖY DENGELİ DEĞİŞKEN FON,31.08.2026,"79,290862",14934718.00,9668,"1184186658,05"
TIE,İŞ PORTFÖY BIST 30 ENDEKSİ HİSSE SENEDİ (TL) FONU (HİSSE SENEDİ YOĞUN FON),31.08.2026,"0,772211",2290827496.00,18665,"1769001693,86"
TIL,İŞ PORTFÖY KATILIM HİSSE SENEDİ (TL) FONU (HİSSE SENEDİ YOĞUN FON),31.08.2026,"1,436295",64281576.00,1649,"92327302,32"
TIP,TEB PORTFÖY ING BANK ÖZEL BANKACILIK VE PLATİNUM SERBEST (DÖVİZ) ÖZEL FON,31.08.2026,"50,184964",17642868.00,76,"885406688,48"
TIV,İŞ PORTFÖY KISA VADELİ BORÇLANMA ARAÇLARI (TL) FONU,31.08.2026,"53,596395",468915601.11,118348,"25132185647,60"
TJB,TACİRLER PORTFÖY BDR SERBEST ÖZEL FON,31.08.2026,"10,155576",81702428.00,1,"829735209,05"
TJF,TEB PORTFÖY SÜRDÜRÜLEBİLİRLİK FON SEPETİ FONU,31.08.2026,"5,384748",10093103.00,539,"54348820,48"
TJI,TEB PORTFÖY İKİNCİ FON SEPETİ FONU,31.08.2026,"6,614618",91620909.00,908,"606037345,44"
TJL,AZİMUT PORTFÖY TAYD HİSSE SENEDİ SERBEST ÖZEL FON (HİSSE SENEDİ YOĞUN FON),31.08.2026,"21,061593",67990671.00,4,"1431991850,67"
TJT,TEB PORTFÖY ALTINCI SERBEST (DÖVİZ-AVRO) FON,31.08.2026,"68,968782",33135234.00,1836,"2285296721,24"
TKF,TACİRLER PORTFÖY HİSSE SENEDİ FONU (HİSSE SENEDİ YOĞUN FON),31.08.2026,"70,902288",14263381.00,4255,"1011306351,26"
TKH,AZIMUT PORTFÖY TKS SERBEST (TL) ÖZEL FON,31.08.2026,"2,323122",204228599.00,1,"474447923,33"
TKK,İŞ PORTFÖY KUMBARA HESABI FON SEPETİ ÖZEL FON,31.08.2026,"1,786553",1019240200.00,112873,"1820926466,82"
TKM,TEB PORTFÖY PARA PİYASASI (TL) FONU,31.08.2026,"0,217533",346036337649.00,505350,"75274414765,51"
TLC,TEB PORTFÖY ALTERNATİFBANK DEĞİŞKEN ÖZEL FON,31.08.2026,"1,065238",394262627.00,303,"419983562,49"
TLE,AURA PORTFÖY YABANCI BORÇLANMA ARAÇLARI FONU,31.08.2026,"28,539586",18750658.00,914,"535136010,41"
TLH,AURA PORTFÖY HİSSE SENEDİ FONU (HİSSE SENEDİ YOĞUN FON),31.08.2026,"27,880251",4685417.00,328,"130630600,44"
TLK,AKTİF PORTFÖY PARA PİYASASI KATILIM (TL) FONU,31.08.2026,"1,786386",2013242158.00,1045,"3596428192,31"
TLT,TEB PORTFÖY YAHŞİ SERBEST (DÖVİZ) ÖZEL FON,31.08.2026,"71,449539",5663669.00,1,"404666538,51"
TLU,TEB PORTFÖY ONİKİNCİ SERBEST (DÖVİZ) FON,31.08.2026,"53,791513",166311216.00,518,"8946131962,33"
TLV,TERA PORTFÖY PARA PİYASASI KATILIM (TL) FONU,31.08.2026,"1,380132",2827760464.00,10630,"3902681429,83"
TLY,TERA PORTFÖY BİRİNCİ SERBEST FON,31.08.2026,"9145,58081",29887510.00,111176,"273338637911,78"
TLZ,ATA PORTFÖY KATILIM HİSSE SENEDİ (TL) FONU (HİSSE SENEDİ YOĞUN FON),31.08.2026,"20,587008",3777261.00,876,"77762503,50"
TMC,İŞ PORTFÖY TEMA DEĞİŞKEN FON,31.08.2026,"0,165072",947584863.00,11594,"156419558,83"
TMG,İŞ PORTFÖY YABANCI HİSSE SENEDİ FONU,31.08.2026,"1,463566",3484610642.00,35577,"5099959081,38"
TMH,ALLBATROSS PORTFÖY ATMACA HİSSE SENEDİ SERBEST FON (HİSSE SENEDİ YOĞUN FON),31.08.2026,"0,00",0.00,12,"0,00"
TMM,TERA PORTFÖY İKİNCİ SERBEST (DÖVİZ) FON,31.08.2026,"74,116158",16739139.00,1532,"1240640667,45"
TMR,TEB PORTFÖY MAKRO SERBEST ÖZEL FON,31.08.2026,"7,774898",1187475000.00,1,"9232497584,75"
TMS,TACİRLER PORTFÖY MARATON SERBEST FON,31.08.2026,"2,185003",192164604.00,85,"419880298,07"
TMU,AZİMUT PORTFÖY TEMKİNLİ FON SEPETİ FONU,31.08.2026,"1,442901",41286859.00,91,"59572869,73"
TMV,TERA PORTFÖY ALGORİTMİK STRATEJİLER SERBEST FON,31.08.2026,"10,38183",4003610665.00,13562,"41564803571,70"
TMZ,İŞ PORTFÖY SÜRDÜRÜLEBİLİRLİK VE TARIM FON SEPETİ FONU,31.08.2026,"2,033954",26086639.00,2550,"53059022,06"
TNB,TEB PORTFÖY ING BANK KAR PAYI ÖDEYEN SERBEST (DÖVİZ) ÖZEL FON,31.08.2026,"50,364733",13751751.00,81,"692603271,21"
TND,İŞ PORTFÖY TTF TENİSE DESTEK DEĞİŞKEN FON,31.08.2026,"1,518258",127591226.00,486,"193716429,29"
TNF,TEB PORTFÖY ONUNCU SERBEST (TL) ÖZEL FON,31.08.2026,"4,298635",1216123947.00,3,"5227673489,72"
TNH,TACİRLER PORTFÖY REAL CAPİTAL SERBEST ÖZEL FON,31.08.2026,"12,034262",12571189.00,3,"151284976,76"
TNI,TEB PORTFÖY ING BANK ÖZEL BANKACILIK VE PLATİNUM DEĞİŞKEN ÖZEL FON,31.08.2026,"11,465641",695649417.00,2759,"7976066350,98"
TNK,TEB PORTFÖY KISA VADELİ BORÇLANMA ARAÇLARI (TL) FONU,31.08.2026,"34,145815",108899561.00,74048,"3718464292,48"
TNS,TACİRLER PORTFÖY NAR SERBEST FON,31.08.2026,"13,285958",7290358.00,16,"96859391,72"
TO8,TEB PORTFÖY ONSEKİZİNCİ SERBEST (DÖVİZ-AVRO) FON,31.08.2026,"57,140945",12799131.00,101,"731354435,04"
TOK,TEB PORTFÖY ONBİRİNCİ SERBEST (DÖVİZ - AVRO) FON,31.08.2026,"59,642686",416235618.00,6968,"24825410264,68"
TOT,TEB PORTFÖY ÖZEL SEKTÖR BORÇLANMA ARAÇLARI FONU,31.08.2026,"962,322548",121803.00,639,"117213773,27"
TP1,TEB PORTFÖY UYUM SERBEST (DÖVİZ) ÖZEL FON,31.08.2026,"68,462953",5611179.00,1,"384157882,66"
TP2,TERA PORTFÖY PARA PİYASASI (TL) FONU,31.08.2026,"2,19851",94644628943.00,159813,"208077123133,49"
TPC,TEB PORTFÖY KIYMETLİ MADENLER FON SEPETİ FONU,31.08.2026,"13,98571",440878460.00,12374,"6165998360,05"
TPE,İŞ PORTFÖY PY EUROBOND BORÇLANMA ARAÇLARI (DÖVİZ) ÖZEL FONU,31.08.2026,"0,552701",4277909763.00,34,"2364404764,03"
TPF,TACİRLER PORTFÖY BORÇLANMA ARAÇLARI FONU,31.08.2026,"11,201207",11143701.00,511,"124822897,85"
TPJ,TEB PORTFÖY BİRİNCİ SERBEST (DÖVİZ) FON,31.08.2026,"78,94471",29776055.00,1475,"2350662017,68"
TPL,TEB PORTFÖY EUROBOND (DÖVİZ) BORÇLANMA ARAÇLARI FONU,31.08.2026,"21,324549",23595217.01,1518,"503157356,49"
TPO,İŞ PORTFÖY PY ÖZEL SEKTÖR BORÇLANMA ARAÇLARI (TL) ÖZEL FONU,31.08.2026,"0,183178",585531154.00,3,"107256568,93"
TPP,TEB PORTFÖY PUSULA SERBEST FON,31.08.2026,"78,242858",23934000.00,390,"1872664575,26"
TPR,İŞ PORTFÖY PY HİSSE SENEDİ (TL) ÖZEL FONU (HİSSE SENEDİ YOĞUN FON),31.08.2026,"0,486474",21524221.00,1,"10470977,20"
TPV,AURA PORTFÖY İKİNCİ DEĞİŞKEN FON,31.08.2026,"10,630884",761189.00,43,"8092112,09"
TPZ,TEB PORTFÖY KİRA SERTİFİKALARI (DÖVİZ) KATILIM FONU,31.08.2026,"28,642565",5123642.00,1515,"146754246,63"
TRJ,TERA PORTFÖY BİRİNCİ BORÇLANMA ARAÇLARI (TL) FONU,31.08.2026,"2,192514",1003781054.00,4422,"2200803790,91"
TRN,AZİMUT PORTFÖY CO HİSSE SENEDİ SERBEST ÖZEL FON (HİSSE SENEDİ YOĞUN FON),31.08.2026,"1,10306",1829123080.00,1,"2017633381,77"
TRO,TRIVE PORTFÖY ALTIN FONU,31.08.2026,"2,639507",10796245.00,376,"28496764,15"
TRR,TEB PORTFÖY BEŞİNCİ SERBEST (TL) FONU,31.08.2026,"6,50069",367242577.00,460,"2387330126,70"
TRU,TERA PORTFÖY KATILIM SERBEST (DÖVİZ) FON,31.08.2026,"1,524471",193790594.00,272,"295428065,96"
TSI,İŞ PORTFÖY MAKSİMUM HESAP KISA VADELİ BORÇLANMA ARAÇLARI (TL) FONU,31.08.2026,"0,209386",109247532722.00,77496,"22874894763,46"
TSP,AZİMUT PORTFÖY TESA SERBEST (DÖVİZ) ÖZEL FON,31.08.2026,"71,271689",24536763.00,5,"1748776537,10"
TTA,İŞ PORTFÖY ALTIN FONU,31.08.2026,"0,651439",42567611429.00,224535,"27730207358,37"
TTE,İŞ PORTFÖY BIST TEKNOLOJİ AĞIRLIK SINIRLAMALI ENDEKSİ HİSSE SENEDİ (TL) FONU (HİSSE SENEDİ YOĞUN FON),31.08.2026,"1,719242",2299979220.00,47006,"3954221596,66"
TTL,TACİRLER PORTFÖY KARTOPU SERBEST FON,31.08.2026,"39,186152",7870718.00,367,"308423155,06"
TTP,TEB PORTFÖY ÜÇÜNCÜ SERBEST (DÖVİZ) FON,31.08.2026,"51,762155",17213905.00,105,"891028815,59"
TTS,TEB PORTFÖY DÖRDÜNCÜ SERBEST (DÖVİZ) ÖZEL FON,31.08.2026,"71,002002",31086506.00,1,"2207204168,98"
TTV,TACİRLER PORTFÖY VEGA SERBEST (TL)  FON,31.08.2026,"8,906891",315512662.00,35,"2810236963,99"
TTZ,DENİZ PORTFÖY EGE HİSSE SENEDİ SERBEST ÖZEL FON (HİSSE SENEDİ YOĞUN FON),31.08.2026,"3,729094",64074841.00,7,"238941126,83"
TUA,TEB PORTFÖY ALTIN FONU,31.08.2026,"1,535739",10383413967.21,31477,"15946211464,92"
TVE,EMAA BLUE PORTFÖY TARIM VE GIDA SEKTÖRÜ KATILIM FONU,31.08.2026,"1,158143",190244772.00,354,"220330656,53"
TVN,TRIVE PORTFÖY BİRİNCİ FON SEPETİ FONU,31.08.2026,"2,986196",3711258.00,529,"11082544,60"
TYH,TEB PORTFÖY HİSSE SENEDİ FONU (HİSSE SENEDİ YOĞUN FON),31.08.2026,"2,132802",535620812.84,6245,"1142373234,44"
TZC,ZİRAAT PORTFÖY BÜYÜYEN ÇOCUKLARA YÖNELİK DEĞİŞKEN ÖZEL FON,31.08.2026,"0,32101",99760888.00,1136,"32024284,77"
TZD,ZİRAAT PORTFÖY HİSSE SENEDİ FONU (HİSSE SENEDİ YOĞUN FON),31.08.2026,"2,610266",266481099.05,7921,"695586471,29"
TZH,ZİRAAT PORTFÖY TZH SERBEST ÖZEL FON,31.08.2026,"8,633514",7195513139.00,1,"62122566965,98"
TZL,ZİRAAT PORTFÖY PARA PİYASASI (TL) FONU,31.08.2026,"0,139584",675566280332.17,184844,"94298525680,33"
TZP,TACİRLER PORTFÖY RİGEL SERBEST ÖZEL FON,31.08.2026,"14,361324",78982922.00,14,"1134299324,09"
TZT,ZİRAAT PORTFÖY BORÇLANMA ARAÇLARI (TL) FONU,31.08.2026,"0,170736",2002295026.04,5842,"341864360,23"
TZV,ZİRAAT PORTFÖY KISA VADELİ BORÇLANMA ARAÇLARI (TL) FONU,31.08.2026,"958,277192",33157533.50,133928,"31774108090,29"
UAB,ÜNLÜ PORTFÖY BONCUK SERBEST (DÖVİZ) ÖZEL FON,31.08.2026,"5,503247",118042548.00,2,"649617277,46"
UAP,ÜNLÜ PORTFÖY ALTINCI SERBEST (DÖVİZ) ÖZEL FON,31.08.2026,"71,443031",6566450.00,1,"469127089,07"
UCN,AK PORTFÖY FNM HİSSE SENEDİ SERBEST ÖZEL FON (HİSSE SENEDİ YOĞUN FON),31.08.2026,"2,090426",544741624.00,2,"1138741958,62"
UCP,AK PORTFÖY ÜÇÜNCÜ PARA PİYASASI SERBEST (TL) FON,31.08.2026,"1,338602",21203308940.00,27,"28382783026,78"
UFH,AZİMUT PORTFÖY EE SERBEST (DÖVİZ) ÖZEL FON,31.08.2026,"73,427327",3676299.00,1,"269940810,41"
UHL,AZİMUT PORTFÖY ARUNA SERBEST (DÖVİZ) ÖZEL FON,31.08.2026,"74,14178",35723760.00,1,"2648623154,31"
UHS,ATLAS PORTFÖY ÜÇÜNCÜ HİSSE SENEDİ SERBEST FON (HİSSE SENEDİ YOĞUN FON),31.08.2026,"7,049651",53811937.00,13,"379355393,73"
ULH,ÜNLÜ PORTFÖY ONUNCU SERBEST FON,31.08.2026,"6,644857",194132440.00,241,"1289982236,98"
ULL,QNB PORTFÖY SEKİZİNCİ SERBEST (DÖVİZ) ÖZEL FON,31.08.2026,"70,68301",4096995.00,3,"289587938,31"
UNT,İŞ PORTFÖY ÜÇÜNCÜ SERBEST (TL) FON,31.08.2026,"1,580371",15193695998.00,255,"24011675901,16"
UP1,ÜNLÜ PORTFÖY ALTIN FONU,31.08.2026,"6,535814",221464009.00,1457,"1447447603,56"
UP2,ÜNLÜ PORTFÖY PARA PİYASASI SERBEST FON,31.08.2026,"4,264025",707911714.14,308,"3018553488,33"
UPD,ÜNLÜ PORTFÖY DÖRDÜNCÜ SERBEST (DÖVIZ) FON,31.08.2026,"22,263179",109824970.00,256,"2445052977,87"
UPH,ÜNLÜ PORTFÖY HİSSE SENEDİ (TL) FONU(HİSSE SENEDİ YOĞUN FON),31.08.2026,"30,982822",3509596.00,524,"108737186,54"
UPP,ÜNLÜ PORTFÖY PARA PİYASASI (TL) FONU,31.08.2026,"7,106905",360587308.00,918,"2562659590,36"
UPS,ÜNLÜ PORTFÖY SESA SERBEST ÖZEL FON,31.08.2026,"5,081471",211105000.00,1,"1072723897,88"
URA,ATA PORTFÖY ENERJİ DEĞİŞKEN FON,31.08.2026,"1,998171",347184227.00,9244,"693733564,80"
URC,AK PORTFÖY ONUNCU SERBEST (DÖVİZ) FON,31.08.2026,"55,849405",2897766.00,150,"161838507,15"
URD,ALBARAKA PORTFÖY ÜÇÜNCÜ KATILIM SERBEST (DÖVİZ-ABD DOLARI) FON,31.08.2026,"50,427179",218609228.00,12,"11023846690,44"
URG,AK PORTFÖY BİRİNCİ SERBEST (DÖVİZ) ÖZEL FON,31.08.2026,"76,610648",7502752.00,1,"574790689,88"
URM,AK PORTFÖY ÖPY ALTINCI SERBEST (DÖVİZ) ÖZEL FON,31.08.2026,"49,218598",172531457.00,5,"8491756369,74"
URS,AK PORTFÖY ORKİDE SERBEST ÖZEL FON,31.08.2026,"3,972815",262089128.00,1,"1041231670,64"
URV,AK PORTFÖY GELİNCİK SERBEST ÖZEL FON,31.08.2026,"3,484082",2685399860.00,2,"9356153525,11"
USS,AZİMUT PORTFÖY UNİCO SİGORTA SERBEST (TL) ÖZEL FON,31.08.2026,"3,890823",1084034643.00,1,"4217787363,56"
UST,İŞ PORTFÖY ÜÇÜNCÜ SERBEST (TL) ÖZEL FON,31.08.2026,"4,258339",468839001.00,1,"1996475536,30"
USY,ÜNLÜ PORTFÖY DEĞER YATIRIMLARI SERBEST FON,31.08.2026,"0,264212",5085111402.00,390,"1343545388,33"
UYH,ÜNLÜ PORTFÖY DOKUZUNCU SERBEST (TL) FON,31.08.2026,"5,109852",131618603.00,12,"672551603,06"
UZY,ÜNLÜ PORTFÖY İKİNCİ İSTATİSTİKSEL ARBİTRAJ SERBEST FON,31.08.2026,"9,343374",35253165.00,39,"329383509,76"
VAY,AK PORTFÖY DEĞER ODAKLI 100 ŞİRKETLERİ HİSSE SENEDİ (TL) FONU (HİSSE SENEDİ YOĞUN FON),31.08.2026,"1,602631",31031619.00,2978,"49732223,95"
VCD,AZİMUT PORTFÖY İKİNCİ SERBEST FON,31.08.2026,"6,399681",252840995.00,12,"1618101756,30"
VCG,AZİMUT PORTFÖY DÖRDÜNCÜ SERBEST (TL) FON,31.08.2026,"5,793215",346346139.00,12,"2006457585,13"
VCY,AK PORTFÖY ELEKTRİKLİ VE OTONOM ARAÇ TEKNOLOJİLERİ DEĞİŞKEN FON,31.08.2026,"3,53953",47159683.00,12108,"166923092,29"
VFK,ZİRAAT PORTFÖY İKİNCİ KISA VADELİ KİRA SERTİFİKALARI KATILIM (TL) FONU,31.08.2026,"5,522984",566206993.00,5620,"3127152266,62"
VFO,V PORTFÖY ALTIN KATILIM FONU,31.08.2026,"1,053904",355725993.00,7023,"374901200,36"
VFS,AZİMUT PORTFÖY AVF SERBEST ÖZEL FON,31.08.2026,"1,986335",3220695.00,1,"6397380,39"
VHS,VAKIF KATILIM PORTFÖY KATILIM HİSSE SENEDİ FONU (HİSSE SENEDİ YOĞUN FON),31.08.2026,"1,004587",52289072.00,428,"52528943,55"
VK6,V PORTFÖY VAKIFBANK PARA PİYASASI (TL) FONU,31.08.2026,"4,19845",19213279157.99,162124,"80665986020,81"
VKI,ALBARAKA PORTFÖY VAKIF KATILIM İKİNCİ KISA VADELİ KATILIM SERBEST (TL) FON,31.08.2026,"3,137955",281466119.00,348,"883228073,41"
VKK,VAKIF KATILIM PORTFÖY KİRA SERTİFİKALARI KATILIM FONU,31.08.2026,"1,094808",73940857.00,434,"80951063,57"
VKR,ALBARAKA PORTFÖY İKİNCİ PARA PİYASASI KATILIM FONU,31.08.2026,"1,003126",522337.00,1,"523969,67"
VKT,V PORTFÖY VAKIFBANK KISA VADELİ BORÇLANMA ARAÇLARI (TL) FONU,31.08.2026,"0,123171",38685055384.96,43433,"4764893765,16"
VKV,VAKIF KATILIM PORTFÖY KISA VADELİ KİRA SERTİFİKALARI KATILIM FONU,31.08.2026,"1,095061",450061226.00,897,"492844334,09"
VLT,VAKIF KATILIM PORTFÖY ALTIN KATILIM FONU,31.08.2026,"1,067493",67371139.00,664,"71918229,18"
VMV,VEGA PORTFÖY MAVİ SERBEST FON,31.08.2026,"2,812536",2602325141.00,149,"7319134210,02"
VNK,VEGA PORTFÖY ANKA SERBEST FON,31.08.2026,"2,464395",1553839745.00,242,"3829274180,04"
VPA,VAKIF KATILIM PORTFÖY PARA PİYASASI KATILIM FONU,31.08.2026,"1,121747",7831033949.00,3280,"8784437006,15"
VPP,VEGA PORTFÖY PARLA SERBEST (DÖVİZ) FON,31.08.2026,"54,252586",28803156.00,576,"1562645697,85"
VPS,VEGA PORTFÖY SALUR HİSSE SENEDİ SERBEST (TL) FON (HİSSE SENEDİ YOĞUN FON),31.08.2026,"0,903869",1359886722.00,5819,"1229159600,46"
VRK,DENİZ PORTFÖY ÇOKLU VARLIK KATILIM FONU,31.08.2026,"1,357995",34402561.00,153,"46718502,11"
VTF,AZİMUT PORTFÖY VİTA SERBEST ÖZEL FON,31.08.2026,"2,199257",191149460.00,1,"420386880,72"
VTL,V PORTFÖY KISA VADELİ KİRA SERTİFİKALARI KATILIM (TL) FONU,31.08.2026,"1,119231",2744488424.00,7031,"3071717381,74"
YA1,YAPI KREDİ PORTFÖY BİRİNCİ SERBEST FON,31.08.2026,"1,437288",22590083771.00,24,"32468459460,35"
YAC,YAPI KREDİ PORTFÖY İKİNCİ FON SEPETİ FONU,31.08.2026,"14,960089",370696677.00,9826,"5545655115,38"
YAE,YAPI KREDİ PORTFÖY TLREF'E ENDEKSLİ BORÇLANMA ARAÇLARI (TL) FONU,31.08.2026,"1,19533",58509640.00,603,"69938304,33"
YAK,YAPI KREDİ PORTFÖY KARMA FON,31.08.2026,"5,285089",216958868.41,108051,"1146646904,89"
YAN,YAPI KREDİ PORTFÖY BİRİNCİ FON SEPETİ FONU,31.08.2026,"14,698085",127169271.00,3580,"1869144726,15"
YAR,İŞ PORTFÖY RESAN DEĞİŞKEN ÖZEL FON,31.08.2026,"27,781793",28000000.00,1,"777890196,39"
YAS,YAPI KREDİ PORTFÖY KOÇ HOLDİNG İŞTİRAK VE HİSSE SENEDİ FONU(HİSSE SENEDİ YOĞUN FON),31.08.2026,"15,095804",432820871.00,61819,"6533778873,68"
YAY,YAPI KREDİ PORTFÖY YABANCI TEKNOLOJİ SEKTÖRÜ HİSSE SENEDİ FONU,31.08.2026,"1850,354168",7270771.00,44009,"13453501423,88"
YBE,YAPI KREDİ PORTFÖY EUROBOND (DOLAR) BORÇLANMA ARAÇLARI FONU,31.08.2026,"1,861434",2719238858.00,13971,"5061683076,08"
YBH,YAPI KREDİ PORTFÖY 5-15 YIL VADELİ SERBEST (DÖVİZ) FON,31.08.2026,"54,430226",11963352.00,601,"651167947,19"
YBJ,DENİZ PORTFÖY AYBÜKE SERBEST (DÖVİZ) ÖZEL FON,31.08.2026,"59,090781",33065444.00,1,"1953862920,22"
YBP,YAPI KREDİ PORTFÖY PY BİRİNCİ DEĞİŞKEN ÖZEL FON,31.08.2026,"12,839813",74381488.00,55,"955044429,15"
YBR,İŞ PORTFÖY YİRMİBİRİNCİ SERBEST (DÖVİZ) FON,31.08.2026,"55,971454",115625619.00,2592,"6471734068,66"
YBS,YAPI KREDİ PORTFÖY ÖZEL SEKTÖR BORÇLANMA ARAÇLARI FONU,31.08.2026,"0,146978",14119604803.00,11903,"2075275695,47"
YCG,YAPI KREDİ PORTFÖY KARŞIYAKA SERBEST (DÖVİZ) ÖZEL FON,31.08.2026,"61,204007",3330205.00,4,"203821888,61"
YCH,YAPI KREDİ PORTFÖY ODEABANK AYRICALIKLI VE ÖZEL BANKACILIK FON SEPETİ ÖZEL FONU,31.08.2026,"2,738894",39969656.00,114,"109472648,66"
YCK,YAPI KREDİ PORTFÖY CİHANGİR SERBEST FON,31.08.2026,"4,726968",88803705.00,192,"419772269,57"
YCL,ATA PORTFÖY BEŞİNCİ SERBEST FON,31.08.2026,"10,550144",16867253.00,12,"177951951,87"
YCP,YAPI KREDİ PORTFÖY BANKACILIK SEKTÖRÜ HİSSE SENEDİ SERBEST FON (HİSSE SENEDİ YOĞUN FON),31.08.2026,"8,663707",117954804.00,1994,"1021925843,08"
YCY,İSTANBUL PORTFÖY KATILIM FON SEPETİ FONU,31.08.2026,"4,151853",77574431.00,279,"322077640,26"
YDH,AK PORTFÖY İKİNCİ SERBEST ÖZEL FON,31.08.2026,"1,183401",4480085038.00,1,"5301734995,45"
YDI,YAPI KREDİ PORTFÖY MODEL PORTFÖY HİSSE SENEDİ FONU (HİSSE SENEDİ YOĞUN FON),31.08.2026,"0,491878",2426684390.00,6916,"1193632324,78"
YDK,YAPI KREDİ PORTFÖY ÇALIŞAN HESAP KISA VADELİ BORÇLANMA ARAÇLARI FONU,31.08.2026,"0,121111",1233400974.00,48474,"149378369,27"
YDL,YAPI KREDİ PORTFÖY ADALAR SERBEST (DÖVİZ) ÖZEL FON,31.08.2026,"60,331102",20936234.00,8,"1263106069,34"
YDM,AZİMUT PORTFÖY 24.0 SERBEST ÖZEL FON,31.08.2026,"1,936115",678686262.00,2,"1314014540,61"
YDP,YAPI KREDİ PORTFÖY BİRİNCİ DEĞİŞKEN FON,31.08.2026,"2,351606",171224424.00,2499,"402652309,36"
YDZ,YAPI KREDİ PORTFÖY ODEABANK DÖRDÜNCÜ SERBEST (DÖVİZ) ÖZEL FON,31.08.2026,"55,330264",207820726.00,2906,"11498775556,13"
YEF,YAPI KREDİ PORTFÖY BIST 30 ENDEKSİ HİSSE SENEDİ FONU (HİSSE SENEDİ YOĞUN FON),31.08.2026,"1,001734",2011791713.01,13359,"2015280833,89"
YFV,YAPI KREDİ PORTFÖY KİRA SERTİFİKALARI KATILIM FONU,31.08.2026,"0,106668",8506260567.00,7495,"907349255,98"
YGM,YAPI KREDİ PORTFÖY EMTİA SERBEST FON,31.08.2026,"3,444124",161011909.00,1914,"554544962,78"
YHB,YAPI KREDİ PORTFÖY BIST 100 DIŞI ŞİRKETLER HİSSE SENEDİ FONU (HİSSE SENEDİ YOĞUN FON),31.08.2026,"2,520026",113242675.00,7155,"285374469,48"
YHI,YAPI KREDİ PORTFÖY İNŞAAT SEKTÖRÜ HİSSE SENEDİ SERBEST (TL) FON (HİSSE SENEDİ YOĞUN FON),31.08.2026,"1,55052",37956216.00,234,"58851887,03"
YHK,YAPI KREDİ PORTFÖY KATILIM HİSSE SENEDİ FONU (HİSSE SENEDİ YOĞUN FON),31.08.2026,"2,154048",587053813.00,7108,"1264541950,35"
YHP,YAPI KREDİ PORTFÖY KADIKÖY SERBEST FON,31.08.2026,"4,731129",380000000.00,1,"1797828932,85"
YHS,YAPI KREDİ PORTFÖY BİRİNCİ HİSSE SENEDİ FONU (HİSSE SENEDİ YOĞUN FON),31.08.2026,"27,809087",108063483.00,8803,"3005146786,19"
YHT,YAPI KREDİ PORTFÖY KISA VADELİ BORÇLANMA ARAÇLARI (TL) FONU,31.08.2026,"0,417826",5915976236.89,85933,"2471846783,23"
YHY,INVEO PORTFÖY YEDİNCİ HİSSE SENEDİ SERBEST FON (HİSSE SENEDİ YOĞUN FON),31.08.2026,"1,041483",182319880.00,18,"189883032,32"
YHZ,YAPI KREDİ PORTFÖY BIST TEKNOLOJİ AĞIRLIK SINIRLAMALI ENDEKSİ HİSSE SENEDİ FONU ( HİSSE SENEDİ YOĞUN FON),31.08.2026,"9,903215",151952512.00,18008,"1504818366,28"
YIK,YAPI KREDİ PORTFÖY İKİNCİ PARA PİYASASI SERBEST (TL) FON,31.08.2026,"1,551391",8457016590.00,1509,"13120137646,32"
YIS,YAPI KREDİ PORTFÖY İKİNCİ SERBEST ÖZEL FON,31.08.2026,"1,437545",740375889.00,1,"1064323386,09"
YIT,GARANTİ PORTFÖY YARI İLETKEN TEKNOLOJİLERİ DEĞİŞKEN FON,31.08.2026,"2,67473",866488928.00,16523,"2317623781,34"
YIV,YAPI KREDİ PORTFÖY ALLİANZ DEĞİŞKEN ÖZEL FON,31.08.2026,"3,624286",1596898432.00,2,"5787616568,72"
YJA,YAPI KREDİ PORTFÖY PY ALSANCAK SERBEST ( DÖVİZ) ÖZEL FON,31.08.2026,"67,907669",5986933.00,4,"406558665,43"
YJH,YAPI KREDİ PORTFÖY TEMİZ ENERJİ DEĞİŞKEN FONU,31.08.2026,"3,858165",50038109.00,4065,"193055299,39"
YJK,YAPI KREDİ PORTFÖY ROBOTİK VE YARI İLETKEN TEKNOLOJİLERİ FON SEPETİ FONU,31.08.2026,"5,752507",179807963.00,14106,"1034346633,22"
YJU,YAPI KREDİ PORTFÖY PY ULUDAĞ SERBEST (DÖVİZ) ÖZEL FON,31.08.2026,"67,048167",6657607.00,1,"446380343,25"
YJY,YAPI KREDİ PORTFÖY YENİKÖY SERBEST (DÖVİZ) FON,31.08.2026,"58,234894",1331315318.00,9179,"77529006654,20"
YKS,YAPI KREDİ PORTFÖY İSTANBUL SERBEST FON,31.08.2026,"0,353063",1720245100.00,363,"607355575,83"
YKT,YAPI KREDİ PORTFÖY ALTIN FONU,31.08.2026,"0,930467",37396179006.00,86618,"34795895996,43"
YLB,YAPI KREDİ PORTFÖY PARA PİYASASI FONU,31.08.2026,"1,837798",60838632781.00,356326,"111809132718,63"
YLC,ATA PORTFÖY TARIM VE GIDA DEĞİŞKEN FON,31.08.2026,"3,971692",18913273.00,1344,"75117688,13"
YLE,YAPI KREDİ PORTFÖY BIST SÜRDÜRÜLEBİLİRLİK ENDEKSİ HİSSE SENEDİ FONU (HİSSE SENEDİ YOĞUN FON),31.08.2026,"9,00736",27683177.00,2251,"249352336,08"
YLO,YAPI KREDİ PORTFÖY ELEKTRİKLİ ARAÇLAR DEĞİŞKEN FON,31.08.2026,"5,549275",44747174.00,5088,"248314363,96"
YLR,YAPI KREDİ PORTFÖY AKATLAR SERBEST (DÖVİZ) ÖZEL FON,31.08.2026,"2,350768",4898.00,4,"11514,06"
YLY,YAPI KREDİ PORTFÖY KAR PAYI ÖDEYEN HİSSE SENEDİ (TL) FON (HİSSE SENEDİ YOĞUN FON),31.08.2026,"2,311186",14215539.00,901,"32854752,07"
YLZ,BULLS PORTFÖY YILDIZ PAZAR ŞİRKETLERİ HİSSE SENEDİ SERBEST FON (HİSSE SENEDİ YOĞUN FON),31.08.2026,"3,368486",1255695290.00,17,"4229792572,67"
YMD,YAPI KREDİ PORTFÖY MASLAK SERBEST (DÖVİZ- ABD DOLARI) FON,31.08.2026,"56,983986",137387711.00,1461,"7828899381,91"
YMH,YAPI KREDİ PORTFÖY MUTLAK GETİRİ HEDEFLİ HİSSE SENEDİ SERBEST FON (HİSSE SENEDİ YOĞUN FON),31.08.2026,"1,599551",266175731.00,317,"425761584,17"
YMP,QNB PORTFÖY YMK PARA PİYASASI (TL) ÖZEL FON,31.08.2026,"1,170567",477355822.00,114,"558776819,19"
YNF,AK PORTFÖY AKBANK YENİ NESİL FON SEPETİ ÖZEL FONU,31.08.2026,"1,034304",486624.00,172,"503317,06"
YNK,YAPI KREDİ PORTFÖY NİŞANTAŞI KAR PAYI ÖDEYEN SERBEST (DÖVİZ) FON,31.08.2026,"48,447524",416117573.00,1175,"20159866102,74"
YNL,YAPI KREDİ PORTFÖY CADDEBOSTAN SERBEST (DÖVİZ) ÖZEL FON,31.08.2026,"55,804208",3981930.00,1,"222208448,26"
YOA,YAPI KREDİ PORTFÖY PY BORÇLANMA ARAÇLARI (DÖVİZ) ÖZEL FONU,31.08.2026,"90,316062",21388992.00,140,"1931769530,69"
YOS,YAPI KREDİ PORTFÖY ODEABANK SERBEST (DÖVİZ-AVRO) ÖZEL FON,31.08.2026,"57,279886",20841659.00,277,"1193807848,33"
YOT,YAPI KREDİ PORTFÖY BORÇLANMA ARAÇLARI FONU,31.08.2026,"40,960554",46942618.06,9827,"1922795644,71"
YOZ,DENİZ PORTFÖY YAKAMOZ SERBEST (DÖVİZ) FON,31.08.2026,"49,889135",969935828.00,2172,"48389259008,22"
YP1,YAPI KREDİ PORTFÖY PY GÜMÜŞSUYU SERBEST (DÖVIZ) ÖZEL FON,31.08.2026,"64,807687",3412953.00,3,"221185588,58"
YP2,YAPI KREDİ PORTFÖY PERA SERBEST (DÖVİZ) ÖZEL FON,31.08.2026,"74,082655",18589148.00,1,"1377133444,07"
YP4,YAPI KREDİ PORTFÖY FERİKÖY SERBEST (DÖVİZ) FON,31.08.2026,"54,785785",2450991482.00,29426,"134279491793,39"
YPC,YAPI KREDİ PORTFÖY SÜRDÜRÜLEBİLİRLİK DEĞİŞKEN FON,31.08.2026,"5,646721",9327821.00,2339,"52671605,48"
YPD,YAPI KREDİ PORTFÖY ALARA SERBEST (DÖVİZ) ÖZEL FON,31.08.2026,"68,551141",1468661.00,2,"100678386,82"
YPF,YAPI KREDİ PORTFÖY ALFA SERBEST FON,31.08.2026,"10,455908",140852873.00,597,"1472744681,44"
YPI,YAPI KREDİ PORTFÖY PY GÖZTEPE SERBEST (DÖVİZ) ÖZEL FON,31.08.2026,"56,983716",35955107.00,59,"2048855606,00"
YPK,YAPI KREDİ PORTFÖY GALATA SERBEST FON,31.08.2026,"14,724071",14209832.00,226,"209226572,44"
YPL,YAPI KREDİ PORTFÖY BALAT SERBEST (DÖVİZ) FON,31.08.2026,"74,149557",185047814.00,1567,"13721213448,49"
YPN,İŞ PORTFÖY YİRMİNCİ SERBEST (DÖVİZ- POUND) FON,31.08.2026,"68,443723",55373069.00,1097,"3789939021,41"
YPP,YAPI KREDİ PORTFÖY PY KUZGUNCUK SERBEST ÖZEL FON,31.08.2026,"25,907623",187058807.00,1,"4846249127,63"
YPR,AZİMUT PORTFÖY YILDIZ PAZAR ŞİRKETLERİ HİSSE SENEDİ FONU (HİSSE SENEDİ YOĞUN FON),31.08.2026,"1,742172",46740208.00,323,"81429483,40"
YPT,YAPI KREDİ PORTFÖY PARA PİYASASI SERBEST (TL) FON,31.08.2026,"4,18367",32468855449.00,19340,"135838976611,47"
YPU,YAPI KREDİ PORTFÖY SERBEST (DÖVİZ-POUND) FON,31.08.2026,"67,445131",79277527.00,1911,"5346883226,24"
YPV,YAPI KREDİ PORTFÖY ÜÇÜNCÜ FON SEPETİ FONU,31.08.2026,"8,075441",699559508.00,3350,"5649251561,76"
YRZ,YAPI KREDİ PORTFÖY ŞUBAT 2027 KAR PAYI ÖDEYEN SERBEST (DÖVİZ) FON,31.08.2026,"48,815063",16453480.00,156,"803177658,95"
YSA,YAPI KREDİ PORTFÖY SUADİYE SERBEST (DÖVİZ) FON,31.08.2026,"49,568733",8110909.00,297,"402047482,58"
YSH,YAPI KREDİ PORTFÖY BÜYÜK ÖLÇEKLİ ŞİRKETLER DEĞİŞKEN FON,31.08.2026,"0,996132",62796513.00,451,"62553595,09"
YSL,YAPI KREDİ PORTFÖY KAR PAYI ÖDEYEN KİRA SERTİFİKALARI KATILIM SERBEST (DÖVİZ) FON,31.08.2026,"44,011673",15564463.00,377,"685018056,32"
YSO,YAPI KREDİ PORTFÖY SAĞLIK SEKTÖRÜ SERBEST FON,31.08.2026,"1,663859",59147236.00,414,"98412632,04"
YSU,YAPI KREDİ PORTFÖY ÜÇÜNCÜ DEĞİŞKEN FON,31.08.2026,"0,178246",1399970025.00,6130,"249539708,36"
YTD,YAPI KREDİ PORTFÖY YABANCI FON SEPETİ FONU,31.08.2026,"0,963061",1843295069.00,14914,"1775206374,15"
YTJ,YAPI KREDİ PORTFÖY DUDULLU SERBEST (DÖVİZ) ÖZEL FON,31.08.2026,"70,617065",17568640.00,1,"1240645797,13"
YTO,YAPI KREDİ PORTFÖY TOPHANE PARK SERBEST (DÖVİZ) ÖZEL FON,31.08.2026,"53,950711",13213103.00,4,"712856300,16"
YTR,YAPI KREDİ PORTFÖY LARA SERBEST (DÖVİZ-AVRO) ÖZEL FON,31.08.2026,"81,192163",7745398.00,2,"628865618,23"
YTV,YAPI KREDİ PORTFÖY TARIM DEĞİŞKEN FON,31.08.2026,"3,149967",63982719.00,2234,"201543436,23"
YTY,YAPI KREDİ PORTFÖY TARABYA SERBEST (DÖVİZ-AVRO) FON,31.08.2026,"59,822019",2017982211.00,20727,"120719769846,29"
YUB,YAPI KREDİ PORTFÖY KARAKÖY HİSSE SENEDİ SERBEST FON (HİSSE SENEDİ YOĞUN FON),31.08.2026,"5,565801",72126649.00,584,"401442593,61"
YUD,YAPI KREDİ PORTFÖY BODRUM SERBEST [DÖVİZ] ÖZEL FON,31.08.2026,"76,330832",3356160.00,2,"256178484,66"
YUI,YAPI KREDİ PORTFÖY BEYKOZ SERBEST FON,31.08.2026,"2,013293",479200096.00,7,"964770377,03"
YUK,YAPI KREDİ PORTFÖY ÜSKÜDAR KAR PAYI ÖDEYEN SERBEST (DÖVİZ) FON,31.08.2026,"50,394453",27176980.00,147,"1369569037,85"
YUN,YAPI KREDİ PORTFÖY İSTİNYE SERBEST (DÖVİZ) FON,31.08.2026,"58,891437",55020721.00,584,"3240249351,27"
YUY,YAPI KREDİ PORTFÖY ALLİANZ KAR PAYI ÖDEYEN SERBEST (TL) ÖZEL FON,31.08.2026,"1,003322",990361196.00,2,"993651065,07"
YVB,YAPI KREDİ PORTFÖY UZUN VADELİ BORÇLANMA ARAÇLARI FONU,31.08.2026,"1,397181",85697670.00,704,"119735140,96"
YVD,YAPI KREDİ PORTFÖY İKİNCİ PARA PİYASASI (TL) FONU,31.08.2026,"4,4612",10464292482.00,81833,"46683302072,19"
YVF,YAPI KREDİ PORTFÖY ETİLER SERBEST (DÖVİZ) ÖZEL FON,31.08.2026,"74,170726",12953276.00,4,"960753889,49"
YVG,YAPI KREDİ PORTFÖY SARIYER SERBEST (DÖVİZ-AVRO) FON,31.08.2026,"63,997556",95194114.00,1215,"6092190617,63"
YVO,YAPI KREDİ PORTFÖY NİLÜFER SERBEST (DÖVİZ) ÖZEL FON,31.08.2026,"70,793681",10482636.00,2,"742104392,51"
YVS,YAPI KREDİ PORTFÖY BEYOĞLU SERBEST (DÖVİZ) ÖZEL FON,31.08.2026,"76,9867",5777712.00,6,"444806980,89"
YZC,YAPI KREDİ PORTFÖY FİNTECH VE BLOCKCHAİN TEKNOLOJİLERİ DEĞİŞKEN FON,31.08.2026,"5,197157",126485414.00,12320,"657364575,05"
YZF,YAPI KREDİ PORTFÖY PY ERENKÖY  SERBEST (DÖVIZ) ÖZEL FON,31.08.2026,"102,07163",4750000.00,1,"484840244,10"
YZG,YAPI KREDİ PORTFÖY GÜMÜŞ FON SEPETİ FONU,31.08.2026,"14,10432",832016832.00,60813,"11735031662,18"
YZH,TEB PORTFÖY BIST BANKA ENDEKSİ HİSSE SENEDİ FONU (HİSSE SENEDİ YOĞUN),31.08.2026,"11,182175",60855259.00,5532,"680494178,03"
YZK,YAPI KREDİ PORTFÖY KALAMIŞ SERBEST FON,31.08.2026,"7,909862",26714444.00,191,"211307568,99"
YZL,YAPI KREDİ PORTFÖY PY ÇAMLICA SERBEST ÖZEL FON,31.08.2026,"5,749288",95472531.00,58,"548899091,20"
YZT,AK PORTFÖY YAPAY ZEKA TEKNOLOJİLERİ ŞİRKETLERİ DEĞİŞKEN FON,31.08.2026,"1,005617",431580935.00,8566,"434005017,65"
ZA2,KUVEYT TÜRK PORTFÖY İKİNCİ SEPET HESAP PARA PİYASASI KATILIM FONU,31.08.2026,"2,073102",1929292589.00,555,"3999620414,95"
ZAD,KUVEYT TÜRK PORTFÖY SEPET HESAP KATILIM SERBEST (DÖVİZ) FON,31.08.2026,"46,559334",348735.00,50,"16236869,27"
ZAV,ZİRAAT PORTFÖY BAŞAK SERBEST (DÖVİZ-AVRO) FON,31.08.2026,"57,952909",1094767702.00,4869,"63444972656,85"
ZAY,KUVEYT TÜRK PORTFÖY SEPET HESAP PARA PİYASASI KATILIM (TL) FONU,31.08.2026,"6,463445",231104971.00,3289,"1493734250,84"
ZBD,ZİRAAT PORTFÖY DENGELİ DEĞİŞKEN FON,31.08.2026,"690,306911",1374047.39,2061,"948514415,63"
ZBI,ZİRAAT PORTFÖY TEMKİNLİ KATILIM FONU,31.08.2026,"2,319691",81530308.00,1859,"189125143,03"
ZBJ,ZİRAAT PORTFÖY BAŞAK PARA PİYASASI (TL) FONU,31.08.2026,"5,233434",16114418120.53,20114,"84333750745,78"
ZBN,ZİRAAT PORTFÖY HİSSE SENEDİ SERBEST (TL) FON (HİSSE SENEDİ YOĞUN FON),31.08.2026,"24,015552",6228038.00,166,"149569768,47"
ZBO,ZİRAAT PORTFÖY MUTLAK GETİRİ HEDEFLİ HİSSE SENEDİ SERBEST FON (HİSSE SENEDİ YOĞUN FON),31.08.2026,"3,347857",139348145.00,224,"466517620,45"
ZBZ,ZİRAAT PORTFÖY GÜLLÜ SERBEST (DÖVİZ) ÖZEL FON,31.08.2026,"68,511659",5249835.00,1,"359674907,14"
ZCA,ZİRAAT PORTFÖY ÖPY BİRİNCİ SERBEST (TL) ÖZEL FON,31.08.2026,"8,67846",7535598.00,1,"65397386,88"
ZCB,ZİRAAT PORTFÖY MGN SERBEST (DÖVİZ) ÖZEL FON,31.08.2026,"74,913728",32141.00,3,"2407802,12"
ZCC,ZİRAAT PORTFÖY DURUSU SERBEST (DÖVİZ) ÖZEL FON,31.08.2026,"80,550705",5285255.00,2,"425731018,45"
ZCD,ZİRAAT PORTFÖY ALTINCI SERBEST (TL) FON,31.08.2026,"4,984538",283600769.00,465,"1413618882,52"
ZCE,ZİRAAT PORTFÖY TÜRK ALTIN SERBEST (TL) ÖZEL FON,31.08.2026,"4,738617",2807733694.00,1,"13304773770,98"
ZCF,ZİRAAT PORTFÖY MKA SERBEST (TL) ÖZEL FON,31.08.2026,"4,155921",460998205.00,1,"1915871892,15"
ZCG,ZİRAAT PORTFÖY DOKUZUNCU SERBEST (TL) FON,31.08.2026,"6,807021",153275835.00,156,"1043351848,09"
ZCH,ZİRAAT PORTFÖY ODAK SERBEST ÖZEL FON,31.08.2026,"2,511993",2057994652.00,1,"5169668295,22"
ZCK,ZİRAAT PORTFÖY AGRESİF KATILIM FONU,31.08.2026,"1,910658",214151704.00,2409,"409170695,42"
ZCN,ZİRAAT PORTFÖY EMTİA FON SEPETİ FONU,31.08.2026,"4,122513",159627600.00,6541,"658066912,03"
ZDD,ZİRAAT PORTFÖY TEMKİNLİ DEĞİŞKEN FON,31.08.2026,"7,608224",68331505.00,1414,"519881383,36"
ZDK,ZİRAAT PORTFÖY ÖPY DÖRDÜNCÜ KATILIM SERBEST (DÖVİZ-ABD DOLARI) ÖZEL FON,31.08.2026,"15,874261",209538.00,1,"3326260,85"
ZDZ,ZİRAAT PORTFÖY AGRESİF DEĞİŞKEN FON,31.08.2026,"13,273758",78451130.00,8589,"1041341301,47"
ZFB,AK PORTFÖY FİNTEK VE BLOKZİNCİRİ TEKNOLOJİLERİ DEĞİŞKEN FON,31.08.2026,"7,299572",142852519.00,15203,"1042762225,90"
ZFZ,ZİRAAT PORTFÖY ANKARA SERBEST (DÖVİZ) ÖZEL FON,31.08.2026,"70,85216",321427105.00,3,"22773804556,63"
ZHH,ZİRAAT PORTFÖY HALKBANK SÜRDÜRÜLEBİLİRLİK 30 ŞİRKETLERİ HİSSE SENEDİ FONU (HİSSE SENEDİ YOĞUN FON),31.08.2026,"1,491342",60690468.00,1054,"90510223,43"
ZIH,ZİRAAT PORTFÖY HAVACILIK VE SAVUNMA TEKNOLOJİLERİ DEĞİŞKEN FON,31.08.2026,"0,975428",638825795.00,8856,"623128692,98"
ZJB,ZİRAAT PORTFÖY BİRİNCİ SERBEST (TL) FON,31.08.2026,"10,426841",809168582.00,1715,"8437072334,31"
ZJH,ZİRAAT PORTFÖY V10 SERBEST (DÖVİZ) ÖZEL FON,31.08.2026,"62,27779",3385999.00,1,"210872535,97"
ZJI,ZİRAAT PORTFÖY İKİNCİ SERBEST (TL) FON,31.08.2026,"10,798389",633078144.00,1665,"6836224138,44"
ZJL,ZİRAAT PORTFÖY BIST 100 DIŞI ŞİRKETLER HİSSE SENEDİ FONU (HİSSE SENEDİ YOĞUN FON),31.08.2026,"15,412056",27206600.00,2585,"419309648,09"
ZJT,ZİRAAT PORTFÖY DURU SERBEST (DÖVİZ) ÖZEL FON,31.08.2026,"68,773236",19895159.00,1,"1368254464,58"
ZJV,ZİRAAT PORTFÖY BIST 30 DIŞI YILDIZ PAZAR ŞİRKETLERİ HİSSE SENEDİ FONU (HİSSE SENEDİ YOĞUN FON),31.08.2026,"11,084903",62952400.00,1338,"697821270,47"
ZK1,ZİRAAT PORTFÖY BAŞAK KATILIM SERBEST (DÖVİZ-AMERİKAN DOLARI) FON,31.08.2026,"50,83434",43600156.00,109,"2216385134,79"
ZK2,ZİRAAT PORTFÖY BAŞAK KATILIM SERBEST (DÖVİZ-AVRO) FON,31.08.2026,"58,847183",19640495.00,72,"1155787798,73"
ZKK,ZİRAAT PORTFÖY ESSA KATILIM SERBEST (DÖVİZ-AVRO) ÖZEL FON,31.08.2026,"25,449128",93667474.00,1,"2383755520,82"
ZLB,TEB PORTFÖY TEB ÖZEL BANKACILIK SERBEST (DÖVİZ) ÖZEL FON,31.08.2026,"50,678239",9657151.00,46,"489407405,39"
ZLG,AK PORTFÖY MARAL SERBEST (DÖVİZ) ÖZEL FON,31.08.2026,"65,168368",16832812.00,1,"1096966894,69"
ZLH,ZİRAAT PORTFÖY BIST 100-30 ŞİRKETLERİ HİSSE SENEDİ FONU ( HİSSE SENEDİ YOĞUN FON),31.08.2026,"11,849458",39089900.00,3363,"463194115,45"
ZMT,AZİMUT PORTFÖY 22.0 SERBEST (DÖVİZ-AVRO) FON,31.08.2026,"63,836876",26852299.00,313,"1714166883,62"
ZMU,AZİMUT PORTFÖY 23.0 HİSSE SENEDİ SERBEST FON (HİSSE SENEDİ YOĞUN FON),31.08.2026,"0,214506",90283015.00,14,"19366250,79"
ZMY,ZİRAAT PORTFÖY METAVERSE VE YENİ TEKNOLOJİLER DEĞİŞKEN FON,31.08.2026,"6,598001",29464900.00,2805,"194409436,79"
ZNF,ZİRAAT PORTFÖY BDEM SERBEST (DÖVİZ-AVRO) ÖZEL FON,31.08.2026,"55,780198",15219818.00,1,"848964464,05"
ZOS,ZİRAAT PORTFÖY ONBEŞİNCİ SERBEST FON,31.08.2026,"1,921636",306521428.00,11,"589022539,75"
ZP1,ZİRAAT PORTFÖY ANTALYA SERBEST (DÖVİZ) ÖZEL FON,31.08.2026,"63,675152",1013938.00,2,"64562656,77"
ZP2,ZİRAAT PORTFÖY İKİNCİ İSTATİSTİKSEL ARBİTRAJ SERBEST (TL) ÖZEL FON,31.08.2026,"5,851961",106786382.00,1,"624909757,76"
ZP3,ZİRAAT PORTFÖY ÜÇÜNCÜ İSTATİSTİKSEL ARBİTRAJ SERBEST (TL) ÖZEL FON,31.08.2026,"4,96048",111821825.00,1,"554689877,51"
ZP6,ZİRAAT PORTFÖY SEDEF KATILIM SERBEST (DÖVİZ - AMERİKAN DOLARI) FON,31.08.2026,"58,882112",95515439.00,1501,"5624150823,09"
ZP7,ZİRAAT PORTFÖY TE4 SERBEST (DÖVİZ) ÖZEL FON,31.08.2026,"68,813044",18886273.00,1,"1299621927,61"
ZP8,ZİRAAT PORTFÖY KEHRİBAR PARA PİYASASI KATILIM SERBEST (TL) FON,31.08.2026,"4,120224",14943513105.00,4332,"61570617376,42"
ZP9,ZİRAAT PORTFÖY AKİK KATILIM SERBEST (DÖVİZ-AVRO) FON,31.08.2026,"61,307099",36160495.00,814,"2216895063,70"
ZPA,ZİRAAT PORTFÖY SERBEST (DÖVİZ) FON,31.08.2026,"67,416696",65486564.00,913,"4414887781,39"
ZPC,ZİRAAT PORTFÖY FON SEPETİ FONU,31.08.2026,"19,930808",165028526.00,2787,"3289151827,67"
ZPE,ZİRAAT PORTFÖY KATILIM HİSSE SENEDİ FONU (HİSSE SENEDİ YOĞUN FON),31.08.2026,"36,469073",35942063.84,7218,"1310773758,29"
ZPF,ZİRAAT PORTFÖY KATILIM FONU (DÖVİZ),31.08.2026,"23,353539",32180123.00,3426,"751519744,21"
ZPG,ZİRAAT PORTFÖY KİRA SERTİFİKALARI (SUKUK) KATILIM FONU,31.08.2026,"10,770181",146288876.43,6473,"1575557692,64"
ZPH,ZİRAAT PORTFÖY PAYLAŞIMLI HESAP PARA PİYASASI KATILIM SERBEST (TL) FON,31.08.2026,"1,529906",392833338.00,57,"600998091,40"
ZPJ,ZİRAAT PORTFÖY KATILIM HİSSE SENEDİ SERBEST (TL) FON (HİSSE SENEDİ YOĞUN FON),31.08.2026,"11,76663",10192185.00,318,"119927674,33"
ZPK,ZİRAAT PORTFÖY KISA VADELİ KİRA SERTİFİKASI KATILIM (TL) FONU,31.08.2026,"8,495241",2408182107.00,29944,"20458088561,56"
ZPN,ZİRAAT PORTFÖY BUDİN SERBEST (DÖVİZ) ÖZEL FON,31.08.2026,"73,192397",26910765.00,1,"1969663408,72"
ZPO,ZİRAAT PORTFÖY PARA PİYASASI KATILIM FONU,31.08.2026,"1,051131",1690645534.00,1736,"1777089883,50"
ZPR,ZİRAAT PORTFÖY PARA PİYASASI SERBEST FON,31.08.2026,"1,559598",26076097510.00,910,"40668236977,78"
ZR2,ZİRAAT PORTFÖY YEŞİLKÖY SERBEST ÖZEL FON,31.08.2026,"1,483006",946669725.00,1,"1403916707,52"
ZR3,ZİRAAT PORTFÖY ONÜÇÜNCÜ SERBEST (TL) FON,31.08.2026,"0,527534",302641774.00,142,"159653940,99"
ZSB,ZİRAAT PORTFÖY İKİNCİ İSTATİSTİKSEL ARBİTRAJ SERBEST FON,31.08.2026,"12,1753",299315692.00,24,"3644258249,53"
ZSF,ZİRAAT PORTFÖY S&P/OIC COMCEC (İSEDAK) 50 SHARİAH ŞİRKETLERİ YABANCI HİSSE SENEDİ FONU,31.08.2026,"53,353879",781339.00,1604,"41687466,42"
ZSG,ZİRAAT PORTFÖY ESG SÜRDÜRÜLEBİLİRLİK FON SEPETİ FONU,31.08.2026,"4,385553",11445200.00,917,"50193535,23"
ZSK,ZİRAAT PORTFÖY SSA KATILIM SERBEST (DÖVİZ) ÖZEL FON,31.08.2026,"59,054764",43521430.00,1,"2570147762,76"
ZSN,ZİRAAT PORTFÖY ÖPY BEŞİNCİ SERBEST (DÖVİZ-ABD DOLARI) ÖZEL FON,31.08.2026,"57,218966",54460061.00,2,"3116148384,08"
ZTF,ZİRAAT PORTFÖY BİRİNCİ İSTATİSTİKSEL ARBİTRAJ SERBEST (TL) ÖZEL FON,31.08.2026,"7,64113",274862095.00,1,"2100257040,01"
ZTG,ZİRAAT PORTFÖY TARIM VE GIDA FON SEPETİ FONU,31.08.2026,"1,35753",29086174.00,1037,"39485344,43"
ZTV,ZİRAAT PORTFÖY TÜRKİYE VARLIK FONU İŞTİRAKLERİ HİSSE SENEDİ FONU (HİSSE SENEDİ YOĞUN FON),31.08.2026,"1,054048",596417213.00,1456,"628652264,23"
ZUD,ZİRAAT PORTFÖY THE SERBEST ÖZEL FON,31.08.2026,"4,341886",207749576.00,1,"902025065,30"
ZUE,ZİRAAT PORTFÖY TS SERBEST ÖZEL FON,31.08.2026,"5,154952",1530193061.00,1,"7888072085,91"
ZUS,ZİRAAT PORTFÖY BAŞAK SERBEST (DÖVİZ-AMERİKAN DOLARI) FON,31.08.2026,"50,772154",1157940025.00,3356,"58791109026,03"
ZVB,ATLAS PORTFÖY SERBEST (TL) FON,31.08.2026,"97,759069",2508627.00,11,"245241040,78"
ZVO,ZİRAAT PORTFÖY ÜÇÜNCÜ SERBEST (TL) FON,31.08.2026,"3,623516",230493994.00,311,"835198676,98"
ZYC,ZİRAAT PORTFÖY TS SERBEST (TL) ÖZEL FON,31.08.2026,"4,983089",1833786550.00,1,"9137921014,21"
ZYD,ZİRAAT PORTFÖY THE SERBEST (TL) ÖZEL FON,31.08.2026,"4,949854",1844187892.00,1,"9128459939,29"
ZZL,ZİRAAT PORTFÖY ONDÖRDÜNCÜ SERBEST FON,31.08.2026,"85,066801",509319.00,15,"43326137,95"