Dışa Aktarım Tarihi:,18.09.2026 09:56:12
Toplam Kayıt Sayısı:,2039

Fon Kodu,Fon Adı,Tarih,Fiyat,Tedavüldeki Pay Sayısı,Kişi Sayısı,Fon Toplam Değer
AAL,ATA PORTFÖY PARA PİYASASI (TL) FONU,18.09.2026,"0,00",0.00,4431,"0,00"
AAS,ATA PORTFÖY FON SEPETİ SERBEST FONU,18.09.2026,"12,900187",1331419.00,147,"17175554,39"
AAV,ATA PORTFÖY İKİNCİ HİSSE SENEDİ (TL) FONU (HİSSE SENEDİ YOĞUN FON),18.09.2026,"62,337134",2183733.00,1929,"136127657,32"
ABG,ATLAS PORTFÖY DÖRDÜNCÜ SERBEST (TL) FON,18.09.2026,"106,469182",130696078.00,181,"13915104512,58"
ABJ,ALLBATROSS PORTFÖY BENZ HİSSE SENEDİ SERBEST (TL) ÖZEL FON (HİSSE SENEDİ YOĞUN FON),18.09.2026,"0,59633",1337341991.00,3,"797497050,46"
ABU,AK PORTFÖY BİREBİR BANKACILIK DEĞİŞKEN ÖZEL FON,18.09.2026,"0,107765",580303972.00,37,"62536508,46"
AC1,PARDUS PORTFÖY KISA VADELİ KATILIM SERBEST FONU,18.09.2026,"3,317241",102348897.00,194,"339515923,62"
AC2,PARDUS PORTFÖY İKİNCİ SERBEST FON,18.09.2026,"2,441231",7427922197.00,44,"18133271490,71"
AC3,PARDUS PORTFÖY ÜÇÜNCÜ SERBEST (DÖVİZ) FON,18.09.2026,"60,370437",2090562.00,14,"126208140,74"
AC4,PARDUS PORTFÖY PARA PİYASASI (TL) FON,18.09.2026,"4,119616",457466283.00,4106,"1884585190,95"
AC5,PARDUS PORTFÖY İSTATİSTİKSEL ARBİTRAJ HİSSE SENEDİ SERBEST (TL) FON (HİSSE SENEDİ YOĞUN FON),18.09.2026,"3,844752",6190256.00,143,"23799999,88"
AC6,PARDUS PORTFÖY DÖRDÜNCÜ SERBEST (DÖVİZ) FON,18.09.2026,"56,080724",1302167.00,81,"73026467,56"
AC7,PARDUS PORTFÖY BİRİNCİ HİSSE SENEDİ SERBEST (TL) FON (HİSSE SENEDİ YOĞUN FON),18.09.2026,"0,00",0.00,44,"0,00"
AC8,PARDUS PORTFÖY İKİNCİ HİSSE SENEDİ SERBEST (TL) FON (HİSSE SENEDİ YOĞUN FON),18.09.2026,"164,464982",15143517.00,96,"2490578257,03"
ACC,İSTANBUL PORTFÖY DÖRDÜNCÜ HİSSE SENEDİ FONU (HİSSE SENEDİ YOĞUN),18.09.2026,"42,855791",1996715.00,1261,"85570800,84"
ACD,İSTANBUL PORTFÖY İKİNCİ DEĞİŞKEN FON,18.09.2026,"6,075724",57851452.77,1481,"351489479,38"
ACN,İSTANBUL PORTFÖY LİDYA SERBEST (DÖVİZ) FON,18.09.2026,"12,837855",51041587.00,16,"655264467,39"
ACU,İSTANBUL PORTFÖY URARTU SERBEST (DÖVİZ) FON,18.09.2026,"58,024648",25459788.00,159,"1477295225,98"
ADE,AK PORTFÖY MUTLAK GETİRİ HEDEFLİ DEĞİŞKEN FON,18.09.2026,"0,904656",752214321.00,25452,"680495132,76"
ADP,AK PORTFÖY BIST BANKA ENDEKSİ HİSSE SENEDİ (TL) FONU (HİSSE SENEDİ YOĞUN FON),18.09.2026,"1,28204",3135655215.00,21363,"4020034691,27"
AED,ATA PORTFÖY BİRİNCİ DEĞİŞKEN FON,18.09.2026,"114,329789",570698.09,1375,"65247791,99"
AES,AK PORTFÖY PETROL YABANCI BYF FON SEPETİ FONU,18.09.2026,"0,00",0.00,37399,"0,00"
AEV,ALLBATROSS PORTFÖY SANAYİ ŞİRKETLERİ HİSSE SENEDİ (TL) FONU (HİSSE SENEDİ YOĞUN FON),18.09.2026,"1,96904",4280645.00,398,"8428762,14"
AFA,AK PORTFÖY AMERİKA YABANCI HİSSE SENEDİ FONU,18.09.2026,"1,298446",4194269928.00,47057,"5446034897,58"
AFO,AK PORTFÖY ALTIN FONU,18.09.2026,"1,327418",14303818624.00,81198,"18987149040,75"
AFS,AK PORTFÖY SAĞLIK SEKTÖRÜ YABANCI HİSSE SENEDİ FONU,18.09.2026,"0,352902",2570423707.00,29085,"907106963,07"
AFT,AK PORTFÖY YENİ TEKNOLOJİLER YABANCI HİSSE SENEDİ FONU,18.09.2026,"0,993849",18904307718.00,136203,"18788024881,52"
AFV,AK PORTFÖY AVRUPA YABANCI HİSSE SENEDİ FONU,18.09.2026,"0,598732",2010298487.00,14657,"1203630223,14"
AGC,AK PORTFÖY İKİNCİ DEĞİŞKEN FON,18.09.2026,"9,545948",11030333.00,2465,"105294988,32"
AHH,AZİMUT PORTFÖY DİNAMİK DAĞIMLI SERBEST FON,18.09.2026,"11,203657",21370610.00,15,"239428994,51"
AHI,ATLAS PORTFÖY BİRİNCİ HİSSE SENEDİ FONU(HİSSE SENEDİ YOĞUN),18.09.2026,"34,804958",3001101.00,2467,"104453193,69"
AHN,ATLAS PORTFÖY SERBEST(DÖVİZ)FON,18.09.2026,"70,100617",470380.00,100,"32973928,02"
AHU,ATLAS PORTFÖY BİRİNCİ ÖZEL SEKTÖR BORÇLANMA ARAÇLARI FONU,18.09.2026,"11,669089",6926511.00,568,"80826071,12"
AHV,AZİMUT PORTFÖY DENGELİ FON SEPETİ FONU,18.09.2026,"21,776602",6192376.00,207,"134848908,04"
AHZ,AZİMUT PORTFÖY ATAK FON SEPETİ SERBEST FON,18.09.2026,"31,664231",3162820.00,13,"100148261,73"
AI1,ATA PORTFÖY BİRİNCİ İSTATİSTİKSEL ARBİTRAJ SERBEST FON,18.09.2026,"1,284588",48917729.00,16,"62839144,90"
AIH,AK PORTFÖY RTH HİSSE SENEDİ SERBEST ÖZEL FON (HİSSE SENEDİ YOĞUN FON),18.09.2026,"16,469543",9510664.00,4,"156636290,84"
AII,AZİMUT PORTFÖY ÇINAR SERBEST (DÖVİZ) ÖZEL FON,18.09.2026,"97,377701",3942000.00,3,"383862896,51"
AIM,AK PORTFÖY MİMKA HİSSE SENEDİ SERBEST ÖZEL FON (HİSSE SENEDİ YOĞUN FON),18.09.2026,"26,127186",2162287.00,1,"56494475,34"
AIR,AZİMUT PORTFÖY ESİN SERBEST (DÖVİZ) ÖZEL FON,18.09.2026,"167,078072",8924416.00,4,"1491074219,92"
AIS,AK PORTFÖY PARA PİYASASI KATILIM FONU,18.09.2026,"0,11056",97193342903.00,24066,"10745719375,96"
AJ1,A1 CAPİTAL PORTFÖY İSTATİSTİKSEL ARBİTRAJ HİSSE SENEDİ SERBEST FON (HİSSE SENEDİ YOĞUN FON),18.09.2026,"1,362431",7567639.00,82,"10310386,39"
AJE,AK PORTFÖY ÜÇÜNCÜ SERBEST ( DÖVİZ ) FON,18.09.2026,"64,466315",40196878.00,933,"2591344615,65"
AJK,AK PORTFÖY 0-5 YIL VADELİ SERBEST (DÖVİZ) FON,18.09.2026,"65,554478",1945997.00,133,"127568816,80"
AJL,AK PORTFÖY BEŞİNCİ SERBEST (DÖVİZ) FON,18.09.2026,"65,481218",68647546.00,1234,"4495124896,17"
AJN,AK PORTFÖY DÖRDÜNCÜ SERBEST (DÖVIZ) FON,18.09.2026,"62,643996",6403449.00,259,"401137633,72"
AK2,AK PORTFÖY UZUN VADELİ BORÇLANMA ARAÇLARI FONU,18.09.2026,"0,553714",497590531.00,9237,"275522884,96"
AK3,AK PORTFÖY HİSSE SENEDİ (TL) FONU (HİSSE SENEDİ YOĞUN FON),18.09.2026,"52,268329",154673694.00,20651,"8084535453,11"
AKE,AK PORTFÖY EUROBOND (AMERİKAN DOLARI) BORÇLANMA ARAÇLARI FONU,18.09.2026,"0,528704",1959383539.00,13343,"1035933219,05"
AKU,AK PORTFÖY BIST 30 ENDEKSİ HİSSE SENEDİ (TL) FONU (HİSSE SENEDİ YOĞUN FON),18.09.2026,"0,967007",2582175749.00,18417,"2496981938,02"
AL4,ALBARAKA PORTFÖY ALBARAKA TÜRK KISA VADELİ KATILIM SERBEST (TL) FON,18.09.2026,"4,104608",318546011.00,12,"1307506572,63"
AL5,ALBARAKA PORTFÖY KATILIM SERBEST (DÖVİZ) FON,18.09.2026,"54,831483",248898965.00,2339,"13647499275,50"
AL6,ALBARAKA PORTFÖY VAKIF KATILIM KISA VADELİ KATILIM SERBEST (TL) FON,18.09.2026,"4,014395",1426593054.00,12,"5726908591,80"
AL7,ALBARAKA PORTFÖY İKİNCİ KISA VADELİ KATILIM SERBEST (TL) FON,18.09.2026,"3,870921",2405538953.00,114,"9311651715,95"
ALC,AK PORTFÖY KAR PAYI ÖDEYEN ŞİRKETLER HİSSE SENEDİ (TL) FONU (HİSSE SENEDİ YOĞUN FON),18.09.2026,"0,36545",4355637968.00,24789,"1591768865,18"
ALE,AK PORTFÖY PARA PİYASASI (TL) FONU,18.09.2026,"13,889117",5527667059.00,140293,"76774414679,54"
AN1,STRATEJİ PORTFÖY BİRİNCİ DEĞİŞKEN FON,18.09.2026,"115,065987",11859404.25,2849,"1364614053,70"
ANL,AK PORTFÖY ALTERNATİF BANK PARA PİYASASI (TL)FONU,18.09.2026,"38,540676",17440591.00,3591,"672172167,60"
ANZ,ATA PORTFÖY DÖRDÜNCÜ SERBEST (DÖVİZ) FON,18.09.2026,"21,868104",11836330.00,154,"258838100,84"
AOJ,ALLBATROSS PORTFÖY İNŞAAT SEKTÖRÜ HİSSE SENEDİ SERBEST (TL) FON (HİSSE SENEDİ YOĞUN FON),18.09.2026,"1,515205",12627150.00,195,"19132722,53"
AOY,AK PORTFÖY ALTERNATİF ENERJİ YABANCI HİSSE SENEDİ FONU,18.09.2026,"0,352046",2747721941.00,34866,"967323977,59"
AP2,ATLAS PORTFÖY BEŞİNCİ SERBEST (TL) FON,18.09.2026,"2,382834",279216621.00,33,"665326802,74"
AP4,ATLAS PORTFÖY DÖRDÜNCÜ HİSSE SENEDİ SERBEST FON (HİSSE SENEDİ YOĞUN FON),18.09.2026,"0,808392",249218342.00,11,"201466069,97"
AP5,ATLAS PORTFÖY BEŞİNCİ HİSSE SENEDİ SERBEST FON (HİSSE SENEDİ YOĞUN FON),18.09.2026,"0,807162",1043165.00,15,"842002,72"
AP6,PARDUS PORTFÖY ALTINCI HİSSE SENEDİ SERBEST (TL) FON (HİSSE SENEDİ YOĞUN FON),18.09.2026,"0,00",0.00,45,"0,00"
AP7,PARDUS PORTFÖY ALGO ETNA İSTATİSTİKSEL ARBİTRAJ SERBEST FON,18.09.2026,"2,734847",71357525.00,412,"195151905,23"
APJ,AK PORTFÖY BIST ŞİRKETLERİ FON SEPETİ FONU,18.09.2026,"0,00",0.00,2863,"0,00"
APP,AK PORTFÖY P1 SERBEST ÖZEL FON,18.09.2026,"33,752989",1457956.00,1,"49210373,01"
APT,AK PORTFÖY ORTA VADELI BORÇLANMA ARAÇLARI FONU,18.09.2026,"0,16458",2611316474.00,13195,"429769324,59"
ARE,İSTANBUL PORTFÖY YABANCI HİSSE SENEDİ FONU,18.09.2026,"0,252237",254447237.00,2022,"64181111,70"
ARF,AK PORTFÖY ÖPY İKİNCİ SERBEST (TL) ÖZEL FON,18.09.2026,"9,11428",90349894.00,1,"823474252,13"
ARL,AK PORTFÖY BİRİNCİ FON SEPETİ FONU,18.09.2026,"0,00",0.00,7294,"0,00"
ARM,AK PORTFÖY İKİNCİ FON SEPETİ FONU,18.09.2026,"0,00",0.00,4961,"0,00"
ARP,AK PORTFÖY ÖPY BİRİNCİ SERBEST ÖZEL FON,18.09.2026,"41,68252",75563996.00,1,"3149697756,71"
AS1,ALLBATROSS PORTFÖY BİRİNCİ SERBEST (DÖVİZ) FON,18.09.2026,"46,005865",138482.00,35,"6370984,23"
AS3,ALLBATROSS PORTFÖY ATLAS SERBEST FON,18.09.2026,"0,688738",225848856.00,19,"155550763,18"
ASJ,AKTİF PORTFÖY HİSSE SENEDİ (TL) FONU (HİSSE SENEDİ YOĞUN FON),18.09.2026,"3,838665",15249640.00,741,"58538260,37"
ATJ,AZİMUT PORTFÖY İKİNCİ DEĞİŞKEN FON,18.09.2026,"22,049279",45294433.00,9,"998709568,35"
AU1,A1 CAPİTAL PORTFÖY ALTIN FONU,18.09.2026,"0,00",0.00,838,"0,00"
AUV,AK PORTFÖY UZUN VADELİ SERBEST (DÖVİZ) FON,18.09.2026,"49,734036",7700586.00,509,"382981222,80"
AVC,ATA PORTFÖY İKİNCİ SERBEST (TL) FON,18.09.2026,"123,936901",2028702.00,12,"251431039,76"
AVT,AK PORTFÖY KISA VADELİ BORÇLANMA ARAÇLARI (TL) FONU,18.09.2026,"232,694939",18772447.00,20344,"4368253413,77"
AVZ,AK PORTFÖY EMS SERBEST ( DÖVİZ ) ÖZEL FON,18.09.2026,"95,08034",2241218.00,1,"213095769,87"
AY6,AZİMUT PORTFÖY 26.0 SERBEST FON,18.09.2026,"1,395625",78262194.00,11,"109224685,38"
AY7,AZİMUT PORTFÖY 27.0 SERBEST FON,18.09.2026,"1,728567",189103512.00,12,"326878120,43"
AYA,ATA PORTFÖY KAR PAYI ÖDEYEN HİSSE SENEDİ (TL) FONU (HİSSE SENEDİ YOĞUN FON),18.09.2026,"18,525326",55874771.00,9295,"1035098330,67"
AYR,AK PORTFÖY ÖZEL SEKTÖR BORÇLANMA ARAÇLARI (TL) FONU,18.09.2026,"0,143918",11561846076.00,13101,"1663954474,89"
AZF,AK PORTFÖY PY ÖZEL SEKTÖR BORÇLANMA ARAÇLARI (TL) ÖZEL FONU,18.09.2026,"0,191258",3325162435.00,4,"635963275,16"
AZJ,AZİMUT PYŞ STRATEJİ-1 SERBEST FON,18.09.2026,"21,617661",94987758.00,67,"2053413142,06"
AZV,AZİMUT PORTFÖY BKS SERBEST (DÖVİZ) ÖZEL FON,18.09.2026,"27,64387",167567815.00,5,"4632222865,84"
AZZ,AK PORTFÖY ÖPY MUTLAK GETİRİ HEDEFLİ SERBEST (DÖVİZ) ÖZEL FON,18.09.2026,"64,974442",396560633.00,6,"25766305985,94"
BA1,GLOBAL MD PORTFÖY BİRİNCİ SERBEST FON,18.09.2026,"2,141949",205328340.00,38,"439802882,91"
BAC,ATLAS PORTFÖY BİRİNCİ HİSSE SENEDİ SERBEST FON (HİSSE SENEDİ YOĞUN FON),18.09.2026,"0,9514",854692790.00,12,"813154558,02"
BAG,BULLS PORTFÖY ATAK DEĞIŞKEN FON,18.09.2026,"1,034193",90442779.00,173,"93535298,70"
BAI,BV PORTFÖY ALTIN KATILIM FONU,18.09.2026,"1,087294",56916528.00,124,"61884980,85"
BAL,QNB PORTFÖY BALY SERBEST (DÖVİZ) ÖZEL FON,18.09.2026,"50,677646",21974290.00,1,"1113605284,37"
BAO,AZİMUT PORTFÖY BARKIN SERBEST (TL) ÖZEL FON,18.09.2026,"2,73634",23497385.00,4,"64296824,03"
BAS,İŞ PORTFÖY BAŞAK SERBEST (DÖVİZ) ÖZEL FON,18.09.2026,"54,415079",28610784.00,1,"1556858071,49"
BBF,PARDUS PORTFÖY BİRİNCİ BORÇLANMA ARAÇLARI (TL) FONU,18.09.2026,"3,684824",38997858.00,855,"143700235,32"
BBI,ALLBATROSS PORTFÖY BİANCO SERBEST (TL) FON,18.09.2026,"1,062532",680424.00,14,"722971,95"
BBN,BULLS PORTFÖY BİRİNCİ HİSSE SENEDİ SERBEST (TL) FON (HİSSE SENEDİ YOĞUN FON),18.09.2026,"0,457979",2300561179.00,12,"1053608063,78"
BBO,BULLS PORTFÖY BANKACILIK SEKTÖRÜ DIŞI ŞİRKETLER HİSSE SENEDİ SERBEST FON (HİSSE SENEDİ YOĞUN FON),18.09.2026,"0,015403",4619421.00,8,"71155,01"
BBP,ALLBATROSS PORTFÖY BİRİNCİ BORÇLANMA ARAÇLARI FONU,18.09.2026,"2,313496",7976707.00,593,"18454078,79"
BBS,BULLS PORTFÖY BİRİNCİ SERBEST (TL) FON,18.09.2026,"1,672034",324979481.00,663,"543376865,62"
BCC,ASTRA PORTFÖY BCC SERBEST (DÖVİZ) ÖZEL FON,18.09.2026,"79,917316",41712119.00,3,"3333520613,76"
BCK,DENİZ PORTFÖY BLOCKCHAİN VE FINTECH TEKNOLOJİLERİ DEĞİŞKEN FON,18.09.2026,"2,042195",55571202.00,2415,"113487218,42"
BCO,BULLS PORTFÖY ÇOKLU VARLIK KATILIM FONU,18.09.2026,"1,964851",47719477.00,1317,"93761661,75"
BDA,YAPI KREDİ PORTFÖY BİRİNCİ KATILIM SERBEST (DÖVİZ-AVRO) FON,18.09.2026,"57,100518",101944235.00,806,"5821068613,27"
BDC,AURA PORTFÖY BODRUM SERBEST FON,18.09.2026,"9,27727",34040015.00,28,"315798425,04"
BDI,PARDUS PORTFÖY BIST 50 DIŞI ŞİRKETLER HİSSE SENEDİ SERBEST (TL) FON (HİSSE SENEDİ YOĞUN FON),18.09.2026,"0,00",0.00,72,"0,00"
BDO,BULLS PORTFÖY DÖRDÜNCÜ HİSSE SENEDİ SERBEST FON (HİSSE SENEDİ YOĞUN FON),18.09.2026,"1,934564",643317774.00,11,"1244539486,13"
BDS,PARDUS PORTFÖY BIST 30 DIŞI ŞİRKETLER HİSSE SENEDİ (TL) FONU (HİSSE SENEDİ YOĞUN FON),18.09.2026,"1,878936",83035383.00,6734,"156018135,50"
BDY,AK PORTFÖY BIST 100 DIŞI ŞİRKETLER HİSSE SENEDİ (TL) FONU (HİSSE SENEDİ YOĞUN FON),18.09.2026,"1,629495",59920907.00,2348,"97640814,97"
BFE,ALLBATROSS PORTFÖY BİRİNCİ FON SEPETİ FONU,18.09.2026,"1,79726",5602268.00,54,"10068730,13"
BFO,İŞ PORTFÖY BFO1 SERBEST (DÖVİZ) ÖZEL FON,18.09.2026,"53,754651",290304957.00,1,"15605241585,78"
BFS,BULLS PORTFÖY EMTİA FON SEPETİ FONU,18.09.2026,"1,110985",24355360.00,323,"27058447,18"
BFT,AZİMUT PORTFÖY BANKA VE FİNANS SEKTÖRÜ HİSSE SENEDİ FONU (HİSSE SENEDİ YOĞUN FON),18.09.2026,"1,162215",169251714.00,617,"196706879,18"
BGH,AZİMUT PORTFÖY BGN HİSSE SENEDİ SERBEST ÖZEL FON (HİSSE SENEDİ YOĞUN FON),18.09.2026,"2,383982",470029440.00,1,"1120541768,89"
BGP,AK PORTFÖY ÜÇÜNCÜ PARA PİYASASI (TL) FONU,18.09.2026,"6,724047",7524934280.00,28757,"50598014467,82"
BGR,AK PORTFÖY BIST GYO ENDEKSİ HİSSE SENEDİ (TL) FONU (HİSSE SENEDİ YOĞUN FON),18.09.2026,"0,919846",33224158.00,252,"30561094,82"
BHA,BULLS PORTFÖY HİSSE SENEDİ (TL) FONU (HİSSE SENEDİ YOĞUN FON),18.09.2026,"1,748522",47442345.00,751,"82953968,66"
BHE,AK PORTFÖY BİRİNCİ HİSSE SENEDİ SERBEST FON (HİSSE SENEDİ YOĞUN FON),18.09.2026,"1,78203",22117133.00,103,"39413401,77"
BHF,PARDUS PORTFÖY BİRİNCİ DEĞİŞKEN FON,18.09.2026,"3,124374",53221909.00,1374,"166285164,93"
BHH,PARDUS PORTFÖY BEŞİNCİ HİSSE SENEDİ SERBEST (TL) FON (HİSSE SENEDİ YOĞUN FON),18.09.2026,"0,00",0.00,71,"0,00"
BHI,BV PORTFÖY MUTLAK GETİRİ HEDEFLİ HİSSE SENEDİ SERBEST (TL) FON (HİSSE SENEDİ YOĞUN FON),18.09.2026,"2,412599",970244635.00,442,"2340811611,38"
BHL,İŞ PORTFÖY BİRİNCİ HİSSE SENEDİ SERBEST FON (HİSSE SENEDİ YOĞUN FON),18.09.2026,"1,242161",54901471.00,742,"68196483,72"
BHN,A1 CAPİTAL PORTFÖY BANKACILIK SEKTÖRÜ DIŞI ŞİRKETLER HİSSE SENEDİ SERBEST (TL) FON (HİSSE SENEDİ YOĞUN FON),18.09.2026,"1,15139",333585058.00,41,"384086434,11"
BHO,AZİMUT PORTFÖY BİRİNCİ PY HİSSE SENEDİ SERBEST ÖZEL FON (HİSSE SENEDİ YOĞUN FON),18.09.2026,"1,230609",1224797601.00,1,"1507246709,74"
BI5,BULLS PORTFÖY BIST 50 DIŞI ŞİRKETLER HİSSE SENEDİ SERBEST FON (HİSSE SENEDİ YOĞUN FON),18.09.2026,"0,864542",2828728.00,10,"2445555,07"
BIA,TRİVE PORTFÖY İSTATİSTİKSEL ARBİTRAJ HİSSE SENEDİ SERBEST FON (HİSSE SENEDİ YOĞUN FON),18.09.2026,"0,170592",138749377.00,18,"23669538,12"
BID,QNB PORTFÖY BIST 100 DIŞI ŞİRKETLER HİSSE SENEDİ (TL) FONU (HİSSE SENEDİ YOĞUN FON),18.09.2026,"3,046515",70364148.00,2000,"214365466,46"
BIG,YAPI KREDİ PORTFÖY ÜÇÜNCÜ HİSSE SENEDİ FONU (HİSSE SENEDİ YOĞUN FON),18.09.2026,"1,427705",333091009.00,3183,"475555574,53"
BIH,PARDUS PORTFÖY BİRİNCİ HİSSE SENEDİ (TL) FONU (HİSSE SENEDİ YOĞUN FON),18.09.2026,"8,979722",99737066.00,483,"895611158,20"
BIK,BULLS PORTFÖY İKİNCİ HİSSE SENEDİ SERBEST (TL) FON (HİSSE SENEDİ YOĞUN FON),18.09.2026,"0,877924",2326200650.00,14,"2042227675,70"
BIO,İŞ PORTFÖY SÜRDÜRÜLEBİLİRLİK HİSSE SENEDİ (TL) FONU (HİSSE SENEDİ YOĞUN FON),18.09.2026,"2,327531",273992653.00,9707,"637726363,06"
BIP,İSTANBUL PORTFÖY BİRİNCİ PARA PİYASASI SERBEST (TL) FON,18.09.2026,"1,687767",3267619354.00,213,"5514979908,24"
BIS,BV PORTFÖY BİRİNCİ SERBEST FON,18.09.2026,"1,822695",443689574.00,58,"808710550,51"
BIY,AZİMUT PORTFÖY BIST 100 DIŞI ŞİRKETLER HİSSE SENEDİ FONU (HİSSE SENEDİ YOĞUN FON),18.09.2026,"1,202653",60482099.00,273,"72738997,94"
BJD,AZİMUT PORTFÖY 13.0 SERBEST (DÖVİZ) FON,18.09.2026,"54,177865",13400136.00,102,"725990760,69"
BKO,AZİMUT PORTFÖY BİRİNCİ KATILIM SERBEST ÖZEL FON,18.09.2026,"1,315344",3501542901.00,1,"4605732124,38"
BKY,YAPI KREDİ PORTFÖY BİRİNCİ KATILIM SERBEST (DÖVİZ) FON,18.09.2026,"50,72715",172693874.00,1098,"8760268066,96"
BLA,BULLS PORTFÖY ALGORİTMİK HİSSE SENEDİ SERBEST (TL) FON (HİSSE SENEDİ YOĞUN FON),18.09.2026,"3,265063",935298004.00,15,"3053807350,15"
BLD,DENİZ PORTFÖY BALEV EĞİTİME DESTEK SERBEST FON,18.09.2026,"1,716044",287101927.00,687,"492679652,22"
BLT,BULLS PORTFÖY ALTIN FONU,18.09.2026,"1,87274",195941015.00,3137,"366946581,36"
BMU,BULLS PORTFÖY MUTLAK GETİRİ HEDEFLİ HİSSE SENEDİ SERBEST FON (HİSSE SENEDİ YOĞUN FON),18.09.2026,"2,371085",40972979.00,2102,"97150417,70"
BNC,AK PORTFÖY BEŞİNCİ SERBEST FON,18.09.2026,"2,236429",287824826.00,261,"643699915,12"
BNH,İSTANBUL PORTFÖY BANKACILIK SEKTÖRÜ HİSSE SENEDİ SERBEST (TL) FON (HİSSE SENEDİ YOĞUN FON),18.09.2026,"1,209308",47871670.00,166,"57891584,71"
BOH,BULLS PORTFÖY BIST 30 DIŞI ŞİRKETLER HİSSE SENEDİ SERBEST FON (HİSSE SENEDİ YOĞUN FON),18.09.2026,"0,681045",250569682.00,11,"170649312,23"
BOL,AKTİF PORTFÖY BORÇLANMA ARAÇLARI FONU,18.09.2026,"1,738938",71073243.00,327,"123591985,62"
BON,A1 CAPİTAL PORTFÖY BORÇLANMA ARAÇLARI FONU,18.09.2026,"0,00",0.00,439,"0,00"
BOP,İŞ PORTFÖY ÖPY BİRİNCİ SERBEST (DÖVİZ) ÖZEL FON,18.09.2026,"50,349587",28461616.00,13,"1433030616,83"
BOS,BULLS PORTFÖY ALTINCI HİSSE SENEDİ SERBEST FON (HİSSE SENEDİ YOĞUN FON),18.09.2026,"1,202786",41887844.00,664,"50382120,99"
BP5,BULLS PORTFÖY BEŞİNCİ HİSSE SENEDİ SERBEST FON (HİSSE SENEDİ YOĞUN FON),18.09.2026,"1,355748",26754688.00,11,"36272615,47"
BPD,BULLS PORTFÖY BİRİNCİ SERBEST (DÖVİZ) FON,18.09.2026,"57,275668",3055643.00,12,"175013993,20"
BPV,BTCTURK PORTFÖY PARA PİYASASI (TL) FONU,18.09.2026,"1,002296",30000000.00,1,"30068890,91"
BPZ,BULLS PORTFÖY PARA PİYASASI (TL) FONU,18.09.2026,"1,645159",652226226.00,2376,"1073016049,11"
BRB,BULLS PORTFÖY ARENA SERBEST FON,18.09.2026,"0,865939",571381465.00,11,"494781366,51"
BRC,RE-PIE PORTFÖY BİRİNCİ İSTATİSTİKSEL ARBİTRAJ HİSSE SENEDİ SERBEST FON (HİSSE SENEDİ YOĞUN FON),18.09.2026,"1,368651",79366945.00,33,"108625674,43"
BRF,DENİZ PORTFÖY BİRİNCİ FON SEPETİ FONU,18.09.2026,"1,587861",52307380.00,1136,"83056869,18"
BRG,TEB PORTFÖY BURGAN BANK PARA PİYASASI (TL) FONU,18.09.2026,"5,262207",402094588.00,1644,"2115905108,10"
BRH,İSTANBUL PORTFÖY BİRİNCİ HİSSE SENEDİ SERBEST FON (HİSSE SENEDİ YOĞUN FON),18.09.2026,"5,206664",745885990.00,15,"3883577820,65"
BRR,AK PORTFÖY İKİNCİ KISA VADELİ BORÇLANMA ARAÇLARI (TL) FONU,18.09.2026,"1,711877",1599289479.00,944,"2737787437,74"
BRT,PARDUS PORTFÖY BEREKET HİSSE SENEDİ SERBEST FON (HİSSE SENEDİ YOĞUN FON),18.09.2026,"0,780242",12357633.00,312,"9641940,65"
BRZ,TEB PORTFÖY BURGAZ SERBEST (DÖVİZ) ÖZEL FON,18.09.2026,"55,586862",28212700.00,5,"1568255452,77"
BS1,AHLATCI PORTFÖY BİRİNCİ SERBEST (TL) FON,18.09.2026,"1,513674",290478075.00,763,"439688966,18"
BSA,İŞ PORTFÖY BAŞAK SERBEST ÖZEL FON,18.09.2026,"0,437932",2039522977.00,1,"893173345,25"
BSC,A1 CAPİTAL PORTFÖY BİRİNCİ SERBEST FON,18.09.2026,"0,139736",957330904.00,41,"133773162,74"
BSD,BV PORTFÖY SERBEST (DÖVİZ) FON,18.09.2026,"1,208587",278088574.00,84,"336094263,45"
BSE,PARDUS PORTFÖY BIST 30 DIŞI ŞİRKETLER HİSSE SENEDİ SERBEST (TL) FON (HİSSE SENEDİ YOĞUN FON),18.09.2026,"0,00",0.00,65,"0,00"
BSF,İŞ PORTFÖY BİRİNCİ SERBEST ÖZEL FON,18.09.2026,"1,224366",5653503590.00,1,"6921956062,97"
BSH,ATLAS PORTFÖY BANKACILIK SEKTÖRÜ HİSSE SENEDİ SERBEST FON (HİSSE SENEDİ YOĞUN FON),18.09.2026,"0,98505",6865879.00,124,"6763233,25"
BSM,GLOBAL MD PORTFÖY BERRAK SERBEST FON,18.09.2026,"1,829092",1293037901.00,2820,"2365084990,95"
BSN,BULLS PORTFÖY SANAYİ ŞİRKETLERİ HİSSE SENEDİ SERBEST FON (HİSSE SENEDİ YOĞUN FON),18.09.2026,"0,62957",757705438.00,17,"477028547,16"
BST,PARDUS PORTFÖY BANKACILIK SEKTÖRÜ DIŞI ŞİRKETLER HİSSE SENEDİ SERBEST (TL) FON (HİSSE SENEDİ YOĞUN FON),18.09.2026,"10,224764",3431148.00,537,"35082678,46"
BTE,BV PORTFÖY OYUN VE TEKNOLOJİ DEĞİŞKEN FON,18.09.2026,"5,146529",42090387.00,985,"216619394,60"
BTJ,ATLAS PORTFÖY İSTATİSTİKSEL ARBİTRAJ HİSSE SENEDİ SERBEST FON (HİSSE SENEDİ YOĞUN FON),18.09.2026,"1,407082",8987640.00,53,"12646345,94"
BTK,BV PORTFÖY TEKNOLOJİ KATILIM FONU,18.09.2026,"1,705245",185211196.00,2123,"315830540,98"
BTP,TRİVE PORTFÖY PARA PİYASASI SERBEST FON,18.09.2026,"0,613563",1305117178.00,21,"800771825,81"
BTY,İŞ PORTFÖY BTY SERBEST (DÖVİZ) ÖZEL FON,18.09.2026,"59,987559",10669894.00,2,"640060898,82"
BTZ,ATLAS PORTFÖY BIST 30 DIŞI ŞİRKETLER HİSSE SENEDİ FONU (HİSSE SENEDİ YOĞUN FON),18.09.2026,"1,17123",6009086.00,186,"7038019,88"
BUB,BULLS PORTFÖY BİRİNCİ FON SEPETİ FONU,18.09.2026,"1,265697",55304635.00,2089,"69998887,97"
BUC,BULLS PORTFÖY ÜÇÜNCÜ HİSSE SENEDİ SERBEST (TL) FON (HİSSE SENEDİ YOĞUN FON),18.09.2026,"0,852467",1743384.00,22,"1486176,59"
BUP,AZİMUT PORTFÖY BUPA SERBEST (TL) ÖZEL FON,18.09.2026,"4,280902",3354777076.00,1,"14361473102,73"
BUT,AZİMUT PORTFÖY BULUT HİSSE SENEDİ SERBEST ÖZEL FON (HİSSE SENEDİ YOĞUN FON),18.09.2026,"1,705786",91457465.00,4,"156006857,87"
BUV,BULLS PORTFÖY VOLTRAN SERBEST (TL) FON,18.09.2026,"1,047676",8597160.00,204,"9007039,05"
BUY,AK PORTFÖY BÜYÜYEN ŞİRKETLER HİSSE SENEDİ (TL) FONU (HİSSE SENEDİ YOĞUN FON),18.09.2026,"1,569256",184872434.00,16263,"290112121,30"
BV1,BV PORTFÖY BİRİNCİ HİSSE SENEDİ (TL) FON (HİSSE SENEDİ YOĞUN FON),18.09.2026,"1,59589",53685615.00,452,"85676322,79"
BVB,AK PORTFÖY ÖPY YEDİNCİ SERBEST (TL) ÖZEL FON,18.09.2026,"4,733061",1075003028.00,1,"5088055178,56"
BVC,AK PORTFÖY BİRİNCİ SERBEST (TL) ÖZEL FON,18.09.2026,"4,467436",1621342207.00,1,"7243242821,71"
BVD,BV PORTFÖY BİRİNCİ DEĞİŞKEN FON,18.09.2026,"1,387503",153938408.00,284,"213589979,34"
BVF,BV PORTFÖY PARA PİYASASI (TL) FON,18.09.2026,"1,457732",1081574905.00,573,"1576646690,51"
BVH,BV PORTFÖY BİRİNCİ HİSSE SENEDİ SERBEST (TL) FON (HİSSE SENEDİ YOĞUN FON),18.09.2026,"1,979433",67831653.00,13,"134268228,49"
BVI,BV PORTFÖY İKİNCİ HİSSE SENEDİ SERBEST FON (HİSSE SENEDİ YOĞUN FON),18.09.2026,"2,984949",99725773.00,27,"297676330,66"
BVK,BULLS PORTFÖY VOLTRAN KATILIM SERBEST (TL) FON,18.09.2026,"0,760292",216812.00,29,"164840,34"
BVM,ALLBATROSS PORTFÖY BİRİNCİ HİSSE SENEDİ SERBEST (TL) FON (HİSSE SENEDİ YOĞUN FON),18.09.2026,"1,283676",10353703.00,121,"13290800,20"
BVT,AZİMUT PORTFÖY GÜNEY SERBEST ÖZEL FON,18.09.2026,"5,620601",3745267.00,10,"21050650,87"
BVV,BV PORTFÖY TEKNOLOJİ DEĞİŞKEN FON,18.09.2026,"3,521345",45085172.00,1087,"158760465,52"
BVZ,BV PORTFÖY İSTATİSTİKSEL ARBİTRAJ SERBEST FON,18.09.2026,"4,621464",721385609.00,595,"3333857452,94"
BYZ,A1 CAPİTAL PORTFÖY BIST 100 DIŞI ŞİRKETLER HİSSE SENEDİ SERBEST (TL) FON (HİSSE SENEDİ YOĞUN FON),18.09.2026,"0,00",0.00,40,"0,00"
CAH,A1 CAPİTAL PORTFÖY HİSSE SENEDİ SERBEST FON (HİSSE SENEDİ YOĞUN FON),18.09.2026,"0,00",0.00,179,"0,00"
CBD,A1 CAPİTAL PORTFÖY BIST 30 DIŞI ŞİRKETLER HİSSE SENEDİ SERBEST FON (HİSSE SENEDİ YOĞUN FON),18.09.2026,"0,00",0.00,17,"0,00"
CBN,QNB PORTFÖY CBN SERBEST (DÖVİZ) ÖZEL FON,18.09.2026,"47,299026",12786581.00,6,"604792827,73"
CBO,AZİMUT PORTFÖY HCBO HİSSE SENEDİ SERBEST ÖZEL FON (HİSSE SENEDİ YOĞUN FON),18.09.2026,"213,180707",7235254.00,3,"1542416565,42"
CEY,ROTA PORTFÖY CEY SERBEST (DÖVİZ) ÖZEL FON,18.09.2026,"67,601051",3314435.00,3,"224059288,91"
CFO,ROTA PORTFÖY İKİNCİ PARA PİYASASI FONU,18.09.2026,"2,589751",682350626.00,410,"1767118479,11"
CGD,DENİZ PORTFÖY ÇAĞDAŞ SERBEST (DÖVİZ) ÖZEL FON,18.09.2026,"58,818635",11069534.00,2,"651094878,69"
CHY,A1 CAPİTAL PORTFÖY İKİNCİ HİSSE SENEDİ SERBEST (TL) FON (HİSSE SENEDİ YOĞUN FON),18.09.2026,"0,137907",962664615.00,41,"132758176,24"
CIN,AKTİF PORTFÖY BİRİNCİ SERBEST FON,18.09.2026,"1,752256",10421043.00,516,"18260335,36"
CJD,AK PORTFÖY SEKİZİNCİ SERBEST (DÖVİZ) FON,18.09.2026,"51,992841",309037089.00,2464,"16067716104,22"
CJF,AK PORTFÖY ADOC SERBEST (DÖVİZ) ÖZEL FON,18.09.2026,"65,64225",25017227.00,3,"1642187079,81"
CJG,AK PORTFÖY SDSD SERBEST (DÖVİZ) ÖZEL FON,18.09.2026,"66,126928",30293734.00,1,"2003231563,39"
CJH,AK PORTFÖY DOKUZUNCU SERBEST (DÖVİZ-AVRO) FON,18.09.2026,"62,322534",48494760.00,1692,"3022316333,54"
CKF,ALBARAKA PORTFÖY ÇOKLU VARLIK KATILIM FONU,18.09.2026,"2,123786",326565970.00,2926,"693556108,88"
CKL,YAPI KREDİ PORTFÖY ÇOKLU VARLIK DEĞİŞKEN FON,18.09.2026,"1,621804",498602096.00,1341,"808634660,12"
CKS,İŞ PORTFÖY BİRİNCİ KATILIM SERBEST (DÖVİZ) FON,18.09.2026,"61,764081",94470250.00,2385,"5834868204,16"
COT,AK PORTFÖY 2030 SERBEST (DÖVİZ-AVRO) FON,18.09.2026,"58,964549",9090518.00,189,"536018291,30"
CPT,ROTA PORTFÖY ÇİP TEKNOLOJİLERİ DEĞİŞKEN FON,18.09.2026,"3,715203",233109937.00,13642,"866050630,60"
CPU,AKTİF PORTFÖY TEKNOLOJİ KATILIM FONU,18.09.2026,"3,846111",331298122.00,17735,"1274209349,56"
CRL,YAPI KREDİ PORTFÖY ACARLAR SERBEST (DÖVİZ) ÖZEL FON,18.09.2026,"49,683716",21500000.00,3,"1068199891,46"
CSD,İŞ PORTFÖY CANO SERBEST (DÖVİZ) ÖZEL FON,18.09.2026,"65,105002",10420749.00,1,"678442888,01"
CSH,PARDUS PORTFÖY ÜÇÜNCÜ HİSSE SENEDİ SERBEST FON (HİSSE SENEDİ YOĞUN FON),18.09.2026,"1,896914",1582322640.00,54,"3001530333,54"
CTF,İŞ PORTFÖY ASSG SERBEST (DÖVİZ) ÖZEL FON,18.09.2026,"9,216035",37371557.00,1,"344417587,94"
CTG,İŞ PORTFÖY FEFON SERBEST ÖZEL FON,18.09.2026,"7,455509",2166304.00,1,"16150898,32"
CTM,İŞ PORTFÖY KEFON SERBEST ÖZEL FON,18.09.2026,"6,255388",2582372.00,1,"16153737,65"
CTP,İŞ PORTFÖY AAF SERBEST (DÖVİZ) ÖZEL FON,18.09.2026,"63,229785",9051870.00,1,"572347790,67"
CTV,İŞ PORTFÖY MHA SERBEST (DÖVİZ) ÖZEL FON,18.09.2026,"10,641825",18299272.00,4,"194737644,77"
CVA,AK PORTFÖY ÜÇÜNCÜ KAMU BORÇLANMA ARAÇLARI (TL) ÖZEL FONU,18.09.2026,"4,267287",2310971747.00,1,"9861580604,66"
CVB,AK PORTFÖY İKİNCİ SERBEST (TL) ÖZEL FON,18.09.2026,"4,318372",473115896.00,5,"2043090622,85"
CVC,AK PORTFÖY ÖPY KAR PAYI ÖDEYEN SERBEST ÖZEL FON,18.09.2026,"2,961669",251125767.00,2,"743751340,31"
CVD,AK PORTFÖY GİFON SERBEST (DÖVİZ) ÖZEL FON,18.09.2026,"64,779199",17084592.00,2,"1106726184,07"
CVE,AK PORTFÖY BİRİNCİ KAMU BORÇLANMA ARAÇLARI (TL) ÖZEL FONU,18.09.2026,"2,827858",110022256.00,1,"311127264,49"
CVF,AK PORTFÖY SÜRDÜRÜLEBİLİRLİK SERBEST (TL) ÖZEL FON,18.09.2026,"4,898369",206783109.00,1,"1012899987,02"
CVK,INVEO PORTFÖY ÇOKLU VARLIK KATILIM FONU,18.09.2026,"5,252538",33340076.00,1857,"175120009,46"
CVL,A1 CAPİTAL PORTFÖY ÇOKLU VARLIK KATILIM FONU,18.09.2026,"0,00",0.00,2144,"0,00"
CYD,AK PORTFÖY 2027 SERBEST (DÖVİZ-AVRO) FON,18.09.2026,"58,308405",24855424.00,402,"1449280137,32"
DA1,A1 CAPİTAL PORTFÖY SERBEST (DÖVİZ) FON,18.09.2026,"48,720993",104593.00,35,"5095874,79"
DAC,DENİZ PORTFÖY BORİS SERBEST (DÖVİZ) ÖZEL FON,18.09.2026,"73,745511",7102353.00,1,"523766654,54"
DAE,DENİZ PORTFÖY ARBAU HİSSE SENEDİ SERBEST ÖZEL FON (HİSSE SENEDİ YOĞUN FON),18.09.2026,"2,310355",375205792.00,1,"866858458,44"
DAH,DENİZ PORTFÖY HİSSE SENEDİ FONU (HİSSE SENEDİ YOĞUN FON),18.09.2026,"3,47896",160766700.00,2529,"559300989,14"
DAI,DENİZ PORTFÖY ARTI SERBEST (DÖVİZ) ÖZEL FON,18.09.2026,"97,131077",3821039.00,4,"371141633,97"
DAL,DENİZ PORTFÖY SU SERBEST (DÖVİZ) ÖZEL FON,18.09.2026,"71,536798",9596335.00,1,"686491080,84"
DAP,DESTEK PORTFÖY PARA PİYASASI FONU,18.09.2026,"1,048885",470820100.00,781,"493836291,88"
DAS,DENİZ PORTFÖY ONİKİNCİ SERBEST (DÖVİZ) FON,18.09.2026,"56,164773",2018948381.31,25168,"113393777293,13"
DAT,DENİZ PORTFÖY ARMUT SERBEST (DÖVİZ) ÖZEL FON,18.09.2026,"99,741891",2782588.00,6,"277540588,31"
DAV,DENİZ PORTFÖY 2026 SERBEST (DÖVİZ-AVRO) FON,18.09.2026,"58,529504",20688205.00,228,"1210870369,85"
DAZ,DENİZ PORTFÖY TÜRKİZ SERBEST(DÖVİZ) ÖZEL FON,18.09.2026,"13,509281",24646884.00,4,"332961683,31"
DB2,NUROL PORTFÖY İKİNCİ KISA VADELİ SERBEST FON,18.09.2026,"2,148641",3098982.00,3,"6658600,33"
DBA,DENİZ PORTFÖY ALTIN FONU,18.09.2026,"0,74649",12990922589.00,25016,"9697591949,21"
DBB,DENİZ PORTFÖY BORÇLANMA ARAÇLARI FONU,18.09.2026,"0,115553",3034149338.85,2063,"350603774,10"
DBG,DENİZ PORTFÖY BEYAZ SERBEST ÖZEL FONU,18.09.2026,"0,661765",4045584680.00,4,"2677227480,10"
DBH,DENİZ PORTFÖY EUROBOND (DÖVİZ) BORÇLANMA ARAÇLARI FONU,18.09.2026,"0,387437",2492703200.00,8571,"965766575,58"
DBK,DENİZ PORTFÖY KISA VADELİ BORÇLANMA ARAÇLARI (TL) FONU,18.09.2026,"0,124365",9334192206.00,85203,"1160846143,74"
DBP,DENİZ PORTFÖY BİRİNCİ DEĞİŞKEN FON,18.09.2026,"0,50365",322891300.00,1049,"162624057,56"
DBZ,DENİZ PORTFÖY ÖZEL SEKTÖR BORÇLANMA ARAÇLARI FONU,18.09.2026,"0,144593",4663428900.00,2806,"674297429,52"
DCB,DENİZ PORTFÖY PARA PİYASASI SERBEST (TL) FON,18.09.2026,"4,906812",27252847812.00,21873,"133724604544,67"
DCD,DENİZ PORTFÖY SKA SERBEST (DÖVİZ) ÖZEL FON,18.09.2026,"66,567445",3783175.00,1,"251836293,91"
DCE,DENİZ PORTFÖY BAKHAM SERBEST (DÖVİZ) ÖZEL FON,18.09.2026,"74,791365",17399399.00,3,"1301324802,63"
DCN,DENİZ PORTFÖY ÜÇÜNCÜ PARA PİYASASI (TL) FONU,18.09.2026,"1,477003",109889401.00,1161,"162306993,05"
DCP,YAPI KREDİ PORTFÖY CÖMERT SERBEST (DÖVİZ) ÖZEL FON,18.09.2026,"70,826594",3487282.00,3,"246992304,70"
DCV,DENİZ PORTFÖY KAR PAYI ÖDEYEN SERBEST (DÖVİZ) FON,18.09.2026,"48,322637",789367.00,23,"38144294,92"
DDA,DENİZ PORTFÖY BANKACILIK SEKTÖRÜ HİSSE SENEDİ SERBEST FON (HİSSE SENEDİ YOĞUN FON),18.09.2026,"12,83069",24480798.00,1024,"314105535,92"
DDC,DENİZ PORTFÖY GÜN DOĞUSU HİSSE SENEDİ SERBEST (TL) FON (HİSSE SENEDİ YOĞUN FON),18.09.2026,"5,490198",272210632.00,11,"1494490188,88"
DDE,DENİZ PORTFÖY BADE SERBEST (DÖVİZ) ÖZEL FON,18.09.2026,"76,024881",5515073.00,1,"419282766,11"
DDF,DENİZ PORTFÖY DİNAMO HİSSE SENEDİ SERBEST (TL) FON (HİSSE SENEDİ YOĞUN FON),18.09.2026,"12,531927",6828541.00,527,"85574776,32"
DDP,DENİZ PORTFÖY SK SERBEST (DÖVİZ) ÖZEL FON,18.09.2026,"73,645402",1046042.00,1,"77036183,45"
DEF,ALLBATROSS PORTFÖY DEFNE SERBEST FON,18.09.2026,"2,692709",14712047.00,87,"39615264,52"
DEH,DESTEK PORTFÖY HİSSE SENEDİ FONU (HİSSE SENEDİ YOĞUN FON),18.09.2026,"0,924284",19929129.00,211,"18420179,62"
DEI,ALLBATROSS PORTFÖY DEMİR KISA VADELİ KATILIM SERBEST (TL) FON,18.09.2026,"0,038698",173212575.00,16,"6703019,84"
DFC,DENİZ PORTFÖY TARIM VE GIDA DEĞİŞKEN FON,18.09.2026,"3,203424",34761318.00,1504,"111355224,32"
DFD,DENİZ PORTFÖY EMTİA SERBEST FON,18.09.2026,"2,761211",52728530.00,446,"145594591,09"
DFI,ATLAS PORTFÖY SERBEST FON,18.09.2026,"4,695444",2260291846.00,47638,"10613073658,54"
DFO,AZİMUT PORTFÖY DLS SERBEST ÖZEL FON,18.09.2026,"3,964287",295635450.00,2,"1171983901,84"
DGF,A1 CAPİTAL PORTFÖY DEĞİŞKEN FON,18.09.2026,"0,00",0.00,524,"0,00"
DGH,ATA PORTFÖY PARA PİYASASI SERBEST (TL) FON,18.09.2026,"0,00",0.00,232,"0,00"
DHI,PARDUS PORTFÖY DOKUZUNCU HİSSE SENEDİ SERBEST (TL) FON (HİSSE SENEDİ YOĞUN FON),18.09.2026,"0,00",0.00,46,"0,00"
DHJ,DENİZ PORTFÖY TEKNOLOJİ ŞİRKETLERİ HİSSE SENEDİ FONU (HİSSE SENEDİ YOĞUN FON),18.09.2026,"6,29197",29199460.00,2880,"183722117,18"
DHM,DENİZ PORTFÖY ESG-SÜRDÜRÜLEBİLİRLİK FON SEPETİ FONU,18.09.2026,"5,229009",4701656.00,1097,"24585003,28"
DHP,DENİZ PORTFÖY PERİFER HİSSE SENEDİ SERBEST ÖZEL FON (HİSSE SENEDİ YOĞUN FON),18.09.2026,"3,623485",1887493.00,1,"6839302,36"
DHS,DENİZ PORTFÖY CC HİSSE SENEDİ SERBEST ÖZEL FON (HİSSE SENEDİ YOĞUN FON),18.09.2026,"279,613648",13205338.00,1,"3692392725,90"
DHT,DENİZ PORTFÖY HAVACILIK VE SAVUNMA TEKNOLOJİLERİ DEĞİŞKEN FON,18.09.2026,"1,138453",59634357.00,744,"67890891,73"
DHV,DENİZ PORTFÖY BİRİNCİ HİSSE SENEDİ SERBEST (TL) FON (HİSSE SENEDİ YOĞUN FON),18.09.2026,"1,962724",156283556.00,622,"306741472,05"
DID,DENİZ PORTFÖY İKİNCİ DEĞİŞKEN FON,18.09.2026,"1,477224",18896134.00,154,"27913823,71"
DIH,DENİZ PORTFÖY İKİNCİ HİSSE SENEDİ SERBEST (TL) FON (HİSSE SENEDİ YOĞUN FON),18.09.2026,"2,701683",76257782.00,11,"206024335,89"
DIM,DENİZ PORTFÖY İMRAL SERBEST (DÖVİZ) ÖZEL FON,18.09.2026,"48,315014",2287508.00,1,"110520981,24"
DIP,DENİZ PORTFÖY İKİNCİ PARA PİYASASI SERBEST (TL) FON,18.09.2026,"1,625858",32767056672.00,2020,"53274589414,23"
DK1,KUVEYT TÜRK PORTFÖY DÜNYA KATILIM BANKASI KISA VADELİ KATILIM SERBEST FON,18.09.2026,"1,518891",2195481234.00,71,"3334696323,87"
DK8,DENİZ PORTFÖY KAR PAYI ÖDEYEN SEKİZİNCİ SERBEST (DÖVİZ) FON,18.09.2026,"48,77713",62232936.00,200,"3035543979,32"
DKA,DENİZ PORTFÖY KAR PAYI ÖDEYEN DOKUZUNCU SERBEST (DÖVİZ) FON,18.09.2026,"48,348617",50978831.00,239,"2464755963,02"
DKC,DENİZ PORTFÖY İKİNCİ SERBEST FON,18.09.2026,"0,612881",17637273.00,26,"10809550,81"
DKH,DENİZ PORTFÖY KATILIM HİSSE SENEDİ (TL) FONU (HİSSE SENEDİ YOĞUN FON),18.09.2026,"3,646304",24348123.00,1385,"88780669,61"
DKL,DENİZ PORTFÖY BİRİNCİ KATILIM SERBEST (DÖVİZ) FON,18.09.2026,"51,477765",7886921.00,103,"406001065,15"
DKP,QNB PORTFÖY KAR PAYI ÖDEYEN DOKUZUNCU SERBEST (DÖVİZ) FON,18.09.2026,"48,756507",86130000.00,628,"4199397921,60"
DKR,DENİZ PORTFÖY ONDÖRDÜNCÜ SERBEST FON,18.09.2026,"0,751127",164239703.00,1227,"123364924,60"
DKS,DENİZ PORTFÖY KUZEYYILDIZI SERBEST (DÖVİZ) ÖZEL FON,18.09.2026,"73,370207",3207930.00,2,"235366486,63"
DL2,DENİZ PORTFÖY İKİNCİ PARA PİYASASI (TL) FONU,18.09.2026,"2,546963",2857540905.00,636,"7278051403,11"
DLD,DENİZ PORTFÖY SÜRDÜRÜLEBİLİRLİK HİSSE SENEDİ FONU (HİSSE SENEDİ YOĞUN FON),18.09.2026,"7,654744",8297306.00,575,"63513749,20"
DLG,DENİZ PORTFÖY ESG SÜRDÜRÜLEBİLİRLİK SERBEST FON,18.09.2026,"1,255497",3637529.00,37,"4566907,43"
DLN,AURA PORTFÖY DOLUNAY SERBEST FON,18.09.2026,"2,648547",2136612028.00,46,"5658917678,86"
DLY,DENİZ PORTFÖY PARA PİYASASI (TL) FONU,18.09.2026,"6,243088",9899816771.00,308893,"61805430379,26"
DLZ,DENİZ PORTFÖY ALİZE HİSSE SENEDİ SERBEST (TL) FON (HİSSE SENEDİ YOĞUN FON),18.09.2026,"0,512717",54309025.00,44,"27845162,40"
DMG,DENİZ PORTFÖY GÜMÜŞ FON SEPETİ FONU,18.09.2026,"6,929839",431935916.00,14967,"2993246326,49"
DMI,İŞ PORTFÖY DM HİSSE SENEDİ ÖZEL FON (HİSSE SENEDİ YOĞUN FON),18.09.2026,"0,984119",948857166.00,1,"933788452,59"
DMV,DENİZ PORTFÖY SMART SERBEST (DÖVİZ) ÖZEL FON,18.09.2026,"70,88174",4806366.00,2,"340683585,76"
DMZ,DENİZ PORTFÖY ZEYTİN SERBEST (DÖVİZ) ÖZEL FON,18.09.2026,"65,398188",10000000.00,5,"653981879,85"
DNA,DENİZ PORTFÖY ANATOLİA HİSSE SENEDİ SERBEST ÖZEL FON (HİSSE SENEDİ YOĞUN FON),18.09.2026,"5,749479",199023445.00,5,"1144281042,61"
DNF,A1 CAPİTAL PORTFÖY DİNAMİK FON SEPETİ FONU,18.09.2026,"0,00",0.00,200,"0,00"
DNH,DENİZ PORTFÖY İNŞAAT SEKTÖRÜ HİSSE SENEDİ SERBEST (TL) FON (HİSSE SENEDİ YOĞUN FON),18.09.2026,"1,093417",14861206.00,59,"16249501,35"
DNK,TACİRLER PORTFÖY DENGE KATILIM SERBEST FON,18.09.2026,"1,608195",378647895.00,127,"608939817,07"
DNL,DENİZ PORTFÖY NEKO SERBEST (DÖVİZ) ÖZEL FON,18.09.2026,"56,395909",3984706.00,1,"224721116,15"
DNM,QNB PORTFÖY DİNAMİK DAĞILIMLI SERBEST (DÖVİZ) FON,18.09.2026,"52,977152",27704310.00,1039,"1467695432,89"
DNP,DENİZ PORTFÖY PARA PİYASASI KATILIM SERBEST (TL) FON,18.09.2026,"1,477392",992604823.00,367,"1466466208,78"
DNU,DENİZ PORTFÖY KAR PAYI ÖDEYEN ONBEŞİNCİ SERBEST (DÖVİZ) FON,18.09.2026,"48,229242",822105.00,15,"39649500,62"
DOC,DENİZ PORTFÖY KAR PAYI ÖDEYEN ONİKİNCİ SERBEST (DÖVIZ) FON,18.09.2026,"48,21891",102203272.00,174,"4928130372,70"
DOD,AZİMUT PORTFÖY 14.0 SERBEST (DÖVİZ) FON,18.09.2026,"70,709115",196791148.00,159,"13914927974,37"
DOH,TERA PORTFÖY DÖRDÜNCÜ HİSSE SENEDİ SERBEST (TL) FON (HİSSE SENEDİ YOĞUN FON),18.09.2026,"0,00",0.00,43816,"0,00"
DOL,AKTİF PORTFÖY ÜÇÜNCÜ AKTİF SERBEST (DÖVİZ) FON,18.09.2026,"53,693822",104763088.00,377,"5625130581,62"
DOR,AZİMUT PORTFÖY OKSİJEN SERBEST (DÖVİZ) ÖZEL FON,18.09.2026,"73,881347",7202062.00,1,"532098038,62"
DOS,DENİZ PORTFÖY OLMİ SERBEST (DÖVİZ) ÖZEL FON,18.09.2026,"68,811213",30371092.00,3,"2089871687,37"
DOV,DENİZ PORTFÖY ONÜÇÜNCÜ SERBEST (DÖVİZ-AVRO) FON,18.09.2026,"61,019055",1193094018.00,17140,"72801469641,28"
DP1,DENİZ PORTFÖY DELTA SERBEST ÖZEL FON,18.09.2026,"17,81899",284576837.00,7,"5070871763,53"
DP2,DENİZ PORTFÖY ÖZER SERBEST (DÖVİZ) ÖZEL FON,18.09.2026,"67,005585",5604795.00,11,"375552567,30"
DP3,DENİZ PORTFÖY DUMAN SERBEST (DÖVİZ) ÖZEL FON,18.09.2026,"71,098064",4669960.00,4,"332025113,03"
DP4,DENİZ PORTFÖY GİZEM SERBEST (DÖVİZ) ÖZEL FON,18.09.2026,"75,628601",7294243.00,3,"551653393,81"
DP5,DENİZ PORTFÖY MER SERBEST (DÖVİZ) ÖZEL FON,18.09.2026,"80,361408",21656874.00,1,"1740376880,60"
DP7,DENİZ PORTFÖY DEMİR SERBEST (DÖVİZ) ÖZEL FON,18.09.2026,"61,95488",9001782.00,3,"557704327,06"
DP8,DENİZ PORTFÖY KAR PAYI ÖDEYEN ALTINCI SERBEST (DÖVİZ) FON,18.09.2026,"48,857216",8256483.00,49,"403388774,69"
DP9,DENİZ PORTFÖY KAR PAYI ÖDEYEN YEDİNCİ SERBEST (DÖVİZ) FON,18.09.2026,"48,484895",126379067.00,155,"6127475848,61"
DPB,DENİZ PORTFÖY SERBEST (DÖVİZ) FON,18.09.2026,"24,662186",370087819.00,3024,"9127174758,32"
DPC,DENİZ PORTFÖY FRS SERBEST (DÖVİZ) ÖZEL FON,18.09.2026,"100,454331",3342303.00,1,"335748811,50"
DPE,DENİZ PORTFÖY EGE SERBEST (DÖVİZ) ÖZEL FON,18.09.2026,"22,874414",65456679.00,1,"1497283142,45"
DPG,DENİZ PORTFÖY REYHAN SERBEST (DÖVİZ) ÖZEL FON,18.09.2026,"102,151511",5734193.00,2,"585756477,21"
DPI,DENİZ PORTFÖY İSTATİSTİKSEL ARBİTRAJ HİSSE SENEDİ SERBEST FON (HİSSE SENEDİ YOĞUN FON),18.09.2026,"9,097321",37286201.00,151,"339204536,80"
DPK,DENİZ PORTFÖY KİRA SERTİFİKALARI KATILIM (TL) FONU,18.09.2026,"8,867589",105536257.00,1382,"935852134,40"
DPL,DENİZ PORTFÖY NİL SERBEST (DÖVİZ) ÖZEL FON,18.09.2026,"103,874659",22490084.00,1,"2336149805,69"
DPN,DENİZ PORTFÖY NEVA SERBEST (DÖVİZ) ÖZEL FON,18.09.2026,"58,709389",39240.00,1,"2303756,44"
DPT,DENİZ PORTFÖY BİST TEMETTÜ 25 ENDEKSİ HİSSE SENEDİ FONU ( HİSSE SENEDİ YOĞUN FON ),18.09.2026,"18,328149",17766603.00,5051,"325628955,79"
DPZ,DENİZ PORTFÖY YAZ SERBEST (DÖVİZ) ÖZEL FON,18.09.2026,"84,269869",1444393.00,1,"121718809,03"
DRA,NEO PORTFÖY DORA SERBEST FON,18.09.2026,"1,190342",32635746.00,40,"38847693,02"
DRD,DENİZ PORTFÖY KAR PAYI ÖDEYEN ONBİRİNCİ SERBEST (DÖVİZ-AVRO) FON,18.09.2026,"55,809346",30898398.00,149,"1724419396,19"
DRH,PARDUS PORTFÖY DÖRDÜNCÜ HİSSE SENEDİ SERBEST (TL) FON (HİSSE SENEDİ YOĞUN FON),18.09.2026,"1,19624",274628048.00,70,"328521068,63"
DRT,DENİZ PORTFÖY ROBOTİK TEKNOLOJİLERİ DEĞİŞKEN FON,18.09.2026,"1,196055",23170249.00,496,"27712902,64"
DSC,DENİZ PORTFÖY RÜ SERBEST (DÖVİZ) ÖZEL FON,18.09.2026,"67,406591",14860108.00,1,"1001669219,69"
DSD,DENİZ PORTFÖY İKİNCİ SERBEST (DÖVİZ_AVRO) FON,18.09.2026,"72,013126",53212331.00,1381,"3831986310,90"
DSH,AK PORTFÖY DÖRDÜNCÜ SERBEST FON,18.09.2026,"2,292511",3348397759.00,2076,"7676237766,90"
DSP,DENİZ PORTFÖY DENGELİ FON SEPETİ FONU,18.09.2026,"14,810952",9781407.00,1216,"144871953,78"
DSV,DENİZ PORTFÖY 2028 SERBEST (DÖVİZ) FON,18.09.2026,"48,943162",7439516.00,46,"364113433,28"
DTH,EMAA BLUE PORTFÖY DÖNÜŞÜM TEKNOLOJİLERİ HİSSE SENEDİ (TL) FONU (HİSSE SENEDİ YOĞUN FON),18.09.2026,"1,233632",158568800.00,205,"195615490,56"
DTL,DENİZ PORTFÖY BIST 100 DIŞI ŞİRKETLER HİSSE SENEDİ (TL) FONU (HİSSE SENEDİ YOĞUN FON),18.09.2026,"3,795965",37897957.00,3014,"143859317,22"
DTM,DENİZ PORTFÖY TEMETTÜ ÖDEYEN ŞİRKETLER DEĞİŞKEN FON,18.09.2026,"1,483159",41264653.00,2643,"61202060,76"
DTO,DENİZ PORTFÖY KAR PAYI ÖDEYEN ONDÖRDÜNCÜ SERBEST (DÖVİZ) FON,18.09.2026,"48,460981",2484690.00,131,"120410513,65"
DTP,AZİMUT PORTFÖY ADATEPE SERBEST ÖZEL FON,18.09.2026,"1,871127",905970033.00,4,"1695184592,11"
DTV,DENİZ PORTFÖY CEY SERBEST (DÖVİZ) ÖZEL FON,18.09.2026,"70,430426",60375603.00,4,"4252279456,57"
DTZ,AK PORTFÖY ROBOTİK TEKNOLOJİLER DEĞİŞKEN FON,18.09.2026,"5,245483",110606978.00,8238,"580187021,37"
DUC,DENİZ PORTFÖY ÜÇÜNCÜ HİSSE SENEDİ SERBEST (TL) FON (HİSSE SENEDİ YOĞUN FON),18.09.2026,"0,05598",1841.00,2,"103,06"
DUD,DENİZ PORTFÖY UZUN VADELİ SERBEST (DÖVİZ) FON,18.09.2026,"52,322662",7772963.00,261,"406702117,18"
DUH,HEDEF PORTFÖY UFUK HİSSE SENEDİ SERBEST FON (HİSSE SENEDİ YOĞUN FON),18.09.2026,"1,019953",116407041.00,407,"118729767,67"
DUT,DENİZ PORTFÖY KAR PAYI ÖDEYEN DÖRDÜNCÜ SERBEST (DÖVİZ) FON,18.09.2026,"48,233095",18467024.00,240,"890721729,51"
DUV,DENİZ PORTFÖY UZUN VADELİ BORÇLANMA ARAÇLARI FONU,18.09.2026,"1,323052",42344669.00,209,"56024195,31"
DVC,DENİZ PORTFÖY LİYA SERBEST (DÖVİZ) ÖZEL FON,18.09.2026,"69,669679",825000.00,1,"57477485,35"
DVI,DENİZ PORTFÖY OLBA SERBEST (DÖVİZ) ÖZEL FON,18.09.2026,"78,061448",2522899.00,2,"196941150,32"
DVN,DENİZ PORTFÖY G2B SERBEST (DÖVİZ) ÖZEL FON,18.09.2026,"65,111227",4789538.00,1,"311852697,95"
DVO,DENİZ PORTFÖY BİRİNCİ SERBEST (TL) ÖZEL FON,18.09.2026,"5,473574",6407587.00,1,"35072403,25"
DVS,DENİZ PORTFÖY KISA VADELİ SERBEST (TL) FON,18.09.2026,"1,615852",2904703557.00,362,"4693571259,33"
DVT,DENİZ PORTFÖY METAVERSE VE DİJİTAL YAŞAM TEKNOLOJİLERİ DEĞİŞKEN FON,18.09.2026,"9,892155",89453973.00,10897,"884892532,08"
DVU,AZİMUT PORTFÖY 17.0 SERBEST ÖZEL FON,18.09.2026,"8,820234",162711605.00,5,"1435154481,01"
DVZ,DENİZ PORTFÖY EFES SERBEST (DÖVİZ) ÖZEL FON,18.09.2026,"67,350355",21011556.00,1,"1415135763,05"
DXP,DENİZ PORTFÖY İHRACATÇI ŞİRKETLER HİSSE SENEDİ FONU (HİSSE SENEDİ YOĞUN FON),18.09.2026,"1,811168",24388764.00,1018,"44172153,21"
DYJ,DENİZ PORTFÖY KAR PAYI ÖDEYEN ÜÇÜNCÜ SERBEST (DÖVİZ) FON,18.09.2026,"48,235325",23490657.00,153,"1133079482,75"
DYN,DENİZ PORTFÖY ELEKTRİKLİ VE OTONOM ARAÇ TEKNOLOJİLERİ DEĞİŞKEN FON,18.09.2026,"4,457242",12588142.00,1588,"56108395,30"
DYS,DENİZ PORTFÖY SAM YELİ SERBEST FON,18.09.2026,"1,705714",11610791.00,13,"19804687,57"
DZ2,DENİZ PORTFÖY İKİNCİ SERBEST ÖZEL FON,18.09.2026,"1,376729",10404602255.00,2,"14324315987,39"
DZE,DENİZ PORTFÖY BIST 100 ENDEKSİ HİSSE SENEDİ FONU(HİSSE SENEDİ YOĞUN FON),18.09.2026,"0,966437",195347300.00,2876,"188790823,38"
DZM,DENİZ PORTFÖY BEŞİNCİ SERBEST (DÖVİZ) FON,18.09.2026,"87,601137",122741330.00,4016,"10752280109,12"
DZP,AZİMUT PORTFÖY DENİZ SERBEST (DÖVİZ) ÖZEL FON,18.09.2026,"61,647546",7541200.00,2,"464896477,18"
DZS,AK PORTFÖY DOKUZUNCU SERBEST FON,18.09.2026,"1,634146",98284433.00,117,"160611098,27"
EBD,GLOBAL MD PORTFÖY İKİNCİ DEĞİŞKEN FON,18.09.2026,"0,264739",296938378.00,557,"78611120,49"
EBI,EMAA BLUE PORTFÖY İKİNCİ SERBEST (DÖVİZ-AVRO) FON,18.09.2026,"56,832571",14178130.00,24,"805779586,70"
EBS,EMAA BLUE PORTFÖY BİRİNCİ SERBEST (DÖVİZ-ABD DOLARI) FON,18.09.2026,"49,7663",94802047.00,33,"4717947085,30"
EC2,GLOBAL MD PORTFÖY BİRİNCİ HİSSE SENEDİ FONU(HİSSE SENEDİ YOĞUN FON),18.09.2026,"82,692839",712092.80,1820,"58884975,53"
ECA,GLOBAL MD PORTFÖY BİRİNCİ DEĞİŞKEN FON,18.09.2026,"2,051028",202329293.00,1191,"414983068,21"
ECB,GLOBAL MD PORTFÖY PARA PİYASASI (TL) FONU,18.09.2026,"54,95896",15140326.00,3112,"832096565,43"
ECV,GLOBAL MD PORTFÖY KISA VADELİ BORÇLANMA ARAÇLARI (TL) FONU,18.09.2026,"0,501673",318407118.18,2417,"159736293,25"
EDD,QNB PORTFÖY ENPARA DENGELİ DEĞİŞKEN ÖZEL FON,18.09.2026,"1,155731",23174366.00,973,"26783327,61"
EDN,EMAA BLUE PORTFÖY DENGELİ DEĞİŞKEN FON,18.09.2026,"1,055525",268487964.00,35,"283395790,75"
EDP,NEO PORTFÖY KORUNCUK EĞİTİME DESTEK PARA PİYASASI SERBEST FON,18.09.2026,"1,20393",178470604.00,83,"214866114,69"
EDT,DENİZ PORTFÖY TED EĞİTİME DESTEK SERBEST FON,18.09.2026,"2,32318",418872490.00,601,"973116170,66"
EDU,İŞ PORTFÖY TEV EĞİTİME DESTEK DEĞİŞKEN FON,18.09.2026,"3,682985",101238664.00,695,"372860476,02"
EES,ROTA PORTFÖY EE SERBEST (DÖVİZ) ÖZEL FON,18.09.2026,"50,477848",7984529.00,1,"403041838,00"
EGP,GARANTİ PORTFÖY EKİM 2028 SÜRDÜRÜLEBİLİRLİK SERBEST (DÖVİZ-ABD DOLARI) FON,18.09.2026,"58,293632",4563359.00,49,"266014770,02"
EGR,EMAA BLUE PORTFÖY AGRESİF DEĞİŞKEN FON,18.09.2026,"1,035216",262186781.00,117,"271420031,75"
EHS,AZİMUT PORTFÖY ERCİYES HİSSE SENEDİ SERBEST ÖZEL FON (HİSSE SENEDİ YOĞUN FON),18.09.2026,"2,294675",235938967.00,3,"541403229,74"
EIB,ASTRA PORTFÖY DEĞİŞKEN FON,18.09.2026,"0,692355",441906030.00,481,"305955683,55"
EID,ASTRA PORTFÖY HİSSE SENEDİ FONU (HİSSE YOĞUN FON),18.09.2026,"1,884018",47042910.00,1780,"88629670,59"
EIL,ASTRA PORTFÖY PARA PİYASASI (TL) FONU,18.09.2026,"5,436323",147638828.00,1205,"802612423,10"
EJG,AZİMUT PORTFÖY İNAN SERBEST (TL) ÖZEL FON,18.09.2026,"9,459553",68419205.00,1,"647215086,32"
EKF,ASTRA PORTFÖY KİRA SERTİFİKASI KATILIM (TL) FONU,18.09.2026,"0,140859",8185606537.00,4787,"1153013448,38"
EKL,KUVEYT TÜRK PORTFÖY EMLAK KATILIM BANKASI PARA PİYASASI KATILIM FONU,18.09.2026,"1,872823",962601071.00,1256,"1802781326,33"
ELZ,ASTRA PORTFÖY KATILIM HİSSE SENEDİ FONU (HİSSE SENEDİ YOĞUN FON),18.09.2026,"13,31639",17733343.00,683,"236144119,42"
EME,STRATEJİ PORTFÖY EMERALD HİSSE SENEDİ SERBEST FON (HİSSE SENEDİ YOĞUN FON),18.09.2026,"1,103393",33388148.00,15,"36840233,60"
EML,AK PORTFÖY EMLAK SEKTÖRÜ DEĞİŞKEN FON,18.09.2026,"1,20397",34259261.00,952,"41247107,20"
ENA,QNB PORTFÖY ENPARA ATAK DEĞİŞKEN ÖZEL FON,18.09.2026,"1,155388",34292226.00,1766,"39620809,59"
ENJ,AKTİF PORTFÖY ENERJİ ŞİRKETLERİ HİSSE SENEDİ (TL) FONU (HİSSE SENEDİ YOĞUN FON),18.09.2026,"1,299669",48438916.00,646,"62954573,42"
ENO,QNB PORTFÖY ENPARA SERBEST (DÖVİZ) FON,18.09.2026,"49,306569",1569762.00,117,"77399579,13"
ENR,QNB PORTFÖY ENPARA PARA PİYASASI (TL) FONU,18.09.2026,"1,239069",1761694720.00,12896,"2182861048,26"
ENS,QNB PORTFÖY ENPARA DEĞİŞKEN ÖZEL FON,18.09.2026,"1,225028",33777958.00,1806,"41378958,58"
EP1,EMLAK KATILIM PORTFÖY PARA PİYASASI KATILIM (TL) FONU,18.09.2026,"1,09872",11736069756.00,2162,"12894655611,41"
EPA,EMAA BLUE PORTFÖY PARA PİYASASI KATILIM (TL) FONU,18.09.2026,"1,416713",434264822.00,151,"615228570,33"
EPI,EMAA BLUE PORTFÖY İNŞAAT SEKTÖRÜ KATILIM FONU,18.09.2026,"1,059698",248778311.00,320,"263629756,50"
EPK,EMAA BLUE PORTFÖY KIYMETLİ MADENLER KATILIM FON SEPETİ FONU,18.09.2026,"1,369543",168666132.00,1427,"230995563,87"
EPO,İŞ PORTFÖY EXPLORER SERBEST (DÖVİZ) ÖZEL FON,18.09.2026,"62,763273",7389995.00,1,"463820273,42"
EPP,EMAA BLUE PORTFÖY PARA PİYASASI SERBEST FON,18.09.2026,"1,525035",1242281634.00,55,"1894523235,94"
EPT,EMAA BLUE PORTFÖY PARA PİYASASI (TL) FONU,18.09.2026,"1,373728",972819532.00,68,"1336389735,67"
ESG,AKTİF PORTFÖY ESG SÜRDÜRÜLEBİLİRLİK SERBEST FON,18.09.2026,"4,161373",2695594.00,78,"11217371,23"
ESN,ALLBATROSS PORTFÖY ESİN SERBEST FON,18.09.2026,"1,759393",7651414.00,15,"13461844,63"
ESP,AURA PORTFÖY EMTİA SERBEST FON,18.09.2026,"0,254145",69309324.00,251,"17614615,75"
ETN,EMAA BLUE PORTFÖY TEMKİNLİ DEĞİŞKEN FON,18.09.2026,"1,027053",220133340.00,19,"226088677,85"
EUN,GARANTİ PORTFÖY İKİNCİ SERBEST (DÖVİZ-AVRO) FON,18.09.2026,"63,662543",92495976.00,3462,"5888529045,68"
EUZ,GARANTİ PORTFÖY SERBEST (DÖVİZ-AVRO) FON,18.09.2026,"63,21594",2316237189.00,38649,"146423111623,74"
EVL,EMAA BLUE PORTFÖY ÇOKLU VARLIK KATILIM FONU,18.09.2026,"1,000848",25001388.00,7,"25022597,75"
EVM,DENİZ PORTFÖY ENERJİ VE MADENCİLİK SEKTÖRÜ DEĞİŞKEN FON,18.09.2026,"1,148574",52401188.00,648,"60186644,46"
EYT,AKTİF PORTFÖY İKİNCİ FON SEPETİ FONU,18.09.2026,"3,01304",13640039.00,464,"41097987,03"
EZM,KUVEYT TÜRK PORTFÖY EZM KATILIM SERBEST (DÖVİZ) ÖZEL FON,18.09.2026,"45,176897",100000.00,1,"4517689,67"
FAK,FONMAP PORTFÖY ALTIN KATILIM FONU,18.09.2026,"1,293343",15502275.00,346,"20049754,98"
FAL,ONE PORTFÖY ALTIN FONU,18.09.2026,"1,243554",259958308.00,583,"323272203,03"
FBC,ONE PORTFÖY KAR PAYI ÖDEYEN KATILIM FONU,18.09.2026,"1,828713",96004939.00,5652,"175565481,23"
FBI,FİBA PORTFÖY BİRİNCİ SERBEST (DÖVİZ) FON,18.09.2026,"53,960165",311926878.00,4949,"16831625732,52"
FBN,FİBA PORTFÖY SAFİR SERBEST FON,18.09.2026,"5,61739",634833820.00,541,"3566109199,54"
FBV,İŞ PORTFÖY MODEL SERBEST FON,18.09.2026,"7,520055",82029702.00,1854,"616867910,46"
FBZ,FİBA PORTFÖY TEKNOLOJİ SERBEST FON,18.09.2026,"4,772116",62442674.00,391,"297983668,42"
FCK,ONE PORTFÖY ÇOKLU VARLIK KATILIM FONU,18.09.2026,"1,758372",241789272.00,531,"425155432,31"
FCS,FİBA PORTFÖY İKİNCİ SERBEST FON,18.09.2026,"2,405606",972435817.00,180,"2339297663,52"
FD1,ONE PORTFÖY BİRİNCİ DEĞİŞKEN FON,18.09.2026,"1,992507",6594795.00,136,"13140173,64"
FDE,QNB PORTFÖY KAR PAYI ÖDEYEN BEŞİNCİ SERBEST (DÖVİZ) FON,18.09.2026,"48,630672",91240000.00,879,"4437062489,85"
FDG,FONMAP PORTFÖY BİRİNCİ DEĞİŞKEN FON,18.09.2026,"2,677103",17759402.00,696,"47543752,29"
FDO,QNB PORTFÖY SULTAN SERBEST (DÖVİZ) ÖZEL FON,18.09.2026,"61,971372",4737363.00,1,"293580886,71"
FDV,AZİMUT PORTFÖY DMR SERBEST FON,18.09.2026,"6,042237",245000000.00,1,"1480348118,90"
FDZ,AZİMUT PORTFÖY 16.0 HİSSE SENEDİ SERBEST FON (HİSSE SENEDİ YOĞUN FON),18.09.2026,"0,277345",737329526.00,11,"204494731,76"
FFD,FİBA PORTFÖY ÜÇÜNCÜ PARA PİYASASI (TL) FONU,18.09.2026,"0,052414",8540192186.00,125,"447629746,70"
FFF,QNB PORTFÖY BERİL SERBEST (DÖVİZ) ÖZEL FON,18.09.2026,"65,668805",16462779.00,1,"1081091030,89"
FFH,QNB PORTFÖY ÇOKLU VARLIK KATILIM FONU,18.09.2026,"8,86048",198339417.00,2237,"1757382368,09"
FFO,QNB PORTFÖY SER SERBEST (DÖVİZ) ÖZEL FON,18.09.2026,"59,855901",1801854.00,7,"107851594,86"
FFP,QNB PORTFÖY FON SEPETİ FONU,18.09.2026,"7,731989",252040189.00,2378,"1948771851,73"
FHI,FONMAP PORTFÖY İKİNCİ HİSSE SENEDİ SERBEST FON (HİSSE SENEDİ YOĞUN FON),18.09.2026,"1,250358",1434411.00,12,"1793526,85"
FHP,FİBA PORTFÖY ÖPY PARA PİYASASI SERBEST (TL) ÖZEL FON,18.09.2026,"3,503091",2304260731.00,46,"8072035721,72"
FHZ,QNB PORTFÖY HUZUR SERBEST (DÖVİZ) ÖZEL FON,18.09.2026,"65,308959",11372709.00,3,"742739784,52"
FI3,QNB PORTFÖY BORÇLANMA ARAÇLARI FONU,18.09.2026,"810,457699",2354394.82,9776,"1908137405,18"
FI5,QNB PORTFÖY PARA PİYASASI (TL) FONU,18.09.2026,"763,259439",157634769.00,53165,"120316225393,60"
FIB,FİBA PORTFÖY ALTIN FONU,18.09.2026,"0,503434",9784608760.58,12310,"4925908996,53"
FID,FİBA PORTFÖY ÇOKLU VARLIK İKİNCİ DEĞİŞKEN FON,18.09.2026,"1,03588",828999507.00,1693,"858743771,47"
FIL,FİBA PORTFÖY PARA PİYASASI (TL) FONU,18.09.2026,"0,382206",44272634221.00,21061,"16921280644,29"
FIT,FİBA PORTFÖY BORÇLANMA ARAÇLARI (TL) FONU,18.09.2026,"0,233896",1175108470.00,640,"274853168,03"
FJB,FİBA PORTFÖY BLOK ZİNCİRİ TEKNOLOJİLERİ SERBEST FON,18.09.2026,"7,349955",51054651.00,716,"375249412,35"
FJC,FİBA PORTFÖY MELTEM ÜÇÜNCÜ SERBEST (DÖVİZ) FON,18.09.2026,"61,256476",21340711.00,96,"1307256756,81"
FJM,FİBA PORTFÖY MELTEM SERBEST (DÖVİZ) FON,18.09.2026,"58,845576",135257313.00,1647,"7959294477,38"
FJN,FİBA PORTFÖY MELTEM İKİNCİ SERBEST (DÖVİZ) FON,18.09.2026,"58,627491",84871223.00,1226,"4975786854,15"
FJZ,FİBA PORTFÖY FIRTINA SERBEST (DÖVİZ) FON,18.09.2026,"66,181267",21673267.00,781,"1434364277,53"
FKE,QNB PORTFÖY KRİSTAL SERBEST (DÖVİZ-AVRO) FON,18.09.2026,"59,734542",815626165.00,12163,"48721055485,60"
FKV,QNB PORTFÖY KAR PAYI ÖDEYEN YEDİNCİ SERBEST (DÖVİZ) FON,18.09.2026,"48,6867",47840000.01,474,"2329171741,12"
FLS,YAPI KREDİ PORTFÖY FLORYA SERBEST (DÖVİZ-AVRO) FON,18.09.2026,"62,186273",67288635.00,2316,"4184429438,01"
FLY,AKTİF PORTFÖY HAVACILIK VE SAVUNMA TEKNOLOJİLERİ DEĞİŞKEN FON,18.09.2026,"1,569126",61243121.00,2129,"96098177,71"
FMG,QNB PORTFÖY GÜMÜŞ SERBEST FON,18.09.2026,"3,340903",3613647779.00,9949,"12072847559,46"
FMS,QNB PORTFÖY SABİHA SERBEST (DÖVİZ) ÖZEL FON,18.09.2026,"55,44491",11051517.00,1,"612750370,00"
FMV,DENİZ PORTFÖY FMV IŞIK ÜNİVERSİTESİ EĞİTİME DESTEK SERBEST FON,18.09.2026,"1,461418",114922583.00,32,"167949939,30"
FNN,QNB PORTFÖY KAR PAYI ÖDEYEN ONUNCU SERBEST (DÖVİZ) FON,18.09.2026,"0,00",0.00,1,"0,00"
FNO,QNB PORTFÖY BİRİNCİ DEĞİŞKEN FON,18.09.2026,"0,207571",52075704418.04,6483,"10809426664,76"
FNT,HEDEF PORTFÖY MODEL HİSSE SENEDİ SERBEST (TL) FON (HİSSE SENEDİ YOĞUN FON),18.09.2026,"1,8259",143143170.00,1591,"261365137,18"
FP4,ONE PORTFÖY DÖRDÜNCÜ HİSSE SENEDİ SERBEST FON (HİSSE SENEDİ YOĞUN FON),18.09.2026,"0,53076",161508033.00,120,"85721949,58"
FPE,FİBA PORTFÖY EUROBOND BORÇLANMA ARAÇLARI (DÖVİZ) FONU,18.09.2026,"76,547468",4402136.00,1408,"336972365,68"
FPG,FİBA PORTFÖY GÜMÜŞ SERBEST FON,18.09.2026,"2,221471",367055349.00,1987,"815402866,15"
FPH,FİBA PORTFÖY HİSSE SENEDİ (TL) FONU (HİSSE SENEDİ YOĞUN FON),18.09.2026,"34,75527",36361643.00,4491,"1263758710,68"
FPI,FONMAP PORTFÖY BİRİNCİ PARA PİYASASI (TL) FONU,18.09.2026,"2,718781",26257150.00,189,"71387449,54"
FPK,FİBA PORTFÖY KISA VADELİ BORÇLANMA ARAÇLARI (TL) FONU,18.09.2026,"0,100614",2714711228.00,1188,"273139086,25"
FPR,STRATEJİ PORTFÖY FOREST HİSSE SENEDİ SERBEST FON (HİSSE SENEDİ YOĞUN FON),18.09.2026,"10,710954",16279521.00,33,"174369207,69"
FPZ,QNB PORTFÖY BİRİNCİ SERBEST (DÖVİZ) FON,18.09.2026,"70,363893",1931819000.00,19515,"135930305214,96"
FR1,ONE PORTFÖY BİRİNCİ SERBEST FON,18.09.2026,"0,666541",259136319.00,20,"172725012,85"
FRA,AZİMUT PORTFÖY MAB SERBEST FON,18.09.2026,"32,240795",16346222.00,2,"527015190,22"
FRC,FONMAP PORTFÖY BİRİNCİ HİSSE SENEDİ SERBEST FON (HİSSE SENEDİ YOĞUN FON),18.09.2026,"1,3031",41940657.00,186,"54652866,90"
FRZ,AZİMUT PORTFÖY FRZ SERBEST ÖZEL FON,18.09.2026,"15,112556",17900643.00,2,"270524476,78"
FS1,ONE PORTFÖY BİRİNCİ HİSSE SENEDİ SERBEST FON (HİSSE SENEDİ YOĞUN FON),18.09.2026,"1,441405",85701336.00,223,"123530317,79"
FS2,ONE PORTFÖY İKİNCİ HİSSE SENEDİ SERBEST FON (HİSSE SENEDİ YOĞUN FON),18.09.2026,"2,082308",26033101.00,26,"54208928,99"
FS3,ONE PORTFÖY KATILIM HİSSE SENEDİ SERBEST FON (HİSSE SENEDİ YOĞUN FON),18.09.2026,"1,193505",848905056.00,21,"1013172015,97"
FS4,ONE PORTFÖY ÜÇÜNCÜ HİSSE SENEDİ SERBEST FON (HİSSE SENEDİ YOĞUN FON),18.09.2026,"0,666853",513376841.00,20,"342346719,20"
FS5,ONE PORTFÖY BİRİNCİ İSTATİSTİKSEL ARBİTRAJ HİSSE SENEDİ SERBEST FON (HİSSE SENEDİ YOĞUN FON),18.09.2026,"2,232773",25280519.00,81,"56445663,72"
FS6,ONE PORTFÖY İKİNCİ İSTATİSTİKSEL ARBİTRAJ SERBEST FON,18.09.2026,"1,945811",149807208.00,392,"291496533,75"
FSF,FİBA PORTFÖY PARA PİYASASI SERBEST (TL) FON,18.09.2026,"7,118978",2065176771.00,7919,"14701947658,89"
FSG,FİBA PORTFÖY BİRİNCİ HİSSE SENEDİ SERBEST FON (HİSSE SENEDİ YOĞUN FON),18.09.2026,"3,741087",173755551.00,717,"650034548,79"
FSH,FİBA PORTFÖY FON SEPETİ SERBEST FON,18.09.2026,"4,83018",76016929.00,517,"367175474,15"
FSK,QNB PORTFÖY İKİNCİ PARA PİYASASI (TL) FONU,18.09.2026,"6,284866",868369630.00,2648,"5457586396,07"
FSM,ONE PORTFÖY BEŞİNCİ HİSSE SENEDİ SERBEST FON (HİSSE SENEDİ YOĞUN FON),18.09.2026,"1,240193",159760587.00,20,"198133992,36"
FSP,FONMAP PORTFÖY SERBEST (DÖVİZ) FON,18.09.2026,"16,528893",6558.00,19,"108396,48"
FSR,FİBA PORTFÖY İKİNCİ SERBEST (DÖVİZ-AVRO) FON,18.09.2026,"47,937181",118246953.00,2479,"5668425633,14"
FSU,TERA PORTFÖY FON SEPETİ FONU,18.09.2026,"0,00",0.00,13025,"0,00"
FSV,QNB PORTFÖY KAR PAYI ÖDEYEN SEKİZİNCİ SERBEST (DÖVİZ-AVRO) FON,18.09.2026,"55,843446",183610000.01,1650,"10253415094,37"
FTL,ONE PORTFÖY PARA PİYASASI KATILIM FONU,18.09.2026,"1,575221",121021337.30,623,"190635411,02"
FTM,FİBA PORTFÖY KAR PAYI ÖDEYEN SERBEST (DÖVİZ) FON,18.09.2026,"48,556252",5000000.01,1,"242781259,93"
FTY,QNB PORTFÖY KAR PAYI ÖDEYEN SERBEST (DÖVİZ) FON,18.09.2026,"48,602429",165470000.00,1239,"8042244004,22"
FUA,AK PORTFÖY İHRACATÇI ŞİRKETLER HİSSE SENEDİ (TL) FONU (HİSSE SENEDİ YOĞUN FON),18.09.2026,"5,106623",59380027.00,4702,"303231424,44"
FUB,QNB PORTFÖY EUROBOND (DÖVİZ) BORÇLANMA ARAÇLARI FONU,18.09.2026,"0,754009",1227707046.00,2149,"925702612,69"
FUM,AK PORTFÖY ALESTA SERBEST (DÖVİZ) ÖZEL FON,18.09.2026,"63,651201",7191032.00,2,"457717824,23"
FUN,FİBA PORTFÖY ÜÇÜNCÜ SERBEST (DÖVİZ) FON,18.09.2026,"1,619748",2207820955.00,552,"3576113946,27"
FUP,QNB PORTFÖY BAYSAN SERBEST (DÖVİZ) ÖZEL FON,18.09.2026,"89,583376",2979353.00,2,"266900500,59"
FVL,FİBA PORTFÖY BİRİNCİ SERBEST (TL) FON,18.09.2026,"5,106372",284134204.00,56,"1450895084,74"
FYA,İSTANBUL PORTFÖY ARK II SERBEST FON,18.09.2026,"0,054175",24704061687.69,140,"1338339418,86"
FYB,AZİMUT PORTFÖY EB SERBEST (DÖVİZ) ÖZEL FON,18.09.2026,"101,119332",1995663.00,9,"201800109,01"
FYD,QNB PORTFÖY BİRİNCİ HİSSE SENEDİ FONU (HİSSE SENEDİ YOĞUN FON),18.09.2026,"11,513767",274010187.19,5174,"3154889446,33"
FYF,STRATEJİ PORTFÖY MUTLAK GETİRİ HEDEFLİ HİSSE SENEDİ SERBEST FON(HİSSE SENEDİ YOĞUN),18.09.2026,"0,112814",350708449.00,11,"39564664,68"
FYG,AZİMUT PORTFÖY ÖPY SERBEST ( DÖVİZ ) ÖZEL FON,18.09.2026,"16,922102",5760069.00,2,"97472477,48"
FYH,AZİMUT PYŞ SERBEST ( DÖVİZ ) FON,18.09.2026,"86,217397",7170832.00,21,"618250469,13"
FYI,AZİMUT PORTFÖY 4.0 SERBEST FON,18.09.2026,"11,190502",7337282.00,328,"82107870,96"
FYM,AZİMUT PORTFÖY ÜÇÜNCÜ SERBEST (DÖVİZ) FON,18.09.2026,"0,448179",755254621.00,15,"338489364,50"
FYO,QNB PORTFÖY ÖZEL SEKTÖR BORÇLANMA ARAÇLARI FONU,18.09.2026,"1,221089",1676443773.01,1554,"2047086637,60"
FYT,QNB PORTFÖY KISA VADELİ BORÇLANMA ARAÇLARI (TL) FONU,18.09.2026,"0,375799",11950734054.00,96602,"4491069387,60"
FYZ,AZİMUT PORTFÖY AS HİSSE SENEDİ SERBEST ÖZEL FON (HİSSE SENEDİ YOĞUN FON),18.09.2026,"5,881594",43416680.00,2,"255359273,17"
FZJ,FİBA PORTFÖY BİRİNCİ FON SEPETİ FONU,18.09.2026,"5,694503",202029388.63,2117,"1150456865,59"
FZP,FİBA PORTFÖY SERBEST FON,18.09.2026,"6,742161",119936371.00,539,"808630263,28"
GA1,GARANTİ PORTFÖY BORÇLANMA ARAÇLARI FONU,18.09.2026,"2,033935",178030896.00,1626,"362103234,88"
GAC,GARANTİ PORTFÖY YİRMİBİRİNCİ SERBEST (DÖVİZ) ÖZEL FON,18.09.2026,"78,204742",5527677.00,1,"432290552,99"
GAE,GARANTİ PORTFÖY BİST30 ENDEKSİ HİSSE SENEDİ (TL) FONU (HİSSE SENEDİ YOĞUN FON),18.09.2026,"0,459136",3393360375.00,15723,"1558015361,69"
GAF,INVEO PORTFÖY BİRİNCİ HİSSE SENEDİ FONU (HİSSE SENEDİ YOĞUN FON),18.09.2026,"1,62114",124408557.00,1480,"201683642,82"
GAG,INVEO PORTFÖY BİRİNCİ SERBEST (DÖVIZ)  FON,18.09.2026,"18,502429",44885986.00,229,"830499755,11"
GAH,GARANTİ PORTFÖY MUTLAK GETİRİ HEDEFLİ DEĞİŞKEN FON,18.09.2026,"12,814531",27786145.00,2676,"356066408,17"
GAJ,GARANTİ PORTFÖY YİRMİÜÇÜNCÜ SERBEST (DÖVİZ) ÖZEL FON,18.09.2026,"63,963561",7935068.00,1,"507555203,52"
GAL,GARANTİ PORTFÖY İKİNCİ PARA PİYASASI (TL) FONU,18.09.2026,"420,44144",165367769.00,58913,"69527462894,04"
GAN,INVEO PORTFÖY ALFON SERBEST FON,18.09.2026,"7,542418",2690890.00,11,"20295816,58"
GAS,GARANTİ PORTFÖY ÜÇÜNCÜ SERBEST(DÖVİZ) FON,18.09.2026,"0,322583",10206609654.00,2261,"3292481165,98"
GAU,GARANTİ PORTFÖY YİRMİNCİ SERBEST (DÖVİZ) ÖZEL FON,18.09.2026,"67,66339",32360328.00,5,"2189609481,90"
GAV,GARANTİ PORTFÖY YİRMİİKİNCİ SERBEST (DÖVİZ) ÖZEL FON,18.09.2026,"62,672196",3941000.00,1,"246991124,42"
GBC,AZİMUT PORTFÖY YABANCI HİSSE SENEDİ FONU,18.09.2026,"0,312871",839929757.48,1659,"262789510,76"
GBG,INVEO PORTFÖY G-20 ÜLKELERİ YABANCI HİSSE SENEDİ FONU,18.09.2026,"0,597409",351108389.00,4167,"209755318,77"
GBH,GARANTİ PORTFÖY BİRİNCİ HİSSE SENEDİ SERBEST FON (HİSSE SENEDİ YOĞUN FON),18.09.2026,"4,001694",509810687.00,2793,"2040106330,16"
GBJ,GARANTİ PORTFÖY BANKACILIK SEKTÖRÜ HİSSE SENEDİ SERBEST FON (HİSSE SENEDİ YOĞUN FON),18.09.2026,"1,463481",590034761.00,1827,"863504528,14"
GBL,AZİMUT PYŞ KISA VADELİ BORÇLANMA ARAÇLARI FONU,18.09.2026,"0,892833",4817531658.97,1700,"4301250673,50"
GBN,GARANTİ PORTFÖY BEŞİNCİ (TL) SERBEST FON,18.09.2026,"7,059819",902335178.00,386,"6370323276,29"
GBP,GARANTİ PORTFÖY YİRMİALTINCI SERBEST (DÖVİZ-AVRO) ÖZEL FON,18.09.2026,"70,409483",53983981.00,2,"3800984205,96"
GBV,GARANTİ PORTFÖY BLOCKCHAİN TEKNOLOJİLERİ DEĞİŞKEN FON,18.09.2026,"13,424756",162926190.00,21628,"2187244317,05"
GBZ,AZİMUT PORTFÖY EMTİA FON SEPETİ FONU,18.09.2026,"3,603123",324378801.00,3199,"1168776671,06"
GCA,GARANTİ PORTFÖY HM SERBEST (DÖVİZ) ÖZEL FON,18.09.2026,"71,483678",11517383.00,2,"823304898,77"
GCC,GARANTİ PORTFÖY YİRMİSEKİZİNCİ SERBEST ÖZEL FON,18.09.2026,"5,958375",222060386.00,2,"1323118996,87"
GCD,ATLAS PORTFÖY UFUK HİSSE SENEDİ SERBEST FON (HİSSE SENEDİ YOĞUN FON),18.09.2026,"3,901154",210349833.00,19,"820607154,22"
GCI,GARANTİ PORTFÖY KARŞIYAKA SERBEST (DÖVİZ) ÖZEL FON,18.09.2026,"65,109859",3425896.00,3,"223059603,89"
GCZ,GARANTİ PORTFÖY ZM SERBEST (DÖVİZ) ÖZEL FON,18.09.2026,"61,834239",194715.00,1,"12040053,93"
GDJ,GARANTİ PORTFÖY DÖRTLÜ SERBEST (DÖVİZ) ÖZEL FON,18.09.2026,"62,676914",8101428.00,4,"507772505,02"
GDP,GARANTİ PORTFÖY DOKUZUNCU SERBEST (DÖVİZ) ÖZEL FON,18.09.2026,"67,420504",23236050.00,1,"1566586201,51"
GEC,GARANTİ PORTFÖY SOYKAN SERBEST (DÖVİZ) ÖZEL FON,18.09.2026,"76,758828",2099501.00,2,"161155236,37"
GEI,INVEO PORTFÖY EVEREST SERBEST FON,18.09.2026,"7,232272",37387728.00,11,"270398223,10"
GEZ,GARANTİ PORTFÖY ERN SERBEST (DÖVİZ) ÖZEL FON,18.09.2026,"62,168613",6634456.00,1,"412454924,56"
GFB,GARANTİ PORTFÖY MISIRLI SERBEST (DÖVİZ) ÖZEL FON,18.09.2026,"70,806478",5851512.00,4,"414324955,24"
GFD,GARANTİ PORTFÖY BAL SERBEST (DÖVİZ) ÖZEL FON,18.09.2026,"70,857232",1533442.00,2,"108655455,97"
GFI,GARANTİ PORTFÖY YKT SERBEST (DÖVİZ) ÖZEL FON,18.09.2026,"54,371481",30698413.00,3,"1669118182,52"
GFL,GARANTİ PORTFÖY MİA SERBEST ÖZEL FON,18.09.2026,"11,255976",29486927.00,1,"331904138,95"
GFN,GARANTİ PORTFÖY DAPEİ SERBEST  (DÖVİZ) ÖZEL FON,18.09.2026,"79,915557",11573436.00,3,"924897585,83"
GFY,GARANTİ PORTFÖY OL SERBEST (DÖVİZ) ÖZEL FON,18.09.2026,"70,79964",5822807.00,3,"412252638,92"
GGA,GARANTİ PORTFÖY YEDİNCİ SERBEST (DÖVİZ) ÖZEL FON,18.09.2026,"67,841467",121942198.00,3,"8272737629,95"
GGC,AK PORTFÖY KIYI HİSSE SENEDİ SERBEST ÖZEL FON (HİSSE SENEDİ YOĞUN FON),18.09.2026,"5,332815",35132999.00,5,"187357767,30"
GGD,GARANTİ PORTFÖY SEKİZİNCİ SERBEST (DÖVİZ) ÖZEL FON,18.09.2026,"66,64592",90240169.00,2,"6014139068,64"
GGK,INVEO PORTFÖY ALTIN FON,18.09.2026,"13,908901",175671096.00,11559,"2443391864,98"
GGM,GARANTİ PORTFÖY GMS SERBEST ÖZEL FON,18.09.2026,"8,721375",342290935.00,1,"2985247454,82"
GGN,GARANTİ PORTFÖY AYDOĞAN SERBEST(DÖVİZ) ÖZEL FON,18.09.2026,"70,418374",6963426.00,4,"490353139,28"
GGP,GARANTİ PORTFÖY ALTINCI SERBEST (DÖVİZ) ÖZEL FON,18.09.2026,"7,892487",6927.00,1,"54671,26"
GGR,GARANTİ PORTFÖY ONİKİNCİ SERBEST (DÖVİZ) ÖZEL FON,18.09.2026,"68,865132",23548896.00,3,"1621697831,68"
GHS,GARANTİ PORTFÖY HİSSE SENEDİ (TL) FONU (HİSSE SENEDİ YOĞUN FON),18.09.2026,"38,508869",68008945.00,15261,"2618947563,71"
GID,GARANTİ PORTFÖY İNŞAAT SEKTÖRÜ HİSSE SENEDİ FONU (HİSSE SENEDİ YOĞUN FON),18.09.2026,"1,545076",21693347.00,1884,"33517874,23"
GIE,GARANTİ PORTFÖY GARANTİ BBVA İKLİM ENDEKSİ HİSSE SENEDİ (TL) FONU (HİSSE SENEDİ YOĞUN FON),18.09.2026,"3,6609",21031335.00,4611,"76993618,34"
GIH,ALLBATROSS PORTFÖY GIDA VE İÇECEK SEKTÖRÜ HİSSE SENEDİ FONU (HİSSE SENEDİ YOĞUN FON),18.09.2026,"1,997083",3055419.00,592,"6101926,46"
GJA,GARANTİ PORTFÖY ONYEDİNCİ SERBEST (DÖVİZ) ÖZEL FON,18.09.2026,"67,258321",14263356.00,3,"959329381,92"
GJB,INVEO PORTFÖY BİRİNCİ FON SEPETİ FONU,18.09.2026,"10,185073",6901884.00,918,"70296195,10"
GJD,GARANTİ PORTFÖY ORTAS SERBEST (DÖVİZ) ÖZEL FON,18.09.2026,"65,11025",6316272.00,3,"411254048,59"
GJE,GARANTİ PORTFÖY ECZ SERBEST (DÖVİZ) ÖZEL FON,18.09.2026,"64,27401",2316713.00,2,"148904433,43"
GJF,GARANTİ PORTFÖY BEREKET SERBEST (DÖVİZ) ÖZEL FON,18.09.2026,"64,420396",3647864.00,2,"234996843,97"
GJH,GARANTİ PORTFÖY PARA PİYASASI SERBEST (TL) FON,18.09.2026,"4,045783",35321921723.00,23339,"142904821193,31"
GJM,GLOBAL MD PORTFÖY ADA SERBEST FON,18.09.2026,"40,618893",10287075.00,69,"417849601,97"
GJO,GARANTİ PORTFÖY ONALTINCI SERBEST (DÖVİZ) ÖZEL FON,18.09.2026,"60,458968",9779449.00,1,"591255392,61"
GKE,GARANTİ PORTFÖY KAR PAYI ÖDEYEN EKİM 2025 SERBEST (DÖVİZ) FON,18.09.2026,"0,00",0.00,0,"0,01"
GKF,GLOBAL MD PORTFÖY KATILIM FONU,18.09.2026,"4,285762",10062254.00,670,"43124426,37"
GKG,GARANTİ PORTFÖY KAR PAYI ÖDEYEN HİSSE SENEDİ (TL) FONU (HİSSE SENEDİ YOĞUN FON),18.09.2026,"1,415794",32966424.00,1890,"46673671,54"
GKH,GARANTİ PORTFÖY PARA PİYASASI KATILIM SERBEST (TL) FON,18.09.2026,"4,611037",894075849.00,1859,"4122617158,84"
GKK,GARANTİ PORTFÖY ONDÖRDÜNCÜ SERBEST (DÖVİZ) ÖZEL FON,18.09.2026,"66,394297",30617607.00,2,"2032834481,07"
GKL,GARANTİ PORTFÖY YF HİSSE SENEDİ SERBEST ÖZEL FON (HİSSE SENEDİ YOĞUN FON),18.09.2026,"15,059484",56249207.00,4,"847084024,17"
GKM,GARANTİ PORTFÖY KAR PAYI ÖDEYEN EKİM 2026 SERBEST (DÖVİZ) FON,18.09.2026,"49,355818",2703620.00,14,"133439375,52"
GKO,GARANTİ PORTFÖY KAR PAYI ÖDEYEN OCAK 2026 SERBEST (DÖVİZ) FON,18.09.2026,"0,00",0.00,0,"0,01"
GKV,GARANTİ PORTFÖY KATILIM HİSSE SENEDİ (TL) FONU (HİSSE SENEDİ YOĞUN FON),18.09.2026,"7,923081",31313415.00,4375,"248098720,67"
GL1,AZİMUT PYŞ BİRİNCİ HİSSE SENEDİ FONU (HİSSE SENEDİ YOĞUN FON),18.09.2026,"1472,457207",1060156.00,984,"1561034343,15"
GLC,AKTİF PORTFÖY ÜÇÜNCÜ FON SEPETİ FONU,18.09.2026,"4,274676",3868488.00,67,"16536531,69"
GLG,AKTİF PORTFÖY CAPİTAL HİSSE SENEDİ SERBEST FON (HİSSE SENEDİ YOĞUN FON),18.09.2026,"7,957026",2502658.00,303,"19913715,01"
GLL,GOLDEN GLOBAL PORTFÖY ALTIN KATILIM FONU,18.09.2026,"1,015679",8570148.00,38,"8704516,71"
GLM,ATLAS PORTFÖY ÜÇÜNCÜ SERBEST (TL) FON,18.09.2026,"0,490127",945576.00,11,"463452,04"
GLP,GARANTİ PORTFÖY PRUVA SERBEST (DÖVİZ) ÖZEL FON,18.09.2026,"69,562037",8202021.00,4,"570549285,84"
GLS,AZİMUT PORTFÖY  KİRA SERTİFİKALARI (SUKUK) KATILIM FONU,18.09.2026,"0,174883",6280479221.00,1452,"1098346445,46"
GLV,GLOBAL MD PORTFÖY NEHİR SERBEST FON,18.09.2026,"8,286643",13553804.00,27,"112315541,66"
GMA,AZİMUT PORTFÖY BİRİNCİ DEĞİŞKEN FON,18.09.2026,"2,205684",1039871968.56,1486,"2293629305,59"
GMC,TEB PORTFÖY GÜMÜŞ FON SEPETİ FONU,18.09.2026,"0,00",0.00,20264,"0,00"
GMD,GLOBAL MD PORTFÖY BİRİNCİ FON SEPETİ FONU,18.09.2026,"2,74134",5665410.00,105,"15530814,08"
GME,İŞ PORTFÖY EGE SERBEST ÖZEL FON,18.09.2026,"28,400219",14109179.00,2,"400703772,91"
GMI,AK PORTFÖY GÜMÜŞ SERBEST FON,18.09.2026,"1,3528",457472879.00,5023,"618869507,91"
GMM,GARANTİ PORTFÖY KAR PAYI ÖDEYEN MART 2027 SERBEST (DÖVİZ) FON,18.09.2026,"49,095133",9269281.00,26,"455076579,78"
GMN,GLOBAL MD PORTFÖY BİRİNCİ PARA PİYASASI SERBEST (TL) FON,18.09.2026,"1,402388",58252601.00,27,"81692756,01"
GMO,AZİMUT PORTFÖY G MOBİLİTE HİSSE SENEDİ SERBEST ÖZEL FON (HİSSE SENEDİ YOĞUN FON),18.09.2026,"2,775988",793974932.00,4,"2204065221,38"
GMP,GARANTİ PORTFÖY GM SERBEST (DÖVİZ) ÖZEL FON,18.09.2026,"62,369231",25439462.00,1,"1586639676,56"
GMR,INVEO PORTFÖY BIST 30 DIŞI ŞİRKETLER HİSSE SENEDİ FONU (HİSSE SENEDİ YOĞUN FON),18.09.2026,"1,272525",124859769.00,4346,"158887120,70"
GMV,GARANTİ PORTFÖY OCAK 2026 SERBEST (DÖVİZ-ABD DOLARI) FON,18.09.2026,"0,00",0.00,0,"0,01"
GMZ,İŞ PORTFÖY MZ SERBEST ÖZEL FON,18.09.2026,"13,702476",26632587.79,2,"364932402,59"
GNH,GLOBAL MD PORTFÖY ALGORİTMİK MODEL HİSSE SENEDİ FONU (HİSSE SENEDİ YOĞUN FON),18.09.2026,"1,319739",4792467.00,174,"6324806,72"
GNK,AZİMUT PORTFÖY SARPAY SERBEST (DÖVİZ) ÖZEL FON,18.09.2026,"69,834087",7000683.00,1,"488886306,63"
GNL,GARANTİ PORTFÖY UNL SERBEST (DÖVİZ) ÖZEL FON,18.09.2026,"62,165586",28454944.00,3,"1768918272,39"
GNP,GARANTİ PORTFÖY NEMA PARA PİYASASI (TL) FONU,18.09.2026,"1,51235",1148430397.00,2065,"1736829205,03"
GNS,GARANTİ PORTFÖY ENERJİ ŞİRKETLERİ HİSSE SENEDİ (TL) FONU (HİSSE SENEDİ YOĞUN FON),18.09.2026,"1,449859",56810258.00,1474,"82366852,25"
GNZ,AK PORTFÖY ING Z KUŞAĞI FON SEPETİ ÖZEL FONU,18.09.2026,"0,00",0.00,454,"0,00"
GO1,ONE PORTFÖY BİRİNCİ FON SEPETİ FONU,18.09.2026,"4,832249",15196988.00,705,"73435632,95"
GO3,ONE PORTFÖY ÜÇÜNCÜ FON SEPETİ FONU,18.09.2026,"4,821433",5811061.00,436,"28017640,56"
GO4,ONE PORTFÖY DÖRDÜNCÜ FON SEPETİ FONU,18.09.2026,"5,259361",8534348.00,721,"44885217,85"
GO6,ONE PORTFÖY PARA PİYASASI (TL) FONU,18.09.2026,"4,385619",809394917.00,3162,"3549697608,36"
GO9,ONE PORTFÖY BİRİNCİ HİSSE SENEDİ FONU (HİSSE SENEDİ YOĞUN FON),18.09.2026,"2,594158",156162614.00,1633,"405110530,83"
GOF,GARANTİ PORTFÖY OTUZİKİNCİ SERBEST (DÖVİZ) FON,18.09.2026,"53,653656",8229070.00,337,"441519689,14"
GOH,GARANTİ PORTFÖY BIST 100 DIŞI ŞİRKETLER HİSSE SENEDİ (TL) FONU (HİSSE SENEDİ YOĞUN FON),18.09.2026,"14,910044",35536276.00,8727,"529847446,38"
GOK,GOLDEN GLOBAL PORTFÖY KISA VADELİ KİRA SERTİFİKALARI KATILIM FONU,18.09.2026,"1,01853",52198444.00,14,"53165666,91"
GOL,GARANTİ PORTFÖY ALTIN KATILIM FONU,18.09.2026,"2,809422",1744847159.00,11772,"4902012526,59"
GOP,GOLDEN GLOBAL PORTFÖY PARA PİYASASI KATILIM FONU,18.09.2026,"1,25608",184581943.00,1128,"231849693,84"
GP1,AZİMUT PORTFÖY AEB SERBEST (TL) ÖZEL FON,18.09.2026,"3,923171",45715125.00,1,"179348251,10"
GP3,GARANTİ PORTFÖY ÜÇÜNCÜ SERBEST (DÖVİZ-AVRO) FON,18.09.2026,"63,756245",10950594.00,474,"698168754,75"
GPA,GARANTİ PORTFÖY EUROBOND BORÇLANMA ARAÇLARI (DÖVİZ) FONU,18.09.2026,"23,34654",35539317.00,5328,"829720099,38"
GPB,GARANTİ PORTFÖY BİRİNCİ DEĞİŞKEN FON,18.09.2026,"12,432204",102208641.00,9561,"1270678661,58"
GPC,GARANTİ PORTFÖY İKİNCİ SERBEST ( DÖVİZ ) FON,18.09.2026,"72,60455",92140139.00,3527,"6689793370,80"
GPF,GARANTİ PORTFÖY ÇOKLU VARLIK KATILIM FONU,18.09.2026,"9,123328",64394379.00,3076,"587491051,56"
GPG,INVEO PORTFÖY BİRİNCİ DEĞİŞKEN FON,18.09.2026,"16,310735",59960699.00,2806,"978003048,99"
GPH,GARANTİ PORTFÖY ONSEKİZİNCİ SERBEST (DÖVİZ) ÖZEL FON,18.09.2026,"45,866179",58637.00,1,"2689455,16"
GPI,GARANTİ PORTFÖY İKİNCİ DEĞİŞKEN FON,18.09.2026,"18,753538",39222433.00,2772,"735559368,73"
GPJ,GARANTİ PORTFÖY PORTAKAL SERBEST (DÖVİZ) ÖZEL FON,18.09.2026,"58,780053",14772170.00,2,"868308936,05"
GPL,GARANTİ PORTFÖY BİRİNCİ SERBEST (DÖVİZ) FON,18.09.2026,"54,155796",1855369503.00,37131,"100479012161,27"
GPM,GARANTİ PORTFÖY MİB SERBEST (DÖVİZ) ÖZEL FON,18.09.2026,"62,872308",20837078.00,2,"1310075176,72"
GPN,GARANTİ PORTFÖY PARA PİYASASI KATILIM (TL) FONU,18.09.2026,"1,430991",3748701670.00,5100,"5364356804,29"
GPT,AKTİF PORTFÖY ROBOTİK TEKNOLOJİLERİ DEĞİŞKEN FON,18.09.2026,"2,745119",34809773.00,3038,"95556978,72"
GPU,GARANTİ PORTFÖY ÜÇÜNCÜ DEĞİŞKEN FON,18.09.2026,"21,273742",16615009.00,2435,"353463421,67"
GPV,YAPI KREDİ PORTFÖY URLA SERBEST (DÖVİZ-AVRO) ÖZEL FON,18.09.2026,"66,770614",6650000.00,1,"444024581,76"
GPZ,GARANTİ PORTFÖY ÜÇÜNCÜ PARA PİYASASI FONU,18.09.2026,"2,019904",3832687651.00,268,"7741659979,01"
GRL,QNB PORTFÖY AGRESİF SERBEST FON,18.09.2026,"1,801092",208719916.00,281,"375923730,37"
GRO,GARANTİ PORTFÖY OTUZUNCU SERBEST (DÖVİZ) FON,18.09.2026,"55,204636",3522922407.00,27294,"194481650274,43"
GRT,GARANTİ PORTFÖY TEKNOLOJİ ŞİRKETLERİ HİSSE SENEDİ (TL) FONU (HİSSE SENEDİ YOĞUN FON),18.09.2026,"1,427359",82783235.00,1835,"118161400,39"
GSE,AZİMUT PORTFÖY 7.0 SERBEST (DÖVİZ) FON,18.09.2026,"66,229484",21411115.00,107,"1418047108,78"
GSG,AZİMUT PORTFÖY GÜREL SERBEST (DÖVİZ) ÖZEL FON,18.09.2026,"71,714093",1216092.00,1,"87210935,05"
GSL,AZİMUT PORTFÖY GIPTA SERBEST ÖZEL FON,18.09.2026,"3,560872",14539796.00,1,"51774354,84"
GSO,GARANTİ PORTFÖY ÖPY SERBEST ÖZEL FON,18.09.2026,"15,743912",3359152821.00,8,"52886204772,73"
GSP,AZİMUT PYŞ KAR PAYI ÖDEYEN HİSSE SENEDİ FONU (HİSSE SENEDİ YOĞUN FON),18.09.2026,"0,571239",7491810292.00,14193,"4279615691,39"
GSR,GARANTİ PORTFÖY EGL SERBEST (DÖVİZ) ÖZEL FON,18.09.2026,"58,084522",4643160.00,2,"269695727,32"
GSU,GARANTİ PORTFÖY KAR PAYI ÖDEYEN ŞUBAT 2026 SERBEST (DÖVİZ) FON,18.09.2026,"0,00",0.00,0,"0,01"
GTA,GARANTİ PORTFÖY ALTIN FONU,18.09.2026,"1,599578",15169381459.00,74968,"24264615629,88"
GTF,AZİMUT PYŞ BİRİNCİ BORÇLANMA ARAÇLARI FONU,18.09.2026,"15,207594",10287758.20,499,"156452048,57"
GTH,GARANTİ PORTFÖY İHRACATÇI ŞİRKETLER HİSSE SENEDİ (TL) FONU (HİSSE SENEDİ YOĞUN FON),18.09.2026,"1,460867",22421204.00,781,"32754389,33"
GTK,GARANTİ PORTFÖY KAMU BORÇLANMA ARAÇLARI ÖZEL FONU,18.09.2026,"7,162796",4029467144.00,1,"28862252439,02"
GTL,GARANTİ PORTFÖY BİRİNCİ PARA PİYASASI (TL) FONU,18.09.2026,"0,138419",1226098209923.00,350115,"169715615087,86"
GTM,GARANTİ PORTFÖY TEMETTÜ ÖDEYEN ŞİRKETLER HİSSE SENEDİ (TL) FONU (HİSSE SENEDİ YOĞUN FON),18.09.2026,"7,960827",131679811.00,13410,"1048280256,39"
GTN,GARANTİ PORTFÖY GTH SERBEST (DÖVİZ) ÖZEL FON,18.09.2026,"52,853749",28012535.00,2,"1480567498,80"
GTY,GARANTİ PORTFÖY TREND SERBEST FON,18.09.2026,"6,350272",62806363.00,499,"398837473,00"
GTZ,GARANTİ PORTFÖY GÜMÜŞ FON SEPETİ FONU,18.09.2026,"11,926255",1040335245.00,60814,"12407303623,95"
GUA,GARANTİ PORTFÖY BİRİNCİ BORÇLANMA ARAÇLARI ÖZEL FON,18.09.2026,"6,09679",341860798.00,1,"2084253572,88"
GUB,GARANTİ PORTFÖY ÖZEL SEKTÖR BORÇLANMA ARAÇLARI FONU,18.09.2026,"2,640018",1743347778.00,10278,"4602470301,42"
GUC,GARANTİ PORTFÖY ÜÇÜNCÜ PARA PİYASASI SERBEST (TL) ÖZEL FON,18.09.2026,"1,508595",1302281083.00,1,"1964614353,86"
GUF,İŞ PORTFÖY GÜMÜŞ FON SEPETİ FONU,18.09.2026,"0,920512",685564175.00,4207,"631070379,60"
GUH,GARANTİ PORTFÖY YABANCI TEKNOLOJİ HİSSE SENEDİ FONU,18.09.2026,"0,00",0.00,38429,"0,00"
GUK,GARANTİ PORTFÖY GÜMÜŞ KATILIM SERBEST FON,18.09.2026,"1,433689",935484024.00,2526,"1341193400,64"
GUM,AK PORTFÖY GÜMÜŞ FON SEPETI FONU,18.09.2026,"0,00",0.00,52000,"0,00"
GUV,GARANTİ PORTFÖY UZUN VADELİ BORÇLANMA ARAÇLARI FONU,18.09.2026,"1,755507",433529761.00,1847,"761064685,35"
GVA,GARANTİ PORTFÖY ELEKTRİKLİ VE OTONOM ARAÇLAR DEĞİŞKEN FON,18.09.2026,"0,00",0.00,3340,"0,00"
GVB,GARANTİ PORTFÖY ACE SERBEST (DÖVİZ-ABD DOLARI) ÖZEL FON,18.09.2026,"68,532346",52499640.00,3,"3597923475,98"
GVC,GARANTİ PORTFÖY ERG SERBEST (DÖVİZ) ÖZEL FON,18.09.2026,"64,911388",4739268.00,1,"307632463,55"
GVD,GARANTİ PORTFÖY KARABAĞLI SERBEST (DÖVİZ) ÖZEL FON,18.09.2026,"18,403974",22115.00,1,"407003,89"
GVI,GARANTİ PORTFÖY ÜÇÜNCÜ FON SEPETİ FONU,18.09.2026,"0,00",0.00,4518,"0,00"
GVL,GARANTİ  PORTFÖY ZYT SERBEST (DÖVİZ) ÖZEL FON,18.09.2026,"67,383667",7872114.00,3,"530451908,70"
GVZ,GARANTİ PORTFÖY ACE SERBEST (DÖVİZ-AVRO) ÖZEL FON,18.09.2026,"73,221924",5533354.00,2,"405162826,98"
GYC,GARANTİ PORTFÖY YİRMİBEŞİNCİ SERBEST ÖZEL FON,18.09.2026,"4,190328",5020082762.00,1,"21035793703,23"
GYG,GARANTİ PORTFÖY TEKOS SERBEST (DÖVİZ-AVRO) ÖZEL FON,18.09.2026,"71,316325",7036272.00,4,"501801058,52"
GYK,INVEO PORTFÖY BORÇLANMA ARAÇLARI (TL) FONU,18.09.2026,"0,117787",1041603979.00,268,"122687311,51"
GYL,INVEO PORTFÖY KISA VADELİ BORÇLANMA ARAÇLARI (TL) FONU,18.09.2026,"14,992272",63699409.57,7265,"954998881,65"
GYN,GARANTİ PORTFÖY HCR SERBEST (DÖVİZ) ÖZEL FON,18.09.2026,"69,228142",20613565.00,1,"1427038799,16"
GYR,GARANTİ PORTFÖY TEKOS SERBEST (DÖVİZ-ABD DOLARI) ÖZEL FON,18.09.2026,"63,835732",9307247.00,5,"594134920,78"
GZB,GARANTİ PORTFÖY ÖPY İKİNCİ SERBEST ÖZEL FON,18.09.2026,"7,661135",190000000.00,1,"1455615701,58"
GZD,GARANTİ PORTFÖY ONÜCÜNCÜ SERBEST (DÖVİZ) ÖZEL FON,18.09.2026,"62,545004",876698.00,3,"54833080,27"
GZE,GARANTİ PORTFÖY EMTİA SERBEST FON,18.09.2026,"8,116296",217798733.00,4135,"1767719015,55"
GZG,GARANTİ PORTFÖY SAĞLIK VE GENETİK TEKNOLOJİLERİ DEĞİŞKEN FON,18.09.2026,"7,477893",55228322.00,4445,"412991464,90"
GZH,GARANTİ PORTFÖY TEMİZ ENERJİ DEĞİŞKEN FON,18.09.2026,"4,707586",73595257.00,5388,"346455996,58"
GZJ,GARANTİ PORTFÖY İKİNCİ FON SEPETİ FONU,18.09.2026,"0,00",0.00,5142,"0,00"
GZL,GARANTİ PORTFÖY TARIM VE GIDA SEKTÖRÜ DEĞİŞKEN FON,18.09.2026,"0,00",0.00,6443,"0,00"
GZM,GLOBAL MD PORTFÖY DURU SERBEST FON,18.09.2026,"10,541877",61383166.00,1050,"647093761,75"
GZN,GLOBAL MD PORTFÖY BOĞAZİÇİ SERBEST FON,18.09.2026,"49,576234",7405654.00,1009,"367144432,31"
GZO,GARANTİ PORTFÖY ÖZM SERBEST (DÖVİZ) ÖZEL FON,18.09.2026,"69,27812",1210798.00,1,"83881809,72"
GZP,GARANTİ PORTFÖY BİRİNCİ FON SEPETİ FONU,18.09.2026,"7,792672",495739018.00,10329,"3863131319,98"
GZR,GARANTİ PORTFÖY SÜRDÜRÜLEBİLİRLİK HİSSE SENEDİ (TL) FONU (HİSSE SENEDİ YOĞUN FON),18.09.2026,"11,416645",91436500.00,1934,"1043898035,13"
GZU,GARANTİ PORTFÖY EKE SERBEST (DÖVİZ) ÖZEL FON,18.09.2026,"68,361846",6829649.00,2,"466887413,86"
GZV,GARANTİ PORTFÖY ESG SÜRDÜRÜLEBİLİRLİK FON SEPETİ FONU,18.09.2026,"8,68219",11317478.00,1365,"98260496,76"
GZY,GARANTİ PORTFÖY TURİZM VE SEYAHAT SEKTÖRÜ DEĞİŞKEN FON,18.09.2026,"7,432725",8422351.00,2227,"62601017,44"
GZZ,GARANTİ PORTFÖY FİNANSAL TEKNOLOJİLER DEĞİŞKEN FON,18.09.2026,"6,922017",9034572.00,1221,"62537464,13"
HAE,HSBC PORTFÖY EKİM 2026 SERBEST (DÖVİZ) FON,18.09.2026,"57,038989",51661525.00,1241,"2946721153,11"
HAG,GARANTİ PORTFÖY EKİM 2026 SERBEST (DÖVİZ-ABD DOLARI) FON,18.09.2026,"63,171222",6827204.00,45,"431282816,13"
HAI,AHLATCI PORTFÖY ALTIN FONU,18.09.2026,"1,011664",11813396.00,332,"11951184,60"
HAM,HEDEF PORTFÖY ALTIN KATILIM FONU,18.09.2026,"3,0985",492671545.00,7289,"1526542575,90"
HAR,BV PORTFÖY HARMONY SERBEST FON,18.09.2026,"1,089306",585800488.00,68,"638116150,31"
HAT,HEDEF PORTFÖY ATLAS İSTATİSTİKSEL ARBİTRAJ HİSSE SENEDİ SERBEST FON (HİSSE SENEDİ YOĞUN FON),18.09.2026,"1,87295",1482485.00,75,"2776620,99"
HB1,ZİRAAT PORTFÖY HALKBANK SERBEST (DÖVİZ-AMERİKAN DOLARI) FON,18.09.2026,"51,392612",366323077.00,330,"18826299934,16"
HB2,ZİRAAT PORTFÖY HALKBANK SERBEST (DÖVİZ-AVRO) FON,18.09.2026,"58,041032",213029047.00,178,"12364425646,44"
HBF,HSBC PORTFÖY ALTIN FONU,18.09.2026,"51,09874",121570932.00,10545,"6212121410,62"
HBJ,HAS PORTFÖY BİRİNCİ SERBEST FON,18.09.2026,"0,93401",100000.00,1,"93401,03"
HBN,HSBC PORTFÖY BİRİNCİ FON SEPETİ FONU,18.09.2026,"4,374405",121443980.00,1056,"531245148,97"
HBU,HSBC PORTFÖY BİST 30 ENDEKSİ HİSSE SENEDİ FONU (HİSSE SENEDİ YOĞUN FON),18.09.2026,"1,449764",377118121.00,3185,"546732139,49"
HBV,HEDEF PORTFÖY DORUK HİSSE SENEDİ SERBEST (TL) FON (HİSSE SENEDİ YOĞUN FON),18.09.2026,"17,2676",57550088.00,17,"993751915,95"
HCV,HEDEF PORTFÖY ATAK ÇOKLU VARLIK KATILIM FONU,18.09.2026,"0,993565",136716091.00,559,"135836298,80"
HDA,HEDEF PORTFÖY DÖRDÜNCÜ İSTATİSTİKSEL ARBİTRAJ HİSSE SENEDİ SERBEST (TL) FON (HİSSE SENEDİ YOĞUN FON),18.09.2026,"3,187625",24280237.00,490,"77396284,19"
HDD,AHLATCI PORTFÖY BİRİNCİ DEĞİŞKEN FON,18.09.2026,"1,088639",9974688.00,158,"10858834,02"
HDE,HSBC PORTFÖY BEŞİNCİ SERBEST (DÖVİZ-AVRO) FON,18.09.2026,"57,763761",158200802.00,4432,"9138273322,93"
HDH,HEDEF PORTFÖY DOĞU HİSSE SENEDİ SERBEST (TL) FON (HİSSE SENEDİ YOĞUN FON),18.09.2026,"2710,266621",2988390.00,16,"8099333666,86"
HDJ,HEDEF PORTFÖY ARTI SERBEST (TL) FON,18.09.2026,"6,78615",2420170.00,11,"16423635,77"
HDK,HEDEF PORTFÖY VEGA İSTATİSTİKSEL ARBİTRAJ HİSSE SENEDİ SERBEST FON (HİSSE SENEDİ YOĞUN FON),18.09.2026,"3,046786",3734881.00,123,"11379384,74"
HDS,HEDEF PORTFÖY SERBEST (TL) FON,18.09.2026,"17,380827",91221799.00,13,"1585510267,18"
HDV,HSBC PORTFÖY YEDİNCİ SERBEST (DÖVİZ-POUND) FON,18.09.2026,"66,740756",76346233.00,2236,"5095405315,83"
HEH,HEDEF PORTFÖY ALGO EVEREST İSTATİSTİKSEL ARBİTRAJ HİSSE SENEDİ SERBEST FON (HİSSE SENEDİ YOĞUN FON),18.09.2026,"3,375967",110313200.00,1341,"372413726,37"
HFA,HSBC PORTFÖY ALLİANZ DEĞİŞKEN ÖZEL FON,18.09.2026,"3,133696",1574729725.00,2,"4934724592,94"
HFI,HEDEF PORTFÖY İKİNCİ KATILIM HİSSE SENEDİ SERBEST FON (HİSSE SENEDİ YOĞUN FON),18.09.2026,"1,671532",34361872.00,130,"57436960,47"
HFO,AHLATCI PORTFÖY KATILIM HİSSE SENEDİ (TL) FONU (HİSSE SENEDİ YOĞUN FON),18.09.2026,"0,958076",5231794.00,191,"5012455,47"
HFR,A1 CAPİTAL PORTFÖY HİSSE SENEDİ (TL) FONU (HİSSE SENEDİ YOĞUN FON),18.09.2026,"0,00",0.00,392,"0,00"
HFV,HSBC PYŞ ÜÇÜNCÜ SERBEST (DÖVİZ) FON,18.09.2026,"64,202284",136749061.00,3225,"8779601995,86"
HFY,ALBARAKA PORTFÖY HAYAT FİNANS KISA VADELİ KATILIM SERBEST FON,18.09.2026,"1,346334",112712135.00,32,"151748200,66"
HGC,HSBC PORTFÖY MART 2027 SERBEST (DÖVİZ) FON,18.09.2026,"53,832252",9127158.00,292,"491335467,96"
HGH,HEDEF PORTFÖY GÜNEŞ HİSSE SENEDİ SERBEST (TL) FON (HİSSE SENEDİ YOĞUN FON),18.09.2026,"1,760507",572445.00,19,"1007793,22"
HGJ,HEDEF PORTFÖY GÜNEY HİSSE SENEDİ SERBEST FON (HİSSE SENEDİ YOĞUN FON),18.09.2026,"6,384747",109096943.00,12,"696556325,01"
HGM,HEDEF PORTFÖY İKİNCİ HİSSE SENEDİ (TL) FONU (HİSSE SENEDİ YOĞUN FON),18.09.2026,"4,015588",34726037.35,1738,"139445452,88"
HGR,HEDEF PORTFÖY ALGORİTMİK STRATEJİLER SERBEST FON,18.09.2026,"1,401245",21555466.00,140,"30204489,66"
HGT,AZİMUT PORTFÖY 15.0 SERBEST (DÖVİZ) FON,18.09.2026,"96,486296",35413354.00,14,"3416903340,59"
HGU,HSBC PORTFÖY GÜÇLÜ SERBEST ÖZEL FON,18.09.2026,"5,196662",561018563.00,2,"2915424118,01"
HGV,HEDEF PORTFÖY BİRİNCİ SERBEST FON,18.09.2026,"4,499436",4092026.00,339,"18411810,90"
HIA,HEDEF PORTFÖY İSTATİSTİKSEL ARBİTRAJ SERBEST FON,18.09.2026,"1,591537",541554272.00,239,"861903483,48"
HIF,HEDEF PORTFÖY İKİNCİ SERBEST FON,18.09.2026,"0,499097",20926231.00,47,"10444209,13"
HIH,GARANTİ  PORTFÖY HOLDİNGLER VE İŞTİRAKLERİ HİSSE SENEDİ (TL) FONU (HİSSE SENEDİ YOĞUN FON),18.09.2026,"1,395517",147085831.00,4308,"205260752,95"
HII,HSBC PYŞ BİRİNCİ SERBEST (DÖVİZ) ÖZEL FON,18.09.2026,"3,36105",329367203.00,1,"1107019520,35"
HIM,HEDEF PORTFÖY BİRİNCİ İSTATİSTİKSEL ARBİTRAJ HİSSE SENEDİ SERBEST FON (HİSSE SENEDİ YOĞUN FON),18.09.2026,"4,084061",67524385.00,194,"275773699,45"
HIP,HSBC PORTFÖY İKİNCİ PARA PİYASASI (TL) FONU,18.09.2026,"2,231187",879116605.00,1128,"1961473671,51"
HIS,HEDEF PORTFÖY ÜÇÜNCÜ SERBEST FON,18.09.2026,"3,010873",440177.00,13,"1325316,86"
HIZ,AZİMUT PORTFÖY DİNAMİK DEĞİŞKEN FON,18.09.2026,"2,094838",97905786.00,997,"205096770,41"
HJA,AZİMUT PORTFÖY BİRİNCİ HİSSE SENEDİ SERBEST FON (HİSSE SENEDİ YOĞUN FON),18.09.2026,"16,190924",75518023.00,13,"1222706538,55"
HJB,HEDEF PORTFÖY BİRİNCİ DEĞİŞKEN FON,18.09.2026,"4,69445",21592103.00,1484,"101363056,81"
HKG,ZİRAAT PORTFÖY HALK'IN ÜRETEN KADINLARI DEĞİŞKEN FON,18.09.2026,"1,514649",26902190.00,1157,"40747381,66"
HKH,HEDEF PORTFÖY KATILIM HİSSE SENEDİ (TL) FONU (HİSSE SENEDİ YOĞUN FON),18.09.2026,"8,398592",85060531.00,13017,"714388727,49"
HKJ,HEDEF PORTFÖY PARA PİYASASI SERBEST FON,18.09.2026,"1,450455",4967923952.00,1813,"7205752472,02"
HKM,HEDEF PORTFÖY BAŞAK HİSSE SENEDİ SERBEST (TL) FON (HİSSE SENEDİ YOĞUN FON),18.09.2026,"3,233406",10801617.00,831,"34926013,25"
HKP,HEDEF PORTFÖY KATILIM HİSSE SENEDİ SERBEST (TL) FON (HİSSE SENEDİ YOĞUN FON),18.09.2026,"5,55906",24185590.00,65,"134449150,26"
HKR,HSBC PORTFÖY KIRMIZI HİSSE SENEDİ SERBEST (TL) FON (HİSSE SENEDİ YOĞUN FON),18.09.2026,"3,915888",354019899.00,1446,"1386302321,66"
HKV,ZİRAAT PORTFÖY HALKBANK KISA VADELİ BORÇLANMA ARAÇLARI (TL) FONU,18.09.2026,"606,864974",7420802.00,37676,"4503424813,95"
HLA,NEO PORTFÖY ÜÇÜNCÜ HİSSE SENEDİ SERBEST FON (HİSSE SENEDİ YOĞUN FON),18.09.2026,"1,571282",13621386.00,10,"21403037,08"
HLL,ZİRAAT PORTFÖY HALKBANK PARA PİYASASI (TL) FONU,18.09.2026,"0,39296",131950099758.95,1031935,"51851101793,32"
HLR,HEDEF PORTFÖY ADA HİSSE SENEDİ SERBEST (TL) FON (HİSSE SENEDİ YOĞUN FON),18.09.2026,"93,871287",17191918.00,13,"1613827471,63"
HMC,HEDEF PORTFÖY EKİNOKS SERBEST (TL) FON,18.09.2026,"9,009011",821179.00,133,"7398010,72"
HME,HSBC PORTFÖY DÖRDÜNCÜ SERBEST (DÖVİZ) FON,18.09.2026,"55,333362",515850895.00,8190,"28543764309,99"
HMG,HSBC PYŞ MUTLAK GETİRİ HEDEFLİ HİSSE SENEDİ SERBEST (TL) FON(HİSSE SENEDİ YOĞUN FON),18.09.2026,"0,06992",108189807589.00,6036,"7564679409,85"
HMK,HEDEF PORTFÖY EGE HİSSE SENEDİ SERBEST (TL) FON (HİSSE SENEDİ YOĞUN FON),18.09.2026,"251,560648",226039.00,37,"56862517,21"
HML,HEDEF PORTFÖY KATILIM SERBEST (DÖVİZ) FON,18.09.2026,"48,680262",1625686.00,42,"79138819,90"
HMS,HSBC PORTFÖY SÜRDÜRÜLEBİLİRLİK HİSSE SENEDİ (TL) FONU (HİSSE SENEDİ YOĞUN FON),18.09.2026,"0,094206",2557728164.00,3919,"240954490,85"
HMT,AZİMUT PORTFÖY 12.0 SERBEST FON,18.09.2026,"7,176215",85345075.00,22,"612454644,81"
HMV,HEDEF PORTFÖY MAVİ HİSSE SENEDİ SERBEST (TL) FON (HİSSE SENEDİ YOĞUN FON),18.09.2026,"13,867027",887234531.00,13,"12303305298,05"
HNS,HSBC PORTFÖY KAR PAYI ÖDEYEN MAYIS 2029 SERBEST (DÖVİZ) FON,18.09.2026,"48,559012",12510075.00,170,"607476887,27"
HOA,HSBC PORTFÖY TEKNOLOJİ DEĞİŞKEN FON,18.09.2026,"0,246717",7776665785.00,3333,"1918635062,65"
HOY,HSBC PORTFÖY YABANCI BYF FON SEPETI,18.09.2026,"0,367953",3516132725.00,2517,"1293771371,98"
HP3,HEDEF PORTFÖY LİDYA SERBEST (DÖVİZ) FON,18.09.2026,"59,770342",12215521.00,164,"730125869,76"
HPC,ZİRAAT PORTFÖY HEDEF SERBEST ÖZEL FON,18.09.2026,"11,418505",9387024473.00,8,"107185782357,62"
HPD,HSBC PORTFÖY İKİNCİ DEĞİŞKEN FON,18.09.2026,"0,216164",1345004700.00,1451,"290741649,34"
HPF,HEDEF PORTFÖY KUZEY HİSSE SENEDİ SERBEST (TL) FON (HİSSE SENEDİ YOĞUN FON),18.09.2026,"0,00",0.00,12,"0,00"
HPH,HEDEF PORTFÖY PARA PİYASASI KATILIM FONU,18.09.2026,"2,43895",1650591181.00,6593,"4025708586,15"
HPI,HEDEF PORTFÖY İDEAL HİSSE SENEDİ SERBEST (TL) FON (HİSSE SENEDİ YOĞUN FON),18.09.2026,"3,302605",34414080.00,14,"113656117,81"
HPJ,AZİMUT PORTFÖY HP HİSSE SENEDİ SERBEST ÖZEL FON (HİSSE SENEDİ YOĞUN FON),18.09.2026,"3,841979",9174058.00,1,"35246535,16"
HPL,HEDEF PORTFÖY ÇINAR HİSSE SENEDİ SERBEST (TL) FON (HİSSE SENEDİ YOĞUN FON),18.09.2026,"0,137576",291815213.00,24,"40146779,90"
HPO,HSBC PORTFÖY ÇOKLU VARLIK BİRİNCİ DEĞİŞKEN FON,18.09.2026,"0,173531",6700368665.00,2823,"1162721479,04"
HPT,HSBC PORTFÖY KISA VADELİ BORÇLANMA ARAÇLARI (TL) FONU,18.09.2026,"0,116312",33632015888.00,10396,"3911805308,86"
HPV,ZİRAAT PORTFÖY HALKBANK KISA VADELİ KİRA SERTİFİKALARI KATILIM (TL) FONU,18.09.2026,"7,99645",1185924162.00,339290,"9483182784,34"
HPZ,HEDEF PORTFÖY ZEN HİSSE SENEDİ SERBEST (TL) FON (HİSSE SENEDİ YOĞUN),18.09.2026,"532,503167",9674.00,18,"5151435,64"
HRZ,AKTİF PORTFÖY BIST HALKA ARZ ŞİRKETLERİ HİSSE SENEDİ (TL) FONU (HİSSE SENEDİ YOĞUN FON),18.09.2026,"1,88145",92962940.00,5169,"174905086,74"
HSA,HSBC PORTFÖY DEĞİŞKEN (TL) FON,18.09.2026,"1649,419642",2458666.00,2332,"4055371993,69"
HSL,HSBC PORTFÖY PARA PİYASASI (TL) FONU,18.09.2026,"423,992981",62401436.00,24076,"26457770867,69"
HSP,HSBC PORTFÖY KAR PAYI ÖDEYEN OCAK 2030 SERBEST (DÖVİZ) FON,18.09.2026,"46,047527",2206164.00,62,"101588397,45"
HST,HSBC PORTFÖY  BORÇLANMA ARAÇLARI (TL) FONU,18.09.2026,"1,024947",375770319.33,3710,"385144845,41"
HTF,HSBC PORTFÖY PARA PİYASASI SERBEST (TL) FON,18.09.2026,"1,487573",2838803497.00,514,"4222928228,90"
HTJ,HEDEF PORTFÖY TEKNOLOJİ DEĞİŞKEN FON,18.09.2026,"1,989658",21413451.00,249,"42605444,97"
HTK,QNB PORTFÖY HAVACILIK VE SAVUNMA TEKNOLOJİLERİ FON SEPETİ FONU,18.09.2026,"0,994979",97500647.00,788,"97011092,18"
HTS,HSBC PORTFÖY ALTINCI SERBEST (DÖVİZ) FON,18.09.2026,"59,66213",82182341.00,2613,"4903173523,98"
HTZ,HEDEF PORTFÖY TURKUAZ SERBEST FON,18.09.2026,"10,046431",6936066.00,13,"69682705,64"
HUI,AZİMUT PORTFÖY CAN HİSSE SENEDİ SERBEST ÖZEL FON (HİSSE SENEDİ YOĞUN FON),18.09.2026,"98,442441",23599656.00,1,"2323207737,95"
HUS,HEDEF PORTFÖY UĞUR SERBEST FON,18.09.2026,"0,003503",568993837.00,12,"1993174,50"
HVA,HEDEF PORTFÖY ECE HİSSE SENEDİ SERBEST (TL) FON (HİSSE SENEDİ YOĞUN FON),18.09.2026,"75,319632",579668.00,16,"43660380,49"
HVB,HEDEF PORTFÖY PUSULA HİSSE SENEDİ SERBEST (TL) FON (HİSSE SENEDİ YOĞUN FON),18.09.2026,"0,837367",1151128347.00,13,"963916918,59"
HVC,HEDEF PORTFÖY ROTA HİSSE SENEDİ SERBEST (TL) FON (HİSSE SENEDİ YOĞUN FON),18.09.2026,"25,294129",2727730.00,16,"68995553,41"
HVI,DENİZ PORTFÖY HOLDİNGLER VE İŞTİRAKLERİ HİSSE SENEDİ (TL) FONU (HİSSE SENEDİ YOĞUN FON),18.09.2026,"1,27969",31737315.00,349,"40613935,60"
HVK,HEDEF PORTFÖY BİRİNCİ BORÇLANMA ARAÇLARI (TL) FONU,18.09.2026,"4,965923",78538250.00,1197,"390014870,88"
HVL,HEDEF PORTFÖY POYRAZ SERBEST FON,18.09.2026,"20,516703",140400.00,11,"2880545,05"
HVN,HEDEF PORTFÖY DÖRDÜNCÜ SERBEST FON,18.09.2026,"5,966805",997109.00,12,"5949555,32"
HVS,HSBC PORTFÖY HİSSE SENEDİ (TL) FONU (HİSSE SENEDİ YOĞUN FON),18.09.2026,"1,565712",1645257561.00,9913,"2576000109,91"
HVT,ALLBATROSS PORTFÖY BİRİNCİ PARA PİYASASI (TL) FONU,18.09.2026,"4,876968",95281703.00,1567,"464685836,37"
HVU,ALLBATROSS PORTFÖY BİRİNCİ DEĞİŞKEN FON,18.09.2026,"5,619051",2377849.25,766,"13361255,79"
HVV,AK PORTFÖY HERAKLES SERBEST (DÖVİZ) ÖZEL FON,18.09.2026,"70,126837",45552140.00,1,"3194427514,64"
HVZ,ALLBATROSS PORTFÖY BİRİNCİ HİSSE SENEDİ (TL) FONU (HİSSE SENEDİ YOĞUN FON),18.09.2026,"6,643391",11713321.00,1739,"77816168,94"
HYK,HEDEF PORTFÖY AKDENİZ SERBEST FON,18.09.2026,"11,528491",18395521.00,41,"212072602,54"
HYP,AZİMUT PORTFÖY İVME SERBEST FON,18.09.2026,"10,97246",52524215.00,58,"576319860,77"
HYU,HSBC PORTFÖY KISA VADELİ SERBEST (TL) FON,18.09.2026,"1,84807",597729074.00,235,"1104645253,26"
HYV,HEDEF PORTFÖY PARA PİYASASI (TL) FONU,18.09.2026,"6,510727",926146311.00,6244,"6029885462,66"
HYY,AK PORTFÖY HERAKLES HİSSE SENEDİ SERBEST ÖZEL FON (HİSSE SENEDİ YOĞUN FON),18.09.2026,"12,527473",471519535.00,1,"5906948428,38"
HZV,AK PORTFÖY HEZ SERBEST ÖZEL FON,18.09.2026,"6,504322",163794514.00,3,"1065372290,87"
IAC,İŞ PORTFÖY MZS HİSSE SENEDİ SERBEST ÖZEL FON (HİSSE SENEDİ YOĞUN FON),18.09.2026,"5,345895",693419042.00,1,"3706945394,06"
IAE,İSTANBUL PORTFÖY AGRESİF DEĞİŞKEN FON,18.09.2026,"2,126605",124771452.00,444,"265339573,49"
IAI,İŞ PORTFÖY TOROS HİSSE SENEDİ SERBEST ÖZEL FON (HİSSE SENEDİ YOĞUN FON),18.09.2026,"6,037929",11395330.00,1,"68804191,53"
IAJ,INVEO PORTFÖY ALTINCI SERBEST FON,18.09.2026,"0,952339",2114650.00,12,"2013863,05"
IAM,İŞ PORTFÖY AGRESİF FON SEPETİ FONU,18.09.2026,"1,719473",44940196.00,2790,"77273432,09"
IAR,İSTANBUL PORTFÖY DÖRDÜNCÜ SERBEST FON,18.09.2026,"75,078269",1830883.00,19,"137459526,27"
IAS,ASTRA PORTFÖY MUTLAK GETİRİ HEDEFLİ HİSSE SENEDİ SERBEST FON (HİSSE SENEDİ YOĞUN FON),18.09.2026,"2,035397",1612454308.00,69,"3281985056,08"
IAT,İŞ PORTFÖY KİRA SERTİFİKALARI KATILIM (TL) FONU,18.09.2026,"0,201194",10891518695.21,8973,"2191313254,52"
IAU,PARDUS PORTFÖY İKİNCİ İSTATİSTİKSEL ARBİTRAJ HİSSE SENEDİ SERBEST (TL) FON (HİSSE SENEDİ YOĞUN FON),18.09.2026,"2,7183",7094208.00,192,"19284185,97"
IAY,INVEO PORTFÖY ALTIN KATILIM FONU,18.09.2026,"1,507115",29298385.00,190,"44156045,24"
IBB,İŞ PORTFÖY ATAK DEĞİŞKEN FON,18.09.2026,"16,21189",84610421.00,8581,"1371694801,61"
IBC,İŞ PORTFÖY CENOVA SERBEST ÖZEL FON,18.09.2026,"19,978961",21428893.00,5,"428127014,24"
IBE,İSTANBUL PORTFÖY BEŞİNCİ SERBEST FON,18.09.2026,"14,2478",33125529.00,12,"471965901,59"
IBG,AZİMUT PYŞ BİRİNCİ SERBEST FON,18.09.2026,"1,671381",333744116.00,11,"557813703,66"
IBJ,AZİMUT PORTFÖY 18.0 SERBEST (DÖVİZ) FON,18.09.2026,"65,664882",12512793.00,23,"821651069,69"
IBK,İŞ PORTFÖY ÜÇÜNCÜ KISA VADELİ BORÇLANMA ARAÇLARI (TL) FONU,18.09.2026,"0,140221",1661256409.00,121914,"232942909,32"
IBM,İSTANBUL PORTFÖY MUTLAK GETİRİ HEDEFLİ SERBEST FON,18.09.2026,"3,910395",53781792.00,16,"210308051,38"
IBP,İŞ PORTFÖY GED SERBEST (DÖVİZ) ÖZEL FON,18.09.2026,"72,6084",66892567.00,4,"4856962276,15"
IBR,AZİMUT PYŞ MUTLAK GETİRİ HEDEFLİ SERBEST FON,18.09.2026,"0,313771",7167043197.00,81,"2248806999,34"
ICA,TEB PORTFÖY ICBC TURKEY ALTIN FONU,18.09.2026,"0,552549",1082289341.00,2771,"598018432,94"
ICC,TEB PORTFÖY BEŞİNCİ DEĞİŞKEN FON,18.09.2026,"1,3392",18366574.00,279,"24596515,62"
ICD,TEB PORTFÖY DÖRDÜNCÜ DEĞİŞKEN FON,18.09.2026,"137,51213",255882.00,195,"35186878,95"
ICE,TEB PORTFÖY ICBC TURKEY PARA PİYASASI (TL) FONU,18.09.2026,"131,209416",12219555.00,4653,"1603320675,73"
ICF,TEB PORTFÖY BİRİNCİ HİSSE SENEDİ FONU (HİSSE SENEDİ YOĞUN FON),18.09.2026,"190,400855",104324.00,538,"19863378,78"
ICG,İŞ PORTFÖY ARCADİA SERBEST (DÖVİZ) ÖZEL FON,18.09.2026,"71,103584",9891811.00,1,"703343214,33"
ICH,PARDUS PORTFÖY İKİNCİ DEĞİŞKEN FON,18.09.2026,"0,00",0.00,4229,"0,00"
ICM,İNCİR PORTFÖY BİRİNCİ PARA PİYASASI (TL) FONU,18.09.2026,"1,007046",48998972.00,42,"49344223,39"
ICN,İSTANBUL PORTFÖY ÜÇÜNCÜ İSTATİSTİKSEL ARBİTRAJ SERBEST (TL) FON,18.09.2026,"4,410375",140695267.00,15,"620518840,00"
ICS,TEB PORTFÖY SERBEST (DÖVİZ) FON,18.09.2026,"50,35098",299327.00,52,"15071407,69"
ICV,TEB PORTFÖY ONDOKUZUNCU SERBEST FON,18.09.2026,"6,086743",1074882.00,50,"6542530,07"
ICZ,AK PORTFÖY TEKNOLOJİ ŞİRKETLERİ HİSSE SENEDİ (TL) FONU (HİSSE SENEDİ YOĞUN FON),18.09.2026,"7,629762",127080160.00,21821,"969591390,44"
IDD,LOGOS PORTFÖY DİNAMİK DAĞIMLI SERBEST FON,18.09.2026,"0,155007",209030711.00,25,"32401302,66"
IDF,İŞ PORTFÖY SERBEST (DÖVİZ) FON,18.09.2026,"78,115035",163624691.00,4290,"12781548443,71"
IDH,İŞ PORTFÖY BIST 100 DIŞI ŞİRKETLER HİSSE SENEDİ (TL) FONU (HİSSE SENEDİ YOĞUN FON),18.09.2026,"12,206976",67086585.00,19514,"818924351,94"
IDI,AZİMUT PORTFÖY İNŞAAT SEKTÖRÜ HİSSE SENEDİ FONU (HİSSE SENEDİ YOĞUN FON),18.09.2026,"1,621161",32131672.00,1127,"52090629,02"
IDL,AKTİF PORTFÖY PARA PİYASASI (TL) FONU,18.09.2026,"6,209159",594340607.00,3685,"3690355541,32"
IDO,İŞ PORTFÖY ONDOKUZUNCU SERBEST (DÖVİZ-AVRO) FON,18.09.2026,"58,702657",1435174845.00,15661,"84248576603,13"
IDP,PİRAMİT PORTFÖY SİRİUS HİSSE SENEDİ SERBEST FON (HİSSE SENEDİ YOĞUN FON),18.09.2026,"1,801773",61781005.00,22,"111315370,39"
IDV,İŞ PORTFÖY ACHS SERBEST (DÖVİZ) ÖZEL FON,18.09.2026,"71,528408",7786596.00,2,"556962814,53"
IDY,TEB PORTFÖY İKİNCİ DEĞİŞKEN FON,18.09.2026,"0,237914",2235132616.13,2448,"531768580,69"
IED,İŞ PORTFÖY AGRESİF DEĞİŞKEN FON,18.09.2026,"1,042814",65766281.00,1303,"68581991,40"
IEN,İSTANBUL PORTFÖY İNŞAAT SEKTÖRÜ HİSSE SENEDİ SERBEST (TL) FON (HİSSE SENEDİ YOĞUN FON),18.09.2026,"1,163213",10898204.00,86,"12676935,36"
IEV,İŞ PORTFÖY HAVACILIK VE SAVUNMA TEKNOLOJİLERİ DEĞİŞKEN FON,18.09.2026,"4,956818",17739881.00,4197,"87933367,03"
IEZ,INVEO PORTFÖY ELMA HİSSE SENEDİ SERBEST (TL) ÖZEL FON (HİSSE SENEDİ YOĞUN FON),18.09.2026,"3,075041",20191722.00,3,"62090382,84"
IFD,İŞ PORTFÖY FINDIKLI SERBEST (DÖVİZ) ÖZEL FON,18.09.2026,"60,72754",20000000.00,9,"1214550809,49"
IFN,TEB PORTFÖY SÜRDÜRÜLEBİLİRLİK HİSSE SENEDİ FONU (HİSSE SENEDİ YOĞUN FON),18.09.2026,"9,080819",422215.00,418,"3834057,92"
IFV,TEB PORTFÖY BİRİNCİ KISA VADELİ BORÇLANMA ARAÇLARI (TL) FONU,18.09.2026,"4,782848",15990590.00,195,"76480564,68"
IFY,İSTANBUL PORTFÖY ÖPY BİRİNCİ SERBEST ÖZEL FON,18.09.2026,"7,700427",13000000.00,1,"100105551,60"
IGF,İŞ PORTFÖY GÜZEL SERBEST (DÖVİZ) ÖZEL FON,18.09.2026,"69,14196",21132206.00,2,"1461122132,97"
IGL,TEB PORTFÖY ING BANK PARA PİYASASI (TL) FONU,18.09.2026,"595,624033",8048641.00,16931,"4793964011,18"
IGM,İŞ PORTFÖY ÜNİ SERBEST (DÖVİZ) ÖZEL FON,18.09.2026,"66,944376",19388027.00,3,"1297919362,69"
IGZ,İŞ PORTFÖY İKİNCİ HİSSE SENEDİ SERBEST FON (HİSSE SENEDİ YOĞUN FON),18.09.2026,"11,997566",2116828.00,3,"25396783,46"
IH1,İNCİR PORTFÖY BİRİNCİ HİSSE SENEDİ FONU (HİSSE SENEDİ YOĞUN FON),18.09.2026,"0,916224",191133918.00,98,"175121525,98"
IHA,ALLBATROSS PORTFÖY İKİNCİ HİSSE SENEDİ (TL) FONU (HİSSE SENEDİ YOĞUN FON),18.09.2026,"3,030688",1617480.00,295,"4902077,14"
IHC,INVEO PORTFÖY INTER SERBEST FON,18.09.2026,"7,698942",50564970.00,427,"389296761,03"
IHK,İŞ PORTFÖY İŞ'TE KADIN HİSSE SENEDİ (TL) FONU (HİSSE SENEDİ YOĞUN FON),18.09.2026,"16,223713",88548939.00,28263,"1436592615,75"
IHP,İSTANBUL PORTFÖY İKİNCİ HİSSE SENEDİ SERBEST (TL) FON (HİSSE SENEDİ YOĞUN FON),18.09.2026,"1,6487",37543702.00,246,"61898305,18"
IHT,İŞ PORTFÖY İHRACATÇI ŞİRKETLER HİSSE SENEDİ (TL) FONU (HİSSE SENEDİ YOĞUN FON),18.09.2026,"3,631348",19529488.00,3255,"70918374,78"
IHV,INVEO PORTFÖY BEŞİNCİ HİSSE SENEDİ SERBEST FON (HİSSE SENEDİ YOĞUN FON),18.09.2026,"1,777198",99547800.00,32,"176916110,64"
IHY,BULLS PORTFÖY GMS HİSSE SENEDİ SERBEST ÖZEL FON (HİSSE SENEDİ YOĞUN FON),18.09.2026,"4,762676",33598940.00,1,"160020880,33"
IHZ,ALLBATROSS PORTFÖY İKİNCİ HİSSE SENEDİ SERBEST FON (HİSSE SENEDİ YOĞUN FON),18.09.2026,"0,824704",2979867.00,65,"2457507,11"
IIA,İSTANBUL PORTFÖY ONBİRİNCİ SERBEST (TL) FON,18.09.2026,"3,535632",382831186.00,11,"1353550038,65"
IIC,İSTANBUL PORTFÖY ONÜÇÜNCÜ SERBEST (TL) FON,18.09.2026,"6,50995",727347.00,13,"4734992,88"
IIE,BULLS PORTFÖY İKİNCİ SERBEST FON,18.09.2026,"3,983245",82447551.00,3201,"328408774,02"
IIF,İŞ PORTFÖY İSTATİSTİKSEL ARBİTRAJ SERBEST FON,18.09.2026,"1,615865",764576106.00,14,"1235451933,83"
IIH,İSTANBUL PORTFÖY ÜÇÜNCÜ HİSSE SENEDİ FONU (HİSSE SENEDİ YOĞUN FON),18.09.2026,"32,7554",51283609.00,20940,"1679815142,28"
IIN,INVEO PORTFÖY PARA PİYASASI SERBEST (TL) FON,18.09.2026,"1,453368",923539166.00,112,"1342242388,70"
IIS,İSTANBUL PORTFÖY İKİNCİ SERBEST FON,18.09.2026,"29,867711",31228769.25,130,"932731844,58"
IJA,INVEO PORTFÖY ATAK DEĞİŞKEN FON,18.09.2026,"13,847166",12276282.56,1191,"169991727,58"
IJB,İŞ PORTFÖY DİJİTAL OYUN SEKTÖRÜ KARMA FON,18.09.2026,"6,68554",31692013.00,6896,"211878215,44"
IJC,İŞ PORTFÖY YARI İLETKEN TEKNOLOJİLERİ DEĞİŞKEN FON,18.09.2026,"15,452351",260579617.00,43199,"4026567780,21"
IJE,İŞ PORTFÖY EFON SERBEST (DÖVİZ) ÖZEL FON,18.09.2026,"67,078624",486569.00,4,"32638379,12"
IJF,AZİMUT PORTFÖY EREN HİSSE SENEDİ SERBEST ÖZEL FON (HİSSE SENEDİ YOĞUN FON),18.09.2026,"9,400197",92414874.00,2,"868718051,11"
IJH,TEB PORTFÖY ICBC TURKEY FON SEPETİ FONU,18.09.2026,"0,00",0.00,381,"0,00"
IJI,İSTANBUL PORTFÖY HİSSE SENEDİ SERBEST (TL) FON (HİSSE SENEDİ YOĞUN FON ),18.09.2026,"9,929132",20114141.00,251,"199715960,15"
IJK,İSTANBUL PORTFÖY KEREM SERBEST (DÖVİZ) ÖZEL FON,18.09.2026,"64,425168",4493113.00,3,"289469558,99"
IJL,İSTANBUL PORTFÖY SPİCA SERBEST (DÖVİZ) FON,18.09.2026,"54,01656",6616601.00,12,"357406025,80"
IJP,İŞ PORTFÖY BLOCKCHAİN TEKNOLOJİLERİ KARMA FON,18.09.2026,"9,265455",67480756.00,12523,"625239891,24"
IJT,İŞ PORTFÖY TARIM SERBEST FON,18.09.2026,"7,339824",171892929.00,1620,"1261663823,86"
IJV,İSTANBUL PORTFÖY BİRİNCİ PARA PİYASASI (TL) FONU,18.09.2026,"5,800402",576113358.00,2627,"3341689338,92"
IJZ,İŞ PORTFÖY SİBER GÜVENLİK TEKNOLOJİLERİ DEĞİŞKEN FON,18.09.2026,"14,708854",62354090.00,15662,"917157178,16"
IK2,İŞ PORTFÖY KAR PAYI ÖDEYEN İKİNCİ SERBEST (DÖVİZ) FON,18.09.2026,"48,457849",4272023.00,94,"207013045,75"
IKL,İŞ PORTFÖY SAĞLIK ŞİRKETLERİ KARMA FON,18.09.2026,"10,032013",25352491.00,5334,"254336514,36"
IKP,İŞ PORTFÖY YENİLENEBİLİR ENERJİ KARMA FON,18.09.2026,"9,142094",105936215.00,12484,"968478861,62"
IKV,İŞ PORTFÖY İKİNCİ KISA VADELİ BORÇLANMA ARAÇLARI (TL) FONU,18.09.2026,"1,559904",205799902.00,1233,"321028143,96"
ILC,İŞ PORTFÖY ONÜÇÜNCÜ SERBEST (DÖVİZ) FON,18.09.2026,"52,048549",27801347.01,220,"1447019780,41"
ILE,İŞ PORTFÖY ANADOLU SİGORTA  SERBEST (TL) ÖZEL FON,18.09.2026,"5,342826",2226173174.00,1,"11894056022,68"
ILH,İŞ PORTFÖY BİRİNCİ PARA PİYASASI SERBEST (TL) FON,18.09.2026,"4,118634",42892559872.47,11367,"176658762350,82"
ILI,İŞ PORTFÖY İKİNCİ SERBEST (TL) FON,18.09.2026,"6,015086",143469532.00,15,"862981522,42"
ILM,İSTANBUL PORTFÖY ONUNCU SERBEST FON,18.09.2026,"7,04868",43526148.00,13,"306801902,00"
ILP,İŞ PORTFÖY POLMİNE SERBEST (DÖVİZ) ÖZEL FON,18.09.2026,"62,931955",49766528.00,6,"3131904894,84"
ILU,İSTANBUL PORTFÖY ONALTINCI SERBEST FON,18.09.2026,"1,203205",1837384432.00,4,"2210749495,94"
ILZ,İŞ PORTFÖY TEMKİNLİ FON SEPETİ FONU,18.09.2026,"8,41575",129002633.00,6316,"1085653849,04"
IMB,İSTANBUL PORTFÖY ALGORİTMİK MODEL HİSSE SENEDİ FONU (HİSSE SENEDİ YOĞUN FON),18.09.2026,"1,151369",3517768.00,171,"4050250,72"
IMF,İSTANBUL PORTFÖY MAESTRO SERBEST FON,18.09.2026,"5,787361",66550045.00,19,"385149110,37"
IMG,GARANTİ PORTFÖY ING BANK KAR PAYI ÖDEYEN SERBEST (DÖVİZ) FON,18.09.2026,"50,117912",18263443.00,138,"915325633,21"
IMH,İŞ PORTFÖY ANADOLU HAYAT EMEKLİLİK SERBEST ÖZEL FON,18.09.2026,"6,659402",107389633.00,1,"715150765,82"
IML,İŞ PORTFÖY MODEL PORTFÖY HİSSE SENEDİ (TL) FONU (HİSSE SENEDİ YOĞUN FON),18.09.2026,"1,722636",496972463.00,4432,"856102579,30"
IMO,İŞ PORTFÖY ODAK SERBEST ÖZEL FON,18.09.2026,"6,167178",858797825.00,2,"5296359322,36"
IMS,İŞ PORTFÖY MERMER SERBEST ÖZEL FON,18.09.2026,"15,183773",37173550.00,4,"564434757,01"
IMT,İŞ PORTFÖY TOROS SERBEST (DÖVİZ) ÖZEL FON,18.09.2026,"71,887519",10107479.00,4,"726601585,54"
IMY,İŞ PORTFÖY SKYLARK SERBEST (DÖVİZ) ÖZEL FON,18.09.2026,"75,341042",21469047.00,6,"1617500369,02"
IMZ,İŞ PORTFÖY POYRAZ SERBEST (DÖVİZ) ÖZEL FON,18.09.2026,"75,407579",4147547.00,4,"312756478,86"
INH,GARANTİ PORTFÖY ING BANK ÖZEL BANKACILIK VE PLATİNUM DEĞİŞKEN ÖZEL FON,18.09.2026,"14,942488",14564989.00,373,"217637168,15"
INV,INVEO PORTFÖY İSTATİSTİKSEL ARBİTRAJ KAR PAYI ÖDEYEN SERBEST (TL) ÖZEL FON,18.09.2026,"48,813474",42614927.00,1,"2080182613,77"
INZ,INVEO PORTFÖY İSTATİSTİKSEL ARBİTRAJ SERBEST (TL) FON,18.09.2026,"3,571478",34400325.00,16,"122860016,04"
IOG,İŞ PORTFÖY GÜMÜŞ SERBEST FON,18.09.2026,"14,001273",949826571.00,18171,"13298781568,34"
IOH,İŞ PORTFÖY ONSEKİZİNCİ SERBEST (DÖVİZ) FON,18.09.2026,"52,698371",2725880.10,32,"143649440,95"
IOJ,İŞ PORTFÖY EKİM 2026 SERBEST (DÖVİZ) FON,18.09.2026,"52,708065",3586354.01,39,"189029780,30"
IOL,İŞ PORTFÖY OSK SERBEST (DÖVİZ) ÖZEL FON,18.09.2026,"67,107393",14305212.00,1,"959985476,85"
IOM,İSTANBUL PORTFÖY ONBEŞİNCİ SERBEST FON,18.09.2026,"3,180277",142249727.00,13,"452393552,62"
ION,İSTANBUL PORTFÖY ONİKİNCİ SERBEST FON,18.09.2026,"0,868486",60009826.00,15,"52117683,73"
IOO,İŞ PORTFÖY İKİNCİ PARA PİYASASI (TL) FONU,18.09.2026,"4,736108",6143255007.00,9019,"29095116200,75"
IOP,İŞ PORTFÖY ODEABANK PARA PİYASASI (TL) FONU,18.09.2026,"6,506141",1096674465.00,6489,"7135119123,83"
IOT,AZİMUT PORTFÖY 216 SERBEST (DÖVİZ) ÖZEL FON,18.09.2026,"60,313654",4502540.00,6,"271564639,57"
IOV,İSTANBUL PORTFÖY PAPİRUS SERBEST (DÖVİZ) ÖZEL FON,18.09.2026,"58,158533",9842429.00,1,"572421231,83"
IPA,İŞ PORTFÖY SÜTAŞ HİSSE SENEDİ SERBEST ÖZEL FON (HİSSE SENEDİ YOĞUN FON),18.09.2026,"0,743089",803906870.00,16,"597373971,07"
IPB,İSTANBUL PORTFÖY BİRİNCİ DEĞİŞKEN FON,18.09.2026,"0,799771",1124230027.57,14526,"899126249,70"
IPC,İŞ PORTFÖY CK SERBEST ÖZEL FON,18.09.2026,"24,526397",575000.00,1,"14102678,50"
IPE,İŞ PORTFÖY ANADOLU SİGORTA SERBEST ÖZEL FON,18.09.2026,"9,877374",416615784.00,3,"4115069791,05"
IPF,PERFORM PORTFÖY İKİNCİ SERBEST FON,18.09.2026,"0,124975",1194646531.00,58,"149301424,30"
IPG,İŞ PORTFÖY ATAK FON SEPETİ FONU,18.09.2026,"9,712228",36250549.00,1709,"352073611,12"
IPJ,İŞ PORTFÖY ELEKTRİKLİ ARAÇLAR KARMA FON,18.09.2026,"19,733133",63084746.00,18162,"1244859686,46"
IPK,İŞ PORTFÖY KOS SERBEST ÖZEL FON,18.09.2026,"57,85254",56802780.00,1,"3286185085,94"
IPO,İŞ PORTFÖY ONUR SERBEST ÖZEL FON,18.09.2026,"49,043136",10026459.00,1,"491728991,94"
IPP,PERFORM PORTFÖY BIRINCI SERBEST FON,18.09.2026,"0,18502",38087851299.00,160,"7047016908,10"
IPR,İŞ PORTFÖY ICARUS SERBEST ÖZEL FON,18.09.2026,"33,452091",615000.00,1,"20573036,14"
IPU,İŞ PORTFÖY AS SERBEST ÖZEL FON,18.09.2026,"48,370323",116663621.00,1,"5643056979,12"
IPV,İŞ PORTFÖY EUROBOND BORÇLANMA ARAÇLARI (DÖVİZ) FONU,18.09.2026,"79,099855",26423482.00,11861,"2090093599,66"
IRB,İSTANBUL PORTFÖY İSTATİSTİKSEL ARBİTRAJ HİSSE SENEDİ SERBEST FON (HİSSE SENEDİ YOĞUN FON),18.09.2026,"1,3495",961392611.00,697,"1297399095,73"
IRE,İŞ PORTFÖY KAR PAYI ÖDEYEN SERBEST (DÖVİZ) FON,18.09.2026,"47,479339",2436163.02,60,"115667410,03"
IRF,İSTANBUL PORTFÖY BİRİNCİ FON SEPETİ FONU,18.09.2026,"0,00",0.00,1898,"0,00"
IRL,İSTANBUL PORTFÖY KEY SERBEST FON,18.09.2026,"17,90587",12924189.00,15,"231418850,77"
IRO,İSTANBUL PORTFÖY ROBOTİK TEKNOLOJİLERİ SERBEST FON,18.09.2026,"2,078166",18907563.00,71,"39293055,08"
IRT,INVEO PORTFÖY TEKNOLOJİ DEĞİŞKEN FON,18.09.2026,"7,8541",16019604.00,1514,"125819565,88"
IRV,İSTANBUL PORTFÖY İSTATİSTİKSEL ARBİTRAJ SERBEST FON,18.09.2026,"7,202783",60365372.00,80,"434798645,83"
IRY,INVEO PORTFÖY PARA PİYASASI (TL) FONU,18.09.2026,"4,116901",455476837.00,2181,"1875152981,84"
ISR,İŞ PORTFÖY BİRİNCİ SERBEST (DÖVİZ) ÖZEL FON,18.09.2026,"19,387325",49659665.00,6,"962768088,17"
ISS,İŞ PORTFÖY DEĞER SERBEST ÖZEL FON,18.09.2026,"0,260838",775713881.00,7,"202335423,69"
IST,İSTANBUL PORTFÖY KISA VADELİ BORÇLANMA ARAÇLARI (TL) FONU,18.09.2026,"0,200427",9004597599.01,3015,"1804767900,96"
ITA,İŞ PORTFÖY ARSLAN SERBEST (DÖVİZ) ÖZEL FON,18.09.2026,"73,059962",11221333.00,1,"819830161,33"
ITC,INVEO PORTFÖY TEMETTÜ ÖDEYEN ŞİRKETLER HİSSE SENEDİ (TL) FONU (HİSSE SENEDİ YOĞUN FON),18.09.2026,"1,147625",26298124.00,270,"30180377,82"
ITD,İŞ PORTFÖY TE2 SERBEST (DÖVİZ) ÖZEL FON,18.09.2026,"68,814888",37000272.00,1,"2546169580,82"
ITJ,İSTANBUL PORTFÖY SEKİZİNCİ SERBEST FON,18.09.2026,"10,407372",26517213.00,12,"275974490,17"
ITL,İŞ PORTFÖY ÖPY DELTA SERBEST (TL) ÖZEL FON,18.09.2026,"4,688177",1026267998.00,1,"4811326048,06"
ITP,İŞ PORTFÖY TEKNOLOJİ KARMA FON,18.09.2026,"13,236534",76209549.00,11259,"1008750282,17"
ITR,İŞ PORTFÖY TE1 SERBEST ÖZEL FON,18.09.2026,"4,534715",245568075.00,1,"1113581133,11"
ITV,İŞ PORTFÖY ALTINCI SERBEST (DÖVİZ) FON,18.09.2026,"48,727112",17596116.02,30,"857407920,30"
ITZ,İŞ PORTFÖY ATLAS SERBEST (DÖVİZ) ÖZEL FON,18.09.2026,"61,939008",33234698.00,3,"2058524237,58"
IUA,İSTANBUL PORTFÖY KARYA SERBEST (DÖVİZ) FON,18.09.2026,"67,796336",6132134.00,51,"415736217,92"
IUB,İŞ PORTFÖY EVREN SERBEST (DÖVİZ) ÖZEL FON,18.09.2026,"72,29041",4814710.00,3,"348057361,24"
IUC,INVEO PORTFÖY GEDİK YATIRIM SERBEST (TL) ÖZEL FON,18.09.2026,"1,71327",485353634.00,1,"831541718,27"
IUF,İŞ PORTFÖY YEDİNCİ SERBEST (DÖVİZ-AVRO) FON,18.09.2026,"68,349258",319427713.00,7626,"21832647167,24"
IUH,INVEO PORTFÖY DÖNÜŞTÜRÜCÜ TEKNOLOJİLER FON SEPETİ FONU,18.09.2026,"6,174499",1862880.66,700,"11502354,00"
IUM,İŞ PORTFÖY HK SERBEST (DÖVİZ) ÖZEL FON,18.09.2026,"67,89687",6075558.00,1,"412511370,41"
IUN,İŞ PORTFÖY YELKEN SERBEST (DÖVİZ) ÖZEL FON,18.09.2026,"77,110308",3921916.00,4,"302420151,69"
IUV,İŞ PORTFÖY BEŞİNCİ SERBEST (DÖVİZ)  FON,18.09.2026,"67,66179",308918997.00,6285,"20902012192,69"
IUZ,İŞ PORTFÖY ANADOLUBANK PARA PİYASASI (TL) FONU,18.09.2026,"4,895027",207776632.00,1228,"1017072251,27"
IV2,PHİLLİP PORTFÖY ARİSTA SERBEST FON,18.09.2026,"12,942583",61238989.00,14,"792590713,09"
IV6,INVEO PORTFÖY TE3 SERBEST (DÖVİZ) ÖZEL FON,18.09.2026,"66,170538",25018090.00,1,"1655460485,75"
IV7,INVEO PORTFÖY BEŞER SERBEST (TL) ÖZEL FON,18.09.2026,"5,174698",109304696.00,1,"565618755,57"
IV8,INVEO PORTFÖY KİRA SERTİFİKALARI KATILIM FONU,18.09.2026,"2,358441",13926255.00,130,"32844257,33"
IVF,İSTANBUL PORTFÖY KATILIM HİSSE SENEDİ (TL) FONU (HİSSE SENEDİ YOĞUN FON),18.09.2026,"6,089821",12199221.00,1268,"74291073,13"
IVS,İSTANBUL PORTFÖY İKİNCİ İSTATİSTİKSEL ARBİTRAJ SERBEST FON,18.09.2026,"5,880162",33950722.29,24,"199635740,56"
IVY,İSTANBUL PORTFÖY BLOCKCHAIN TEKNOLOJİLERİ DEĞİŞKEN FON,18.09.2026,"6,303055",109829685.00,12810,"692262494,84"
IYB,AURA PORTFÖY DEĞİŞKEN FONU,18.09.2026,"5,972899",14368638.00,274,"85822422,07"
IYP,İSTANBUL PORTFÖY YILDIZ SERBEST ÖZEL FON,18.09.2026,"2,80984",768498970.32,1,"2159359481,10"
IYR,İŞ PORTFÖY HEDEF SERBEST FON,18.09.2026,"0,144081",2671571418.00,23,"384923595,77"
IYS,İŞ PORTFÖY SÜTAŞ SERBEST ÖZEL FON,18.09.2026,"1,333009",4370883210.00,16,"5826425645,04"
IYV,İSTANBUL PORTFÖY AŞİYAN SERBEST FON,18.09.2026,"1,117016",160402163.00,61,"179171788,90"
IZA,AZİMUT PORTFÖY İNAN2 SERBEST ÖZEL FON,18.09.2026,"1,931869",207234656.00,1,"400350307,17"
IZB,İSTANBUL PORTFÖY BİRİNCİ FON SEPETİ SERBEST FON,18.09.2026,"11,021725",17331276.00,79,"191020565,70"
IZE,İŞ PORTFÖY ÜÇÜNCÜ SERBEST (DÖVİZ) ÖZEL FON,18.09.2026,"65,147026",4088728.00,1,"266368468,77"
IZL,İŞ PORTFÖY EYLÜL 2027 SERBEST (DÖVİZ) FON,18.09.2026,"52,859294",2048414.11,19,"108277723,81"
IZS,İSTANBUL PORTFÖY ALTINCI SERBEST FON,18.09.2026,"10,758123",13355542.00,107,"143680557,83"
IZV,İSTANBUL PORTFÖY ATLANTİK SERBEST (TL) ÖZEL FON,18.09.2026,"10,651795",10944421.00,2,"116577730,01"
IZY,İŞ PORTFÖY ONYEDİNCİ SERBEST (DÖVİZ) FON,18.09.2026,"48,798232",1033767.01,27,"50446002,04"
JET,ATA PORTFÖY HAVACILIK VE SAVUNMA TEKNOLOJİLERİ DEĞİŞKEN FON,18.09.2026,"0,00",0.00,16461,"0,00"
JOT,İŞ PORTFÖY JOTANTA SERBEST (DÖVİZ) ÖZEL FON,18.09.2026,"58,963936",19709609.00,1,"1162156125,22"
JUP,AURA PORTFÖY JÜPİTER SERBEST (DÖVİZ) FON,18.09.2026,"0,543097",101423090.00,50,"55082605,65"
KAC,EMLAK KATILIM PORTFÖY KISA VADELİ KATILIM SERBEST (TL) FON,18.09.2026,"4,013378",5327491944.00,1801,"21381236978,82"
KAN,KUVEYT TÜRK PORTFÖY ALTIN KATILIM SERBEST FON,18.09.2026,"6882,902762",777905.00,35,"5354244473,44"
KAV,KUVEYT TÜRK PORTFÖY ALTINCI KATILIM SERBEST (DÖVİZ-AVRO) FON,18.09.2026,"57,901523",308800162.00,5655,"17879999645,98"
KBJ,STRATEJİ PORTFÖY KİBELE KAR PAYI ÖDEYEN HİSSE SENEDİ SERBEST FON (HİSSE SENEDİ YOĞUN FON),18.09.2026,"4,100178",159002003.00,100,"651936447,69"
KBP,KUVEYT TÜRK PORTFÖY PY KATILIM HİSSE SENEDİ SERBEST ÖZEL FON (HİSSE SENEDİ YOĞUN FON),18.09.2026,"1,698859",189321082.00,5,"321629797,66"
KBZ,KUVEYT TÜRK PORTFÖY SBZ KATILIM SERBEST (DÖVİZ) ÖZEL FON,18.09.2026,"52,355855",3094492.00,1,"162014773,20"
KCL,KARE PORTFÖY ÇOKLU VARLIK KATILIM FONU,18.09.2026,"1,732954",6293605.00,164,"10906525,80"
KCR,AK PORTFÖY KÜLÇE ALTIN KATILIM FONU,18.09.2026,"1,074484",80621848.00,731,"86626921,91"
KCV,KUVEYT TÜRK PORTFÖY ÇOKLU VARLIK KATILIM FONU,18.09.2026,"5,282682",529519268.00,13504,"2797281659,33"
KDE,KUVEYT TÜRK PORTFÖY DENGELİ KATILIM FONU,18.09.2026,"1,798607",401282642.00,4056,"721749933,63"
KDI,KARE PORTFÖY İKİNCİ SERBEST (DÖVİZ) FON,18.09.2026,"58,808021",248988.00,12,"14642491,64"
KDK,KUVEYT TÜRK PORTFÖY BİRİNCİ KATILIM SERBEST (DÖVİZ-ABD DOLARI) ÖZEL FON,18.09.2026,"15,807189",3147787.00,1,"49757663,22"
KDL,KUVEYT TÜRK PORTFÖY BEŞİNCİ KATILIM SERBEST (DÖVİZ) FON,18.09.2026,"53,466264",478577337.00,7015,"25587742192,18"
KDO,İŞ PORTFÖY KATILIM SERBEST (DÖVİZ-AVRO) FON,18.09.2026,"56,952331",20206880.00,501,"1150828920,63"
KDS,KUVEYT TÜRK PORTFÖY YEDİNCİ KATILIM SERBEST (DÖVİZ) FON,18.09.2026,"55,591891",487725355.00,1381,"27113574954,34"
KDT,GARANTİ PORTFÖY KATILIM SERBEST (DÖVİZ) FON,18.09.2026,"55,466483",59123725.00,1194,"3279385096,17"
KDV,KUVEYT TÜRK PORTFÖY DOKUZUNCU KATILIM SERBEST (DÖVİZ) FON,18.09.2026,"49,712201",437399948.00,224,"21744114122,41"
KDZ,KUVEYT TÜRK PORTFÖY SEKİZINCİ KATILIM SERBEST (DÖVİZ) FON,18.09.2026,"49,774353",83933378.00,807,"4177729563,46"
KEI,KUVEYT TÜRK PORTFÖY KATILIM EMEKLİLİK İKİNCİ KATILIM SERBEST ÖZEL FON,18.09.2026,"1,851729",179618321.00,1,"332604429,03"
KEO,KUVEYT TÜRK PORTFÖY KATILIM EMEKLİLİK BİRİNCİ KATILIM SERBEST ÖZEL FON,18.09.2026,"1,859123",39442409.00,1,"73328282,49"
KEU,KUVEYT TÜRK PORTFÖY ONUNCU KATILIM SERBEST (DÖVİZ-AVRO) FON,18.09.2026,"53,551991",106937005.00,64,"5726689517,05"
KFZ,KUVEYT TÜRK PORTFÖY KFZ KATILIM SERBEST ÖZEL FON,18.09.2026,"4,597388",82683881.00,1,"380129846,09"
KGM,KUVEYT TÜRK PORTFÖY GÜMÜŞ KATILIM FON SEPETİ FONU,18.09.2026,"2,996075",977807076.00,30127,"2929582932,62"
KH1,AK PORTFÖY KATILIM HİSSE SENEDİ FONU (HİSSE SENEDİ YOĞUN FON),18.09.2026,"1,294982",71093457.00,1228,"92064777,55"
KHA,PARDUS PORTFÖY İKİNCİ HİSSE SENEDİ (TL) FONU (HİSSE SENEDİ YOĞUN FON),18.09.2026,"4,309245",605844947.00,29972,"2610734394,33"
KHB,KARE PORTFÖY BIST 100 DIŞI ŞİRKETLER HİSSE SENEDİ FONU (HİSSE SENEDİ YOĞUN FON),18.09.2026,"1,449746",8824994.00,222,"12793998,24"
KHC,PARDUS PORTFÖY KATILIM HİSSE SENEDİ (TL) FONU (HİSSE SENEDİ YOĞUN FON),18.09.2026,"1,961345",19630032.00,1373,"38501266,45"
KHD,ATLAS PORTFÖY İKİNCİ KATILIM HİSSE SENEDİ SERBEST FON (HİSSE SENEDİ YOĞUN FON),18.09.2026,"1,368492",521674512.00,12,"713907491,08"
KHF,ALLBATROSS PORTFÖY KATILIM HİSSE SENEDİ SERBEST FON (HİSSE SENEDİ YOĞUN FON),18.09.2026,"0,113612",7499297.00,16,"852011,25"
KHJ,ATLAS PORTFÖY KATILIM HİSSE SENEDİ FONU (HİSSE SENEDİ YOĞUN FON),18.09.2026,"1,072342",12222065.00,436,"13106233,67"
KHP,KUVEYT TÜRK PORTFÖY PAYLAŞIMLI HESAP PARA PİYASASI KATILIM FONU,18.09.2026,"1,246717",18090831172.00,1461,"22554146392,65"
KHT,ALLBATROSS PORTFÖY KARTAL HİSSE SENEDİ SERBEST (TL) FON (HİSSE SENEDİ YOĞUN FON),18.09.2026,"1,80029",2902391.00,196,"5225146,43"
KHU,KUVEYT TÜRK PORTFÖY BİRİNCİ KATILIM SERBEST (DÖVİZ-AVRO) ÖZEL FON,18.09.2026,"36,724245",95518.00,1,"3507826,41"
KIA,TRIVE PORTFÖY MUTLAK GETİRİ HEDEFLİ DEĞİŞKEN FON,18.09.2026,"4,472561",1212950.00,344,"5424993,21"
KIB,TRIVE PORTFÖY ROBOTİK TEKNOLOJİLERİ DEĞİŞKEN FON,18.09.2026,"4,209657",2475471.00,1066,"10420883,60"
KIE,TRIVE PORTFÖY PARA PİYASASI (TL) FONU,18.09.2026,"4,797918",78055368.00,862,"374503254,92"
KIH,KARE PORTFÖY İSTATİSTİKSEL ARBİTRAJ SERBEST FON,18.09.2026,"1,577061",38684706.00,24,"61008136,53"
KIK,KUVEYT TÜRK PORTFÖY İKİNCİ KATILIM FONU,18.09.2026,"1,429664",108940855.00,1352,"155748866,56"
KIS,ASTRA PORTFÖY KİRA SERTİFİKASI KATILIM (DÖVİZ) FONU,18.09.2026,"0,222448",404689732.00,753,"90022541,92"
KJK,KUVEYT TÜRK PORTFÖY KUVEYT TÜRK YABANCI KATILIM SERBEST ÖZEL FON,18.09.2026,"0,002304",21405755952.00,1,"49320330,61"
KKB,KUVEYT TÜRK PORTFÖY EKAS KATILIM SERBEST (DÖVİZ) ÖZEL FON,18.09.2026,"62,752849",41940.00,1,"2631854,48"
KKC,KARE PORTFÖY KATILIM SERBEST (DÖVİZ-AVRO) FON,18.09.2026,"57,844506",734739.00,52,"42500614,64"
KKE,KUVEYT TÜRK PORTFÖY USTA KATILIM SERBEST (DÖVİZ) ÖZEL FON,18.09.2026,"52,943337",1726780.00,2,"91421496,11"
KKH,İŞ PORTFÖY DENGELİ FON SEPETİ FONU,18.09.2026,"6,977543",73825613.00,4978,"515121406,72"
KKL,ALLBATROSS PORTFÖY KISA VADELİ KATILIM SERBEST (TL) FON,18.09.2026,"2,576279",1342205710.00,1404,"3457896380,48"
KKO,YAPI KREDİ PORTFÖY KASIM 2026 KAR PAYI ÖDEYEN SERBEST (DÖVİZ) FON,18.09.2026,"49,575816",46203177.00,257,"2290560188,09"
KKP,İŞ PORTFÖY 2028 KAPİTAL KAR PAYI ÖDEYEN SERBEST (DÖVİZ) FON,18.09.2026,"49,386705",88702147.00,331,"4380706772,00"
KKT,KUVEYT TÜRK PORTFÖY İKİNCİ KISA VADELİ KATILIM SERBEST (TL) FON,18.09.2026,"3,214397",11923890110.00,510,"38328117832,75"
KLH,ATLAS PORTFÖY KATILIM HİSSE SENEDİ SERBEST FON (HİSSE SENEDİ YOĞUN FON),18.09.2026,"2,323067",38146158.00,1826,"88616065,99"
KLI,AK PORTFÖY PARA PİYASASI KATILIM SERBEST FON,18.09.2026,"1,348762",70593516.00,158,"95213855,10"
KLL,KUVEYT TÜRK PORTFÖY TLL KATILIM SERBEST (DÖVİZ) ÖZEL FON,18.09.2026,"58,667638",196370.00,1,"11520563,99"
KLM,İŞ PORTFÖY KALAMIŞ SERBEST (DÖVİZ) ÖZEL FON,18.09.2026,"68,511679",14877076.00,1,"1019253454,29"
KLS,ALLBATROSS PORTFÖY KATILIM SERBEST (DÖVİZ) FON,18.09.2026,"41,30452",5181.00,2,"213998,72"
KLU,KUVEYT TÜRK PORTFÖY PARA PİYASASI KATILIM (TL) FONU,18.09.2026,"4,975176",18399734055.00,109910,"91541913932,07"
KMA,KUVEYT TÜRK PORTFÖY KMA KATILIM SERBEST (DÖVİZ) ÖZEL FON,18.09.2026,"171,530364",74818.00,1,"12833558,79"
KME,KUVEYT TÜRK PORTFÖY TEMKİNLİ KATILIM FONU,18.09.2026,"1,634086",88840784.00,1247,"145173441,18"
KMF,AZİMUT PORTFÖY ALTIN KATILIM FONU,18.09.2026,"3,464602",515050267.00,2220,"1784444364,92"
KMN,YAPI KREDİ PORTFÖY KIYMETLİ MADENLER KATILIM FONU,18.09.2026,"0,948668",484557618.00,4854,"459684149,15"
KMT,KUVEYT TÜRK PORTFÖY KAM KATILIM SERBEST (TL) ÖZEL FON,18.09.2026,"2,613345",24785369.00,1,"64772730,20"
KNC,AK PORTFÖY ÖPY ÜÇÜNCÜ SERBEST (DÖVİZ) ÖZEL FON,18.09.2026,"68,293015",5362076.00,16,"366192335,51"
KNI,AZİMUT PORTFÖY İKİNCİ PARA PİYASASI SERBEST (TL) FON,18.09.2026,"1,412285",6997034308.00,408,"9881804013,29"
KNJ,KUVEYT TÜRK PORTFÖY ENERJİ KATILIM FONU,18.09.2026,"2,06814",591054540.00,16270,"1222383761,64"
KNN,İŞ PORTFÖY KANTİTATİF SERBEST (TL) FON,18.09.2026,"1,510797",296219302.00,16,"447527317,81"
KNP,AK PORTFÖY KOR SERBEST (DÖVİZ) ÖZEL FON,18.09.2026,"82,356847",2333690.00,2,"192195350,08"
KNS,KUVEYT TÜRK PORTFÖY NKS KATILIM SERBEST (TL) ÖZEL FON,18.09.2026,"4,604838",1127191620.00,1,"5190534678,58"
KNT,AK PORTFÖY VİRA SERBEST (DÖVİZ) ÖZEL FON,18.09.2026,"61,451701",2865973.00,3,"176118916,91"
KNV,AK PORTFÖY OPERA SERBEST (DÖVİZ) ÖZEL FON,18.09.2026,"71,854618",4490340.00,5,"322651664,74"
KNZ,AK PORTFÖY MNM SERBEST (DÖVİZ) ÖZEL FON,18.09.2026,"70,059726",14736811.00,1,"1032456945,80"
KO4,QNB PORTFÖY KAR PAYI ÖDEYEN ONDÖRDÜNCÜ SERBEST (DÖVİZ-AVRO) FON,18.09.2026,"55,92905",82040000.00,853,"4588419255,81"
KOB,KUVEYT TÜRK PORTFÖY KUVEYT TÜRK KATILIM BANKASI ÖZEL BANKACILIK KATILIM SERBEST ÖZEL FON,18.09.2026,"1,460724",1766958889.00,81,"2581038899,26"
KOD,YAPI KREDİ PORTFÖY KÜÇÜK ÖLÇEKLİ ŞİRKETLER DEĞİŞKEN FON,18.09.2026,"0,998861",52097126.00,721,"52037807,64"
KOP,ASTRA PORTFÖY İKİNCİ SERBEST (DÖVİZ) FON,18.09.2026,"7,699083",2051000.00,14,"15790819,78"
KOT,AZİMUT PORTFÖY KOÇ TOPLULUĞU ŞİRKETLERİ HİSSE SENEDİ FONU (HİSSE SENEDİ YOĞUN FON),18.09.2026,"1,527959",104617528.00,3430,"159851322,75"
KOZ,İŞ PORTFÖY KOZA SERBEST (DÖVİZ) ÖZEL FON,18.09.2026,"65,195229",1118437.00,4,"72916756,33"
KP3,KARE PORTFÖY ÜÇÜNCÜ SERBEST (DÖVİZ) FON,18.09.2026,"53,237452",210426.00,10,"11202543,97"
KPA,KUVEYT TÜRK PORTFÖY KAR PAYI ÖDEYEN KATILIM HİSSE SENEDİ FONU (HİSSE SENEDİ YOĞUN FON),18.09.2026,"1,637496",321917265.00,14088,"527138133,54"
KPB,ROTA PORTFÖY ÖPY BİRİNCİ SERBEST ÖZEL FON,18.09.2026,"6,59278",801428.00,1,"5283638,37"
KPC,KUVEYT TÜRK PORTFÖY KATILIM HİSSE SENEDİ (TL) FONU (HİSSE SENEDİ YOĞUN FON),18.09.2026,"20,796547",223951651.00,24899,"4657421039,62"
KPD,KUVEYT TÜRK PORTFÖY KAR PAYI ÖDEYEN KATILIM SERBEST (DÖVİZ) FON,18.09.2026,"48,975261",6220076.00,545,"304629847,65"
KPF,NEO PORTFÖY MUTLAK GETİRİ HEDEFLİ HİSSE SENEDİ SERBEST FON (HİSSE SENEDİ YOĞUN FON),18.09.2026,"1,821607",81151260.00,214,"147825694,25"
KPH,İŞ PORTFÖY KAR PAYI ÖDEYEN HİSSE SENEDİ (TL) FONU (HİSSE SENEDİ YOĞUN FON),18.09.2026,"1,242519",419153367.00,11478,"520806046,13"
KPI,İŞ PORTFÖY PARA PİYASASI KATILIM (TL) FONU,18.09.2026,"1,513707",4156324654.00,7099,"6291458321,21"
KPK,İŞ PORTFÖY DURUSU SERBEST (DÖVİZ) ÖZEL FON,18.09.2026,"10,282876",46252674.00,1,"475610514,61"
KPM,KARE PORTFÖY SEKİZİNCİ HİSSE SENEDİ SERBEST FON (HİSSE SENEDİ YOĞUN FON),18.09.2026,"1,014504",1508400.00,16,"1530278,05"
KPP,KARE PORTFÖY PARA PİYASASI FONU,18.09.2026,"3,251746",118851980.00,606,"386476436,78"
KPR,KUVEYT TÜRK PORTFÖY PARA PİYASASI KATILIM SERBEST FON,18.09.2026,"1,927536",24406771827.00,1040,"47044930740,92"
KPS,QNB PORTFÖY KAR PAYI ÖDEYEN ONİKİNCİ SERBEST (DÖVİZ) FON,18.09.2026,"48,621741",485020000.00,3270,"23582516631,78"
KPU,KUVEYT TÜRK PORTFÖY İKİNCİ KATILIM HİSSE SENEDİ (TL) FONU (HİSSE SENEDİ YOĞUN FON),18.09.2026,"3,804848",139676544.00,6079,"531448084,48"
KRC,KARE PORTFÖY BİRİNCİ BORÇLANMA ARAÇLARI FONU,18.09.2026,"0,149106",203116320.00,144,"30285772,53"
KRF,KARE PORTFÖY BİRİNCİ DEĞİŞKEN FON,18.09.2026,"21,783389",2261815.00,576,"49269996,14"
KRH,PARDUS PORTFÖY KARTAL HİSSE SENEDİ SERBEST FON (HİSSE SENEDİ YOĞUN FON),18.09.2026,"0,00",0.00,41,"0,00"
KRO,DENİZ PORTFÖY KAR PAYI ÖDEYEN ONUNCU SERBEST (DÖVİZ) FON,18.09.2026,"48,781838",6290027.00,58,"306839081,09"
KRR,İŞ PORTFÖY KARMA FON,18.09.2026,"1,160656",23333155.00,668,"27081768,98"
KRS,KARE PORTFÖY SERBEST (DÖVİZ) FON,18.09.2026,"0,529419",2711239992.00,1064,"1435381245,45"
KRT,KARE PORTFÖY TÜRKİYE ODAKLI SERBEST (DÖVİZ ) FON,18.09.2026,"75,856864",10490652.00,165,"795787957,18"
KRV,QNB PORTFÖY KAR PAYI ÖDEYEN ALTINCI SERBEST (DÖVİZ) FON,18.09.2026,"48,769051",115710000.01,1020,"5643066865,82"
KSA,HEDEF PORTFÖY KISA VADELİ SERBEST (TL) FON,18.09.2026,"4,244661",2956653121.00,3896,"12549991345,55"
KSC,KUVEYT TÜRK PORTFÖY ASC KATILIM SERBEST (DÖVİZ) ÖZEL FON,18.09.2026,"50,388687",495470.00,1,"24966082,72"
KSK,AZİMUT PORTFÖY İKİNCİ PARA PİYASASI KATILIM FONU,18.09.2026,"3,010502",1600198908.00,650,"4817402703,33"
KSL,ALBARAKA PORTFÖY İKİNCİ KATILIM SERBEST (DÖVİZ-AVRO) FON,18.09.2026,"56,686859",4401421.00,119,"249502732,20"
KSM,ALBARAKA PORTFÖY İKİNCİ KATILIM SERBEST (DÖVİZ-ABD DOLARI) FON,18.09.2026,"52,510465",298567909.00,737,"15677939841,62"
KSP,QNB PORTFÖY KAR PAYI ÖDEYEN SERBEST (DÖVİZ-POUND) FON,18.09.2026,"64,972494",25325000.00,360,"1645428411,04"
KSR,KUVEYT TÜRK PORTFÖY SÜRDÜRÜLEBİLİRLİK KATILIM FONU,18.09.2026,"5,166516",30986448.00,3799,"160091967,29"
KST,ALLBATROSS PORTFÖY KATILIM HİSSE SENEDİ (TL) FONU (HİSSE SENEDİ YOĞUN FON),18.09.2026,"1,897029",4452252.00,434,"8446050,32"
KSV,KUVEYT TÜRK PORTFÖY KISA VADELİ KATILIM SERBEST (TL) FON,18.09.2026,"5,886942",6635517538.00,9747,"39062908263,82"
KSY,YAPI KREDİ PORTFÖY PY KANDİLLİ SERBEST ÖZEL FON,18.09.2026,"11,367383",1135979286.00,85,"12913111663,62"
KTE,KUVEYT TÜRK PORTFÖY CEYLAN KİRA SERTİFİKALARI KATILIM SERBEST (DÖVİZ) ÖZEL FON,18.09.2026,"46,620683",2310590.00,1,"107721282,98"
KTI,AZİMUT PORTFÖY KATILIM HİSSE SENEDİ FONU (HİSSE SENEDİ YOĞUN FON),18.09.2026,"1,996559",47776654.00,575,"95388910,04"
KTJ,KUVEYT TÜRK PORTFÖY TEKNOLOJİ KATILIM FONU,18.09.2026,"2,664692",569394037.00,21119,"1517259599,62"
KTM,KUVEYT TÜRK PORTFÖY BİRİNCİ KATILIM (TL) FONU,18.09.2026,"22,512761",31006086.00,5914,"698032590,15"
KTN,KUVEYT TÜRK PORTFÖY KİRA SERTİFİKALARI KATILIM (TL) FONU,18.09.2026,"8,240679",49450471.00,4266,"407505434,41"
KTR,KUVEYT TÜRK PORTFÖY BİRİNCİ KATILIM SERBEST (TL) FON,18.09.2026,"10,899818",2302191204.00,614,"25093464333,55"
KTS,KUVEYT TÜRK PORTFÖY KATILIM HİSSE SENEDİ SERBEST FON (HİSSE SENEDİ YOĞUN FON),18.09.2026,"14,947249",9433048.00,825,"140998116,60"
KTT,KUVEYT TÜRK PORTFÖY DÖRDÜNCÜ KATILIM SERBEST (DÖVİZ) FON,18.09.2026,"71,506979",73116814.00,1432,"5228362494,76"
KTU,KUVEYT TÜRK PORTFÖY NEOVA KATILIM SERBEST (TL) ÖZEL FON,18.09.2026,"29,628406",32515349.00,1,"963377945,78"
KTV,KUVEYT TÜRK PORTFÖY KISA VADELİ KİRA SERTİFİKALARI KATILIM (TL) FONU,18.09.2026,"7,903253",4870775349.00,47082,"38494969962,00"
KU3,KUVEYT TÜRK PORTFÖY ÜÇÜNCÜ KATILIM FONU,18.09.2026,"1,132784",238456723.00,2863,"270119918,19"
KUA,KUVEYT TÜRK PORTFÖY AGRESİF KATILIM FONU,18.09.2026,"1,410137",66859839.00,2049,"94281525,43"
KUB,KARE PORTFÖY DEĞİŞKEN  (DÖVİZ) FONU,18.09.2026,"0,760605",739118394.00,3531,"562177391,12"
KUD,KUVEYT TÜRK PORTFÖY DİNAMİK KATILIM FONU,18.09.2026,"1,754283",156659178.00,2854,"274824516,80"
KUP,AK PORTFÖY KAR PAYI ÖDEYEN SERBEST (DÖVİZ) FON,18.09.2026,"48,725536",41335216.00,128,"2014080538,77"
KUT,KUVEYT TÜRK PORTFÖY KIYMETLİ MADENLER KATILIM FONU,18.09.2026,"12,096374",623845892.00,40267,"7546273443,85"
KVA,KUVEYT TÜRK PORTFÖY KTYMD KISA VADELİ KATILIM SERBEST ÖZEL FON,18.09.2026,"1,829389",392570970.00,1,"718165169,54"
KVK,HEDEF PORTFÖY KATILIM İSTATİSTİKSEL ARBİTRAJ SERBEST FON,18.09.2026,"1,304416",662730892.00,131,"864477035,54"
KVR,ATLAS PORTFÖY KISA VADELİ KATILIM SERBEST FON,18.09.2026,"1,332277",79828631.00,42,"106353887,56"
KVS,AZİMUT PORTFÖY KISA VADELİ SERBEST (TL) FON,18.09.2026,"3,928253",5665453258.00,2236,"22255333462,74"
KVT,AK PORTFÖY ENERJİ ŞİRKETLERİ HİSSE SENEDİ (TL) FONU (HİSSE SENEDİ YOĞUN FON),18.09.2026,"1,3108",72640517.00,2877,"95217206,96"
KYA,KARE PORTFÖY HİSSE SENEDİ FONU(HİSSE SENEDİ YOĞUN FON),18.09.2026,"1,148495",52714551.00,1471,"60542423,02"
KYR,BV PORTFÖY ÜÇÜNCÜ HİSSE SENEDİ SERBEST FON (HİSSE SENEDİ YOĞUN FON),18.09.2026,"0,515785",497595647.00,11,"256652209,41"
KYS,KARE PORTFÖY YEDİNCİ SERBEST (DÖVİZ) FON,18.09.2026,"54,149913",207100.00,18,"11214446,91"
KZL,KUVEYT TÜRK PORTFÖY ALTIN KATILIM FONU,18.09.2026,"28,233433",3139532157.00,65314,"88639769251,08"
KZO,AZİMUT PORTFÖY KOİ HİSSE SENEDİ SERBEST ÖZEL FON (HİSSE SENEDİ YOĞUN FON),18.09.2026,"1,900266",517965287.00,3,"984272026,49"
KZU,KUVEYT TÜRK PORTFÖY İKİNCİ ALTIN KATILIM FONU,18.09.2026,"2,390974",192069554.00,5726,"459233279,06"
LAI,ATLAS PORTFÖY İKİNCİ HİSSE SENEDİ SERBEST FON (HİSSE SENEDİ YOĞUN FON),18.09.2026,"0,939207",149751064.00,12,"140647193,42"
LET,QNB PORTFÖY LETO SERBEST (DÖVİZ) ÖZEL FON,18.09.2026,"55,382578",12722311.00,2,"704594386,03"
LGK,AZİMUT PORTFÖY İKİNCİ ÖPY SERBEST ÖZEL FON,18.09.2026,"1,448366",1211360793.00,1,"1754493412,56"
LGO,ATLAS PORTFÖY ALGO TOROS HİSSE SENEDİ SERBEST (TL) FON (HİSSE SENEDİ YOĞUN FON),18.09.2026,"5,12486",15062336.00,11,"77192360,46"
LHM,AK PORTFÖY NETA SERBEST (DÖVİZ) ÖZEL FON,18.09.2026,"83,717943",9557641.00,4,"800146042,38"
LHP,AK PORTFÖY YEDİNCİ SERBEST (DÖVİZ) FON,18.09.2026,"57,584364",1418563.00,92,"81687048,19"
LKF,İŞ PORTFÖY ALTIN KATILIM FONU,18.09.2026,"1,037869",132467628.00,1337,"137483981,03"
LKT,AKTİF PORTFÖY İKİNCİ PARA PİYASASI (TL) FONU,18.09.2026,"1,928257",30816523.00,117,"59422168,21"
LLA,ALLBATROSS PORTFÖY AYDIN HİSSE SENEDİ SERBEST (TL) FON (HİSSE SENEDİ YOĞUN FON),18.09.2026,"1,061482",21100171.00,696,"22397447,61"
LPH,STATECH PORTFÖY İSTATİSTİKSEL ARBİTRAJ HİSSE SENEDİ SERBEST (TL) FON (HİSSE SENEDİ YOĞUN FON),18.09.2026,"1,50063",2883306081.00,2828,"4326774237,87"
LRT,ATA PORTFÖY ALGORİTMİK STRATEJİLER SERBEST FON,18.09.2026,"3,771407",231681213.00,11,"873764074,44"
LTC,AK PORTFÖY BİRİNCİ İSTATİSTİKSEL ARBİTRAJ HİSSE SENEDİ SERBEST FON (HİSSE SENEDİ YOĞUN FON),18.09.2026,"1,636101",9767731.00,309,"15980990,26"
LTL,AHLATCI PORTFÖY HİSSE SENEDİ (TL) FONU (HİSSE SENEDİ YOĞUN FON),18.09.2026,"1,162871",201945854.00,4350,"234836986,70"
LTS,HEDEF PORTFÖY LOTUS SERBEST FON,18.09.2026,"4,359372",553376235.00,13,"2412372602,53"
LZV,AZİMUT PORTFÖY İLA HİSSE SENEDİ SERBEST (TL) ÖZEL FON (HİSSE SENEDİ YOĞUN FON),18.09.2026,"5,022721",11384074.00,2,"57179031,91"
MAC,MARMARA CAPITAL PORTFÖY HİSSE SENEDİ (TL) FONU (HİSSE SENEDİ YOĞUN FON),18.09.2026,"0,722156",5602419833.00,34781,"4045819726,29"
MAD,MEKSA PORTFÖY BİRİNCİ DEĞİŞKEN FON,18.09.2026,"1,003546",23494072.00,350,"23577381,06"
MAS,MARMARA CAPİTAL PORTFÖY HİSSE SENEDİ SERBEST (TL) FON (HİSSE SENEDİ YOĞUN FON),18.09.2026,"11,121444",62580007.00,192,"695980032,29"
MAV,QNB PORTFÖY ADAMAVİ SERBEST (DÖVİZ) ÖZEL FON,18.09.2026,"57,833885",15648205.00,1,"904996487,26"
MBL,MEKSA PORTFÖY İKİNCİ DEĞİŞKEN FON,18.09.2026,"0,295354",72980001.00,212,"21554971,06"
MBR,MT PORTFÖY BİRİNCİ BORÇLANMA ARAÇLARI FONU,18.09.2026,"1,794626",135006124.00,566,"242285461,80"
MCU,AZİMUT PORTFÖY MUTLAK GETİRİ HEDEFLİ HİSSE SENEDİ SERBEST FON (HİSSE SENEDİ YOĞUN FON),18.09.2026,"1,423704",164359462.00,149,"233999264,90"
MD1,MT PORTFÖY BİRİNCİ DEĞİŞKEN FON,18.09.2026,"2,196863",41602911.00,606,"91395880,72"
MD2,MT PORTFÖY İKİNCİ DEĞİŞKEN FON,18.09.2026,"2,105011",74269024.00,579,"156337112,53"
MDF,FİBA PORTFÖY MODEL EMTİA FON SEPETİ SERBEST FON,18.09.2026,"1,382081",386950142.00,928,"534796456,19"
MET,GARANTİ PORTFÖY METAVERSE VE YENİ TEKNOLOJİLER DEĞİŞKEN FON,18.09.2026,"0,00",0.00,6496,"0,00"
MGB,İŞ PORTFÖY MUTLAK GETİRİ HEDEFLİ HİSSE SENEDİ SERBEST FON (HİSSE SENEDİ YOĞUN FON),18.09.2026,"1,538685",39756012.00,514,"61171975,73"
MGD,DENİZ PORTFÖY MGD HİSSE SENEDİ SERBEST ÖZEL FON (HİSSE SENEDİ YOĞUN FON),18.09.2026,"0,80732",672100883.00,1,"542600553,75"
MGE,PARDUS PORTFÖY MUTLAK GETİRİ HEDEFLİ HİSSE SENEDİ SERBEST (TL) FON (HİSSE SENEDİ YOĞUN FON),18.09.2026,"0,00",0.00,67,"0,00"
MGH,TEB PORTFÖY MUTLAK GETİRİ HEDEFLİ HİSSE SENEDİ SERBEST FON (HİSSE SENEDİ YOĞUN FON),18.09.2026,"2,306886",211496499.00,730,"487898397,76"
MHF,MT PORTFÖY BIST HALKA ARZ ŞİRKETLERİ HİSSE SENEDİ FONU (HİSSE SENEDİ YOĞUN FON),18.09.2026,"1,936488",56397749.00,2731,"109213559,87"
MIK,MT PORTFÖY İKİNCİ SERBEST FON,18.09.2026,"3,439092",1209948110.00,13,"4161122787,35"
MJB,AKTİF PORTFÖY BİRİNCİ FON SEPETİ FONU,18.09.2026,"7,619627",6775138.00,796,"51624021,21"
MJE,ALBARAKA PORTFÖY KATILIM SERBEST (DÖVİZ-AVRO) FON,18.09.2026,"58,050978",113211855.00,891,"6572058884,11"
MJG,AKTİF PORTFÖY GÜMÜŞ FON SEPETİ FONU,18.09.2026,"10,959618",87142331.00,7240,"955046695,05"
MJH,AKTİF PORTFÖY FORTUNA SERBEST FON,18.09.2026,"4,551971",6335747.00,38,"28840139,13"
MJK,MEKSA PORTFÖY KARDELEN SERBEST FON,18.09.2026,"35,874313",49738305.00,395,"1784327499,26"
MJL,AKTİF PORTFÖY AKTİF SERBEST (DÖVİZ-AVRO) FON,18.09.2026,"61,749301",14933668.00,577,"922143565,17"
MKA,MARMARA CAPİTAL PORTFÖY KATILIM HİSSE SENEDİ (TL) FONU (HİSSE SENEDİ YOĞUN FON),18.09.2026,"1,176387",62177799.00,1660,"73145142,45"
MKG,AKTİF PORTFÖY ALTIN KATILIM FONU,18.09.2026,"17,615978",86141130.00,7955,"1517460261,93"
MKL,İŞ PORTFÖY MKS SERBEST (DÖVİZ) ÖZEL FON,18.09.2026,"61,302326",12905617.00,1,"791144335,08"
MLS,AKTİF PORTFÖY SİYAH BEYAZ SERBEST ÖZEL FON,18.09.2026,"18,258281",74761834.00,4,"1365022542,90"
MLT,DENİZ PORTFÖY MELTEM HİSSE SENEDİ SERBEST (TL) FON (HİSSE SENEDİ YOĞUN FON),18.09.2026,"1,3198",15051400.00,73,"19864833,10"
MMH,AKTİF PORTFÖY BIST 30 ENDEKSİ HİSSE SENEDİ (TL) FONU (HİSSE SENEDİ YOĞUN FON),18.09.2026,"16,867554",12867717.00,1601,"217046905,31"
MOD,YAPI KREDİ PORTFÖY MODA SERBEST (DÖVİZ) ÖZEL FON,18.09.2026,"61,810235",12026500.00,2,"743360794,70"
MOZ,EMAA BLUE PORTFÖY MOZAİK SERBEST FON,18.09.2026,"1,276602",263488650.00,112,"336370257,74"
MP2,MT PORTFÖY İKİNCİ HİSSE SENEDİ SERBEST FON (HİSSE SENEDİ YOĞUN FON),18.09.2026,"0,00",0.00,13,"0,00"
MP4,MT PORTFÖY DÖRDÜNCÜ HİSSE SENEDİ SERBEST FON (HİSSE SENEDİ YOĞUN FON),18.09.2026,"0,00",0.00,15,"0,00"
MPD,AKTİF PORTFÖY AKTİF SERBEST (DÖVİZ) FON,18.09.2026,"62,090922",48196381.00,696,"2992557756,52"
MPE,MT PORTFÖY PARA PİYASASI KATILIM (TL) FONU,18.09.2026,"1,423215",92142316.00,109,"131138308,59"
MPF,AKTİF PORTFÖY KISA VADELİ KİRA SERTİFİKASI KATILIM (TL) FONU,18.09.2026,"8,557261",176400020.04,1887,"1509500970,41"
MPI,MEKSA PORTFÖY İSTATİSTİKSEL ARBİTRAJ SERBEST (TL) FON,18.09.2026,"3,18988",23226062.00,36,"74088349,70"
MPK,AKTİF PORTFÖY KİRA SERTİFİKASI KATILIM (TL) FONU,18.09.2026,"10,165134",24923937.96,1509,"253355161,08"
MPL,MT PORTFÖY PARA PİYASASI (TL) FONU,18.09.2026,"2,076554",253651085.00,699,"526720167,94"
MPN,AKTİF PORTFÖY İKİNCİ AKTİF SERBEST (DÖVİZ) FON,18.09.2026,"61,551006",5963035.00,276,"367030801,49"
MPP,MEKSA PORTFÖY PRİME SERBEST FON,18.09.2026,"22,030153",15091655.00,1115,"332471468,63"
MPS,AKTİF PORTFÖY KATILIM HİSSE SENEDİ (TL) FONU (HİSSE SENEDİ YOĞUN FON),18.09.2026,"23,38266",5976979.32,2437,"139757676,10"
MRI,TEB PORTFÖY MERİDYEN SERBEST FON,18.09.2026,"1,225695",10950096.00,109,"13421476,33"
MSK,AZİMUT PORTFÖY MSG SERBEST (TL) ÖZEL FON,18.09.2026,"4,07791",299897625.00,1,"1222955494,25"
MSO,ASTRA PORTFÖY MSK SERBEST (DÖVİZ) ÖZEL FON,18.09.2026,"59,984536",8792690.00,1,"527425428,31"
MSR,MEKSA PORTFÖY ALGORİTMİK STRATEJİLER SERBEST FON,18.09.2026,"2,060117",11780590.00,13,"24269388,79"
MT1,MT PORTFÖY BİRİNCİ SERBEST (DÖVİZ) FON,18.09.2026,"46,601424",622235.00,20,"28997037,32"
MT2,MT PORTFÖY PARA PİYASASI SERBEST (TL) FON,18.09.2026,"1,449878",2825563623.00,802,"4096721616,86"
MT5,MT PORTFÖY BEŞİNCİ HİSSE SENEDİ SERBEST FON (HİSSE SENEDİ YOĞUN FON),18.09.2026,"0,835332",639066604.00,19,"533832988,34"
MT6,MT PORTFÖY ALTINCI HİSSE SENEDİ SERBEST FON (HİSSE SENEDİ YOĞUN FON),18.09.2026,"0,373061",780200459.00,14,"291062097,68"
MT7,MT PORTFÖY YEDİNCİ HİSSE SENEDİ SERBEST FON (HİSSE SENEDİ YOĞUN FON),18.09.2026,"0,190126",130447284.00,15,"24801440,59"
MT8,MT PORTFÖY SEKİZİNCİ HİSSE SENEDİ SERBEST FON (HİSSE SENEDİ YOĞUN FON),18.09.2026,"0,700306",857411488.00,16,"600450768,39"
MT9,MT PORTFÖY DOKUZUNCU HİSSE SENEDİ SERBEST FON (HİSSE SENEDİ YOĞUN FON),18.09.2026,"0,359728",7712730506.00,18,"2774483100,54"
MTD,BV PORTFÖY MALZEME TEKNOLOJİLERİ DEĞİŞKEN FON,18.09.2026,"1,254936",91012037.00,1432,"114214245,96"
MTE,MT PORTFÖY BİRİNCİ HİSSE SENEDİ SERBEST FON (HİSSE SENEDİ YOĞUN FON),18.09.2026,"0,604792",3173378.00,17,"1919232,26"
MTF,MT PORTFÖY BİRİNCİ İSTATİSTİKSEL ARBİTRAJ HİSSE SENEDİ SERBEST (TL) FON (HİSSE SENEDİ YOĞUN FON),18.09.2026,"1,448172",40389425.00,40,"58490853,88"
MTG,DENİZ PORTFÖY MUTLAK GETİRİ HEDEFLİ HİSSE SENEDİ SERBEST FON (HİSSE SENEDİ YOGUN FON),18.09.2026,"1,698699",125897061.00,292,"213861154,54"
MTH,MT PORTFÖY BİRİNCİ HİSSE SENEDİ FONU (HİSSE SENEDİ YOĞUN FON),18.09.2026,"2,147354",104274024.00,3000,"223913272,98"
MTI,AZİMUT PORTFÖY METİS SERBEST ÖZEL FON,18.09.2026,"0,018644",255061228.00,2,"4755240,29"
MTK,MT PORTFÖY KATILIM HİSSE SENEDİ (TL) FONU (HİSSE SENEDİ YOĞUN FON),18.09.2026,"1,674807",41389197.00,980,"69318929,15"
MTL,AURA PORTFÖY MUTLAK GETİRİ HEDEFLİ SERBEST FON,18.09.2026,"1,97102",9267757132.00,17,"18266932573,43"
MTS,AKTİF PORTFÖY TARIM VE SÜRDÜRÜLEBİLİRLİK FON SEPETİ FONU,18.09.2026,"2,773056",10157644.00,651,"28167712,24"
MTU,MT PORTFÖY ÜÇÜNCÜ HİSSE SENEDİ SERBEST FON (HİSSE SENEDİ YOĞUN FON),18.09.2026,"0,00",0.00,19,"0,00"
MTV,AK PORTFÖY METAVERSE VE DİJİTAL YAŞAM TEKNOLOJİLERİ DEĞİŞKEN FON,18.09.2026,"5,319266",25938911.00,12595,"137975968,28"
MTX,TEB PORTFÖY ÜÇÜNCÜ DEĞİŞKEN FON,18.09.2026,"5,29246",15344471.00,2016,"81209997,66"
MUL,MT PORTFÖY BİRİNCİ SERBEST FON,18.09.2026,"2,330541",101370696.00,11,"236248545,85"
MUT,GARANTİ PORTFÖY MUTLAK GETİRİ HEDEFLİ HİSSE SENEDİ SERBEST FON (HİSSE SENEDİ YOĞUN FON),18.09.2026,"1,989405",379359548.00,1470,"754699613,53"
NAK,NEO PORTFÖY ALTIN KATILIM FONU,18.09.2026,"1,075513",112467072.00,159,"120959845,76"
NAL,NEO PORTFÖY ALTINCI SERBEST FON,18.09.2026,"0,430458",549300267.00,12,"236450869,73"
NAU,NEO PORTFÖY ALTIN FONU,18.09.2026,"3,10244",645597352.00,9143,"2002927239,35"
NAV,NUROL PORTFÖY NOVA HİSSE SENEDİ SERBEST FON (HİSSE SENEDİ YOĞUN FON),18.09.2026,"1,101987",58874427.00,15,"64878846,35"
NBE,NEO PORTFÖY BEŞİNCİ SERBEST FON,18.09.2026,"1,790243",317715732.00,10,"568788429,22"
NBH,NEO PORTFÖY ALGORİTMİK STRATEJİLER SERBEST FON,18.09.2026,"7,262002",328931737.00,201,"2388702810,73"
NBO,NEO PORTFÖY BORÇLANMA ARACI FONLARI FON SEPETİ FONU,18.09.2026,"0,00",0.00,392,"0,00"
NBZ,NEO PORTFÖY BİRİNCİ SERBEST (DÖVİZ) FON,18.09.2026,"73,848963",20492269.00,271,"1513332806,87"
NCS,NUROL PORTFÖY ÜÇÜNCÜ SERBEST (DÖVİZ) FON,18.09.2026,"58,780312",127957615.00,1730,"7521388533,08"
NCU,NEO PORTFÖY ÜÇÜNCÜ SERBEST (DÖVİZ) FON,18.09.2026,"51,191538",2337782.00,12,"119674656,58"
NDL,ALLBATROSS PORTFÖY ANADOLU HİSSE SENEDİ SERBEST (TL) ÖZEL FON (HİSSE SENEDİ YOĞUN FON),18.09.2026,"1,930377",369332.00,1,"712949,87"
NDS,NEO PORTFÖY DÖRDÜNCÜ SERBEST FON,18.09.2026,"0,00",0.00,13,"0,00"
NES,INVEO PORTFÖY DÖRDÜNCÜ SERBEST ÖZEL FON,18.09.2026,"2,176134",907501952.00,2,"1974845459,89"
NFF,NEO PORTFÖY FON SEPETİ SERBEST FON,18.09.2026,"0,00",0.00,29,"0,00"
NFH,NEO PORTFÖY HİSSE SENEDİ SERBEST FON (HİSSE SENEDİ YOĞUN FON),18.09.2026,"1,933171",53985765.00,44,"104363710,83"
NFK,HEDEF PORTFÖY NEHİR HİSSE SENEDİ SERBEST (TL) FON (HİSSE SENEDİ YOĞUN FON),18.09.2026,"4,356728",250768612.00,60,"1092530640,25"
NHP,NEO PORTFÖY BİRİNCİ FON SEPETİ FONU,18.09.2026,"0,00",0.00,146,"0,00"
NHT,DENİZ PORTFÖY NH SERBEST (DÖVİZ) ÖZEL FON,18.09.2026,"64,488301",9915176.00,2,"639412850,48"
NHV,NUROL PORTFÖY BİRİNCİ SERBEST (TL) ÖZEL FON,18.09.2026,"4,549811",1842955034.00,2,"8385096584,15"
NHY,NEO PORTFÖY BİRİNCİ HİSSE SENEDİ (TL) FONU (HİSSE SENEDİ YOĞUN FON),18.09.2026,"5,600485",23620961.00,1865,"132288835,29"
NIG,TRIVE PORTFÖY SERBEST FON,18.09.2026,"1,174099",424177912.00,15,"498027032,33"
NIS,NEO PORTFÖY İSTATİSTİKSEL ARBİTRAJ SERBEST FON,18.09.2026,"1,792793",879605153.00,38,"1576950144,76"
NJF,NUROL PORTFÖY ALTIN KATILIM FONU,18.09.2026,"12,720635",68026239.00,1730,"865336966,85"
NJG,NUROL PORTFÖY BİRİNCİ SERBEST FON,18.09.2026,"3,164617",713131845.00,15,"2256788832,34"
NJR,NUROL PORTFÖY BİRİNCİ BORÇLANMA ARAÇLARI FONU,18.09.2026,"5,992467",310003921.00,2435,"1857688312,93"
NJY,NUROL PORTFÖY BİRİNCİ KATILIM FONU,18.09.2026,"7,728771",52674270.00,1367,"407107363,95"
NKA,NEO PORTFÖY KATILIM SERBEST (DÖVİZ) FON,18.09.2026,"50,351932",2606752.00,15,"131255000,33"
NKC,NEO PORTFÖY İKİNCİ HİSSE SENEDİ FONU (HİSSE SENEDİ YOĞUN FON),18.09.2026,"1,171267",271352079.00,1036,"317825614,95"
NKH,NEO PORTFÖY İKİNCİ HİSSE SENEDİ SERBEST FON (HİSSE SENEDİ YOĞUN FON),18.09.2026,"1,870412",92275536.00,12,"172593299,65"
NKJ,ATA PORTFÖY GIG SİGORTA SERBEST (TL) ÖZEL FON,18.09.2026,"15,241429",102638440.00,1,"1564356507,78"
NKK,ATA PORTFÖY YÖNETİMİ A.Ş. SEKİZİNCİ SERBEST FON,18.09.2026,"8,059795",188312373.00,12,"1517759185,62"
NKL,AKTİF PORTFÖY KISA VADELİ SERBEST (TL) FON,18.09.2026,"3,64934",7215847739.00,2106,"26333084612,66"
NKM,NEO PORTFÖY KATILIM HİSSE SENEDİ FONU (HİSSE SENEDİ YOĞUN FON),18.09.2026,"0,92192",40673484.00,417,"37497698,83"
NKP,NEO PORTFÖY KAR PAYI ÖDEYEN DEĞİŞKEN FON,18.09.2026,"1,118987",129496281.00,3041,"144904613,59"
NKS,NUROL PORTFÖY GRANADA SERBEST (TL) FON,18.09.2026,"1,94174",13250200.00,11,"25728440,21"
NKT,NUROL PORTFÖY BİRİNCİ KATILIM HİSSE SENEDİ FONU (HİSSE SENEDİ YOĞUN FON),18.09.2026,"1,521556",65739313.00,825,"100026054,79"
NKV,KUVEYT TÜRK PORTFÖY NKV KATILIM SERBEST ÖZEL FON,18.09.2026,"2,380048",6866499553.00,1,"16342597884,45"
NLC,TEB PORTFÖY ONALTINCI SERBEST (DÖVİZ) FON,18.09.2026,"51,644303",3559908.00,19,"183848966,83"
NLD,AZİMUT PORTFÖY NL-2 SERBEST (DÖVİZ) ÖZEL FON,18.09.2026,"54,915112",69875487.00,1,"3837220177,48"
NLE,NUROL PORTFÖY EMLAK SEKTÖRÜ HİSSE SENEDİ FONU (HİSSE SENEDİ YOĞUN FON),18.09.2026,"1,530913",211264069.00,8977,"323426893,92"
NLK,NUROL PORTFÖY KISA VADELİ SERBEST FON,18.09.2026,"1,941581",3295622860.00,917,"6398720272,05"
NLL,GLOBAL MD PORTFÖY NİL SERBEST FON,18.09.2026,"4,596859",406012655.00,24,"1866382774,43"
NME,NUROL PORTFÖY MERCAN KATILIM SERBEST (DÖVİZ) FON,18.09.2026,"58,109138",932543.00,48,"54189269,60"
NMG,NEO PORTFÖY İKİNCİ SERBEST FON,18.09.2026,"138,646015",23677673.00,12,"3282815008,40"
NMP,AK PORTFÖY NEMA PARA PİYASASI (TL) FONU,18.09.2026,"1,044245",91153594.00,1882,"95186726,85"
NMU,NUROL PORTFÖY MUTLAK GETİRİ HEDEFLİ HİSSE SENEDİ SERBEST FON (HİSSE SENEDİ YOĞUN FON),18.09.2026,"1,294417",736690978.00,330,"953585528,92"
NNF,HEDEF PORTFÖY BİRİNCİ HİSSE SENEDİ (TL) FONU (HİSSE SENEDİ YOĞUN FON),18.09.2026,"21,041524",77421094.00,17144,"1629057824,31"
NOA,NEO PORTFÖY ALFA SERBEST FON,18.09.2026,"1,378564",592000134.00,11,"816110112,96"
NOI,TACİRLER PORTFÖY NOVA İSTATİSTİKSEL ARBİTRAJ SERBEST FON,18.09.2026,"1,50419",900597725.00,14,"1354670286,26"
NOV,AZİMUT PORTFÖY INOVA AGRO HİSSE SENEDİ SERBEST ÖZEL FON (HİSSE SENEDİ YOĞUN FON),18.09.2026,"45,17586",14121929.00,1,"637970291,74"
NP1,NEO PORTFÖY YASEMİN SERBEST FON,18.09.2026,"5,34532",279918931.00,145,"1496256364,11"
NPH,NUROL PORTFÖY BİRİNCİ HİSSE SENEDİ FONU (HİSSE SENEDİ YOĞUN FON),18.09.2026,"1,495241",84018349.00,674,"125627640,32"
NPK,NEO PORTFÖY İPEKYOLU SERBEST ÖZEL FON,18.09.2026,"1,605247",592961232.00,1,"951849359,55"
NRC,NEO PORTFÖY BİRİNCİ DEĞİŞKEN FON,18.09.2026,"10,697542",19457036.00,3438,"208142469,01"
NRG,NEO PORTFÖY BİRİNCİ PARA PİYASASI FONU,18.09.2026,"5,735487",848260795.00,2977,"4865188348,39"
NRM,NEO PORTFÖY İKİNCİ SERBEST (DÖVİZ) FON,18.09.2026,"156,823194",2588867.00,11,"405994390,67"
NSA,NEO PORTFÖY PARA PİYASASI KATILIM SERBEST FON,18.09.2026,"2,626367",293946599.00,314,"772011722,97"
NSD,NUROL PORTFÖY DÖRDÜNCÜ SERBEST (DÖVİZ) FON,18.09.2026,"66,50589",256079123.00,182,"17030769912,68"
NSH,NUROL PORTFÖY İSTATİSTİKSEL ARBİTRAJ HİSSE SENEDİ SERBEST FON (HİSSE SENEDİ YOĞUN FON),18.09.2026,"2,282248",1171149320.00,1309,"2672852947,12"
NSK,NEO PORTFÖY BİRİNCİ SERBEST FON,18.09.2026,"6,978661",17943928.00,80,"125224584,26"
NSP,NUROL PORTFÖY PARA PİYASASI KATILIM FONU,18.09.2026,"1,898479",544626581.00,2433,"1033962175,33"
NSS,NUROL PORTFÖY SONENBERG KAR PAYI ÖDEYEN SERBEST (DÖVİZ) ÖZEL FON,18.09.2026,"65,938062",16965870.00,1,"1118696592,44"
NST,İŞ PORTFÖY EMLAK SEKTÖRÜ HİSSE SENEDİ FONU (HİSSE SENEDİ YOĞUN FON),18.09.2026,"1,115803",43332074.00,3139,"48350064,61"
NSY,NEO PORTFÖY YEDİNCİ SERBEST FON,18.09.2026,"1,467513",942668842.00,57,"1383378561,41"
NTB,AZİMUT PORTFÖY AVŞAR HİSSE SENEDİ SERBEST FON (HİSSE SENEDİ YOĞUN FON),18.09.2026,"5,789681",550964070.00,1,"3189906213,12"
NTD,ÜNLÜ PORTFÖY UFT HİSSE SENEDİ SERBEST ÖZEL FON (HİSSE SENEDİ YOĞUN FON),18.09.2026,"0,369466",1355423321.00,1,"500782807,52"
NTF,NEO PORTFÖY TEK SERBEST (TL) FON,18.09.2026,"3,217476",82054843.00,11,"264009474,11"
NTI,NEO PORTFÖY TEKNOLOJİ VE İNOVASYON DEĞİŞKEN FON,18.09.2026,"1,614149",150822759.00,1386,"243450452,73"
NTO,NUROL PORTFÖY TRADA SERBEST (DÖVİZ) ÖZEL FON,18.09.2026,"67,828345",54144466.00,1,"3672529524,79"
NTS,NUROL PORTFÖY İKİNCİ SERBEST FON,18.09.2026,"3,178286",73665955.00,33,"234131504,83"
NUB,NUROL PORTFÖY BEŞİNCİ SERBEST (DÖVİZ) FON,18.09.2026,"60,46746",34187884.00,892,"2067254501,65"
NUG,NUROL PORTFÖY ALTINCI SERBEST (DÖVİZ) FON,18.09.2026,"50,041343",486333.00,22,"24336756,27"
NUH,NEO PORTFÖY ÜÇÜNCÜ HİSSE SENEDİ FONU (HİSSE SENEDİ YOĞUN FON),18.09.2026,"1,256171",40992379.00,778,"51493438,76"
NVB,NEO PORTFÖY İKİNCİ PARA PİYASASI (TL) FON,18.09.2026,"4,962197",900581498.00,4279,"4468863053,34"
NVC,NEO PORTFÖY VENTO SERBEST FON,18.09.2026,"3,685791",35626984.00,82,"131313629,69"
NVK,INVEO PORTFÖY KATILIM SERBEST (DÖVİZ) FON,18.09.2026,"47,484747",3417335.00,19,"162271286,97"
NVP,NUROL PORTFÖY İKİNCİ SERBEST (DÖVİZ) ÖZEL FON,18.09.2026,"69,418249",896094.00,1,"62205276,13"
NVT,NEO PORTFÖY ÜÇÜNCÜ SERBEST (TL) FON,18.09.2026,"4,782548",2275872488.00,107,"10884469597,92"
NVZ,NEO PORTFÖY ORSA SERBEST (DÖVİZ) FON,18.09.2026,"58,594937",8735114.00,327,"511833457,62"
NYH,NUROL PORTFÖY İAU SERBEST (DÖVİZ) ÖZEL FON,18.09.2026,"63,524169",17189834.00,1,"1091969912,99"
NZH,NEO PORTFÖY İKİNCİ DEĞİŞKEN FON,18.09.2026,"3,42459",156551126.00,294,"536123355,43"
NZT,NEO PORTFÖY PARA PİYASASI SERBEST FON,18.09.2026,"6,241917",476923286.00,364,"2976915670,28"
NZU,NUROL PORTFÖY ZÜMRÜT KATILIM SERBEST (DÖVİZ) FON,18.09.2026,"51,907079",875766.00,31,"45458454,78"
OAB,QNB PORTFÖY AYDOĞAN SERBEST (DÖVİZ) ÖZEL FON,18.09.2026,"76,798996",8684913.00,3,"666992600,26"
OAO,TEB PORTFÖY ODEABANK AYRICALIKLI VE ÖZEL BANKACILIK DEĞİŞKEN ÖZEL FON,18.09.2026,"1,037337",1755885330.00,693,"1821444912,68"
OBI,OYAK PORTFÖY İKİNCİ BORÇLANMA ARAÇLARI (TL) FONU,18.09.2026,"3,231896",91676864.00,491,"296290113,64"
OBN,AK PORTFÖY ONBEŞİNCİ SERBEST (DÖVİZ) FON,18.09.2026,"58,719151",4527021.00,240,"265822828,15"
OBP,OYAK PORTFÖY İKİNCİ DEĞİŞKEN FON,18.09.2026,"0,20817",182379329.00,832,"37965863,96"
OBR,AK PORTFÖY ONBİRİNCİ SERBEST (DÖVİZ) FON,18.09.2026,"54,938406",801527688.00,10176,"44034653384,10"
OCM,QNB PORTFÖY SM SERBEST (DÖVİZ) ÖZEL FON,18.09.2026,"70,056049",7315759.00,2,"512513168,53"
OCN,QNB PORTFÖY SEFA SERBEST (DÖVİZ) ÖZEL FON,18.09.2026,"51,288526",2340705.00,4,"120051309,06"
OCT,QNB PORTFÖY DENİZ YILDIZI SERBEST (DÖVİZ) ÖZEL FON,18.09.2026,"73,838716",5925266.00,5,"437514035,91"
ODD,OYAK PORTFÖY DÖRDÜNCÜ SERBEST FON,18.09.2026,"11,091334",42065232.00,30,"466559555,05"
ODG,ONE PORTFÖY İKİNCİ DEĞİŞKEN FON,18.09.2026,"1,170168",56684974.00,31,"66330959,02"
ODN,AK PORTFÖY ONDÖRDÜNCÜ SERBEST (DÖVİZ) FON,18.09.2026,"59,311946",935546100.00,7194,"55489060213,00"
ODP,OSMANLI PORTFÖY BİRİNCİ SERBEST FON,18.09.2026,"7,305808",41296442.00,135,"301703889,15"
ODS,OYAK PORTFÖY İKİNCİ SERBEST(DÖVİZ) FON,18.09.2026,"70,171314",1683521.00,106,"118134881,22"
ODV,AK PORTFÖY ÜÇÜNCÜ FON SEPETİ FONU,18.09.2026,"0,00",0.00,3756,"0,00"
OFA,OYAK PORTFÖY TÜRKİYE FİNANS KATILIM SERBEST (DÖVİZ-AVRO) FON,18.09.2026,"57,765642",3845789.00,119,"222154469,07"
OFB,OYAK PORTFÖY İSTATİSTİKSEL ARBİTRAJ SERBEST (TL) FON,18.09.2026,"11,669957",88897469.00,13,"1037429667,80"
OFI,OYAK PORTFÖY İKİNCİ FON SEPETİ FONU,18.09.2026,"4,107098",38429120.00,567,"157832175,71"
OFK,OYAK PORTFÖY TÜRKİYE FİNANS KATILIM SERBEST (DÖVİZ-ABD DOLARI) FON,18.09.2026,"52,839433",17627026.00,257,"931402063,35"
OFO,QNB PORTFÖY JKDK SERBEST (DÖVİZ) ÖZEL FON,18.09.2026,"69,238506",31413804.00,1,"2175044867,96"
OFS,OYAK PORTFÖY BİRİNCİ FON SEPETİ FONU,18.09.2026,"8,375445",22443297.00,427,"187972596,64"
OGD,OYAK PORTFÖY ALTIN KATILIM FONU,18.09.2026,"11,683914",66512990.00,3082,"777132058,64"
OGF,OYAK PORTFÖY OYAK ÜYELERI İLE ÇALIŞANLARıNA YÖNELİK BORÇLANMA ARAÇLARI ÖZEL FONU,18.09.2026,"9,701428",14956290.00,416,"145097375,53"
OGV,QNB PORTFÖY HUNA SERBEST (DÖVİZ) ÖZEL FON,18.09.2026,"72,776287",3942995.00,1,"286956537,58"
OHB,OYAK PORTFÖY BİRİNCİ HİSSE SENEDİ (TL) FONU (HİSSE SENEDİ YOĞUN FON),18.09.2026,"24,033359",59026714.00,1034,"1418610192,83"
OHI,PARDUS PORTFÖY ONUNCU HİSSE SENEDİ SERBEST (TL) FON (HİSSE SENEDİ YOĞUN FON),18.09.2026,"0,098457",9849630500.00,44,"969763209,17"
OHK,OYAK PORTFÖY KATILIM HİSSE SENEDİ (TL) FONU (HİSSE SENEDİ YOĞUN FON),18.09.2026,"2,847392",15049453.00,1391,"42851695,75"
OIL,OSMANLI PORTFÖY ALTIN FON SEPETİ FONU,18.09.2026,"3,912003",11292203.00,662,"44175132,03"
OIR,OSMANLI PORTFÖY DENGELİ FON SEPETİ FONU,18.09.2026,"5,071768",3686421.00,221,"18696671,28"
OIS,ASTRA PORTFÖY İKİNCİ SERBEST ÖZEL FON,18.09.2026,"3,445111",190643928.00,2,"656789476,60"
OJB,QNB PORTFÖY BEŞİNCİ SERBEST (DÖVİZ) FON,18.09.2026,"54,237436",495558415.00,6688,"26877817970,59"
OJH,ASTRA PORTFÖY BİRİNCİ HİSSE SENEDİ SERBEST FON (HİSSE SENEDİ YOĞUN FON),18.09.2026,"9,329978",2375669.00,27,"22164940,52"
OJK,QNB PORTFÖY ALTIN FONU,18.09.2026,"13,474554",3437125005.00,27432,"46313728087,95"
OJT,QNB PORTFÖY TEKNOLOJİ FON SEPETİ FONU,18.09.2026,"12,913757",354712456.00,10971,"4580670488,15"
OJU,QNB PORTFÖY UFUK SERBEST (DÖVİZ) ÖZEL FON,18.09.2026,"69,74006",805462.00,2,"56172968,01"
OJY,QNB PORTFÖY YALÇIN SERBEST (DÖVİZ) ÖZEL FON,18.09.2026,"71,585719",34384190.00,6,"2461416969,96"
OKD,OYAK PORTFÖY BİRİNCİ DEĞİŞKEN FON,18.09.2026,"0,61729",137391155.00,975,"84810175,47"
OKF,OYAK PORTFÖY KAR PAYI ÖDEYEN BİRİNCİ SERBEST (TL) FON,18.09.2026,"4,857158",1772974341.00,12,"8611616164,34"
OKP,OYAK PORTFÖY BİRİNCİ KISA VADELİ BORÇLANMA ARAÇLARI (TL) FONU,18.09.2026,"6,642382",14325602.00,421,"95156119,28"
OKT,OYAK PORTFÖY BİRİNCİ BORÇLANMA ARAÇLARI FONU,18.09.2026,"0,168159",682116996.00,844,"114704123,85"
OLA,OSMANLI PORTFÖY İKİNCİ SERBEST (DÖVİZ- AVRO) FON,18.09.2026,"53,842041",378108.99,31,"20358159,67"
OLD,QNB PORTFÖY TEMİZ ENERJİ VE SU FON SEPETİ FONU,18.09.2026,"3,068029",42749618.00,5351,"131157068,12"
OLE,OSMANLI PORTFÖY BİRİNCİ FON SEPETİ FONU,18.09.2026,"5,216167",68722727.00,480,"358469214,86"
OMB,ASTRA PORTFÖY MAB SERBEST (DÖVİZ) ÖZEL FON,18.09.2026,"65,032573",3513883.00,3,"228516850,97"
OMC,QNB PORTFÖY ORKİDE SERBEST (DÖVİZ) ÖZEL FON,18.09.2026,"72,373251",5643994.00,2,"408474194,68"
OME,PARDUS PORTFÖY EVREN SERBEST FON,18.09.2026,"17,847145",3362058.00,68,"60003137,33"
OMG,AZİMUT PORTFÖY İKİNCİ HİSSE SENEDİ FONU (HİSSE SENEDİ YOĞUN FON),18.09.2026,"1,812597",716197953.00,681,"1298178048,78"
OMT,OSMANLI PORTFÖY PARA PİYASASI KATILIM (TL) FONU,18.09.2026,"1,022328",91884342.00,84,"93935901,86"
ONB,TEB PORTFÖY ALTERNATİF BANK SERBEST (DÖVİZ) ÖZEL FON,18.09.2026,"53,411233",100127454.00,564,"5347930811,77"
OND,QNB PORTFÖY KAR PAYI ÖDEYEN ONBİRİNCİ SERBEST (DÖVİZ) FON,18.09.2026,"48,679464",71770000.01,624,"3493725129,43"
ONE,AKTİF PORTFÖY BİRİNCİ HİSSE SENEDİ SERBEST (TL) FON (HİSSE SENEDİ YOĞUN FON),18.09.2026,"1,462604",20161692.58,664,"29488574,83"
ONF,AK PORTFÖY ONALTINCI SERBEST (DÖVİZ-POUND) FON,18.09.2026,"66,664716",47768405.00,886,"3184467142,16"
ONK,AK PORTFÖY ONİKİNCİ SERBEST (DÖVİZ-AVRO) FON,18.09.2026,"60,674338",1551243735.00,20970,"94120686415,15"
ONN,AKTİF PORTFÖY AKTİF ONİKS SERBEST (TL) FON,18.09.2026,"6,611034",246434102.00,613,"1629184161,52"
ONS,İŞ PORTFÖY ONİKİNCİ SERBEST (DÖVİZ) FON,18.09.2026,"55,172085",3035897251.00,23810,"167496780369,86"
ONT,TEB PORTFÖY ONDÖRDÜNCÜ SERBEST (DÖVİZ) FON,18.09.2026,"53,794802",91411125.00,374,"4917443365,44"
ONY,TEB PORTFÖY ONYEDİNCİ SERBEST (DÖVİZ-POUND) FON,18.09.2026,"67,024221",35469219.00,748,"2377296786,08"
OPB,OSMANLI PORTFÖY BİRİNCİ DEĞİŞKEN FON,18.09.2026,"13,502747",3706335.00,421,"50045702,09"
OPD,OSMANLI PORTFÖY ANKA SERBEST FON,18.09.2026,"8,756096",7945986.00,18,"69575818,76"
OPF,OSMANLI PORTFÖY AGRESİF DEĞİŞKEN FON,18.09.2026,"3,285952",134074163.00,987,"440561251,84"
OPH,OSMANLI PORTFÖY BİRİNCİ HİSSE SENEDİ FONU(HİSSE SENEDİ YOĞUN FON),18.09.2026,"24,56801",35140632.00,2440,"863335402,78"
OPI,OSMANLI PORTFÖY KAR PAYI ÖDEYEN HİSSE SENEDİ (TL) FONU (HİSSE SENEDİ YOĞUN FON),18.09.2026,"22,240516",9303877.00,1497,"206923022,26"
OPJ,QNB PORTFÖY QNB PARA PİYASASI (TL) FONU,18.09.2026,"1,729378",75830516.00,1410,"131139638,60"
OPL,OSMANLI PORTFÖY İKİNCİ DEĞİŞKEN FON,18.09.2026,"9,654905",3523827.00,461,"34022215,87"
OPU,ASTRA PORTFÖY ÜÇÜNCÜ KATILIM SERBEST FON,18.09.2026,"1,009996",2282870924.00,73,"2305690811,05"
OPZ,AK PORTFÖY ÖPY ALTINCI SERBEST ÖZEL FON,18.09.2026,"5,856571",125156982.00,1,"732990745,12"
ORC,ASTRA PORTFÖY ALFA SERBEST FON,18.09.2026,"1,336126",934858482.00,54,"1249089147,64"
ORI,AZİMUT PORTFÖY ORGANİK SERBEST (DÖVİZ) ÖZEL FON,18.09.2026,"61,635419",27752765.00,5,"1710553300,70"
OSD,OSMANLI PORTFÖY ÖZEL SEKTÖR BORÇLANMA ARAÇLARI FONU,18.09.2026,"14,654941",40774737.00,842,"597551383,87"
OSF,NEO PORTFÖY BALKAN SERBEST FON,18.09.2026,"114,133517",43093803.00,17,"4918447307,24"
OSH,OSMANLI PORTFÖY MİNERVA SERBEST FON,18.09.2026,"0,523671",112798247.00,17,"59069211,09"
OSL,OSMANLI PORTFÖY KISA VADELİ BORÇLANMA ARAÇLARI (TL) FONU,18.09.2026,"0,160112",10453477176.00,4032,"1673731586,63"
OSN,AK PORTFÖY ONUNCU SERBEST FON,18.09.2026,"1,603096",4317939.00,200,"6922071,77"
OTE,QNB PORTFÖY TAYMER SERBEST (DÖVİZ) ÖZEL FON,18.09.2026,"67,591673",2914766.00,2,"197013911,24"
OTF,OYAK PORTFÖY TÜRKİYE FİNANS KISA VADELİ KİRA SERTİFİKASI KATILIM (TL) FONU,18.09.2026,"7,114596",92132147.00,1952,"655482964,16"
OTJ,OYAK PORTFÖY KIYMETLİ MADENLER KATILIM FON SEPETİ FONU,18.09.2026,"7,265747",431876405.00,21134,"3137904628,30"
OTK,OYAK PORTFÖY BİRİNCİ KATILIM SERBEST FON,18.09.2026,"8,620338",493458.00,65,"4253774,59"
OTM,AZİMUT PORTFÖY OTOMOTİV SEKTÖRÜ DEĞİŞKEN FON,18.09.2026,"1,295695",11155924.00,92,"14454679,27"
OTZ,QNB PORTFÖY TANER SERBEST (DÖVİZ) ÖZEL FON,18.09.2026,"70,930773",4472207.00,4,"317217099,15"
OUB,OSMANLI PORTFÖY ÜÇÜNCÜ SERBEST (TL) FON,18.09.2026,"7,345566",124932746.00,14,"917701709,93"
OUD,OSMANLI PORTFÖY ATLANTİK SERBEST (DÖVİZ) FON,18.09.2026,"67,594108",2214220.00,116,"149668224,80"
OUN,AK PORTFÖY ONÜÇÜNCÜ SERBEST (DÖVİZ) FON,18.09.2026,"54,81007",4246949.00,313,"232775572,80"
OUR,OSMANLI PORTFÖY PASİFİK SERBEST (DÖVİZ) FON,18.09.2026,"85,020876",375508.00,11,"31926018,96"
OUY,ASTRA PORTFÖY BİRİNCİ SERBEST (DÖVİZ) ÖZEL FON,18.09.2026,"65,920108",25452185.00,2,"1677810792,05"
OVD,QNB PORTFÖY EMTİA FON SEPETİ FONU,18.09.2026,"3,622629",257595800.00,3316,"933173996,63"
OVR,QNB PORTFÖY FAGİ SERBEST (DÖVİZ) ÖZEL FON,18.09.2026,"69,076582",7132953.00,1,"492720016,27"
OYL,OYAK PORTFÖY BİRİNCİ PARA PİYASASI (TL) FONU,18.09.2026,"0,166294",20816063265.00,7993,"3461584799,62"
OYS,OYAK PORTFÖY ÜÇÜNCÜ SERBEST (TL) FON,18.09.2026,"9,375556",1582804739.00,11,"14839674891,99"
OYT,OYAK PORTFÖY BİRİNCİ SERBEST FON,18.09.2026,"0,141965",12287982480.00,62,"1744466436,73"
OZC,ASTRA PORTFÖY BİRİNCİ HİSSE SENEDİ SERBEST ÖZEL FON (HİSSE SENEDİ YOĞUN FON),18.09.2026,"2,657209",99242027.00,1,"263706845,25"
P1A,A1 CAPİTAL PORTFÖY PARA PİYASASI (TL) SERBEST FON,18.09.2026,"0,00",0.00,342,"0,00"
PA2,PUSULA PORTFÖY ALTIN KATILIM FONU,18.09.2026,"0,00",0.00,377,"0,00"
PAB,A1 CAPİTAL PORTFÖY PARA PİYASASI (TL) FONU,18.09.2026,"1,451879",139607932.00,720,"202693845,50"
PAC,AZİMUT PORTFÖY AC HİSSE SENEDİ SERBEST ÖZEL FON (HİSSE SENEDİ YOĞUN FON),18.09.2026,"3,040688",256267233.00,1,"779228603,47"
PAF,PARDUS PORTFÖY ALTIN FONU,18.09.2026,"3,552012",75106583.00,3091,"266779470,17"
PAI,AK PORTFÖY ING ÖZEL BANKACILIK VE PLATINUM MUTLAK GETİRİ HEDEFLİ DEĞİŞKEN ÖZEL FON,18.09.2026,"6,495266",60456244.00,463,"392679401,05"
PAL,AK PORTFÖY ALTINCI SERBEST(DÖVİZ) FON,18.09.2026,"58,090327",2628580068.00,30562,"152695076984,99"
PAO,PARDUS PORTFÖY ANADOLU HİSSE SENEDİ SERBEST FON (HİSSE SENEDİ YOĞUN FON),18.09.2026,"1,083173",4179148.00,211,"4526739,79"
PAU,GARANTİ PORTFÖY SERBEST (DÖVİZ-POUND) FON,18.09.2026,"68,499432",170586513.00,3879,"11685079171,42"
PBE,PUSULA PORTFÖY BATI SERBEST FON,18.09.2026,"0,00",0.00,11,"0,00"
PBF,PHİLLİP PORTFÖY BİRİNCİ SERBEST ÖZEL FON,18.09.2026,"1,740497",954233191.00,2,"1660840063,80"
PBH,PUSULA PORTFÖY BİRİNCİ HİSSE SENEDİ SERBEST (TL) FON (HİSSE SENEDİ YOĞUN FON),18.09.2026,"0,00",0.00,12,"0,00"
PBI,PARDUS PORTFÖY BİRİNCİ FON SEPETİ FONU,18.09.2026,"2,248777",45205615.00,641,"101657343,23"
PBK,ASTRA PORTFÖY BİRİNCİ KATILIM SERBEST (DÖVİZ) FON,18.09.2026,"58,667804",1712538.00,107,"100470844,41"
PBN,PİRAMİT PORTFÖY BİRİNCİ HİSSE SENEDİ SERBEST FON (HİSSE SENEDİ YOĞUN FON),18.09.2026,"1,553655",286393250.00,547,"444956299,91"
PBR,PUSULA PORTFÖY BİRİNCİ DEĞİŞKEN FON,18.09.2026,"0,00",0.00,15417,"0,00"
PBS,AZİMUT PORTFÖY BOĞAZİÇİ SERBEST (DÖVİZ) FON,18.09.2026,"70,505606",5658894.00,22,"398983749,71"
PBY,PARDUS PORTFÖY BIST 100 DIŞI ŞİRKETLER HİSSE SENEDİ SERBEST (TL) FON (HİSSE SENEDİ YOĞUN FON),18.09.2026,"0,00",0.00,54,"0,00"
PCE,PARDUS PORTFÖY İNCİ SERBEST FON,18.09.2026,"1,249466",43134420.00,141,"53895001,04"
PCH,PARDUS PORTFÖY CAPİTAL HİSSE SENEDİ SERBEST FON (HİSSE SENEDİ YOĞUN FON),18.09.2026,"3,478038",221255824.00,56,"769536228,95"
PCN,PERFORM PORTFÖY ÜÇÜNCÜ SERBEST (DÖVİZ)  FON,18.09.2026,"66,151833",8605496.00,12,"569269334,40"
PCS,PUSULA PORTFÖY ÜÇÜNCÜ HİSSE SENEDİ SERBEST FON (HİSSE SENEDİ YOĞUN FON),18.09.2026,"0,00",0.00,28,"0,00"
PDC,PUSULA PORTFÖY DÖRDÜNCÜ HİSSE SENEDİ SERBEST (TL) FON (HİSSE SENEDİ YOĞUN FON),18.09.2026,"0,00",0.00,15,"0,00"
PDD,ASTRA PORTFÖY KATILIM FONU,18.09.2026,"6,041423",136215935.00,172,"822938032,59"
PDE,PUSULA PORTFÖY DENGE KATILIM SERBEST FON,18.09.2026,"0,00",0.00,14,"0,00"
PDF,ASTRA PORTFÖY BİRİNCİ SERBEST (DÖVİZ) FON,18.09.2026,"61,252813",7745452.00,51,"474430721,99"
PDG,PUSULA PORTFÖY DOĞU HİSSE SENEDİ SERBEST (TL) FON (HİSSE SENEDİ YOĞUN FON),18.09.2026,"0,00",0.00,11,"0,00"
PDH,PARDUS PORTFÖY DOĞU HİSSE SENEDİ SERBEST FON (HİSSE SENEDİ YOĞUN FON),18.09.2026,"18,523717",280555872.00,78,"5196937699,89"
PDR,PHİLLİP PORTFÖY SÜRDÜRÜLEBİLİRLİK SERBEST ÖZEL FON,18.09.2026,"1,020243",2249115622.00,2,"2294643843,98"
PDS,PARDUS PORTFÖY DÖRDÜNCÜ SERBEST FON,18.09.2026,"0,255884",270089633.00,41,"69111576,09"
PEA,PERFORM PORTFÖY ALTIN FONU,18.09.2026,"1,472693",47232210.00,98,"69558534,35"
PFO,PHİLLİP PORTFÖY FON SEPETİ FONU,18.09.2026,"2,38339",32514381.00,283,"77494434,92"
PFS,ATLAS PORTFÖY FON SEPETİ FONU,18.09.2026,"2,829694",5157600.00,85,"14594432,33"
PGD,ASTRA PORTFÖY AGRESİF DEĞİŞKEN FON,18.09.2026,"1,821495",102494183.00,141,"186692591,92"
PGE,PARDUS PORTFÖY GÜNEY HİSSE SENEDİ SERBEST FON (HİSSE SENEDİ YOĞUN FON),18.09.2026,"25,721737",403827399.00,45,"10387142178,07"
PGH,PUSULA PORTFÖY GÜNEY HİSSE SENEDİ SERBEST (TL) FON (HİSSE SENEDİ YOĞUN FON),18.09.2026,"0,00",0.00,12,"0,00"
PGS,AZİMUT PORTFÖY PAY GERİ ALIMI YAPAN ŞİRKETLER HİSSE SENEDİ FONU (HİSSE SENEDİ YOĞUN FON),18.09.2026,"1,274548",123637416.00,415,"157581838,05"
PHB,PUSULA PORTFÖY BEŞİNCİ HİSSE SENEDİ SERBEST (TL) FON (HİSSE SENEDİ YOĞUN FON),18.09.2026,"0,00",0.00,15,"0,00"
PHE,PUSULA PORTFÖY HİSSE SENEDİ FONU (HİSSE SENEDİ YOĞUN FON),18.09.2026,"0,00",0.00,46328,"0,00"
PHF,PİRAMİT PORTFÖY BİST 50 DIŞI ŞİRKETLER HİSSE SENEDİ SERBEST FON (HİSSE SENEDİ YOĞUN FON),18.09.2026,"1,431533",312096225.00,241,"446775955,80"
PHI,PİRAMİT PORTFÖY HİSSE SENEDİ FONU (HİSSE SENEDİ YOĞUN FON),18.09.2026,"1,52851",50922310.00,133,"77835271,16"
PHK,PHİLLİP PORTFÖY KATILIM HİSSE SENEDİ FONU (HİSSE SENEDİ YOĞUN FON),18.09.2026,"1,551832",51769437.00,356,"80337472,02"
PHN,PUSULA PORTFÖY İKİNCİ HİSSE SENEDİ SERBEST FON (HİSSE SENEDİ YOĞUN FON),18.09.2026,"0,00",0.00,18,"0,00"
PHS,PERFORM PORTFÖY İKİNCİ HİSSE SENEDİ SERBEST FON (HİSSE SENEDİ YOĞUN FON),18.09.2026,"4,54952",40589501.00,16,"184662763,15"
PHY,PARDUS PORTFÖY BATI HİSSE SENEDİ SERBEST FON (HİSSE SENEDİ YOĞUN FON),18.09.2026,"4,17496",125657393.00,45,"524614549,22"
PID,PİRAMİT PORTFÖY DEĞİŞKEN FON,18.09.2026,"1,887108",28053802.00,95,"52940556,30"
PIL,ROTA PORTFÖY PİL TEKNOLOJİLERİ VE ENERJİ FON SEPETİ FONU,18.09.2026,"3,857736",105354120.00,7465,"406428376,03"
PIP,GARANTİ PORTFÖY İKİNCİ PARA PİYASASI SERBEST (TL) FON,18.09.2026,"1,731343",3108919635.00,371,"5382606636,59"
PIR,PİRAMİT PORTFÖY ALTIN FONU,18.09.2026,"1,681259",59968643.00,829,"100822839,27"
PIS,PARDUS PORTFÖY İKİNCİ KISA VADELİ SERBEST (TL) FON,18.09.2026,"1,506664",851521280.00,187,"1282956083,48"
PJL,PHİLLİP PORTFÖY PARA PİYASASI FONU,18.09.2026,"5,344395",232973481.00,1593,"1245102319,87"
PJP,PERFORM PORTFÖY BİRİNCİ SERBEST (DÖVİZ) FON,18.09.2026,"50,54735",8054921.00,13,"407154910,00"
PK1,AHLATCI PORTFÖY PARA PİYASASI KATILIM (TL) FONU,18.09.2026,"1,075885",22050533.00,141,"23723831,27"
PKD,PUSULA PORTFÖY İKİNCİ KATILIM HİSSE SENEDİ SERBEST FON (HİSSE SENEDİ YOĞUN FON),18.09.2026,"0,00",0.00,91,"0,00"
PKF,ATA PORTFÖY ALTIN KATILIM FONU,18.09.2026,"0,00",0.00,1519,"0,00"
PKH,DENİZ PORTFÖY POYRAZ KATILIM HİSSE SENEDİ SERBEST FON (HİSSE SENEDİ YOĞUN FON),18.09.2026,"0,6705",138795396.00,11,"93062319,24"
PKL,PUSULA PORTFÖY KATILIM SERBEST (TL) FON,18.09.2026,"0,00",0.00,14,"0,00"
PKM,PUSULA PORTFÖY PARA PİYASASI KATILIM (TL) FONU,18.09.2026,"0,00",0.00,348,"0,00"
PKN,PİRAMİT PORTFÖY İKİNCİ HİSSE SENEDİ SERBEST FON (HİSSE SENEDİ YOĞUN FON),18.09.2026,"2,549839",12356254.00,10,"31506458,37"
PKP,ATA PORTFÖY PARA PİYASASI KATILIM SERBEST FON,18.09.2026,"1,293849",301418810.00,78,"389990423,44"
PKR,ROTA PORTFÖY PARA PİYASASI KATILIM FONU,18.09.2026,"1,579887",432953709.00,190,"684017912,08"
PKT,YAPI KREDİ PORTFÖY PARA PİYASASI KATILIM SERBEST (TL) FON,18.09.2026,"1,640746",4902943231.00,1142,"8044483888,27"
PKU,PARDUS PORTFÖY KUZEY HİSSE SENEDİ SERBEST FON (HİSSE SENEDİ YOĞUN FON),18.09.2026,"12,225193",545700430.00,45,"6671293037,91"
PKV,PARDUS PORTFÖY KISA VADELİ SERBEST (TL) FON,18.09.2026,"0,00",0.00,2632,"0,00"
PKZ,PUSULA PORTFÖY KUZEY HİSSE SENEDİ SERBEST (TL) FON (HİSSE SENEDİ YOĞUN FON),18.09.2026,"0,00",0.00,17,"0,00"
PLA,YAPI KREDİ PORTFÖY PLAY FON SEPETİ ÖZEL FONU,18.09.2026,"1,307311",756818.00,124,"989396,67"
PLR,OSMANLI PORTFÖY PARA PİYASASI FONU,18.09.2026,"1,719465",390995799.00,883,"672303462,41"
PLS,DENİZ PORTFÖY LARA SERBEST (DÖVİZ) ÖZEL FON,18.09.2026,"26,958936",34834729.00,7,"939107216,46"
PMG,İŞ PORTFÖY MG HİSSE SENEDİ ÖZEL FONU (HİSSE SENEDİ YOĞUN FON),18.09.2026,"1,609822",874681642.00,1,"1408081926,77"
PMH,PARDUS PORTFÖY MARMARA HİSSE SENEDİ SERBEST FON (HİSSE SENEDİ YOĞUN FON),18.09.2026,"0,002758",11021437.00,43,"30399,13"
PMP,PARDUS PORTFÖY MODEL PORTFÖY HİSSE SENEDİ SERBEST FON (HİSSE SENEDİ YOĞUN FON),18.09.2026,"0,70004",15291241.00,361,"10704486,16"
PNU,PUSULA PORTFÖY İKİNCİ PARA PİYASASI (TL) FONU,18.09.2026,"0,00",0.00,20164,"0,00"
PO7,PARDUS PORTFÖY ONYEDİNCİ HİSSE SENEDİ SERBEST FON (HİSSE SENEDİ YOĞUN FON),18.09.2026,"1,036579",1513476425.00,43,"1568837280,20"
PO8,PARDUS PORTFÖY ONSEKİZİNCİ HİSSE SENEDİ SERBEST FON (HİSSE SENEDİ YOĞUN FON),18.09.2026,"2,771162",888690.00,45,"2462704,22"
PO9,PARDUS PORTFÖY ONDOKUZUNCU HİSSE SENEDİ SERBEST FON (HİSSE SENEDİ YOĞUN FON),18.09.2026,"0,580166",270751747.00,130,"157080934,40"
POB,PARDUS PORTFÖY ONBİRİNCİ HİSSE SENEDİ SERBEST (TL) FON (HİSSE SENEDİ YOĞUN FON),18.09.2026,"3,73972",1034949682.00,42,"3870422357,19"
POD,DENİZ PORTFÖY ONBEŞİNCİ SERBEST (DÖVİZ-POUND) FON,18.09.2026,"69,551439",60728515.00,1400,"4223755601,10"
POF,PARDUS PORTFÖY ONALTINCI HİSSE SENEDİ SERBEST (TL) FON (HİSSE SENEDİ YOĞUN FON),18.09.2026,"0,00",0.00,45,"0,00"
POH,PİRAMİT PORTFÖY ÖZGÜN HİSSE SENEDİ SERBEST ÖZEL FON (HİSSE SENEDİ YOĞUN FON),18.09.2026,"0,937986",1711421252.00,4,"1605289927,90"
POI,PARDUS PORTFÖY ONİKİNCİ HİSSE SENEDİ SERBEST (TL) FON (HİSSE SENEDİ YOĞUN FON),18.09.2026,"0,05384",4556187573.00,42,"245305484,16"
POS,PARDUS PORTFÖY ONBEŞİNCİ HİSSE SENEDİ SERBEST (TL) FON (HİSSE SENEDİ YOĞUN FON),18.09.2026,"1,0713",59265925.00,319,"63491598,47"
POU,PARDUS PORTFÖY ONÜÇÜNCÜ HİSSE SENEDİ SERBEST (TL) FON (HİSSE SENEDİ YOĞUN FON),18.09.2026,"3,013282",2643312925.00,73,"7965047136,15"
PP1,PARDUS PORTFÖY BİRİNCİ KATILIM FONU,18.09.2026,"1,633636",19126196.00,242,"31245242,14"
PPB,PHİLLİP PORTFÖY BİRİNCİ HİSSE SENEDİ FONU (HİSSE SENEDİ YOĞUN FON),18.09.2026,"9,783482",37290781.00,1463,"364833689,73"
PPD,PERFORM PORTFÖY HİSSE SENEDİ SERBEST FON (HİSSE SENEDİ YOĞUN FON),18.09.2026,"34,66",63074847.00,104,"2186174210,29"
PPE,PHİLLİP PORTFÖY SERBEST (DÖVİZ) FON,18.09.2026,"63,153813",11589686.00,60,"731932862,15"
PPF,AZİMUT PORTFÖY AKÇE SERBEST FON,18.09.2026,"5,285349",64498999.00,22,"340899698,29"
PPG,ALBARAKA PORTFÖY PARA PİYASASI KATILIM FONU,18.09.2026,"1,494724",1198780046.00,1662,"1791845707,89"
PPH,PARDUS PORTFÖY BIST 100 DIŞI ŞİRKETLER HİSSE SENEDİ (TL) FONU (HİSSE SENEDİ YOĞUN FON),18.09.2026,"0,00",0.00,2096,"0,00"
PPI,YAPI KREDİ PORTFÖY ÜÇÜNCÜ PARA PİYASASI (TL) FONU,18.09.2026,"2,347875",1841879796.00,2971,"4324503475,71"
PPJ,AK PORTFÖY İKİNCİ PARA PİYASASI SERBEST (TL) FON,18.09.2026,"1,905884",34726441741.00,6576,"66184571114,89"
PPK,QNB PORTFÖY PARA PİYASASI KATILIM (TL) FONU,18.09.2026,"2,315545",2423359699.00,3160,"5611399287,95"
PPM,PİRAMİT PORTFÖY MUTLAK GETİRİ HEDEFLİ HİSSE SENEDİ SERBEST FON (HİSSE SENEDİ YOĞUN FON),18.09.2026,"2,236218",58391735.00,135,"130576621,90"
PPN,NUROL PORTFÖY PARA PİYASASI (TL) FONU,18.09.2026,"5,939979",1874900962.00,12092,"11136872887,25"
PPO,PARDUS PORTFÖY ONDÖRDÜNCÜ HİSSE SENEDİ SERBEST (TL) FON (HİSSE SENEDİ YOĞUN FON),18.09.2026,"0,00",0.00,44,"0,00"
PPP,PERFORM PORTFÖY PARA PİYASASI (TL) FONU,18.09.2026,"3,212025",1274036906.00,330,"4092238400,85"
PPS,PHİLLİP PORTFÖY BİRİNCİ SERBEST FON,18.09.2026,"4,022487",264676114.00,2193,"1064656241,36"
PPT,ATLAS PORTFÖY PARA PİYASASI (TL) FONU,18.09.2026,"3,38389",530341874.00,3818,"1794618333,30"
PPU,PARDUS PORTFÖY ÜÇÜNCÜ SERBEST FON,18.09.2026,"1,598727",160242537.00,44,"256184088,18"
PPV,AKTİF PORTFÖY PARA PİYASASI SERBEST (TL) FON,18.09.2026,"1,184644",2251769888.00,169,"2667544828,44"
PPZ,AZİMUT PORTFÖY PARA PİYASASI (TL) FONU,18.09.2026,"6,772612",1642903609.00,8069,"11126749491,17"
PRD,PİRAMİT PORTFÖY PARA PİYASASI (TL) FONU,18.09.2026,"2,412901",168611645.00,535,"406843161,88"
PRF,AZİMUT PORTFÖY IRF SERBEST (DÖVİZ) ÖZEL FON,18.09.2026,"69,730012",2904999.00,2,"202565613,91"
PRH,AURA PORTFÖY PARA PİYASASI (TL) FONU,18.09.2026,"2,25015",270783947.00,230,"609304623,82"
PRR,INVEO PORTFÖY PARA PİYASASI KATILIM (TL) FONU,18.09.2026,"1,373317",260765902.00,154,"358114157,22"
PRU,ALLBATROSS PORTFÖY KISA VADELİ SERBEST (TL) FON,18.09.2026,"0,00",0.00,1061,"0,00"
PRV,ASTRA PORTFÖY PARA PİYASASI SERBEST FON,18.09.2026,"1,384479",1686830582.00,69,"2335380777,35"
PRY,PUSULA PORTFÖY PARA PİYASASI (TL) FONU,18.09.2026,"0,00",0.00,38751,"0,00"
PSD,İŞ PORTFÖY PERAS SERBEST (DÖVİZ) ÖZEL FON,18.09.2026,"54,204682",50962165.00,1,"2762387951,08"
PSE,ATLAS PORTFÖY PARA PİYASASI SERBEST FON,18.09.2026,"1,933761",7802941426.00,4835,"15089021686,56"
PSG,AZİMUT PORTFÖY 9.0 SERBEST FON,18.09.2026,"9,069393",39415627.00,16,"357475823,58"
PSH,DENİZ PORTFÖY PERAKENDE SEKTÖRÜ HİSSE SENEDİ (TL) FONU (HİSSE SENEDİ YOĞUN FON),18.09.2026,"0,977276",17914592.00,329,"17507503,50"
PSL,AZİMUT PORTFÖY 8.0 SERBEST FON,18.09.2026,"8,676328",30647823.00,48,"265910563,39"
PSO,İŞ PORTFÖY PERAS SERBEST ÖZEL FON,18.09.2026,"0,445686",2046269480.00,1,"911994177,22"
PSR,PARDUS PORTFÖY SANAYİ ŞİRKETLERİ HİSSE SENEDİ SERBEST FON (HİSSE SENEDİ YOĞUN FON),18.09.2026,"2,334578",415141394.00,45,"969179908,10"
PSS,AZİMUT PORTFÖY SARAY SERBEST FON,18.09.2026,"6,172736",30214936.00,11,"186508820,09"
PST,PARDUS PORTFÖY SANAYİ SEKTÖRÜ DIŞI ŞİRKETLER HİSSE SENEDİ SERBEST FON (HİSSE SENEDİ YOĞUN FON),18.09.2026,"0,00",0.00,48,"0,00"
PTC,PERFORM PORTFÖY İKİNCİ SERBEST (DÖVİZ) FON,18.09.2026,"66,724574",15996927.00,54,"1067388138,88"
PTE,TEB PORTFÖY BİRİNCİ PARA PİYASASI SERBEST (TL) FON,18.09.2026,"1,749777",29745261229.60,4881,"52047564986,63"
PTF,QNB PORTFÖY TREND SERBEST FON,18.09.2026,"1,479867",574782425.00,273,"850601740,48"
PTG,AZİMUT PORTFÖY KZY SERBEST (DÖVİZ) ÖZEL FON,18.09.2026,"64,885551",1820000.00,1,"118091702,37"
PTL,TEB PORTFÖY İKİNCİ PARA PİYASASI (TL) FONU,18.09.2026,"1,91784",302102226.00,914,"579383663,02"
PTN,PHİLLİP PORTFÖY ALTIN FONU,18.09.2026,"1,628227",591581646.00,817,"963229438,92"
PTO,PARDUS PORTFÖY TEMETTÜ ÖDEYEN ŞİRKETLER HİSSE SENEDİ FONU (HİSSE SENEDİ YOĞUN FON),18.09.2026,"1,867951",91160849.00,2991,"170283977,69"
PTP,AHLATCI PORTFÖY PARA PİYASASI (TL) FONU,18.09.2026,"1,229625",117739431.00,300,"144775304,06"
PTS,QNB PORTFÖY PARA PİYASASI SERBEST (TL) FON,18.09.2026,"1,648878",6267069599.00,998,"10333635141,39"
PUA,AZİMUT PORTFÖY ADEMİR SERBEST (TL) ÖZEL FON,18.09.2026,"10,005733",497271653.00,1,"4975567513,93"
PUC,AK PORTFÖY BİRİNCİ KISA VADELİ SERBEST (TL)  FON,18.09.2026,"7,603603",606306575.00,792,"4610114232,84"
PUH,PERFORM PORTFÖY ÜÇÜNCÜ HİSSE SENEDİ SERBEST (TL) FON (HİSSE SENEDİ YOĞUN FON),18.09.2026,"1,622821",272571524.00,24,"442334826,49"
PUK,PUSULA PORTFÖY KATILIM HİSSE SENEDİ (TL) FONU (HİSSE SENEDİ YOĞUN FON),18.09.2026,"0,00",0.00,4475,"0,00"
PUR,AK PORTFÖY BİRİNCİ PARA PİYASASI SERBEST (TL) FON,18.09.2026,"10,741934",12235147282.00,38931,"131429141041,04"
PUT,AK PORTFÖY ÖPY BEŞİNCİ SERBEST ÖZEL FON,18.09.2026,"8,140011",877787362.00,1,"7145198891,07"
PUV,AK PORTFÖY PRUVA SERBEST (DÖVİZ) ÖZEL FON,18.09.2026,"58,151841",21349833.00,1,"1241532098,48"
PVK,ALBARAKA PORTFÖY KISA VADELİ KATILIM SERBEST (TL) FON,18.09.2026,"5,930507",6715548169.00,8237,"39826607003,24"
PYB,TEB PORTFÖY ALTERNATİFBANK PARA PİYASASI (TL) FON,18.09.2026,"1,918694",262511476.00,1129,"503679180,89"
PYD,PARDUS PORTFÖY YİRMİBİRİNCİ HİSSE SENEDİ SERBEST FON (HİSSE SENEDİ YOĞUN FON),18.09.2026,"0,144283",182529203.00,44,"26335786,24"
PYF,AZİMUT PORTFÖY YONCA SERBEST ÖZEL FON,18.09.2026,"10,842744",288601039.00,10,"3129227296,95"
PYH,AZİMUT PORTFÖY 10.0 KATILIM SERBEST FON,18.09.2026,"6,773198",617892627.00,11,"4185108959,65"
PYI,PARDUS PORTFÖY YİRMİİKİNCİ HİSSE SENEDİ SERBEST FON (HİSSE SENEDİ YOĞUN FON),18.09.2026,"0,00",0.00,44,"0,00"
PYL,AZİMUT PORTFÖY 11.0 SERBEST FON,18.09.2026,"9,508968",58061461.00,33,"552104594,54"
PYR,PARDUS PORTFÖY YİRMİNCİ HİSSE SENEDİ SERBEST FON (HİSSE SENEDİ YOĞUN FON),18.09.2026,"1,115466",42897619.00,1024,"47850827,14"
PYS,YAPI KREDİ PORTFÖY PY HARBİYE SERBEST (DÖVİZ) ÖZEL FON,18.09.2026,"60,336558",18028355.00,42,"1087768884,13"
RAF,ROTA PORTFÖY ALTINCI SERBEST FON,18.09.2026,"3,795159",21650971.00,13,"82168870,67"
RAI,ROTA PORTFÖY ABİS HİSSE SENEDİ SERBEST ÖZEL FON (HİSSE SENEDİ YOĞUN FON),18.09.2026,"2,017176",2611267131.00,1,"5267384287,11"
RAN,İŞ PORTFÖY RANA SERBEST (DÖVİZ) ÖZEL FON,18.09.2026,"59,608378",18581754.00,1,"1107628208,83"
RAV,ROTA PORTFÖY ALEV SERBEST FON,18.09.2026,"1,528604",735347714.00,12,"1124055103,84"
RAY,ROTA PORTFÖY RAY SİGORTA SERBEST (TL) ÖZEL FON,18.09.2026,"4,270518",436793424.00,1,"1865334292,56"
RBA,ALBARAKA PORTFÖY BEREKET VAKFI NA DESTEK ALTIN KATILIM FONU,18.09.2026,"21,583831",83610254.00,5291,"1804629551,23"
RBB,RE-PIE PORTFÖY BİRİNCİ BORÇLANMA ARAÇLARI (TL) FONU,18.09.2026,"1,707053",14556735.00,39,"24849122,76"
RBE,ROTA PORTFÖY BEŞİNCİ SERBEST (TL) FON,18.09.2026,"4,396609",701887559.00,16,"3085924862,60"
RBF,ROTA PORTFÖY BİRİNCİ BORÇLANMA ARAÇLARI FONU,18.09.2026,"1,811258",5838445.00,76,"10574931,28"
RBH,ALBARAKA PORTFÖY KATILIM HİSSE SENEDİ FONU (HİSSE SENEDİ YOĞUN FON),18.09.2026,"32,793133",27352428.00,5226,"896971816,60"
RBI,RE-PIE PORTFÖY BİRİNCİ SERBEST (DÖVİZ) FON,18.09.2026,"61,212496",1118036.00,115,"68437773,75"
RBK,ALBARAKA PORTFÖY KATILIM FONU,18.09.2026,"8,944391",4112821.00,1130,"36786677,12"
RBL,QNB PORTFÖY ROBOTİK VE BLOCKCHAİN TEKNOLOJİLERİ SERBEST FON,18.09.2026,"1,859786",125624587.00,793,"233634840,35"
RBN,RE-PIE PORTFÖY BEŞİNCİ HİSSE SENEDİ SERBEST (TL) FON (HİSSE SENEDİ YOĞUN FON),18.09.2026,"1,463091",24595032.00,129,"35984762,78"
RBP,RE-PIE PORTFÖY BİRİNCİ PARA PİYASASI (TL) FONU,18.09.2026,"2,337058",653755690.00,923,"1527865011,44"
RBR,RE-PIE  PORTFÖY BİRİNCİ KATILIM SERBEST FON,18.09.2026,"3,934289",27028647.00,932,"106338520,75"
RBT,ALBARAKA PORTFÖY KİRA SERTİFİKALARI  KATILIM FONU,18.09.2026,"6,772461",228861796.00,3083,"1549957638,93"
RBV,ALBARAKA PORTFÖY KISA VADELİ KİRA SERTİFİKALARI KATILIM (TL) FONU,18.09.2026,"7,107749",1320477895.00,18592,"9385625684,05"
RCL,ROTA PORTFÖY CELO SERBEST (DÖVİZ) ÖZEL FON,18.09.2026,"62,653874",2685011.00,1,"168226340,99"
RCS,ROTA PORTFÖY CS SERBEST ÖZEL FON,18.09.2026,"5,313897",459159.00,1,"2439923,53"
RCV,AZİMUT PORTFÖY BİRİNCİ ÇOKLU VARLIK KATILIM FONU,18.09.2026,"1,726955",35663647.00,138,"61589518,85"
RD1,ROTA PORTFÖY BİRİNCİ DEĞİŞKEN FON,18.09.2026,"1,971786",34182014.00,142,"67399607,34"
RDF,ROTA PORTFÖY DOKUZUNCU HİSSE SENEDİ SERBEST FON (HİSSE SENEDİ YOĞUN FON),18.09.2026,"1,57825",191461117.00,552,"302173428,53"
RDH,RE-PIE PORTFÖY DÖRDÜNCÜ HİSSE SENEDİ SERBEST (TL) FON (HİSSE SENEDİ YOĞUN FON),18.09.2026,"1,401995",261274426.00,17,"366305491,52"
RDK,ROTA PORTFÖY ESİN HİSSE SENEDİ ÖZEL FON (HİSSE SENEDİ YOĞUN FON),18.09.2026,"1,150296",1073118.00,2,"1234403,04"
RDS,ROTA PORTFÖY DÖRDÜNCÜ SERBEST (DÖVİZ) FON,18.09.2026,"22,781991",42798417.00,11,"975033153,43"
RDT,PHİLLİP PORTFÖY RODOSTO SERBEST FON,18.09.2026,"0,939201",86674494.00,62,"81404808,66"
RDZ,ROTA PORTFÖY ONDOKUZUNCU SERBEST (DÖVİZ) FON,18.09.2026,"51,237575",13205159.00,108,"676600324,77"
RE6,RE-PIE PORTFÖY ALTINCI HİSSE SENEDİ SERBEST (TL) FON (HİSSE SENEDİ YOĞUN FON),18.09.2026,"0,999905",109212999.00,11,"109202620,31"
RE7,RE-PIE PORTFÖY YEDİNCİ HİSSE SENEDİ SERBEST (TL) FON (HİSSE SENEDİ YOĞUN FON),18.09.2026,"0,663813",139912.00,13,"92875,40"
RE8,RE-PIE PORTFÖY SEKİZİNCİ HİSSE SENEDİ SERBEST (TL) FON (HİSSE SENEDİ YOĞUN FON),18.09.2026,"2,404141",199564470.00,13,"479781030,61"
RFM,ROTA PORTFÖY ENERJİ VE METAL FON SEPETİ FONU,18.09.2026,"1,16685",71299502.00,605,"83195825,87"
RGD,RE-PIE PORTFÖY AGRESİF DEĞİŞKEN FON,18.09.2026,"1,109319",23026692.00,117,"25543949,81"
RGH,RE-PIE PORTFÖY MUTLAK GETİRİ HEDEFLİ HİSSE SENEDİ SERBEST FON (HİSSE SENEDİ YOĞUN FON),18.09.2026,"1,170917",31804442.00,24,"37240375,17"
RHD,ROTA PORTFÖY HEDEF SERBEST FON,18.09.2026,"1,931952",77630222.00,12,"149977834,07"
RHI,RE-PIE PORTFÖY BİRİNCİ HİSSE SENEDİ (TL) FONU (HİSSE SENEDİ YOĞUN FON),18.09.2026,"1,729963",33164267.00,436,"57372942,04"
RHS,ROTA PORTFÖY HİSSE SENEDİ (TL) FON (HİSSE SENEDİ YOĞUN FON),18.09.2026,"7,196639",98754562.00,1421,"710700973,42"
RIA,ROTA PORTFÖY İSTATİSTİKSEL ARBİTRAJ HİSSE SENEDİ SERBEST FON (HİSSE SENEDİ YOĞUN FON),18.09.2026,"1,402503",8527284.00,45,"11959542,10"
RIH,RE-PIE PORTFÖY İKİNCİ HİSSE SENEDİ SERBEST FON (HİSSE SENEDİ YOĞUN FON),18.09.2026,"8,902928",9277432.00,932,"82596310,79"
RIK,RE-PIE PORTFÖY İKİNCİ DEĞİŞKEN FON,18.09.2026,"5,45042",85384618.00,3305,"465382067,33"
RJG,RE-PIE PORTFÖY ALTIN KATILIM FONU,18.09.2026,"3,46143",16514689.00,523,"57164438,57"
RKC,ROTA PORTFÖY İKİNCİ DEĞİŞKEN FON,18.09.2026,"1,769885",16320878.00,248,"28886075,09"
RKH,RE-PIE PORTFÖY KATILIM HİSSE SENEDİ SERBEST (TL) FON (HİSSE SENEDİ YOĞUN FON),18.09.2026,"0,999591",8000380.00,69,"7997109,61"
RKL,AZİMUT PORTFÖY ALARKO YATIRIM BİRİNCİ SERBEST (TL) ÖZEL FON,18.09.2026,"2,823399",782602250.00,1,"2209598638,19"
RKS,ROTA PORTFÖY KİRA SERTİFİKALARI KATILIM FONU,18.09.2026,"2,09046",44914367.00,145,"93891673,24"
RKV,RE-PIE PORTFÖY KISA VADELİ KATILIM SERBEST (TL) FON,18.09.2026,"2,672134",276253018.00,214,"738185153,75"
RLH,ROTA PORTFÖY YİRMİNCİ SERBEST FON,18.09.2026,"1,730678",162732641.00,38,"281637720,83"
RO1,ROTA PORTFÖY BİRİNCİ PARA PİYASASI SERBEST FON,18.09.2026,"1,328232",100158428.00,21,"133033673,67"
ROD,ROTA PORTFÖY ODEABANK BİRİNCİ SERBEST (DÖVİZ) ÖZEL FON,18.09.2026,"56,809491",28832948.00,579,"1637985098,40"
ROF,ROTA PORTFÖY ONUNCU HİSSE SENEDİ SERBEST FON (HİSSE SENEDİ YOĞUN FON),18.09.2026,"3,241108",151661761.00,365,"491552109,86"
ROY,ROTA PORTFÖY BİRİNCİ KATILIM SERBEST FON,18.09.2026,"1,446692",482774528.00,13,"698426197,46"
RPC,ROTA PORTFÖY İKLİM DEĞİŞİKLİĞİ ÇÖZÜMLERİ DEĞİŞKEN FON,18.09.2026,"5,20037",4581272.00,567,"23824310,75"
RPD,RE-PIE PORTFÖY BİRİNCİ DEĞİŞKEN FON,18.09.2026,"14,422846",16734559.00,1741,"241359974,06"
RPE,ROTA PORTFÖY EGE SERBEST ÖZEL FON,18.09.2026,"0,00",0.00,0,"94,47"
RPG,ROTA PORTFÖY ALTIN FONU,18.09.2026,"6,24373",155082798.00,1602,"968295110,49"
RPI,ROTA PORTFÖY KATILIM HİSSE SENEDİ FONU (HİSSE SENEDİ YOĞUN FON),18.09.2026,"1,468105",10145416.00,306,"14894532,18"
RPK,ROTA PORTFÖY TGK KAR PAYI ÖDEYEN SERBEST (DÖVİZ) ÖZEL FON,18.09.2026,"64,877944",1790726.00,5,"116178621,97"
RPL,RE-PIE PORTFÖY ALGORİTMİK STRATEJİLER SERBEST FON,18.09.2026,"1,765508",70044514.00,13,"123664167,28"
RPM,ROTA PORTFÖY İLAÇ VE MEDİKAL TEKNOLOJİLERİ DEĞİŞKEN FON,18.09.2026,"4,439886",19636637.00,2914,"87184420,03"
RPN,ROTA PORTFÖY NEV SERBEST FON,18.09.2026,"4,992415",159059117.00,23,"794089056,17"
RPO,ROTA PORTFÖY FORTİS SERBEST (TL) ÖZEL FON,18.09.2026,"6,538334",242983168.00,3,"1588705153,12"
RPP,ROTA PORTFÖY PARA PİYASASI (TL) FONU,18.09.2026,"5,10388",1115965318.00,6965,"5695753033,15"
RPS,ROTA PORTFÖY BİRİNCİ SERBEST (DÖVİZ) FON,18.09.2026,"64,253362",2727957.00,93,"175280409,16"
RPT,ROTA PORTFÖY İKİNCİ SERBEST (TL) FON,18.09.2026,"5,290178",233598252.00,162,"1235776243,14"
RPU,ALBARAKA PORTFÖY ÜÇÜNCÜ KISA VADELİ KATILIM SERBEST (TL) FON,18.09.2026,"3,76551",721125459.00,12,"2715405004,68"
RPX,ROTA PORTFÖY ÜÇÜNCÜ SERBEST (DÖVİZ) FON,18.09.2026,"64,057206",9805205.00,120,"628094034,97"
RRA,ROTA PORTFÖY PARA PİYASASI SERBEST FON,18.09.2026,"1,545242",636641392.00,146,"983765024,30"
RRP,RE-PIE PORTFÖY PARA PİYASASI KATILIM (TL) FON,18.09.2026,"1,690608",428739604.00,72,"724830644,58"
RS1,ROTA PORTFÖY BİRİNCİ KISA VADELİ SERBEST FON,18.09.2026,"1,662416",524590212.00,122,"872086899,80"
RSF,ATA PORTFÖY İKİNCİ İSTATİSTİKSEL ARBİTRAJ SERBEST FON,18.09.2026,"4,485016",286970291.00,12,"1287066472,72"
RSK,ROTA PORTFÖY ONSEKİZİNCİ SERBEST FON,18.09.2026,"1,868463",123866954.00,209,"231440767,88"
RSY,TACİRLER PORTFÖY REGULUS SERBEST FON,18.09.2026,"1,046043",147444770.00,12,"154233550,01"
RSZ,AHLATCI PORTFÖY İKİNCİ HİSSE SENEDİ SERBEST FON (HİSSE SENEDİ YOĞUN FON),18.09.2026,"3,332285",201248620.00,25,"670617744,33"
RTA,ROTA PORTFÖY ONİKİNCİ HİSSE SENEDİ SERBEST FON (HİSSE SENEDİ YOĞUN FON),18.09.2026,"2,475732",1836519143.00,15,"4546729039,90"
RTB,ROTA PORTFÖY ONÜÇÜNCÜ SERBEST FON,18.09.2026,"2,761718",227037714.00,12,"627014145,91"
RTD,RE-PIE PORTFÖY TEKNOLOJİ DEĞİŞKEN FON,18.09.2026,"2,021144",10901796.00,413,"22034095,22"
RTG,ATA PORTFÖY ROBOTİK TEKNOLOJİLERİ DEĞİŞKEN FON,18.09.2026,"0,00",0.00,4639,"0,00"
RTH,RE-PIE PORTFÖY BİRİNCİ HİSSE SENEDİ SERBEST FON (HİSSE SENEDİ YOĞUN FON),18.09.2026,"5,835402",2495363.00,225,"14561447,25"
RTI,ALBARAKA PORTFÖY ALBARAKA TÜRK İKİNCİ KISA VADELİ KATILIM SERBEST (TL) FON,18.09.2026,"3,478028",16452147802.00,67,"57221038764,68"
RTP,RE-PIE PORTFÖY BİRİNCİ SERBEST FON,18.09.2026,"12,219896",21842711.00,1136,"266915655,33"
RUH,RE-PIE PORTFÖY ÜÇÜNCÜ HİSSE SENEDİ SERBEST FON (HİSSE SENEDİ YOĞUN FON),18.09.2026,"3,358621",10311558.00,16,"34632617,30"
RUT,BV PORTFÖY ROBOTİK VE UZAY TEKNOLOJİLERİ DEĞİŞKEN FON,18.09.2026,"2,501567",65999864.00,4507,"165103074,28"
RVI,ROTA PORTFÖY ONALTINCI SERBEST FON,18.09.2026,"1,103045",31413854.00,11,"34650900,95"
RVS,ROTA PORTFÖY ONBEŞİNCİ HİSSE SENEDİ SERBEST FON (HİSSE SENEDİ YOĞUN FON),18.09.2026,"3,854042",1350691155.00,19,"5205620768,14"
RYA,SPARTA PORTFÖY ARYA HİSSE SENEDİ SERBEST ÖZEL FON (HİSSE SENEDİ YOĞUN FON),18.09.2026,"1,101326",300623899.00,1,"331084925,48"
RYB,ROTA PORTFÖY YİRMİBİRİNCİ SERBEST (DÖVİZ) FON,18.09.2026,"0,00",0.00,0,"0,01"
RYD,ROTA PORTFÖY YİRMİDÖRDÜNCÜ SERBEST FON,18.09.2026,"1,310593",220975082.00,13,"289608289,56"
RYF,ROTA PORTFÖY YEDİNCİ HİSSE SENEDİ SERBEST (TL) FON (HİSSE SENEDİ YOĞUN FON),18.09.2026,"10,966542",32645830.00,60,"358011849,96"
RYU,ROTA PORTFÖY YİRMİÜÇÜNCÜ SERBEST (DÖVİZ) FON,18.09.2026,"49,519745",10710259.00,66,"530369293,51"
RZR,ROTA PORTFÖY RZR SERBEST ÖZEL FON,18.09.2026,"4,696251",3538238.00,2,"16616455,47"
SAP,AK PORTFÖY ŞEKERBANK PARA PİYASASI (TL) FONU,18.09.2026,"1,903091",154459505.00,373,"293950493,46"
SAR,İŞ PORTFÖY SARDUNYA SERBEST (DÖVİZ) ÖZEL FON,18.09.2026,"53,067344",16963803.00,9,"900223971,43"
SAS,AK PORTFÖY SABANCI TOPLULUĞU ŞİRKETLERİ ENDEKSİ HİSSE SENEDİ (TL) FONU (HİSSE SENEDİ YOĞUN FON),18.09.2026,"1,562145",574986309.00,40445,"898211836,38"
SAT,AZİMUT PORTFÖY RASAT HİSSE SENEDİ SERBEST ÖZEL FON (HİSSE SENEDİ YOĞUN FON),18.09.2026,"220,116108",7952624.00,4,"1750500643,76"
SBH,SPARTA PORTFÖY BİRİNCİ HİSSE SENEDİ SERBEST (TL) FON (HİSSE SENEDİ YOĞUN FON),18.09.2026,"1,614919",179074854.00,574,"289191373,45"
SBI,STRATEJİ PORTFÖY BİRİNCİ SERBEST (TL) FON,18.09.2026,"3,509233",9446347.00,15,"33149428,83"
SBR,STRATEJİ PORTFÖY BİRİNCİ SERBEST FON,18.09.2026,"1,260775",11528980.00,25,"14535445,06"
SBS,STRATEJİ PORTFÖY BAŞAK SERBEST (DÖVİZ) ÖZEL FON,18.09.2026,"72,351973",3424595.00,1,"247776205,96"
SCZ,AK PORTFÖY SEKİZİNCİ SERBEST FON,18.09.2026,"1,600704",65635175.00,250,"105062488,87"
SD1,SPARTA PORTFÖY BİRİNCİ DEĞİŞKEN FON,18.09.2026,"0,994361",42061793.00,165,"41824611,60"
SDA,AK PORTFÖY 2026 SERBEST (DÖVİZ) FON,18.09.2026,"51,387701",129398648.00,1096,"6649499011,58"
SEH,A1 CAPİTAL PORTFÖY SANAYİ SEKTÖRÜ HİSSE SENEDİ SERBEST (TL) FON (HİSSE SENEDİ YOĞUN FON),18.09.2026,"1,298441",69901499.00,45,"90762995,79"
SER,AK PORTFÖY 2028 SERBEST (DÖVİZ) FON,18.09.2026,"58,406391",124380991.00,825,"7264644838,31"
SFA,STATECH PORTFÖY ALPHA HİSSE SENEDİ SERBEST FON (HİSSE SENEDİ YOĞUN FON),18.09.2026,"25,4116",52492175.00,18,"1333910160,08"
SFS,AZİMUT PORTFÖY AGRESİF FON SEPETİ FONU,18.09.2026,"1,393721",22085624.00,79,"30781192,13"
SGK,EMAA BLUE PORTFÖY BİYOTEKNOLOJİ VE SAĞLIK SEKTÖRÜ DEĞİŞKEN FON,18.09.2026,"0,965102",200542129.00,73,"193543564,00"
SGT,GARANTİ PORTFÖY SİBER GÜVENLİK TEKNOLOJİLERİ DEĞİŞKEN FON,18.09.2026,"2,03562",91189757.00,2651,"185627664,42"
SHC,STRATEJİ PORTFÖY İKİNCİ HİSSE SENEDİ FONU (HİSSE SENEDİ YOĞUN FON),18.09.2026,"1,031626",76005579.00,143,"78409336,76"
SHE,TEB PORTFÖY ÖNCE KADIN DEĞİŞKEN FON,18.09.2026,"3,477588",15099128.00,628,"52508543,37"
SHI,PARDUS PORTFÖY SEKİZİNCİ HİSSE SENEDİ SERBEST (TL) FON (HİSSE SENEDİ YOĞUN FON),18.09.2026,"0,16272",4139493592.00,46,"673579764,89"
SHU,SPARTA PORTFÖY ÜÇÜNCÜ HİSSE SENEDİ SERBEST (TL) FON (HİSSE SENEDİ YOĞUN FON),18.09.2026,"1,308509",155656854.00,18,"203678455,55"
SIA,SPARTA PORTFÖY BİRİNCİ İSTATİSTİKSEL ARBİTRAJ HİSSE SENEDİ SERBEST (TL) FON (HİSSE SENEDİ YOĞUN FON),18.09.2026,"0,82356",1181522.00,5,"973053,83"
SIS,SPARTA PORTFÖY İKİNCİ HİSSE SENEDİ SERBEST (TL) FON (HİSSE SENEDİ YOĞUN FON),18.09.2026,"0,239042",225615356.00,14,"53931606,42"
SJP,STRATEJİ PORTFÖY KAR PAYI ÖDEYEN İKİNCİ SERBEST (DÖVİZ) FON,18.09.2026,"62,760752",5222274.00,29,"327753845,66"
SKL,TEB PORTFÖY ŞEKERBANK PARA PİYASASI (TL) FONU,18.09.2026,"2,089915",63300056.00,724,"132291734,10"
SKO,STRATEJİ PORTFÖY KAR PAYI ÖDEYEN HİSSE SENEDİ FONU (HİSSE SENEDİ YOĞUN FON),18.09.2026,"1,621117",110406555.00,2855,"178981888,23"
SKS,İŞ PORTFÖY ASKA SERBEST (DÖVİZ) ÖZEL FON,18.09.2026,"51,245295",25000000.00,3,"1281132375,97"
SKT,FİBA PORTFÖY ŞEKERBANK KISA VADELİ BORÇLANMA ARAÇLARI FONU,18.09.2026,"0,119814",277255673.00,2014,"33219101,22"
SKZ,NEO PORTFÖY SEKİZİNCİ SERBEST FON,18.09.2026,"1,037895",228350440.00,602,"237003867,40"
SLF,ROTA PORTFÖY ŞEKERBANK PARA PİYASASI (TL) FONU,18.09.2026,"11,625789",97292048.00,6759,"1131096805,48"
SLG,QNB PORTFÖY ALGORİTMİK STRATEJİLER HİSSE SENEDİ FONU (HİSSE SENEDİ YOĞUN FON),18.09.2026,"1,33593",340462440.00,717,"454834075,14"
SLR,QNB PORTFÖY SOLARİS SERBEST ÖZEL FON,18.09.2026,"0,257058",3796699149.00,5,"975970152,87"
SLS,ALLBATROSS PORTFÖY SELEN SERBEST FON,18.09.2026,"0,605404",603662.00,16,"365459,28"
SMP,İŞ PORTFÖY SOMPO SİGORTA KAR PAYI ÖDEYEN SERBEST (TL) ÖZEL FON,18.09.2026,"1,057356",1400000000.00,1,"1480297922,31"
SNY,ATLAS PORTFÖY SANAYİ SEKTÖRÜ HİSSE SENEDİ SERBEST FON (HİSSE SENEDİ YOĞUN FON),18.09.2026,"1,072821",275163912.00,397,"295201547,92"
SOS,HEDEF PORTFÖY SAĞLIK SEKTÖRÜ DEĞİŞKEN FON,18.09.2026,"1,601967",14458837.00,464,"23162581,01"
SPA,AZIMUT PORTFÖY 6.0 SERBEST (DÖVIZ) FON,18.09.2026,"70,921118",46351700.00,201,"3287314375,20"
SPD,AZIMUT PORTFÖY BEG SERBEST (DÖVIZ) ÖZEL FON,18.09.2026,"82,951399",4234300.00,1,"351241110,06"
SPE,AZIMUT PORTFÖY 5.0 SERBEST (DÖVIZ) FON,18.09.2026,"109,327736",40787039.00,1242,"4459154645,98"
SPN,AZİMUT PORTFÖY İSTATİSTİKSEL ARBİTRAJ HİSSE SENEDİ SERBEST FON (HİSSE SENEDİ YOĞUN FON),18.09.2026,"10,233574",132929819.00,344,"1360347112,59"
SPP,SPARTA PORTFÖY BİRİNCİ PARA PİYASASI (TL) FONU,18.09.2026,"1,642707",187481335.00,657,"307976872,33"
SPR,BV PORTFÖY SPOR ENDÜSTRİSİ DEĞİŞKEN FON,18.09.2026,"1,26911",6568760.00,158,"8336475,95"
SPT,AKTİF PORTFÖY KATILIM FON SEPETİ FONU,18.09.2026,"2,168581",42618407.00,872,"92421477,40"
SRA,AZİMUT PORTFÖY ASERVA SERBEST ÖZEL FON,18.09.2026,"14,339154",112076981.00,1,"1607089134,08"
SRE,AZİMUT PORTFÖY SİRİUS SERBEST (DÖVİZ) ÖZEL FON,18.09.2026,"63,932109",15651197.00,1,"1000614032,76"
SRL,PARDUS PORTFÖY SÜRDÜRÜLEBİLİRLİK HİSSE SENEDİ (TL) FONU (HİSSE SENEDİ YOĞUN FON),18.09.2026,"0,00",0.00,2096,"0,00"
SRO,AZİMUT PORTFÖY SKY HİSSE SENEDİ SERBEST ÖZEL FON (HİSSE SENEDİ YOĞUN FON),18.09.2026,"27,697786",278754881.00,6,"7720893157,81"
SSD,İŞ PORTFÖY SET SERBEST (DÖVİZ) ÖZEL FON,18.09.2026,"54,063034",10332627.00,1,"558613169,37"
SSE,ATLAS PORTFÖY İKİNCİ SERBEST FON,18.09.2026,"0,002621",31561955474.00,11,"82716362,34"
SSF,INVEO PORTFÖY SEKİZİNCİ SERBEST FON,18.09.2026,"0,909785",1293647.00,15,"1176940,46"
SSK,DENİZ PORTFÖY SAĞLIK SEKTÖRÜ DEĞİŞKEN FON,18.09.2026,"1,772554",25569606.00,571,"45323502,03"
SSN,DENİZ PORTFÖY 880 SERBEST (DÖVİZ) ÖZEL FON,18.09.2026,"59,762344",13048469.00,4,"779807099,23"
SSO,AK PORTFÖY AK SANDIK SERBEST ÖZEL FON,18.09.2026,"15,409085",509878048.00,1,"7856754415,59"
SSS,YAPI KREDİ PORTFÖY SAVUNMA SANAYİİ ŞİRKETLERİ ENDEKSİ HİSSE SENEDİ FONU (HİSSE SENEDİ YOĞUN FON),18.09.2026,"1,38238",162905078.00,5116,"225196800,34"
SST,STRATEJİ PORTFÖY İSTATİSTİKSEL ARBİTRAJ SERBEST FON,18.09.2026,"1,643672",5900512.00,22,"9698507,20"
ST1,STRATEJİ PORTFÖY BİRİNCİ HİSSE SENEDİ FONU (HİSSE SENEDİ YOĞUN FON),18.09.2026,"174,848183",3341236.66,2269,"584209158,44"
STI,ATLAS PORTFÖY SENTİMENT SERBEST FON,18.09.2026,"1,437209",10693233.00,179,"15368412,96"
STM,ALLBATROSS PORTFÖY ALGORİTMİK STRATEJİLER SERBEST FON,18.09.2026,"3,167618",119535.00,15,"378641,21"
STS,STRATEJİ PORTFÖY BİRİNCİ SERBEST (DÖVİZ) FON,18.09.2026,"86,881466",4867215.00,27,"422870773,22"
STZ,STRATEJİ PORTFÖY HİSSE SENEDİ SERBEST FON (HİSSE SENEDİ YOĞUN FON),18.09.2026,"23,981133",21185808.00,81,"508059682,42"
SUA,ÜNLÜ PORTFÖY BİRİNCİ DEĞİŞKEN FON,18.09.2026,"0,606972",4042357615.00,1155,"2453597355,71"
SUB,ÜNLÜ PORTFÖY İKİNCİ DEĞİŞKEN FON,18.09.2026,"0,390804",273396645.00,728,"106844384,29"
SUC,ÜNLÜ PORTFÖY ÜÇÜNCÜ DEĞIŞKEN FON,18.09.2026,"23,060176",25715525.00,506,"593004542,88"
SUR,EMAA BLUE PORTFÖY SÜRDÜRÜLEBİLİRLİK HİSSE SENEDİ FONU (HİSSE SENEDİ YOĞUN FON),18.09.2026,"1,150823",191986083.00,87,"220942011,78"
SVB,STRATEJİ PORTFÖY AGRESİF DEĞİŞKEN FON,18.09.2026,"9,084316",23301454.00,1243,"211677765,39"
SVS,AZİMUT PORTFÖY SVS SERBEST ÖZEL FON,18.09.2026,"2,66127",414228781.00,1,"1102374764,91"
SVY,DENİZ PORTFÖY TTSVY HİSSE SENEDİ SERBEST ÖZEL FON (HİSSE SENEDİ YOĞUN FON),18.09.2026,"1,122641",1514722791.00,2,"1700489595,71"
SYF,AZİMUT PORTFÖY KLM HİSSE SENEDİ SERBEST ÖZEL FON (HİSSE SENEDİ YOĞUN FON),18.09.2026,"205,743576",7466854.00,6,"1536257241,46"
SYL,AZİMUT PORTFÖY SYH HİSSE SENEDİ SERBEST ÖZEL FON (HİSSE SENEDİ YOĞUN FON),18.09.2026,"4659,936397",276806.00,1,"1289898354,29"
SYR,AZİMUT PORTFÖY 25.0 SERBEST (DÖVİZ) FON,18.09.2026,"49,071233",6200862.00,22,"304283941,83"
SYS,YAPI KREDİ PORTFÖY ŞUBAT 2028 KAR PAYI ÖDEYEN SERBEST (DÖVİZ) FON,18.09.2026,"49,735097",36065007.00,121,"1793696616,84"
T3B,TERA PORTFÖY ÜÇÜNCÜ  HİSSE SENEDİ SERBEST (TL) FON (HİSSE SENEDİ YOĞUN),18.09.2026,"0,00",0.00,18,"0,00"
TAL,ATLAS PORTFÖY ALTIN KATILIM FONU,18.09.2026,"2,755494",11635424.00,716,"32061346,44"
TAO,TEB PORTFÖY ALARKO GRUBU DEĞİŞKEN ÖZEL FON,18.09.2026,"21,590113",52856435.00,1,"1141176425,31"
TAR,AK PORTFÖY TARIM VE GIDA TEKNOLOJİLERİ DEĞİŞKEN FON,18.09.2026,"2,523505",53769426.00,6680,"135687430,61"
TAU,İŞ PORTFÖY BIST BANKA ENDEKSİ HİSSE SENEDİ (TL) FONU (HİSSE SENEDİ YOĞUN FON),18.09.2026,"0,641777",3879871290.00,34297,"2490011512,55"
TAZ,AZİMUT PORTFÖY TAF HİSSE SENEDİ SERBEST ÖZEL FON (HİSSE SENEDİ YOĞUN FON),18.09.2026,"2,440645",471518068.00,2,"1150808419,52"
TB9,TEB PORTFÖY DOKUZUNCU SERBEST (DÖVİZ) FON,18.09.2026,"54,266991",762622068.00,10602,"41385204790,71"
TBP,İŞ PORTFÖY PRİVİA BANKACILIK FON SEPETİ ÖZEL FONU,18.09.2026,"0,28783",1505205014.00,191,"433243135,85"
TBT,TEB PORTFÖY BORÇLANMA ARAÇLARI FONU,18.09.2026,"54,377243",8924610.52,2475,"485295718,35"
TBV,İŞ PORTFÖY ÖZEL SEKTÖR BORÇLANMA ARAÇLARI (TL) FONU,18.09.2026,"0,422101",2984884345.00,7798,"1259921260,07"
TCA,ZİRAAT PORTFÖY ALTIN KATILIM FONU,18.09.2026,"0,782854",17390888720.11,45121,"13614531605,81"
TCB,TACİRLER PORTFÖY PARA PİYASASI FONU,18.09.2026,"0,241526",11729881927.00,4598,"2833077283,01"
TCC,TACİRLER PORTFÖY SERBEST ( DÖVİZ ) FON,18.09.2026,"0,080962",5125786229.00,400,"414993300,23"
TCD,TACİRLER PORTFÖY DEĞIŞKEN FON,18.09.2026,"47,779112",29372376.00,11506,"1403386054,85"
TCF,TEB PORTFÖY ÜÇÜNCÜ FON SEPETİ FONU,18.09.2026,"0,00",0.00,2746,"0,00"
TCG,TEB PORTFÖY CEMAY HİSSE SENEDİ SERBEST ÖZEL FON (HİSSE SENEDİ YOĞUN FON),18.09.2026,"1,304179",141657132.00,1,"184746291,12"
TCH,TACİRLER PORTFÖY TAÇ SERBEST FON,18.09.2026,"2,268599",107930839.00,58,"244851766,15"
TCI,TACİRLER PORTFÖY İSTATİSTİKSEL ARBİTRAJ SERBEST FON,18.09.2026,"11,780487",121429349.00,15,"1430496888,93"
TCS,TACİRLER PORTFÖY SİRİUS HİSSE SENEDİ SERBEST FON (HİSSE SENEDİ YOĞUN FON),18.09.2026,"41,578321",33877356.00,44,"1408563568,56"
TDG,İŞ PORTFÖY YABANCI BORÇLANMA ARAÇLARI FONU,18.09.2026,"0,529569",1235860914.00,2082,"654474192,46"
TDP,TEB PORTFÖY İKİNCİ SERBEST (DÖVİZ) FON,18.09.2026,"60,767541",2355768.00,19,"143154229,08"
TE3,TEB PORTFÖY MUTLAK GETİRİ HEDEFLİ DEĞİŞKEN FON,18.09.2026,"40,713054",27861642.00,2993,"1134332534,16"
TE4,TEB PORTFÖY BİRİNCİ DEĞİŞKEN FON,18.09.2026,"6,71871",374080902.00,1539,"2513341168,28"
TEJ,AZİMUT PORTFÖY TEKNOLOJİ FON SEPETİ FONU,18.09.2026,"2,759236",251457822.00,1299,"693831384,71"
TFE,AKTİF PORTFÖY TÜRKİYE FİNANS ALA BANKACILIK KATILIM ÖZEL FONU,18.09.2026,"2,904006",12297186.00,120,"35711099,13"
TFF,TEB PORTFÖY AMERİKA TEKNOLOJİ YABANCI BYF FON SEPETİ FONU,18.09.2026,"44,097794",30162793.00,8909,"1330112635,40"
TFU,İŞ PORTFÖY TÜFEYE ENDEKSLİ BORÇLANMA ARAÇLARI (TL) FONU,18.09.2026,"1,310459",155561675.00,1173,"203857194,15"
TGA,GARANTİ PORTFÖY AGRESİF DEĞİŞKEN FON,18.09.2026,"0,474696",1658340023.00,6136,"787206657,31"
TGE,İŞ PORTFÖY EMTİA YABANCI BYF FON SEPETİ FONU,18.09.2026,"0,308975",9938336103.00,38331,"3070693241,23"
TGN,TEB PORTFÖY ING BANK PARA PİYASASI SERBEST (TL) ÖZEL FON,18.09.2026,"1,492004",1359705484.00,1939,"2028686057,25"
TGR,AK PORTFÖY TURİZM VE SEYAHAT SEKTÖRÜ DEĞİŞKEN FON,18.09.2026,"6,514903",15738241.00,5541,"102533113,68"
TGT,GARANTİ PORTFÖY KISA VADELİ BORÇLANMA ARAÇLARI FONU,18.09.2026,"0,123062",39841580043.00,65286,"4902985638,31"
TGV,TACİRLER PORTFÖY KG SERBEST ÖZEL FON,18.09.2026,"7,836968",636391228.00,13,"4987377797,21"
TGZ,TACİRLER PORTFÖY SPİCA SERBEST (TL) FON,18.09.2026,"6,322879",181660772.00,29,"1148619037,58"
THD,TRIVE PORTFÖY BİRİNCİ HİSSE SENEDİ (TL) FON (HİSSE SENEDİ YOĞUN FON),18.09.2026,"2,581649",3119973.00,195,"8054674,81"
THF,TERA PORTFÖY HİSSE SENEDİ (TL) FONU (HİSSE SENEDİ YOĞUN FON),18.09.2026,"2,305599",21229341994.00,214299,"48946343338,57"
THG,TACİRLER PORTFÖY ODEABANK SERBEST ÖZEL FON,18.09.2026,"7,37354",24050230.00,175,"177335331,13"
THH,DENİZ PORTFÖY CCO HİSSE SENEDİ SERBEST ÖZEL FON (HİSSE SENEDİ YOĞUN FON),18.09.2026,"116,7483",12758502.00,1,"1489533418,08"
THO,AZİMUT PORTFÖY 20.0 SERBEST (DÖVİZ) FON,18.09.2026,"51,100713",95641072.00,12,"4887326994,98"
THS,AZİMUT PORTFÖY AEB SERBEST (DÖVİZ) ÖZEL FON,18.09.2026,"64,182182",6560674.00,1,"421078373,81"
THT,TRİVE PORTFÖY HİSSE SENEDİ SERBEST FON (HİSSE SENEDİ YOĞUN FON),18.09.2026,"0,159292",30152497.00,314,"4803053,74"
THV,ATA PORTFÖY BARBAROS HİSSE SENEDİ SERBEST (TL) FON (HİSSE SENEDİ YOĞUN FON),18.09.2026,"39,306958",2739307.00,19,"107673826,03"
TI1,İŞ PORTFÖY PARA PİYASASI (TL) FONU,18.09.2026,"1714,028004",118815688.65,233245,"203653417660,19"
TI2,İŞ PORTFÖY HİSSE SENEDİ (TL) FONU (HİSSE SENEDİ YOĞUN FON),18.09.2026,"0,125817",25192052337.00,20436,"3169598918,71"
TI3,İŞ PORTFÖY İŞ BANKASI İŞTİRAKLERİ ENDEKSİ HİSSE SENEDİ (TL) FONU (HİSSE SENEDİ YOĞUN FON),18.09.2026,"0,110421",17495993075.00,21096,"1931931477,32"
TI4,İŞ PORTFÖY TEMKİNLİ DEĞİŞKEN FON,18.09.2026,"0,066615",28962871345.00,13890,"1929353838,84"
TI6,İŞ PORTFÖY BORÇLANMA ARAÇLARI (TL) FONU,18.09.2026,"0,05482",11771250787.00,5069,"645294125,36"
TI7,İŞ PORTFÖY DENGELİ DEĞİŞKEN FON,18.09.2026,"80,20404",14601730.00,9594,"1171117732,58"
TIE,İŞ PORTFÖY BIST 30 ENDEKSİ HİSSE SENEDİ (TL) FONU (HİSSE SENEDİ YOĞUN FON),18.09.2026,"0,754837",2719151855.00,21042,"2052516219,06"
TIL,İŞ PORTFÖY KATILIM HİSSE SENEDİ (TL) FONU (HİSSE SENEDİ YOĞUN FON),18.09.2026,"1,353524",54150680.00,1742,"73294246,24"
TIP,TEB PORTFÖY ING BANK ÖZEL BANKACILIK VE PLATİNUM SERBEST (DÖVİZ) ÖZEL FON,18.09.2026,"50,890417",17580046.00,98,"894655866,02"
TIV,İŞ PORTFÖY KISA VADELİ BORÇLANMA ARAÇLARI (TL) FONU,18.09.2026,"54,461307",690716196.11,126816,"37617307115,60"
TJB,TACİRLER PORTFÖY BDR SERBEST ÖZEL FON,18.09.2026,"9,816767",81702428.00,1,"802053671,12"
TJF,TEB PORTFÖY SÜRDÜRÜLEBİLİRLİK FON SEPETİ FONU,18.09.2026,"0,00",0.00,536,"0,00"
TJI,TEB PORTFÖY İKİNCİ FON SEPETİ FONU,18.09.2026,"0,00",0.00,875,"0,00"
TJL,AZİMUT PORTFÖY TAYD HİSSE SENEDİ SERBEST ÖZEL FON (HİSSE SENEDİ YOĞUN FON),18.09.2026,"22,865675",67990671.00,4,"1554652608,35"
TJT,TEB PORTFÖY ALTINCI SERBEST (DÖVİZ-AVRO) FON,18.09.2026,"68,181298",31319114.00,1804,"2135377859,90"
TKF,TACİRLER PORTFÖY HİSSE SENEDİ FONU (HİSSE SENEDİ YOĞUN FON),18.09.2026,"66,918703",14227929.00,4191,"952114548,13"
TKH,AZIMUT PORTFÖY TKS SERBEST (TL) ÖZEL FON,18.09.2026,"2,148591",204228599.00,1,"438803647,97"
TKK,İŞ PORTFÖY KUMBARA HESABI FON SEPETİ ÖZEL FON,18.09.2026,"1,773531",1013602000.00,112578,"1797654404,86"
TKM,TEB PORTFÖY PARA PİYASASI (TL) FONU,18.09.2026,"0,221295",341671824668.00,502587,"75610301927,31"
TLC,TEB PORTFÖY ALTERNATİFBANK DEĞİŞKEN ÖZEL FON,18.09.2026,"1,081879",696135314.00,452,"753134249,45"
TLE,AURA PORTFÖY YABANCI BORÇLANMA ARAÇLARI FONU,18.09.2026,"28,324791",18249523.00,885,"516913923,42"
TLH,AURA PORTFÖY HİSSE SENEDİ FONU (HİSSE SENEDİ YOĞUN FON),18.09.2026,"25,818513",4585317.00,296,"118386065,55"
TLK,AKTİF PORTFÖY PARA PİYASASI KATILIM (TL) FONU,18.09.2026,"1,818931",1790082716.00,1232,"3256037203,03"
TLT,TEB PORTFÖY YAHŞİ SERBEST (DÖVİZ) ÖZEL FON,18.09.2026,"71,834841",5663669.00,1,"406848762,08"
TLU,TEB PORTFÖY ONİKİNCİ SERBEST (DÖVİZ) FON,18.09.2026,"54,450299",136039712.00,487,"7407402989,43"
TLV,TERA PORTFÖY PARA PİYASASI KATILIM (TL) FONU,18.09.2026,"0,00",0.00,12178,"0,00"
TLY,TERA PORTFÖY BİRİNCİ SERBEST FON,18.09.2026,"0,00",0.00,104213,"0,00"
TLZ,ATA PORTFÖY KATILIM HİSSE SENEDİ (TL) FONU (HİSSE SENEDİ YOĞUN FON),18.09.2026,"18,258961",3897784.00,870,"71169487,39"
TMC,İŞ PORTFÖY TEMA DEĞİŞKEN FON,18.09.2026,"0,168334",758405888.00,11271,"127665689,89"
TMG,İŞ PORTFÖY YABANCI HİSSE SENEDİ FONU,18.09.2026,"1,460212",3507861269.00,35930,"5122219558,53"
TMH,ALLBATROSS PORTFÖY ATMACA HİSSE SENEDİ SERBEST FON (HİSSE SENEDİ YOĞUN FON),18.09.2026,"0,00",0.00,12,"0,00"
TMM,TERA PORTFÖY İKİNCİ SERBEST (DÖVİZ) FON,18.09.2026,"74,934656",18355073.00,1963,"1375431073,94"
TMR,TEB PORTFÖY MAKRO SERBEST ÖZEL FON,18.09.2026,"7,750775",1187525000.00,1,"9204238508,83"
TMS,TACİRLER PORTFÖY MARATON SERBEST FON,18.09.2026,"2,12606",197520041.00,84,"419939500,05"
TMU,AZİMUT PORTFÖY TEMKİNLİ FON SEPETİ FONU,18.09.2026,"1,443635",39249371.00,87,"56661760,92"
TMV,TERA PORTFÖY ALGORİTMİK STRATEJİLER SERBEST FON,18.09.2026,"0,00",0.00,14753,"0,00"
TMZ,İŞ PORTFÖY SÜRDÜRÜLEBİLİRLİK VE TARIM FON SEPETİ FONU,18.09.2026,"2,000664",26910302.00,2582,"53838477,50"
TNB,TEB PORTFÖY ING BANK KAR PAYI ÖDEYEN SERBEST (DÖVİZ) ÖZEL FON,18.09.2026,"50,516975",12673015.00,79,"640202385,56"
TND,İŞ PORTFÖY TTF TENİSE DESTEK DEĞİŞKEN FON,18.09.2026,"1,544654",117560500.00,508,"181590272,96"
TNF,TEB PORTFÖY ONUNCU SERBEST (TL) ÖZEL FON,18.09.2026,"4,379344",1216123947.00,3,"5325824562,65"
TNH,TACİRLER PORTFÖY REAL CAPİTAL SERBEST ÖZEL FON,18.09.2026,"12,270994",16676909.00,3,"204642242,34"
TNI,TEB PORTFÖY ING BANK ÖZEL BANKACILIK VE PLATİNUM DEĞİŞKEN ÖZEL FON,18.09.2026,"11,641255",781614451.00,3133,"9098973332,00"
TNK,TEB PORTFÖY KISA VADELİ BORÇLANMA ARAÇLARI (TL) FONU,18.09.2026,"34,679153",107390110.00,73704,"3724198064,55"
TNS,TACİRLER PORTFÖY NAR SERBEST FON,18.09.2026,"13,219981",7255694.00,16,"95920140,31"
TO8,TEB PORTFÖY ONSEKİZİNCİ SERBEST (DÖVİZ-AVRO) FON,18.09.2026,"56,974447",12799131.00,101,"729223409,15"
TOK,TEB PORTFÖY ONBİRİNCİ SERBEST (DÖVİZ - AVRO) FON,18.09.2026,"59,44367",409037955.00,6898,"24314717324,20"
TOT,TEB PORTFÖY ÖZEL SEKTÖR BORÇLANMA ARAÇLARI FONU,18.09.2026,"978,7647",119605.00,633,"117065151,97"
TP1,TEB PORTFÖY UYUM SERBEST (DÖVİZ) ÖZEL FON,18.09.2026,"68,820634",5611179.00,1,"386164896,33"
TP2,TERA PORTFÖY PARA PİYASASI (TL) FONU,18.09.2026,"0,00",0.00,169237,"0,00"
TPC,TEB PORTFÖY KIYMETLİ MADENLER FON SEPETİ FONU,18.09.2026,"0,00",0.00,11674,"0,00"
TPE,İŞ PORTFÖY PY EUROBOND BORÇLANMA ARAÇLARI (DÖVİZ) ÖZEL FONU,18.09.2026,"0,556309",4247989099.00,34,"2363193181,25"
TPF,TACİRLER PORTFÖY BORÇLANMA ARAÇLARI FONU,18.09.2026,"11,300972",11535088.00,508,"130357702,89"
TPJ,TEB PORTFÖY BİRİNCİ SERBEST (DÖVİZ) FON,18.09.2026,"79,616628",29921242.00,1477,"2382228391,64"
TPL,TEB PORTFÖY EUROBOND (DÖVİZ) BORÇLANMA ARAÇLARI FONU,18.09.2026,"21,228605",23441147.01,1517,"497622848,74"
TPO,İŞ PORTFÖY PY ÖZEL SEKTÖR BORÇLANMA ARAÇLARI (TL) ÖZEL FONU,18.09.2026,"0,186327",585531154.00,3,"109100441,65"
TPP,TEB PORTFÖY PUSULA SERBEST FON,18.09.2026,"77,686374",23871000.00,384,"1854451428,57"
TPR,İŞ PORTFÖY PY HİSSE SENEDİ (TL) ÖZEL FONU (HİSSE SENEDİ YOĞUN FON),18.09.2026,"0,471274",21524221.00,1,"10143803,30"
TPV,AURA PORTFÖY İKİNCİ DEĞİŞKEN FON,18.09.2026,"10,471201",756089.00,41,"7917160,17"
TPZ,TEB PORTFÖY KİRA SERTİFİKALARI (DÖVİZ) KATILIM FONU,18.09.2026,"28,882831",5305006.00,1486,"153223590,40"
TRJ,TERA PORTFÖY BİRİNCİ BORÇLANMA ARAÇLARI (TL) FONU,18.09.2026,"2,238809",881392410.00,4336,"1973268874,82"
TRN,AZİMUT PORTFÖY CO HİSSE SENEDİ SERBEST ÖZEL FON (HİSSE SENEDİ YOĞUN FON),18.09.2026,"0,92686",1829123080.00,1,"1695340626,21"
TRO,TRIVE PORTFÖY ALTIN FONU,18.09.2026,"2,544223",10415646.00,350,"26499729,06"
TRR,TEB PORTFÖY BEŞİNCİ SERBEST (TL) FONU,18.09.2026,"6,618924",394694174.00,466,"2612450662,24"
TRU,TERA PORTFÖY KATILIM SERBEST (DÖVİZ) FON,18.09.2026,"0,00",0.00,304,"0,00"
TSI,İŞ PORTFÖY MAKSİMUM HESAP KISA VADELİ BORÇLANMA ARAÇLARI (TL) FONU,18.09.2026,"0,212703",109821923460.00,76666,"23359500687,27"
TSP,AZİMUT PORTFÖY TESA SERBEST (DÖVİZ) ÖZEL FON,18.09.2026,"70,777627",24549302.00,5,"1737541348,34"
TTA,İŞ PORTFÖY ALTIN FONU,18.09.2026,"0,620632",42105113063.00,226107,"26131797089,01"
TTE,İŞ PORTFÖY BIST TEKNOLOJİ AĞIRLIK SINIRLAMALI ENDEKSİ HİSSE SENEDİ (TL) FONU (HİSSE SENEDİ YOĞUN FON),18.09.2026,"1,379455",2161679549.00,44388,"2981940304,22"
TTL,TACİRLER PORTFÖY KARTOPU SERBEST FON,18.09.2026,"38,384723",7847099.00,337,"301208719,24"
TTP,TEB PORTFÖY ÜÇÜNCÜ SERBEST (DÖVİZ) FON,18.09.2026,"52,383949",17213905.00,105,"901732329,63"
TTS,TEB PORTFÖY DÖRDÜNCÜ SERBEST (DÖVİZ) ÖZEL FON,18.09.2026,"70,859212",31086506.00,1,"2202765321,13"
TTV,TACİRLER PORTFÖY VEGA SERBEST (TL)  FON,18.09.2026,"8,994503",302071903.00,36,"2716986685,28"
TTZ,DENİZ PORTFÖY EGE HİSSE SENEDİ SERBEST ÖZEL FON (HİSSE SENEDİ YOĞUN FON),18.09.2026,"3,578031",64074841.00,7,"229261769,46"
TUA,TEB PORTFÖY ALTIN FONU,18.09.2026,"1,462279",10223847650.21,30842,"14950116058,61"
TVE,EMAA BLUE PORTFÖY TARIM VE GIDA SEKTÖRÜ KATILIM FONU,18.09.2026,"1,078874",201691263.00,342,"217599402,27"
TVN,TRIVE PORTFÖY BİRİNCİ FON SEPETİ FONU,18.09.2026,"3,013667",3864382.00,530,"11645958,67"
TYH,TEB PORTFÖY HİSSE SENEDİ FONU (HİSSE SENEDİ YOĞUN FON),18.09.2026,"2,03787",478385667.29,6129,"974887845,36"
TZC,ZİRAAT PORTFÖY BÜYÜYEN ÇOCUKLARA YÖNELİK DEĞİŞKEN ÖZEL FON,18.09.2026,"0,303578",98659388.00,1130,"29950799,82"
TZD,ZİRAAT PORTFÖY HİSSE SENEDİ FONU (HİSSE SENEDİ YOĞUN FON),18.09.2026,"2,45327",266329627.05,7927,"653378581,40"
TZH,ZİRAAT PORTFÖY TZH SERBEST ÖZEL FON,18.09.2026,"8,605105",7370224382.00,1,"63421552789,34"
TZL,ZİRAAT PORTFÖY PARA PİYASASI (TL) FONU,18.09.2026,"0,14204",666500684432.17,185618,"94669568990,90"
TZP,TACİRLER PORTFÖY RİGEL SERBEST ÖZEL FON,18.09.2026,"14,657109",78906576.00,14,"1156542279,37"
TZT,ZİRAAT PORTFÖY BORÇLANMA ARAÇLARI (TL) FONU,18.09.2026,"0,172236",1928041604.80,5852,"332078928,76"
TZV,ZİRAAT PORTFÖY KISA VADELİ BORÇLANMA ARAÇLARI (TL) FONU,18.09.2026,"972,81928",31267945.50,133175,"30418060235,10"
UAB,ÜNLÜ PORTFÖY BONCUK SERBEST (DÖVİZ) ÖZEL FON,18.09.2026,"5,462274",118042548.00,2,"644780736,91"
UAP,ÜNLÜ PORTFÖY ALTINCI SERBEST (DÖVİZ) ÖZEL FON,18.09.2026,"71,743697",6566450.00,1,"471101399,40"
UCN,AK PORTFÖY FNM HİSSE SENEDİ SERBEST ÖZEL FON (HİSSE SENEDİ YOĞUN FON),18.09.2026,"2,06928",544741624.00,2,"1127222683,27"
UCP,AK PORTFÖY ÜÇÜNCÜ PARA PİYASASI SERBEST (TL) FON,18.09.2026,"1,362479",9026553551.00,26,"12298490809,11"
UFH,AZİMUT PORTFÖY EE SERBEST (DÖVİZ) ÖZEL FON,18.09.2026,"73,626704",3676299.00,1,"270673779,26"
UHL,AZİMUT PORTFÖY ARUNA SERBEST (DÖVİZ) ÖZEL FON,18.09.2026,"74,286969",35723760.00,1,"2653809842,24"
UHS,ATLAS PORTFÖY ÜÇÜNCÜ HİSSE SENEDİ SERBEST FON (HİSSE SENEDİ YOĞUN FON),18.09.2026,"6,937808",53811937.00,13,"373336882,39"
ULH,ÜNLÜ PORTFÖY ONUNCU SERBEST FON,18.09.2026,"6,680802",193094230.00,235,"1290024313,56"
ULL,QNB PORTFÖY SEKİZİNCİ SERBEST (DÖVİZ) ÖZEL FON,18.09.2026,"70,979548",4096995.00,3,"290802855,23"
UNT,İŞ PORTFÖY ÜÇÜNCÜ SERBEST (TL) FON,18.09.2026,"1,608411",6812566686.00,290,"10957409219,11"
UP1,ÜNLÜ PORTFÖY ALTIN FONU,18.09.2026,"6,243822",224012730.00,1398,"1398695573,17"
UP2,ÜNLÜ PORTFÖY PARA PİYASASI SERBEST FON,18.09.2026,"4,343789",599238427.14,306,"2602965150,86"
UPD,ÜNLÜ PORTFÖY DÖRDÜNCÜ SERBEST (DÖVIZ) FON,18.09.2026,"22,203253",109680334.00,248,"2435260180,91"
UPH,ÜNLÜ PORTFÖY HİSSE SENEDİ (TL) FONU(HİSSE SENEDİ YOĞUN FON),18.09.2026,"30,176811",3356382.00,496,"101284906,74"
UPP,ÜNLÜ PORTFÖY PARA PİYASASI (TL) FONU,18.09.2026,"7,231975",350071074.00,880,"2531705424,25"
UPS,ÜNLÜ PORTFÖY SESA SERBEST ÖZEL FON,18.09.2026,"5,011061",211105000.00,1,"1057859929,80"
URA,ATA PORTFÖY ENERJİ DEĞİŞKEN FON,18.09.2026,"0,00",0.00,8672,"0,00"
URC,AK PORTFÖY ONUNCU SERBEST (DÖVİZ) FON,18.09.2026,"56,418186",2791041.00,148,"157465470,89"
URD,ALBARAKA PORTFÖY ÜÇÜNCÜ KATILIM SERBEST (DÖVİZ-ABD DOLARI) FON,18.09.2026,"51,104411",220705597.00,14,"11279029643,30"
URG,AK PORTFÖY BİRİNCİ SERBEST (DÖVİZ) ÖZEL FON,18.09.2026,"76,836939",7502752.00,1,"576488501,32"
URM,AK PORTFÖY ÖPY ALTINCI SERBEST (DÖVİZ) ÖZEL FON,18.09.2026,"49,874947",172531457.00,5,"8604997269,99"
URS,AK PORTFÖY ORKİDE SERBEST ÖZEL FON,18.09.2026,"3,967684",262089128.00,1,"1039886839,57"
URV,AK PORTFÖY GELİNCİK SERBEST ÖZEL FON,18.09.2026,"3,398001",2685399860.00,2,"9124990263,08"
USS,AZİMUT PORTFÖY UNİCO SİGORTA SERBEST (TL) ÖZEL FON,18.09.2026,"3,961666",1084034643.00,1,"4294582708,05"
UST,İŞ PORTFÖY ÜÇÜNCÜ SERBEST (TL) ÖZEL FON,18.09.2026,"4,342044",468839001.00,1,"2035719725,62"
USY,ÜNLÜ PORTFÖY DEĞER YATIRIMLARI SERBEST FON,18.09.2026,"0,26481",4859986752.00,385,"1286974969,41"
UYH,ÜNLÜ PORTFÖY DOKUZUNCU SERBEST (TL) FON,18.09.2026,"5,191961",131618603.00,12,"683358676,70"
UZY,ÜNLÜ PORTFÖY İKİNCİ İSTATİSTİKSEL ARBİTRAJ SERBEST FON,18.09.2026,"9,366203",35492249.00,44,"332427622,55"
VAY,AK PORTFÖY DEĞER ODAKLI 100 ŞİRKETLERİ HİSSE SENEDİ (TL) FONU (HİSSE SENEDİ YOĞUN FON),18.09.2026,"1,538533",30461616.00,2911,"46866212,01"
VCD,AZİMUT PORTFÖY PARA PİYASASI KATILIM SERBEST FON,18.09.2026,"6,544328",148057660.00,12,"968937864,01"
VCG,AZİMUT PORTFÖY DÖRDÜNCÜ SERBEST (TL) FON,18.09.2026,"5,896057",346346139.00,12,"2042076708,99"
VCY,AK PORTFÖY ELEKTRİKLİ VE OTONOM ARAÇ TEKNOLOJİLERİ DEĞİŞKEN FON,18.09.2026,"3,447237",45783513.00,12025,"157826614,02"
VFK,ZİRAAT PORTFÖY İKİNCİ KISA VADELİ KİRA SERTİFİKALARI KATILIM (TL) FONU,18.09.2026,"5,620175",910634408.00,5829,"5117925030,08"
VFO,V PORTFÖY ALTIN KATILIM FONU,18.09.2026,"1,008497",389163384.00,8045,"392469922,90"
VFS,AZİMUT PORTFÖY AVF SERBEST ÖZEL FON,18.09.2026,"2,021532",3220695.00,1,"6510737,38"
VHK,V PORTFÖY KATILIM HİSSE SENEDİ (TL) FONU (HİSSE SENEDİ YOĞUN FON),18.09.2026,"0,906304",56800817.00,700,"51478832,48"
VHS,VAKIF KATILIM PORTFÖY KATILIM HİSSE SENEDİ FONU (HİSSE SENEDİ YOĞUN FON),18.09.2026,"0,941028",60154298.00,503,"56606882,03"
VK6,V PORTFÖY VAKIFBANK PARA PİYASASI (TL) FONU,18.09.2026,"4,273001",19045738056.99,161950,"81382464845,48"
VKI,ALBARAKA PORTFÖY VAKIF KATILIM İKİNCİ KISA VADELİ KATILIM SERBEST (TL) FON,18.09.2026,"3,193514",864625645.00,345,"2761194452,52"
VKK,VAKIF KATILIM PORTFÖY KİRA SERTİFİKALARI KATILIM FONU,18.09.2026,"1,115184",137718703.00,559,"153581735,43"
VKR,ALBARAKA PORTFÖY İKİNCİ PARA PİYASASI KATILIM FONU,18.09.2026,"1,021163",15558161.00,20,"15887412,52"
VKT,V PORTFÖY VAKIFBANK KISA VADELİ BORÇLANMA ARAÇLARI (TL) FONU,18.09.2026,"0,125138",46500979084.96,43606,"5819044869,63"
VKV,VAKIF KATILIM PORTFÖY KISA VADELİ KİRA SERTİFİKALARI KATILIM FONU,18.09.2026,"1,114688",8724259736.00,1163,"9724826316,95"
VLT,VAKIF KATILIM PORTFÖY ALTIN KATILIM FONU,18.09.2026,"1,018523",71481396.00,692,"72805477,00"
VMV,VEGA PORTFÖY MAVİ SERBEST FON,18.09.2026,"2,866252",2703548786.00,137,"7749051732,28"
VNK,VEGA PORTFÖY ANKA SERBEST FON,18.09.2026,"2,457037",1476267838.00,224,"3627245107,30"
VPA,VAKIF KATILIM PORTFÖY PARA PİYASASI KATILIM FONU,18.09.2026,"1,141949",5511869288.00,3396,"6294270951,40"
VPD,V PORTFÖY BİRİNCİ DEĞİŞKEN FON,18.09.2026,"1,010973",7720101.00,193,"7804812,05"
VPE,V PORTFÖY İKİNCİ DEĞİŞKEN FON,18.09.2026,"1,010523",6209267.00,146,"6274605,50"
VPH,V PORTFÖY HİSSE SENEDİ (TL) FONU (HİSSE SENEDİ YOĞUN FON),18.09.2026,"0,972367",29576687.00,725,"28759404,12"
VPP,VEGA PORTFÖY PARLA SERBEST (DÖVİZ) FON,18.09.2026,"55,291883",23832580.00,539,"1317748218,72"
VPS,VEGA PORTFÖY SALUR HİSSE SENEDİ SERBEST (TL) FON (HİSSE SENEDİ YOĞUN FON),18.09.2026,"0,792704",1019718978.00,5133,"808335177,55"
VRK,DENİZ PORTFÖY ÇOKLU VARLIK KATILIM FONU,18.09.2026,"1,320362",34562396.00,161,"45634864,24"
VTF,AZİMUT PORTFÖY VİTA SERBEST ÖZEL FON,18.09.2026,"2,058194",191149460.00,1,"393422716,42"
VTL,V PORTFÖY KISA VADELİ KİRA SERTİFİKALARI KATILIM (TL) FONU,18.09.2026,"1,139052",3472256629.00,7524,"3955079458,77"
YA1,YAPI KREDİ PORTFÖY BİRİNCİ SERBEST FON,18.09.2026,"1,462971",4686437028.00,84,"6856120333,81"
YAC,YAPI KREDİ PORTFÖY İKİNCİ FON SEPETİ FONU,18.09.2026,"14,850739",366584588.00,9766,"5444051907,56"
YAE,YAPI KREDİ PORTFÖY TLREF'E ENDEKSLİ BORÇLANMA ARAÇLARI (TL) FONU,18.09.2026,"1,212206",70387820.00,617,"85324524,63"
YAK,YAPI KREDİ PORTFÖY KARMA FON,18.09.2026,"5,206757",216414200.41,107851,"1126816233,93"
YAN,YAPI KREDİ PORTFÖY BİRİNCİ FON SEPETİ FONU,18.09.2026,"14,968458",126804455.00,3603,"1898067116,05"
YAR,İŞ PORTFÖY RESAN DEĞİŞKEN ÖZEL FON,18.09.2026,"27,974921",28000000.00,1,"783297798,57"
YAS,YAPI KREDİ PORTFÖY KOÇ HOLDİNG İŞTİRAK VE HİSSE SENEDİ FONU(HİSSE SENEDİ YOĞUN FON),18.09.2026,"14,953541",417047692.00,60706,"6236339822,43"
YAY,YAPI KREDİ PORTFÖY YABANCI TEKNOLOJİ SEKTÖRÜ HİSSE SENEDİ FONU,18.09.2026,"1859,709653",7116421.00,43277,"13234476826,84"
YBE,YAPI KREDİ PORTFÖY EUROBOND (DOLAR) BORÇLANMA ARAÇLARI FONU,18.09.2026,"1,852362",2682230497.00,13870,"4968461681,48"
YBH,YAPI KREDİ PORTFÖY 5-15 YIL VADELİ SERBEST (DÖVİZ) FON,18.09.2026,"53,882693",11741851.00,577,"632682554,47"
YBJ,DENİZ PORTFÖY AYBÜKE SERBEST (DÖVİZ) ÖZEL FON,18.09.2026,"59,224976",33065444.00,1,"1958300115,77"
YBP,YAPI KREDİ PORTFÖY PY BİRİNCİ DEĞİŞKEN ÖZEL FON,18.09.2026,"13,045144",74381488.00,55,"970317201,19"
YBR,İŞ PORTFÖY YİRMİBİRİNCİ SERBEST (DÖVİZ) FON,18.09.2026,"55,931227",114695364.00,2590,"6415052471,31"
YBS,YAPI KREDİ PORTFÖY ÖZEL SEKTÖR BORÇLANMA ARAÇLARI FONU,18.09.2026,"0,149636",14724505720.00,12017,"2203321055,57"
YCG,YAPI KREDİ PORTFÖY KARŞIYAKA SERBEST (DÖVİZ) ÖZEL FON,18.09.2026,"61,058798",3330205.00,4,"203338313,07"
YCH,YAPI KREDİ PORTFÖY ODEABANK AYRICALIKLI VE ÖZEL BANKACILIK FON SEPETİ ÖZEL FONU,18.09.2026,"2,731122",39626231.00,113,"108224070,00"
YCK,YAPI KREDİ PORTFÖY CİHANGİR SERBEST FON,18.09.2026,"4,675336",88214669.00,164,"412433214,14"
YCL,ATA PORTFÖY BEŞİNCİ SERBEST FON,18.09.2026,"10,476148",16695210.00,12,"174901499,04"
YCP,YAPI KREDİ PORTFÖY BANKACILIK SEKTÖRÜ HİSSE SENEDİ SERBEST FON (HİSSE SENEDİ YOĞUN FON),18.09.2026,"8,502824",118053936.00,1966,"1003791836,61"
YCY,İSTANBUL PORTFÖY KATILIM FON SEPETİ FONU,18.09.2026,"0,00",0.00,276,"0,00"
YDH,AK PORTFÖY İKİNCİ SERBEST ÖZEL FON,18.09.2026,"1,10294",4947475018.00,1,"5456766882,52"
YDI,YAPI KREDİ PORTFÖY MODEL PORTFÖY HİSSE SENEDİ FONU (HİSSE SENEDİ YOĞUN FON),18.09.2026,"0,464661",2404164077.00,6883,"1117121814,68"
YDK,YAPI KREDİ PORTFÖY ÇALIŞAN HESAP KISA VADELİ BORÇLANMA ARAÇLARI FONU,18.09.2026,"0,123063",1230630369.00,48425,"151444917,58"
YDL,YAPI KREDİ PORTFÖY ADALAR SERBEST (DÖVİZ) ÖZEL FON,18.09.2026,"60,475375",20936234.00,8,"1266126601,00"
YDM,AZİMUT PORTFÖY 24.0 SERBEST ÖZEL FON,18.09.2026,"1,922583",678686262.00,2,"1304830825,86"
YDP,YAPI KREDİ PORTFÖY BİRİNCİ DEĞİŞKEN FON,18.09.2026,"2,260223",185776214.00,2612,"419895750,37"
YDZ,YAPI KREDİ PORTFÖY ODEABANK DÖRDÜNCÜ SERBEST (DÖVİZ) ÖZEL FON,18.09.2026,"56,033067",202120616.00,2854,"11325438006,60"
YEF,YAPI KREDİ PORTFÖY BIST 30 ENDEKSİ HİSSE SENEDİ FONU (HİSSE SENEDİ YOĞUN FON),18.09.2026,"0,972586",2165325844.01,15207,"2105966374,31"
YFV,YAPI KREDİ PORTFÖY KİRA SERTİFİKALARI KATILIM FONU,18.09.2026,"0,107767",8545505753.00,7496,"920919270,81"
YGM,YAPI KREDİ PORTFÖY EMTİA SERBEST FON,18.09.2026,"3,473786",163000467.00,1885,"566228722,70"
YHB,YAPI KREDİ PORTFÖY BIST 100 DIŞI ŞİRKETLER HİSSE SENEDİ FONU (HİSSE SENEDİ YOĞUN FON),18.09.2026,"2,191147",112098076.00,7063,"245623363,98"
YHI,YAPI KREDİ PORTFÖY İNŞAAT SEKTÖRÜ HİSSE SENEDİ SERBEST (TL) FON (HİSSE SENEDİ YOĞUN FON),18.09.2026,"1,418578",37866321.00,228,"53716329,74"
YHK,YAPI KREDİ PORTFÖY KATILIM HİSSE SENEDİ FONU (HİSSE SENEDİ YOĞUN FON),18.09.2026,"1,939286",600156916.00,7159,"1163875711,89"
YHP,YAPI KREDİ PORTFÖY KADIKÖY SERBEST FON,18.09.2026,"4,668213",380000000.00,1,"1773920911,95"
YHS,YAPI KREDİ PORTFÖY BİRİNCİ HİSSE SENEDİ FONU (HİSSE SENEDİ YOĞUN FON),18.09.2026,"25,84667",101085696.00,8984,"2612728592,97"
YHT,YAPI KREDİ PORTFÖY KISA VADELİ BORÇLANMA ARAÇLARI (TL) FONU,18.09.2026,"0,424114",6868685757.89,86060,"2913108131,48"
YHY,INVEO PORTFÖY YEDİNCİ HİSSE SENEDİ SERBEST FON (HİSSE SENEDİ YOĞUN FON),18.09.2026,"0,824597",182319880.00,18,"150340469,55"
YHZ,YAPI KREDİ PORTFÖY BIST TEKNOLOJİ AĞIRLIK SINIRLAMALI ENDEKSİ HİSSE SENEDİ FONU ( HİSSE SENEDİ YOĞUN FON),18.09.2026,"8,684796",143313753.00,17496,"1244650757,77"
YIK,YAPI KREDİ PORTFÖY İKİNCİ PARA PİYASASI SERBEST (TL) FON,18.09.2026,"1,5791",2322562068.00,1471,"3667558679,76"
YIS,YAPI KREDİ PORTFÖY İKİNCİ SERBEST ÖZEL FON,18.09.2026,"1,463789",636234468.00,1,"931312936,43"
YIT,GARANTİ PORTFÖY YARI İLETKEN TEKNOLOJİLERİ DEĞİŞKEN FON,18.09.2026,"2,609035",775550575.00,15646,"2023438355,31"
YIV,YAPI KREDİ PORTFÖY ALLİANZ DEĞİŞKEN ÖZEL FON,18.09.2026,"3,604512",1596898432.00,2,"5756040009,17"
YJA,YAPI KREDİ PORTFÖY PY ALSANCAK SERBEST ( DÖVİZ) ÖZEL FON,18.09.2026,"67,90946",5986933.00,4,"406569386,71"
YJH,YAPI KREDİ PORTFÖY TEMİZ ENERJİ DEĞİŞKEN FONU,18.09.2026,"3,786762",48250438.00,3904,"182712917,99"
YJK,YAPI KREDİ PORTFÖY ROBOTİK VE YARI İLETKEN TEKNOLOJİLERİ FON SEPETİ FONU,18.09.2026,"5,641088",173811443.00,13784,"980485650,63"
YJU,YAPI KREDİ PORTFÖY PY ULUDAĞ SERBEST (DÖVİZ) ÖZEL FON,18.09.2026,"67,024067",6657607.00,1,"446219894,34"
YJY,YAPI KREDİ PORTFÖY YENİKÖY SERBEST (DÖVİZ) FON,18.09.2026,"58,966689",1363223211.00,9302,"80384758649,52"
YKS,YAPI KREDİ PORTFÖY İSTANBUL SERBEST FON,18.09.2026,"0,359973",2029992913.00,368,"730742026,64"
YKT,YAPI KREDİ PORTFÖY ALTIN FONU,18.09.2026,"0,883031",36620574553.00,85436,"32337120810,26"
YLB,YAPI KREDİ PORTFÖY PARA PİYASASI FONU,18.09.2026,"1,8701",50670355466.00,359694,"94758607527,58"
YLC,ATA PORTFÖY TARIM VE GIDA DEĞİŞKEN FON,18.09.2026,"3,960944",19427010.00,1352,"76949289,48"
YLE,YAPI KREDİ PORTFÖY BIST SÜRDÜRÜLEBİLİRLİK ENDEKSİ HİSSE SENEDİ FONU (HİSSE SENEDİ YOĞUN FON),18.09.2026,"8,810473",27904120.00,2240,"245848491,79"
YLO,YAPI KREDİ PORTFÖY ELEKTRİKLİ ARAÇLAR DEĞİŞKEN FON,18.09.2026,"5,493851",43936793.00,4962,"241382185,09"
YLR,YAPI KREDİ PORTFÖY AKATLAR SERBEST (DÖVİZ) ÖZEL FON,18.09.2026,"2,224749",4898.00,4,"10896,82"
YLY,YAPI KREDİ PORTFÖY KAR PAYI ÖDEYEN HİSSE SENEDİ (TL) FON (HİSSE SENEDİ YOĞUN FON),18.09.2026,"2,293807",14733606.00,975,"33796042,04"
YLZ,BULLS PORTFÖY YILDIZ PAZAR ŞİRKETLERİ HİSSE SENEDİ SERBEST FON (HİSSE SENEDİ YOĞUN FON),18.09.2026,"6,615163",500705.00,10,"3312245,40"
YMD,YAPI KREDİ PORTFÖY MASLAK SERBEST (DÖVİZ- ABD DOLARI) FON,18.09.2026,"57,695125",135433835.00,1469,"7813872041,25"
YMH,YAPI KREDİ PORTFÖY MUTLAK GETİRİ HEDEFLİ HİSSE SENEDİ SERBEST FON (HİSSE SENEDİ YOĞUN FON),18.09.2026,"1,626821",265164055.00,312,"431374331,36"
YMP,QNB PORTFÖY YMK PARA PİYASASI (TL) ÖZEL FON,18.09.2026,"1,19192",525472587.00,118,"626321429,38"
YNF,AK PORTFÖY AKBANK YENİ NESİL FON SEPETİ ÖZEL FONU,18.09.2026,"0,00",0.00,324,"0,00"
YNK,YAPI KREDİ PORTFÖY NİŞANTAŞI KAR PAYI ÖDEYEN SERBEST (DÖVİZ) FON,18.09.2026,"48,641642",416226995.00,1175,"20245964429,53"
YNL,YAPI KREDİ PORTFÖY CADDEBOSTAN SERBEST (DÖVİZ) ÖZEL FON,18.09.2026,"56,094678",3981930.00,1,"223365081,05"
YOA,YAPI KREDİ PORTFÖY PY BORÇLANMA ARAÇLARI (DÖVİZ) ÖZEL FONU,18.09.2026,"90,396554",21327676.00,140,"1927948420,16"
YOS,YAPI KREDİ PORTFÖY ODEABANK SERBEST (DÖVİZ-AVRO) ÖZEL FON,18.09.2026,"57,127094",20855338.00,284,"1191404846,79"
YOT,YAPI KREDİ PORTFÖY BORÇLANMA ARAÇLARI FONU,18.09.2026,"41,05009",54291926.06,9831,"2228688439,36"
YOZ,DENİZ PORTFÖY YAKAMOZ SERBEST (DÖVİZ) FON,18.09.2026,"50,536904",988460597.00,2321,"49953737947,25"
YP1,YAPI KREDİ PORTFÖY PY GÜMÜŞSUYU SERBEST (DÖVIZ) ÖZEL FON,18.09.2026,"64,715851",3412953.00,3,"220872156,20"
YP2,YAPI KREDİ PORTFÖY PERA SERBEST (DÖVİZ) ÖZEL FON,18.09.2026,"73,843808",18589148.00,1,"1372693477,61"
YP4,YAPI KREDİ PORTFÖY FERİKÖY SERBEST (DÖVİZ) FON,18.09.2026,"55,472501",2460400394.00,29350,"136484564095,57"
YPC,YAPI KREDİ PORTFÖY SÜRDÜRÜLEBİLİRLİK DEĞİŞKEN FON,18.09.2026,"5,756255",9296702.00,2322,"53514186,60"
YPD,YAPI KREDİ PORTFÖY ALARA SERBEST (DÖVİZ) ÖZEL FON,18.09.2026,"67,82765",1416500.00,2,"96077865,72"
YPF,YAPI KREDİ PORTFÖY ALFA SERBEST FON,18.09.2026,"10,356756",145009803.00,597,"1501831194,75"
YPI,YAPI KREDİ PORTFÖY PY GÖZTEPE SERBEST (DÖVİZ) ÖZEL FON,18.09.2026,"56,944464",34710107.00,58,"1976548454,61"
YPK,YAPI KREDİ PORTFÖY GALATA SERBEST FON,18.09.2026,"14,648479",14436451.00,222,"211472045,00"
YPL,YAPI KREDİ PORTFÖY BALAT SERBEST (DÖVİZ) FON,18.09.2026,"74,072024",182830665.00,1553,"13542637459,51"
YPN,İŞ PORTFÖY YİRMİNCİ SERBEST (DÖVİZ- POUND) FON,18.09.2026,"68,293036",62597072.00,1224,"4274944077,92"
YPP,YAPI KREDİ PORTFÖY PY KUZGUNCUK SERBEST ÖZEL FON,18.09.2026,"25,686774",187058807.00,1,"4804937322,13"
YPR,AZİMUT PORTFÖY YILDIZ PAZAR ŞİRKETLERİ HİSSE SENEDİ FONU (HİSSE SENEDİ YOĞUN FON),18.09.2026,"1,695131",47195309.00,311,"80002248,95"
YPT,YAPI KREDİ PORTFÖY PARA PİYASASI SERBEST (TL) FON,18.09.2026,"4,260194",30311464844.00,19305,"129132720574,45"
YPU,YAPI KREDİ PORTFÖY SERBEST (DÖVİZ-POUND) FON,18.09.2026,"67,305571",79470824.00,1946,"5348829165,94"
YPV,YAPI KREDİ PORTFÖY ÜÇÜNCÜ FON SEPETİ FONU,18.09.2026,"7,93945",685343026.00,3339,"5441246948,61"
YRZ,YAPI KREDİ PORTFÖY ŞUBAT 2027 KAR PAYI ÖDEYEN SERBEST (DÖVİZ) FON,18.09.2026,"49,376417",16453480.00,156,"812413886,00"
YSA,YAPI KREDİ PORTFÖY SUADİYE SERBEST (DÖVİZ) FON,18.09.2026,"49,635393",8157445.00,296,"404897987,44"
YSH,YAPI KREDİ PORTFÖY BÜYÜK ÖLÇEKLİ ŞİRKETLER DEĞİŞKEN FON,18.09.2026,"0,986156",62525728.00,452,"61660150,87"
YSL,YAPI KREDİ PORTFÖY KAR PAYI ÖDEYEN KİRA SERTİFİKALARI KATILIM SERBEST (DÖVİZ) FON,18.09.2026,"44,242661",15401601.00,375,"681407805,88"
YSO,YAPI KREDİ PORTFÖY SAĞLIK SEKTÖRÜ SERBEST FON,18.09.2026,"1,610601",60818386.00,470,"97954131,84"
YSU,YAPI KREDİ PORTFÖY ÜÇÜNCÜ DEĞİŞKEN FON,18.09.2026,"0,176829",1419613038.00,6130,"251028416,07"
YTD,YAPI KREDİ PORTFÖY YABANCI FON SEPETİ FONU,18.09.2026,"0,957869",1838046206.00,14866,"1760607109,91"
YTJ,YAPI KREDİ PORTFÖY DUDULLU SERBEST (DÖVİZ) ÖZEL FON,18.09.2026,"70,865987",17568640.00,1,"1245019013,42"
YTO,YAPI KREDİ PORTFÖY TOPHANE PARK SERBEST (DÖVİZ) ÖZEL FON,18.09.2026,"54,017094",13213103.00,4,"713733433,35"
YTR,YAPI KREDİ PORTFÖY LARA SERBEST (DÖVİZ-AVRO) ÖZEL FON,18.09.2026,"79,924034",7745398.00,2,"619043453,96"
YTV,YAPI KREDİ PORTFÖY TARIM DEĞİŞKEN FON,18.09.2026,"3,139944",68926616.00,2388,"216425691,68"
YTY,YAPI KREDİ PORTFÖY TARABYA SERBEST (DÖVİZ-AVRO) FON,18.09.2026,"59,661248",2122435787.00,20913,"126627167439,18"
YUB,YAPI KREDİ PORTFÖY KARAKÖY HİSSE SENEDİ SERBEST FON (HİSSE SENEDİ YOĞUN FON),18.09.2026,"5,391896",68390454.00,595,"368754200,34"
YUD,YAPI KREDİ PORTFÖY BODRUM SERBEST [DÖVİZ] ÖZEL FON,18.09.2026,"75,69913",3356160.00,2,"254058390,95"
YUI,YAPI KREDİ PORTFÖY BEYKOZ SERBEST FON,18.09.2026,"1,893615",479200096.00,7,"907420480,87"
YUK,YAPI KREDİ PORTFÖY ÜSKÜDAR KAR PAYI ÖDEYEN SERBEST (DÖVİZ) FON,18.09.2026,"51,047316",27174120.00,147,"1387165899,10"
YUN,YAPI KREDİ PORTFÖY İSTİNYE SERBEST (DÖVİZ) FON,18.09.2026,"59,626552",55487154.00,594,"3308507660,20"
YUY,YAPI KREDİ PORTFÖY ALLİANZ KAR PAYI ÖDEYEN SERBEST (TL) ÖZEL FON,18.09.2026,"1,022895",990361196.00,2,"1013035213,47"
YVB,YAPI KREDİ PORTFÖY UZUN VADELİ BORÇLANMA ARAÇLARI FONU,18.09.2026,"1,392455",102244117.00,785,"142370378,14"
YVD,YAPI KREDİ PORTFÖY İKİNCİ PARA PİYASASI (TL) FONU,18.09.2026,"4,537399",9568202401.00,82167,"43414752146,68"
YVF,YAPI KREDİ PORTFÖY ETİLER SERBEST (DÖVİZ) ÖZEL FON,18.09.2026,"74,441053",12953276.00,4,"964255507,11"
YVG,YAPI KREDİ PORTFÖY SARIYER SERBEST (DÖVİZ-AVRO) FON,18.09.2026,"63,815719",95395605.00,1232,"6087739123,46"
YVO,YAPI KREDİ PORTFÖY NİLÜFER SERBEST (DÖVİZ) ÖZEL FON,18.09.2026,"70,728842",13720521.00,2,"970436564,61"
YVS,YAPI KREDİ PORTFÖY BEYOĞLU SERBEST (DÖVİZ) ÖZEL FON,18.09.2026,"77,175409",5777712.00,6,"445897284,41"
YZC,YAPI KREDİ PORTFÖY FİNTECH VE BLOCKCHAİN TEKNOLOJİLERİ DEĞİŞKEN FON,18.09.2026,"5,160427",124995680.00,12236,"645031065,72"
YZF,YAPI KREDİ PORTFÖY PY ERENKÖY  SERBEST (DÖVIZ) ÖZEL FON,18.09.2026,"102,315397",4750000.00,1,"485998134,58"
YZG,YAPI KREDİ PORTFÖY GÜMÜŞ FON SEPETİ FONU,18.09.2026,"13,232904",806973970.00,59030,"10678609260,90"
YZH,TEB PORTFÖY BIST BANKA ENDEKSİ HİSSE SENEDİ FONU (HİSSE SENEDİ YOĞUN),18.09.2026,"11,028488",52856140.00,5421,"582923329,55"
YZK,YAPI KREDİ PORTFÖY KALAMIŞ SERBEST FON,18.09.2026,"7,893507",24666461.00,184,"194704881,79"
YZL,YAPI KREDİ PORTFÖY PY ÇAMLICA SERBEST ÖZEL FON,18.09.2026,"5,755952",95657308.00,58,"550598898,92"
YZT,AK PORTFÖY YAPAY ZEKA TEKNOLOJİLERİ ŞİRKETLERİ DEĞİŞKEN FON,18.09.2026,"1,003749",667634016.00,9659,"670137023,23"
ZA2,KUVEYT TÜRK PORTFÖY İKİNCİ SEPET HESAP PARA PİYASASI KATILIM FONU,18.09.2026,"2,116288",1838974066.00,506,"3891798878,82"
ZAD,KUVEYT TÜRK PORTFÖY SEPET HESAP KATILIM SERBEST (DÖVİZ) FON,18.09.2026,"46,962175",296548.00,52,"13926539,15"
ZAV,ZİRAAT PORTFÖY BAŞAK SERBEST (DÖVİZ-AVRO) FON,18.09.2026,"57,750087",1097571369.00,4923,"63384842300,84"
ZAY,KUVEYT TÜRK PORTFÖY SEPET HESAP PARA PİYASASI KATILIM (TL) FONU,18.09.2026,"6,571099",171873540.00,3256,"1129398088,12"
ZBD,ZİRAAT PORTFÖY DENGELİ DEĞİŞKEN FON,18.09.2026,"677,925372",1377166.39,2085,"933616043,88"
ZBI,ZİRAAT PORTFÖY TEMKİNLİ KATILIM FONU,18.09.2026,"2,329151",89548022.00,1903,"208570895,68"
ZBJ,ZİRAAT PORTFÖY BAŞAK PARA PİYASASI (TL) FONU,18.09.2026,"5,32628",9535584555.53,21523,"50789190006,08"
ZBN,ZİRAAT PORTFÖY HİSSE SENEDİ SERBEST (TL) FON (HİSSE SENEDİ YOĞUN FON),18.09.2026,"21,411248",6219143.00,162,"133159615,59"
ZBO,ZİRAAT PORTFÖY MUTLAK GETİRİ HEDEFLİ HİSSE SENEDİ SERBEST FON (HİSSE SENEDİ YOĞUN FON),18.09.2026,"3,350232",140946345.00,216,"472202945,56"
ZBZ,ZİRAAT PORTFÖY GÜLLÜ SERBEST (DÖVİZ) ÖZEL FON,18.09.2026,"68,672169",5249835.00,1,"360517557,29"
ZCA,ZİRAAT PORTFÖY ÖPY BİRİNCİ SERBEST (TL) ÖZEL FON,18.09.2026,"8,845743",7535598.00,1,"66657961,76"
ZCB,ZİRAAT PORTFÖY MGN SERBEST (DÖVİZ) ÖZEL FON,18.09.2026,"75,851196",32141.00,3,"2437933,30"
ZCC,ZİRAAT PORTFÖY DURUSU SERBEST (DÖVİZ) ÖZEL FON,18.09.2026,"79,695244",5285255.00,2,"421209686,04"
ZCD,ZİRAAT PORTFÖY ALTINCI SERBEST (TL) FON,18.09.2026,"4,735698",281691269.00,474,"1334004764,13"
ZCE,ZİRAAT PORTFÖY TÜRK ALTIN SERBEST (TL) ÖZEL FON,18.09.2026,"4,828598",2807733694.00,1,"13557417346,74"
ZCG,ZİRAAT PORTFÖY DOKUZUNCU SERBEST (TL) FON,18.09.2026,"6,935436",138309217.00,155,"959234696,82"
ZCH,ZİRAAT PORTFÖY ODAK SERBEST ÖZEL FON,18.09.2026,"2,449475",3718467064.00,1,"9108293859,08"
ZCK,ZİRAAT PORTFÖY AGRESİF KATILIM FONU,18.09.2026,"1,721457",218599845.00,2465,"376310263,77"
ZCN,ZİRAAT PORTFÖY EMTİA FON SEPETİ FONU,18.09.2026,"4,120582",145825400.00,6428,"600885503,48"
ZDD,ZİRAAT PORTFÖY TEMKİNLİ DEĞİŞKEN FON,18.09.2026,"7,61193",69301838.00,1454,"527520710,67"
ZDK,ZİRAAT PORTFÖY ÖPY DÖRDÜNCÜ KATILIM SERBEST (DÖVİZ-ABD DOLARI) ÖZEL FON,18.09.2026,"16,024908",209538.00,1,"3357827,20"
ZDZ,ZİRAAT PORTFÖY AGRESİF DEĞİŞKEN FON,18.09.2026,"11,394489",77891605.00,8450,"887535074,42"
ZFB,AK PORTFÖY FİNTEK VE BLOKZİNCİRİ TEKNOLOJİLERİ DEĞİŞKEN FON,18.09.2026,"7,088836",137139120.00,14911,"972156711,81"
ZHH,ZİRAAT PORTFÖY HALKBANK SÜRDÜRÜLEBİLİRLİK 30 ŞİRKETLERİ HİSSE SENEDİ FONU (HİSSE SENEDİ YOĞUN FON),18.09.2026,"1,453541",60163802.00,1084,"87450538,65"
ZIH,ZİRAAT PORTFÖY HAVACILIK VE SAVUNMA TEKNOLOJİLERİ DEĞİŞKEN FON,18.09.2026,"0,923201",585079788.00,6990,"540146359,21"
ZJB,ZİRAAT PORTFÖY BİRİNCİ SERBEST (TL) FON,18.09.2026,"10,156153",805418612.00,1592,"8179954390,71"
ZJH,ZİRAAT PORTFÖY V10 SERBEST (DÖVİZ) ÖZEL FON,18.09.2026,"62,627654",3385999.00,1,"212057174,20"
ZJI,ZİRAAT PORTFÖY İKİNCİ SERBEST (TL) FON,18.09.2026,"10,420232",628733225.00,1542,"6551546108,39"
ZJL,ZİRAAT PORTFÖY BIST 100 DIŞI ŞİRKETLER HİSSE SENEDİ FONU (HİSSE SENEDİ YOĞUN FON),18.09.2026,"13,941197",26959500.00,2528,"375847711,27"
ZJT,ZİRAAT PORTFÖY DURU SERBEST (DÖVİZ) ÖZEL FON,18.09.2026,"69,107471",19895159.00,1,"1374904133,13"
ZJV,ZİRAAT PORTFÖY BIST 30 DIŞI YILDIZ PAZAR ŞİRKETLERİ HİSSE SENEDİ FONU (HİSSE SENEDİ YOĞUN FON),18.09.2026,"10,191273",62573200.00,1334,"637700571,58"
ZK1,ZİRAAT PORTFÖY BAŞAK KATILIM SERBEST (DÖVİZ-AMERİKAN DOLARI) FON,18.09.2026,"51,440281",42317308.00,114,"2176814214,94"
ZK2,ZİRAAT PORTFÖY BAŞAK KATILIM SERBEST (DÖVİZ-AVRO) FON,18.09.2026,"58,662315",19720517.00,72,"1156851170,96"
ZLB,TEB PORTFÖY TEB ÖZEL BANKACILIK SERBEST (DÖVİZ) ÖZEL FON,18.09.2026,"51,095446",9594017.00,48,"490210575,15"
ZLG,AK PORTFÖY MARAL SERBEST (DÖVİZ) ÖZEL FON,18.09.2026,"65,621342",16832812.00,1,"1104591713,20"
ZLH,ZİRAAT PORTFÖY BIST 100-30 ŞİRKETLERİ HİSSE SENEDİ FONU ( HİSSE SENEDİ YOĞUN FON),18.09.2026,"10,900451",40728400.00,3382,"443957928,31"
ZMT,AZİMUT PORTFÖY 22.0 SERBEST (DÖVİZ-AVRO) FON,18.09.2026,"63,35494",27358365.00,308,"1733287570,57"
ZMU,AZİMUT PORTFÖY 23.0 HİSSE SENEDİ SERBEST FON (HİSSE SENEDİ YOĞUN FON),18.09.2026,"0,217667",92181015.00,14,"20064719,04"
ZMY,ZİRAAT PORTFÖY METAVERSE VE YENİ TEKNOLOJİLER DEĞİŞKEN FON,18.09.2026,"6,444517",29204800.00,2778,"188210816,69"
ZOS,ZİRAAT PORTFÖY ONBEŞİNCİ SERBEST FON,18.09.2026,"0,00",0.00,11,"0,00"
ZP1,ZİRAAT PORTFÖY ANTALYA SERBEST (DÖVİZ) ÖZEL FON,18.09.2026,"64,183088",1013938.00,2,"65077671,64"
ZP2,ZİRAAT PORTFÖY İKİNCİ İSTATİSTİKSEL ARBİTRAJ SERBEST (TL) ÖZEL FON,18.09.2026,"5,922072",106786382.00,1,"632396650,99"
ZP3,ZİRAAT PORTFÖY ÜÇÜNCÜ İSTATİSTİKSEL ARBİTRAJ SERBEST (TL) ÖZEL FON,18.09.2026,"3,907263",111821825.00,1,"436917305,39"
ZP6,ZİRAAT PORTFÖY SEDEF KATILIM SERBEST (DÖVİZ - AMERİKAN DOLARI) FON,18.09.2026,"59,411396",93166644.00,1490,"5535160353,20"
ZP7,ZİRAAT PORTFÖY TE4 SERBEST (DÖVİZ) ÖZEL FON,18.09.2026,"67,370117",18886273.00,1,"1272370413,65"
ZP8,ZİRAAT PORTFÖY KEHRİBAR PARA PİYASASI KATILIM SERBEST (TL) FON,18.09.2026,"4,196377",13300563950.00,4229,"55814178166,02"
ZP9,ZİRAAT PORTFÖY AKİK KATILIM SERBEST (DÖVİZ-AVRO) FON,18.09.2026,"61,129721",47403534.00,823,"2897764788,38"
ZPA,ZİRAAT PORTFÖY SERBEST (DÖVİZ) FON,18.09.2026,"68,294325",62306424.00,954,"4255175197,53"
ZPC,ZİRAAT PORTFÖY FON SEPETİ FONU,18.09.2026,"19,132132",165944578.00,2808,"3174873505,69"
ZPE,ZİRAAT PORTFÖY KATILIM HİSSE SENEDİ FONU (HİSSE SENEDİ YOĞUN FON),18.09.2026,"33,521471",37714948.84,7570,"1264260578,83"
ZPF,ZİRAAT PORTFÖY KATILIM FONU (DÖVİZ),18.09.2026,"23,573481",31896468.00,3429,"751910783,77"
ZPG,ZİRAAT PORTFÖY KİRA SERTİFİKALARI (SUKUK) KATILIM FONU,18.09.2026,"10,956582",152840490.43,6653,"1674609390,00"
ZPH,ZİRAAT PORTFÖY PAYLAŞIMLI HESAP PARA PİYASASI KATILIM SERBEST (TL) FON,18.09.2026,"1,557547",271085644.00,52,"422228540,84"
ZPJ,ZİRAAT PORTFÖY KATILIM HİSSE SENEDİ SERBEST (TL) FON (HİSSE SENEDİ YOĞUN FON),18.09.2026,"10,474446",9366371.00,299,"98107546,46"
ZPK,ZİRAAT PORTFÖY KISA VADELİ KİRA SERTİFİKASI KATILIM (TL) FONU,18.09.2026,"8,646817",3310888549.00,30662,"28628648716,58"
ZPN,ZİRAAT PORTFÖY BUDİN SERBEST (DÖVİZ) ÖZEL FON,18.09.2026,"72,867188",26525765.00,1,"1932857913,07"
ZPO,ZİRAAT PORTFÖY PARA PİYASASI KATILIM FONU,18.09.2026,"1,070516",2200621481.00,2538,"2355801383,33"
ZPR,ZİRAAT PORTFÖY PARA PİYASASI SERBEST FON,18.09.2026,"1,588854",28589773718.00,1024,"45424988963,63"
ZR2,ZİRAAT PORTFÖY YEŞİLKÖY SERBEST ÖZEL FON,18.09.2026,"1,375125",946669725.00,1,"1301788856,95"
ZR3,ZİRAAT PORTFÖY ONÜÇÜNCÜ SERBEST (TL) FON,18.09.2026,"0,3643",299844064.00,130,"109233184,34"
ZSB,ZİRAAT PORTFÖY İKİNCİ İSTATİSTİKSEL ARBİTRAJ SERBEST FON,18.09.2026,"12,689235",216588410.00,25,"2748341228,69"
ZSF,ZİRAAT PORTFÖY S&P/OIC COMCEC (İSEDAK) 50 SHARİAH ŞİRKETLERİ YABANCI HİSSE SENEDİ FONU,18.09.2026,"53,397003",786757.00,1607,"42010465,95"
ZSG,ZİRAAT PORTFÖY ESG SÜRDÜRÜLEBİLİRLİK FON SEPETİ FONU,18.09.2026,"4,309607",11376100.00,901,"49026521,64"
ZSN,ZİRAAT PORTFÖY ÖPY BEŞİNCİ SERBEST (DÖVİZ-ABD DOLARI) ÖZEL FON,18.09.2026,"57,997775",117537812.00,2,"6816931535,79"
ZTF,ZİRAAT PORTFÖY BİRİNCİ İSTATİSTİKSEL ARBİTRAJ SERBEST (TL) ÖZEL FON,18.09.2026,"7,800154",274862095.00,1,"2143966717,09"
ZTG,ZİRAAT PORTFÖY TARIM VE GIDA FON SEPETİ FONU,18.09.2026,"1,350099",33894315.00,1145,"45760666,91"
ZTV,ZİRAAT PORTFÖY TÜRKİYE VARLIK FONU İŞTİRAKLERİ HİSSE SENEDİ FONU (HİSSE SENEDİ YOĞUN FON),18.09.2026,"1,010243",666166560.00,1999,"672990252,96"
ZUD,ZİRAAT PORTFÖY THE SERBEST ÖZEL FON,18.09.2026,"4,412574",890234266.00,1,"3928224816,91"
ZUE,ZİRAAT PORTFÖY TS SERBEST ÖZEL FON,18.09.2026,"5,2337",1059776214.00,1,"5546550695,54"
ZUS,ZİRAAT PORTFÖY BAŞAK SERBEST (DÖVİZ-AMERİKAN DOLARI) FON,18.09.2026,"51,374708",1170588743.00,3359,"60138655182,95"
ZVB,ATLAS PORTFÖY SERBEST (TL) FON,18.09.2026,"99,033064",2508627.00,11,"248437019,34"
ZVO,ZİRAAT PORTFÖY ÜÇÜNCÜ SERBEST (TL) FON,18.09.2026,"3,768069",230776974.00,319,"869583543,41"
ZYC,ZİRAAT PORTFÖY TS SERBEST (TL) ÖZEL FON,18.09.2026,"5,078794",1834386016.00,1,"9316468180,90"
ZYD,ZİRAAT PORTFÖY THE SERBEST (TL) ÖZEL FON,18.09.2026,"5,04145",1844187892.00,1,"9297381602,15"
ZZL,ZİRAAT PORTFÖY ONDÖRDÜNCÜ SERBEST FON,18.09.2026,"84,795112",509319.00,15,"43187761,87"
