{
  "guncellenme_tarihi": "2026-04-28",
  "fonlar": {
    "AAK": 35.458623,
    "AAL": 3.176329,
    "AAS": 11.392708,
    "AAV": 62.686413,
    "ABG": 62.627039,
    "ABJ": 0.919611,
    "ABU": 0.093949,
    "AC1": 2.862031,
    "AC2": 3.58887,
    "AC3": 66.452376,
    "AC4": 3.514002,
    "AC5": 3.420361,
    "AC6": 55.809544,
    "AC7": 11.820239,
    "AC8": 198.561784,
    "ACC": 44.779645,
    "ACD": 5.564436,
    "ACN": 11.736135,
    "ACU": 52.713215,
    "ADE": 0.868617,
    "ADP": 1.345131,
    "AED": 110.455981,
    "AES": 0.170325,
    "AEV": 1.944802,
    "AFA": 1.099314
  }
}